{
	"mapName": "Verra_World_Master",
	"populationSetsMap":
	{
		"1":
		{
			"location":
			{
				"x": -1196839.137355,
				"y": -634887.55300800002,
				"z": 184.96156199999999
			},
			"rotation":
			{
				"pitch": 0,
				"yaw": 0,
				"roll": 0
			},
			"setId":
			{
				"guid": "6064633775630450690",
				"typeId": "5111005",
				"name": "None"
			},
			"minLevelOverride": 0,
			"maxLevelOverride": 0
		},
		"2":
		{
			"location":
			{
				"x": -1196839.137355,
				"y": -634887.55300800002,
				"z": 184.96156199999999
			},
			"rotation":
			{
				"pitch": 0,
				"yaw": 0,
				"roll": 0
			},
			"setId":
			{
				"guid": "6064633775698083848",
				"typeId": "5111005",
				"name": "None"
			},
			"minLevelOverride": 0,
			"maxLevelOverride": 0
		},
		"3":
		{
			"location":
			{
				"x": -1196839.137355,
				"y": -634887.55300800002,
				"z": 184.96156199999999
			},
			"rotation":
			{
				"pitch": 0,
				"yaw": 0,
				"roll": 0
			},
			"setId":
			{
				"guid": "6064633775712108556",
				"typeId": "5111005",
				"name": "None"
			},
			"minLevelOverride": 0,
			"maxLevelOverride": 0
		},
		"4":
		{
			"location":
			{
				"x": -1196839.137355,
				"y": -634887.55300800002,
				"z": 184.96156199999999
			},
			"rotation":
			{
				"pitch": 0,
				"yaw": 0,
				"roll": 0
			},
			"setId":
			{
				"guid": "6064633775719055374",
				"typeId": "5111005",
				"name": "None"
			},
			"minLevelOverride": 0,
			"maxLevelOverride": 0
		},
		"5":
		{
			"location":
			{
				"x": -1196839.137355,
				"y": -634887.55300800002,
				"z": 184.96156199999999
			},
			"rotation":
			{
				"pitch": 0,
				"yaw": 0,
				"roll": 0
			},
			"setId":
			{
				"guid": "6064633775813623826",
				"typeId": "5111005",
				"name": "None"
			},
			"minLevelOverride": 0,
			"maxLevelOverride": 0
		},
		"6":
		{
			"location":
			{
				"x": -1196839.137355,
				"y": -634887.55300800002,
				"z": 184.96156199999999
			},
			"rotation":
			{
				"pitch": 0,
				"yaw": 0,
				"roll": 0
			},
			"setId":
			{
				"guid": "6064633775841148948",
				"typeId": "5111005",
				"name": "None"
			},
			"minLevelOverride": 0,
			"maxLevelOverride": 0
		},
		"7":
		{
			"location":
			{
				"x": -1196839.137355,
				"y": -634887.55300800002,
				"z": 184.96156199999999
			},
			"rotation":
			{
				"pitch": 0,
				"yaw": 0,
				"roll": 0
			},
			"setId":
			{
				"guid": "6064633843854147649",
				"typeId": "5111005",
				"name": "None"
			},
			"minLevelOverride": 0,
			"maxLevelOverride": 0
		}
	},
	"generationSeed": 0,
	"culture": "cCount",
	"localeOriginId":
	{
		"guid": "0",
		"typeId": "421003",
		"name": "None"
	},
	"guid": "6064633775590277120",
	"name": "ANV_ Pocket_Dungeon_Nexus_Regulator",
	"typeId": "5111006"
}