{
	"type": "Mouth",
	"icon": "None",
	"save":
	{
		"presetGuid": "0",
		"randomSeed": 0,
		"skinColorHue": 1,
		"skinColorPigmentation": 0.60740107297897339,
		"normalDetailStrength01": 0,
		"normalDetailStrength02": 0,
		"skinSet": 0,
		"eyeColor": "6064631913027731458",
		"eyeShape": "109222879712898",
		"scleraShape": "6064630690392047617",
		"eyebrows": "0",
		"headHair": "6064630961557209098",
		"headHairRootColor": "6064631035953086466",
		"headHairTipColor": "6064632036367466496",
		"headHairLength": 0.50171995162963867,
		"headHairContrast": 0,
		"headHairGradient": 0.11616575717926025,
		"facialHairLip": "6064630961557340184",
		"facialHairChin": "6064631272086306817",
		"facialHairCheek": "6064631272084275200",
		"facialHairLipLength": 0.62149178981781006,
		"facialHairChinLength": 0,
		"facialHairCheekLength": 0,
		"eyelashLength": 0,
		"facialHairRootColor": "6064631035953086466",
		"facialHairTipColor": "6064632036367466496",
		"facialHairContrast": 0,
		"facialHairGradient": 0.1443483829498291,
		"nailColor": "0",
		"nailOpacity": 0,
		"decalData": [
			{
				"gUId": "6064631051933450246",
				"strength": 1,
				"scaleU": 0.19172212481498718,
				"scaleV": 0.19172212481498718,
				"slotIndex": 0,
				"mergeSectionMaterialBase": "6064629727470289057",
				"offsetU": 0.42999055981636047,
				"offsetV": 0.60056126117706299,
				"angle": 0.2480856329202652,
				"color": "6064632036520296461",
				"discoloration": 1
			}
		],
		"decalBlendGroups": [],
		"gender": "Male",
		"race": "Vek",
		"class": "Mage",
		"faceMorphWeightMaps":
		{
			"forehead_Round": 0.32802093029022217,
			"temples_Width": 0.69999998807907104,
			"temples_Sharp_0": 1,
			"eyebrows_Thickness": 0.13305923342704773,
			"eyebrows_Shape1_0": 0.50966554880142212,
			"eyebrows_Pinch": 1,
			"eyebrows_Forward_0": 0.56652963161468506,
			"eyebrows_Cocked_Left_0": 1,
			"eyebrows_Outside_UpDown": 1,
			"eyebrows_Middle_UpDown": 0.40925446152687073,
			"eyebrows_Inside_UpDown": -1,
			"eyes_Sag_0": 0,
			"eyes_EyelidThickness": -1,
			"eyes_UpDown_InnerCorners": 0.50673449039459229,
			"eyes_UpDown_OuterCorners": 0.47424116730690002,
			"eyes_TopLid_OutsideCorner": 0.53922790288925171,
			"eyes_TopLid_Middle": 0.45799437165260315,
			"eyes_TopLid_InsideCorner": 0.52298128604888916,
			"eyes_BottomLid_OutsideCorner": 0.50673449039459229,
			"eyes_BottomLid_Middle": 0.50673449039459229,
			"eyes_BottomLid_InsideCorner": 0.49048781394958496,
			"nose_Bridge_Hump_0": 0,
			"nose_BridgeWidth": 0.47424116730690002,
			"nose_Bridge_Sharp_0": 0,
			"nose_Bridge_Hooked_0": 1,
			"nose_Broken_Left_0": 0.50966554880142212,
			"nose_Scale": -1,
			"nose_Tip_Narrow_0": 0,
			"nose_Tip_Height": 0.36051422357559204,
			"nose_Tip_Sharp_0": 1,
			"nose_Tip_UpDown": 0.55547469854354858,
			"nose_Tip_Bulge_0": 0,
			"nose_NaselFold_0": 0.66401046514511108,
			"nose_Tip_Snarl_0": 0.79917633533477783,
			"cheekbone_UpDown": 0.55547469854354858,
			"cheekbone_Protrusion_0": 1,
			"cheeks_Fat": 0.36051422357559204,
			"faceWidth": 0.40000000596046448,
			"dimple_Left_0": 0,
			"dimple_Right_0": 0,
			"lips_Corners_Pinch_0": 1,
			"racial_1": 1,
			"racial_2": 1,
			"lips_Top_Thickness": -1,
			"lips_Top_Shape_0": 0,
			"lips_Top_Middle_0": 1,
			"philtrum": 0,
			"lips_Top_Outer_0": 0.53922790288925171,
			"lips_Top_Puff_0": 0,
			"lips_TopEdgeOut_0": 0,
			"lips_Bottom_Thickness": -1,
			"lips_Bottom_Shape_0": 0,
			"lips_Bottom_Middle_0": 0.014139478094875813,
			"lips_Bottom_Outer_0": 0.57172131538391113,
			"lips_Bottom_Puff_0": 0,
			"lips_BottomEdgeOut_0": 0,
			"jaw_Corners_UpDown": 0.50673449039459229,
			"jaw_Corners_InOut": -1,
			"jaw_Corners_ForwardBack": 0.49048781394958496,
			"jaw_Sharpness_0": 0,
			"chin_UpDown": 0.53922790288925171,
			"chin_Wide_0": 0.49341887235641479,
			"chin_Jutt": 0.44044998288154602,
			"chin_Cleft_0": 0,
			"jowls_0": 0,
			"ears_Rotate": 0.50673449039459229,
			"ears_Scale": 0.50673449039459229,
			"ears_Out": 0,
			"ears_Lobe_0": 0,
			"ears_Round_0": 0,
			"ears_Middle_Pointy": 0,
			"ears_Tips_Out": -0.93922770023345947,
			"ears_Tips_UpDown": 0.65295606851577759,
			"ears_Tip_Pointy_0": 1,
			"nose_Broken_Right_0": 0,
			"nose_Tip_Wide_0": 0,
			"eyebrows_Shape2_0": 0,
			"eyebrows_Cocked_Right_0": 0,
			"chin_Pointy_0": 0
		},
		"sectionsValues":
		{
			"none":
			{
				"x": 0.5,
				"y": 0.5,
				"z": 0.5
			},
			"lowerArms":
			{
				"x": 0.5,
				"y": 0.5,
				"z": 0.5
			},
			"upperArms":
			{
				"x": 0.83050518855452538,
				"y": 0.50004124659272975,
				"z": 1
			},
			"clavicle":
			{
				"x": 1,
				"y": 0.50005903418480102,
				"z": 1
			},
			"thigh":
			{
				"x": 1,
				"y": 0.49904352194243984,
				"z": 1
			},
			"calf":
			{
				"x": 0.5,
				"y": 0.5,
				"z": 0.5
			},
			"neck":
			{
				"x": 1,
				"y": 0.50633151348904448,
				"z": 0.28794847149401903
			},
			"lowerAbdomen":
			{
				"x": 1,
				"y": 0.50029519895360863,
				"z": 0.44641614658758044
			},
			"abdomen":
			{
				"x": 0.5,
				"y": 0.5,
				"z": 0.5
			},
			"chest":
			{
				"x": 0.5,
				"y": 0.5,
				"z": 0.5
			},
			"hips":
			{
				"x": 0.5,
				"y": 0.5,
				"z": 0.5
			},
			"size":
			{
				"x": 0.74126356840133667,
				"y": 0.74126356840133667,
				"z": 0.74126356840133667
			},
			"mouthGroup":
			{
				"x": 0.49530934961512685,
				"y": 0.50509057480667252,
				"z": 0.32897430658340454
			},
			"noseGroup":
			{
				"x": 0.5,
				"y": 0.5,
				"z": 0.5
			},
			"eyeGroup":
			{
				"x": 0.5,
				"y": 0.5,
				"z": 0.5
			},
			"browGroup":
			{
				"x": 0.53289501462131739,
				"y": 0.50139165675500408,
				"z": 0
			},
			"earGroup":
			{
				"x": 0.58744586259126663,
				"y": 0.49928013718454167,
				"z": 0.7503826916217804
			},
			"jaw":
			{
				"x": 0.5,
				"y": 0.5,
				"z": 0.5
			},
			"eyeSocketL":
			{
				"x": 0.5,
				"y": 0.5,
				"z": 0.5
			},
			"eyeSocketR":
			{
				"x": 0.5,
				"y": 0.5,
				"z": 0.5
			},
			"eyeInnerR":
			{
				"x": 0.5,
				"y": 0.5,
				"z": 0.5
			},
			"eyeInnerL":
			{
				"x": 0.5,
				"y": 0.5,
				"z": 0.5
			},
			"eyeOuterL":
			{
				"x": 0.5,
				"y": 0.5,
				"z": 0.5
			},
			"eyeOuterR":
			{
				"x": 0.5,
				"y": 0.5,
				"z": 0.5
			},
			"smilerL":
			{
				"x": 0.5,
				"y": 0.5,
				"z": 0.5
			},
			"smilerR":
			{
				"x": 0.5,
				"y": 0.5,
				"z": 0.5
			},
			"forehead":
			{
				"x": 0.50489547429606318,
				"y": 0.50000262170442511,
				"z": 0.5
			},
			"cheeks":
			{
				"x": 0.5892286729067564,
				"y": 0.50873324787244201,
				"z": 1
			},
			"racialGroup":
			{
				"x": 0.5,
				"y": 0.5,
				"z": 0.5
			},
			"cCount":
			{
				"x": 0.5,
				"y": 0.5,
				"z": 0.5
			}
		}
	},
	"guid": "6064631211128848577",
	"name": "Vek_Male_Mouth_1",
	"typeId": "8512355578663"
}