{
	"type": "Body",
	"icon": "None",
	"save":
	{
		"presetGuid": "0",
		"randomSeed": 24610,
		"skinColorHue": 0.59452557563781738,
		"skinColorPigmentation": 0.21337658166885376,
		"skinSet": 0,
		"eyeColor": "108237979276920",
		"eyeShape": "0",
		"scleraShape": "6064630690389884928",
		"eyebrows": "0",
		"headHair": "0",
		"headHairRootColor": "108237979276920",
		"headHairTipColor": "108237979276920",
		"headHairLength": 0.5018572211265564,
		"headHairContrast": 0.19608931243419647,
		"headHairGradient": 0.73932689428329468,
		"facialHairLip": "0",
		"facialHairChin": "0",
		"facialHairCheek": "0",
		"facialHairLipLength": 0.21280094981193542,
		"facialHairChinLength": 0.54498118162155151,
		"facialHairCheekLength": 0.32427600026130676,
		"eyelashLength": 0,
		"facialHairRootColor": "108237979276920",
		"facialHairTipColor": "108237979276920",
		"facialHairContrast": 0.90264058113098145,
		"facialHairGradient": 0.36617827415466309,
		"nailColor": "0",
		"nailOpacity": 0,
		"decalData": [],
		"decalBlendGroups": [],
		"gender": "Male",
		"race": "Renkai",
		"class": "Mage",
		"faceMorphWeightMaps":
		{
			"nose_Bridge_Hooked_0": 0.50999999046325684,
			"forehead_Round": 0.43000000715255737,
			"temples_Sharp_0": 0.46000000834465027,
			"temples_Width": 0.6600000262260437,
			"cheekbone_UpDown": 0.67000001668930054,
			"cheekbone_Protrusion_0": 0.47999998927116394,
			"cheeks_Fat": 0.25999999046325684,
			"dimple_Right_0": 0.2199999988079071,
			"jaw_Corners_UpDown": 0.46000000834465027,
			"jaw_Corners_InOut": 0.46000000834465027,
			"jaw_Sharpness_0": 0.38999998569488525,
			"chin_UpDown": 0.38999998569488525,
			"chin_Wide_0": 0.46000000834465027,
			"chin_Pointy_0": 0.2800000011920929,
			"chin_Jutt": 0.52999997138977051,
			"chin_Cleft_0": 0.23999999463558197,
			"jowls_0": 0.63999998569488525,
			"snear_Right_0": 0.34000000357627869,
			"snear_Left_0": 0.5899999737739563,
			"lips_Corners_Pinch_0": 0.76999998092651367,
			"lips_Top_Thickness": 0.43999999761581421,
			"lips_Bottom_Thickness": 0.4699999988079071,
			"lips_Top_Outer_0": 0.46000000834465027,
			"lips_Bottom_Outer_0": 0.49000000953674316,
			"lips_Top_Middle_0": 0.57999998331069946,
			"lips_Bottom_Middle_0": 0.49000000953674316,
			"lips_Top_Shape_0": 0.25,
			"lips_Bottom_Shape_0": 0.56999999284744263,
			"lips_Top_Puff_0": 0.50999999046325684,
			"lips_Bottom_Puff_0": 0.68000000715255737,
			"eyebrows_Pinch": 0.81999999284744263,
			"eyebrows_Forward_0": 0.75999999046325684,
			"eyebrows_Inside_UpDown": 0.25999999046325684,
			"eyebrows_Middle_UpDown": 0.47999998927116394,
			"eyebrows_Outside_UpDown": 0.74000000953674316,
			"eyebrows_Cocked_Right_0": 0.56999999284744263,
			"eyebrows_Cocked_Left_0": 0.43000000715255737,
			"eyes_UpDown_OuterCorners": 0.43999999761581421,
			"eyes_UpDown_InnerCorners": 0.46000000834465027,
			"eyes_EyelidThickness": 0.49000000953674316,
			"eyes_Sag_0": 0.61000001430511475,
			"nose_Scale": 0.31000000238418579,
			"nose_Forward_0": 0.56000000238418579,
			"nose_BridgeWidth": 0.41999998688697815,
			"nose_Bridge_Sharp_0": 0.36000001430511475,
			"nose_Bridge_Hump_0": 0.4699999988079071,
			"nose_Tip_Wide_0": 0.54000002145767212,
			"nose_Tip_Narrow_0": 0.67000001668930054,
			"nose_Tip_Sharp_0": 0.37999999523162842,
			"nose_Tip_UpDown": 0.62999999523162842,
			"nose_Tip_Bulge_0": 0.33000001311302185,
			"nose_Tip_Snarl_0": 0.37000000476837158,
			"nose_NaselFold_0": 0.36000001430511475,
			"ears_Scale": 0.36000001430511475,
			"ears_Out": 0.15000000596046448,
			"ears_Rotate": 0.77999997138977051,
			"ears_Round_0": 0.5,
			"ears_Tips_Out": 0.63999998569488525,
			"ears_Tip_Pointy_0": 0.37000000476837158,
			"ears_Tips_UpDown": 0.49000000953674316,
			"ears_Middle_Pointy": 0.56999999284744263,
			"ears_Lobe_0": 0.30000001192092896,
			"dimple_Left_0": 0.63999998569488525,
			"nose_Tip_Height": 0.51999998092651367,
			"eyes_TopLid_InsideCorner": 0.18000000715255737,
			"eyes_TopLid_Middle": 0.68000000715255737,
			"eyes_TopLid_OutsideCorner": 0.31000000238418579,
			"eyes_BottomLid_OutsideCorner": 0.43999999761581421,
			"eyes_BottomLid_Middle": 0.60000002384185791,
			"eyes_BottomLid_InsideCorner": 0.61000001430511475,
			"lips_TopEdgeOut_0": 0.87000000476837158,
			"lips_BottomEdgeOut_0": 0.12999999523162842,
			"nose_UpDown": 0.36000001430511475,
			"jaw_Corners_ForwardBack": 0.56999999284744263,
			"philtrum": 0.50999999046325684,
			"faceWidth": 0.62000000476837158,
			"racial_1": 0.37000000476837158,
			"racial_2": 0.36000001430511475,
			"racial_3": 0.36000001430511475
		},
		"sectionsValues":
		{
			"none":
			{
				"rotationRoll": 0.32732266187667847,
				"rotationPitch": 0.39937606453895569,
				"rotationYaw": 0.53798311948776245,
				"scaleX": 0.5435187816619873,
				"scaleY": 0.57321542501449585,
				"scaleZ": 0.13474452495574951,
				"locationX": 0.25748282670974731,
				"locationY": 0.50143724679946899,
				"locationZ": 0.26480811834335327,
				"all": 0.59643739461898804
			},
			"lowerArms":
			{
				"rotationRoll": 0.88630586862564087,
				"rotationPitch": 0.52871215343475342,
				"rotationYaw": 0.56087231636047363,
				"scaleX": 0.51374518871307373,
				"scaleY": 0.35166028141975403,
				"scaleZ": 0.37628713250160217,
				"locationX": 0.65296798944473267,
				"locationY": 0.30822780728340149,
				"locationZ": 0.57678884267807007,
				"all": 0.51139611005783081
			},
			"upperArms":
			{
				"rotationRoll": 0.42511436343193054,
				"rotationPitch": 0.51176631450653076,
				"rotationYaw": 0.54850947856903076,
				"scaleX": 0.45392009615898132,
				"scaleY": 0.51870852708816528,
				"scaleZ": 0.46330505609512329,
				"locationX": 0.58595657348632812,
				"locationY": 0.35386061668395996,
				"locationZ": 0.49392586946487427,
				"all": 0.77778583765029907
			},
			"clavicle":
			{
				"rotationRoll": 0.66608250141143799,
				"rotationPitch": 0.76422828435897827,
				"rotationYaw": 0.542702317237854,
				"scaleX": 0.58353489637374878,
				"scaleY": 0.78991323709487915,
				"scaleZ": 0.65533924102783203,
				"locationX": 0.53315263986587524,
				"locationY": 0.55926311016082764,
				"locationZ": 0.45906549692153931,
				"all": 0.50306409597396851
			},
			"thigh":
			{
				"rotationRoll": 0.44445505738258362,
				"rotationPitch": 0.45416021347045898,
				"rotationYaw": 0.58101993799209595,
				"scaleX": 0.76672601699829102,
				"scaleY": 0.097092621028423309,
				"scaleZ": 0.53659015893936157,
				"locationX": 0.50390303134918213,
				"locationY": 0.62690216302871704,
				"locationZ": 0.35212931036949158,
				"all": 0.65764647722244263
			},
			"calf":
			{
				"rotationRoll": 0.60755574703216553,
				"rotationPitch": 0.33902722597122192,
				"rotationYaw": 0.39119610190391541,
				"scaleX": 0.34353339672088623,
				"scaleY": 0.56135064363479614,
				"scaleZ": 0.39410531520843506,
				"locationX": 0.19183902442455292,
				"locationY": 0.60314637422561646,
				"locationZ": 0.67170315980911255,
				"all": 0.52539747953414917
			},
			"neck":
			{
				"rotationRoll": 0.38862684369087219,
				"rotationPitch": 0.19116602838039398,
				"rotationYaw": 0.64206963777542114,
				"scaleX": 0.54853540658950806,
				"scaleY": 0.30796939134597778,
				"scaleZ": 0.23881858587265015,
				"locationX": 0.24480265378952026,
				"locationY": 0.43399643898010254,
				"locationZ": 0.69646424055099487,
				"all": 0.83734774589538574
			},
			"lowerAbdomen":
			{
				"rotationRoll": 0.28804638981819153,
				"rotationPitch": 0.92252528667449951,
				"rotationYaw": 0.51497417688369751,
				"scaleX": 0.40610629320144653,
				"scaleY": 0.82458615303039551,
				"scaleZ": 0.26530659198760986,
				"locationX": 0.41019049286842346,
				"locationY": 0.49459397792816162,
				"locationZ": 0.46385249495506287,
				"all": 0.29720953106880188
			},
			"abdomen":
			{
				"rotationRoll": 0.40405258536338806,
				"rotationPitch": 0.3814980685710907,
				"rotationYaw": 0.44722482562065125,
				"scaleX": 0.79685711860656738,
				"scaleY": 1.0525104999542236,