{
	"type": "Nose",
	"icon": "None",
	"save":
	{
		"presetGuid": "0",
		"randomSeed": 0,
		"skinColorHue": 1,
		"skinColorPigmentation": 0.52267241477966309,
		"normalDetailStrength01": 0,
		"normalDetailStrength02": 0,
		"skinSet": 1,
		"eyeColor": "6064632450408251395",
		"eyeShape": "108136968836729",
		"scleraShape": "6064632428969328641",
		"eyebrows": "6064632064374407176",
		"headHair": "6064633418541498368",
		"headHairRootColor": "6064631035946401792",
		"headHairTipColor": "6064632450617704448",
		"headHairLength": 0.48605936765670776,
		"headHairContrast": 0,
		"headHairGradient": -0.4672359824180603,
		"facialHairLip": "0",
		"facialHairChin": "0",
		"facialHairCheek": "0",
		"facialHairLipLength": 0,
		"facialHairChinLength": 0,
		"facialHairCheekLength": 0,
		"eyelashLength": 0,
		"facialHairRootColor": "0",
		"facialHairTipColor": "0",
		"facialHairContrast": 0,
		"facialHairGradient": 0,
		"racialHorns": "0",
		"racialHornsLength": 0,
		"nailColor": "0",
		"nailOpacity": 0,
		"decalData": [],
		"decalBlendGroups": [],
		"gender": "Female",
		"race": "Renkai",
		"class": "Mage",
		"faceMorphWeightMaps":
		{
			"forehead_Round": 1,
			"temples_Width": 0.69999998807907104,
			"temples_Sharp_0": 0,
			"eyebrows_Thickness": 0.45987451076507568,
			"eyebrows_Shape1_0": 1,
			"eyebrows_Pinch": 0.038351438939571381,
			"eyebrows_Forward_0": 0.55294781923294067,
			"eyebrows_Cocked_Left_0": 0.51073282957077026,
			"eyebrows_Outside_UpDown": 1,
			"eyebrows_Middle_UpDown": 0.47738692164421082,
			"eyebrows_Inside_UpDown": -1,
			"nose_BridgeWidth": 0.49427276849746704,
			"nose_Bridge_Sharp_0": 0,
			"nose_Bridge_Hump_0": 0,
			"nose_Bridge_Hooked_0": 0,
			"nose_Scale": -1,
			"nose_Broken_Left_0": 0.52761924266815186,
			"eyes_Sag_0": 0,
			"eyes_EyelidThickness": 0.49427276849746704,
			"eyes_UpDown_InnerCorners": 0.25786849856376648,
			"eyes_UpDown_OuterCorners": 0.848876953125,
			"eyes_TopLid_OutsideCorner": 1,
			"eyes_TopLid_Middle": -0.60331416130065918,
			"eyes_TopLid_InsideCorner": -0.18116569519042969,
			"eyes_BottomLid_OutsideCorner": 0.51115846633911133,
			"eyes_BottomLid_Middle": -1,
			"eyes_BottomLid_InsideCorner": 0.51115846633911133,
			"cheekbone_UpDown": 0.51115846633911133,
			"cheekbone_Protrusion_0": 0,
			"cheeks_Fat": 0.51115846633911133,
			"faceWidth": 0.32541275024414062,
			"dimple_Left_0": 0,
			"dimple_Right_0": 0,
			"lips_Corners_Pinch_0": 0.49405959248542786,
			"racial_1": -0.51888418197631836,
			"racial_2": 1,
			"lips_Top_Thickness": 0.52804410457611084,
			"lips_Top_Shape_0": 0,
			"lips_Top_Middle_0": 0,
			"philtrum": 0,
			"lips_Top_Outer_0": 0.52804410457611084,
			"lips_Top_Puff_0": 0,
			"lips_TopEdgeOut_0": 0,
			"lips_Bottom_Thickness": 0.51115846633911133,
			"lips_Bottom_Shape_0": 0,
			"lips_Bottom_Middle_0": 0,
			"lips_Bottom_Outer_0": 0.49427276849746704,
			"lips_Bottom_Puff_0": 0.088584356009960175,
			"lips_BottomEdgeOut_0": 0,
			"jaw_Corners_UpDown": 0.49427276849746704,
			"jaw_Corners_InOut": 1,
			"jaw_Corners_ForwardBack": 0.52804410457611084,
			"jaw_Sharpness_0": 0,
			"chin_UpDown": 0.52804410457611084,
			"chin_Wide_0": 0.24900075793266296,
			"chin_Jutt": 0.48361235857009888,
			"chin_Cleft_0": 0,
			"jowls_0": 0,
			"ears_Rotate": 0.51115846633911133,
			"ears_Scale": 0.49427276849746704,
			"ears_Out": 0,
			"ears_Lobe_0": 0,
			"ears_Round_0": 0,
			"ears_Middle_Pointy": 0,
			"ears_Tips_Out": 0.52804410457611084,
			"ears_Tips_UpDown": 0.49427276849746704,
			"ears_Tip_Pointy_0": 0,
			"nose_Tip_Narrow_0": 0.48540425300598145,
			"nose_Tip_Height": 0.49427276849746704,
			"nose_Tip_Sharp_0": 0,
			"nose_Tip_UpDown": 0.52804410457611084,
			"nose_Tip_Bulge_0": 1,
			"nose_NaselFold_0": 0,
			"nose_Tip_Snarl_0": -0.28248137235641479,
			"nose_Broken_Right_0": 0,
			"nose_Tip_Wide_0": 0,
			"eyebrows_Shape2_0": 0,
			"eyebrows_Cocked_Right_0": 0,
			"chin_Pointy_0": 0
		},
		"sectionsValues":
		{
			"none":
			{
				"x": 0.5,
				"y": 0.5,
				"z": 0.5
			},
			"lowerArms":
			{
				"x": 0.29567193984985352,
				"y": 0.29567193984985352,
				"z": 0.29567193984985352
			},
			"upperArms":
			{
				"x": 0.29567193984985352,
				"y": 0.29567193984985352,
				"z": 0.29567193984985352
			},
			"clavicle":
			{
				"x": 0.29567193984985352,
				"y": 0.29567193984985352,
				"z": 0.29567193984985352
			},
			"thigh":
			{
				"x": 0.29567193984985352,
				"y": 0.29567193984985352,
				"z": 0.29567193984985352
			},
			"calf":
			{
				"x": 0.29567193984985352,
				"y": 0.29567193984985352,
				"z": 0.29567193984985352
			},
			"neck":
			{
				"x": 0.29567193984985352,
				"y": 0.29567193984985352,
				"z": 0.29567193984985352
			},
			"lowerAbdomen":
			{
				"x": 0.29567193984985352,
				"y": 0.29567193984985352,
				"z": 0.29567193984985352
			},
			"abdomen":
			{
				"x": 0.29567193984985352,
				"y": 0.29567193984985352,
				"z": 0.29567193984985352
			},
			"chest":
			{
				"x": 0.5,
				"y": 0.5,
				"z": 0.5
			},
			"hips":
			{
				"x": 0.29567193984985352,
				"y": 0.29567193984985352,
				"z": 0.29567193984985352
			},
			"size":
			{
				"x": 0.5,
				"y": 0.5,
				"z": 0.5
			},
			"mouthGroup":
			{
				"x": 0.4998669384049208,
				"y": 0.48984689573990181,
				"z": 0.83309855684638023
			},
			"noseGroup":
			{
				"x": 0.49999992218911882,
				"y": 0.49983543537382502,
				"z": 0.73941459134221077
			},
			"eyeGroup":
			{
				"x": 0.50000005202590714,
				"y": 0.50022850255481899,
				"z": 0.5
			},
			"browGroup":
			{
				"x": 0.49938143769445276,
				"y": 0.49287845734215807,
				"z": 0.864678711630404
			},
			"earGroup":
			{
				"x": 0.49999631726353755,
				"y": 0.49532787938369438,
				"z": 0.4378961892798543
			},
			"jaw":
			{
				"x": 0.50673939055354822,
				"y": 0.53034247466712259,
				"z": 0.7189481221139431
			},
			"eyeSocketL":
			{
				"x": 0.5,
				"y": 0.5,
				"z": 0.5
			},
			"eyeSocketR":
			{
				"x": 0.5,
				"y": 0.5,
				"z": 0.5
			},
			"eyeInnerR":
			{
				"x": 0.5,
				"y": 0.5,
				"z": 0.5
			},
			"eyeInnerL":
			{
				"x": 0.5,
				"y": 0.5,
				"z": 0.5
			},
			"eyeOuterL":
			{
				"x": 0.5,
				"y": 0.5,
				"z": 0.5
			},
			"eyeOuterR":
			{
				"x": 0.5,
				"y": 0.5,
				"z": 0.5
			},
			"smilerL":
			{
				"x": 0.5,
				"y": 0.5,
				"z": 0.5
			},
			"smilerR":
			{
				"x": 0.5,
				"y": 0.5,
				"z": 0.5
			},
			"forehead":
			{
				"x": 0.5,
				"y": 0.5,
				"z": 0.5
			},
			"cheeks":
			{
				"x": 0.49999743224100257,
				"y": 0.49456936735077761,
				"z": 0.031227989122271538
			},
			"racialGroup":
			{
				"x": 0.5,
				"y": 0.5,
				"z": 0.5
			},
			"cCount":
			{
				"x": 0.5,
				"y": 0.5,
				"z": 0.5
			}
		}
	},
	"guid": "6064631211128848694",
	"name": "Renkai_Female_Nose_4",
	"typeId": "8512355578663"
}