{
	"type": "Body",
	"icon": "None",
	"save":
	{
		"presetGuid": "0",
		"randomSeed": 835,
		"skinColorHue": 0,
		"skinColorPigmentation": 0.26060459017753601,
		"normalDetailStrength01": 0,
		"normalDetailStrength02": 0,
		"skinSet": 0,
		"eyeColor": "6064630669473153025",
		"eyeShape": "109222880302723",
		"scleraShape": "6064632428969328641",
		"eyebrows": "0",
		"headHair": "6064630961557405734",
		"headHairRootColor": "6064631035946401792",
		"headHairTipColor": "6064631035962916870",
		"headHairLength": 0.5,
		"headHairContrast": 0,
		"headHairGradient": 0.1763157844543457,
		"facialHairLip": "0",
		"facialHairChin": "0",
		"facialHairCheek": "0",
		"facialHairLipLength": 0.90531450510025024,
		"facialHairChinLength": 0.13826005160808563,
		"facialHairCheekLength": 0.67578983306884766,
		"eyelashLength": 0,
		"facialHairRootColor": "6064631035946401792",
		"facialHairTipColor": "6064631035946401792",
		"facialHairContrast": 0.019276253879070282,
		"facialHairGradient": 0.13261984288692474,
		"nailColor": "0",
		"nailOpacity": 0,
		"decalData": [],
		"decalBlendGroups": [],
		"gender": "Female",
		"race": "Vek",
		"class": "Mage",
		"faceMorphWeightMaps":
		{
			"nose_Bridge_Hooked_0": 0,
			"forehead_Round": -1,
			"temples_Sharp_0": 1,
			"temples_Width": 0.69999998807907104,
			"cheekbone_UpDown": 0.4417477548122406,
			"cheekbone_Protrusion_0": 1,
			"cheeks_Fat": 0.75103926658630371,
			"dimple_Right_0": 0,
			"jaw_Corners_UpDown": 0.83166962862014771,
			"jaw_Corners_InOut": 0.86416441202163696,
			"jaw_Sharpness_0": 0,
			"chin_UpDown": 0.50147825479507446,
			"chin_Wide_0": 0.81879770755767822,
			"chin_Pointy_0": 0.76999998092651367,
			"chin_Jutt": 1,
			"chin_Cleft_0": 0,
			"jowls_0": 0.58545386791229248,
			"snear_Right_0": 0.33000001311302185,
			"snear_Left_0": 0.52999997138977051,
			"lips_Corners_Pinch_0": 0.26449829339981079,
			"lips_Top_Thickness": 1,
			"lips_Bottom_Thickness": 1,
			"lips_Top_Outer_0": 0.66920286417007446,
			"lips_Bottom_Outer_0": 0.45799437165260315,
			"lips_Top_Middle_0": 0,
			"lips_Bottom_Middle_0": 0,
			"lips_Top_Shape_0": 0.58277636766433716,
			"lips_Bottom_Shape_0": 0,
			"lips_Top_Puff_0": 0,
			"lips_Bottom_Puff_0": 0,
			"eyebrows_Pinch": 1,
			"eyebrows_Forward_0": 0.26596453785896301,
			"eyebrows_Inside_UpDown": -1,
			"eyebrows_Middle_UpDown": 0.2142927497625351,
			"eyebrows_Outside_UpDown": 1,
			"eyebrows_Cocked_Right_0": 0.27000001072883606,
			"eyebrows_Cocked_Left_0": 0.70462721586227417,
			"eyes_UpDown_OuterCorners": 0.65295606851577759,
			"eyes_UpDown_InnerCorners": 0.37676101922988892,
			"eyes_EyelidThickness": -1,
			"eyes_Sag_0": 0,
			"nose_Scale": 0.50147825479507446,
			"nose_Forward_0": 0.5899999737739563,
			"nose_BridgeWidth": -1,
			"nose_Bridge_Sharp_0": 0,
			"nose_Bridge_Hump_0": 0,
			"nose_Tip_Wide_0": 0.37000000476837158,
			"nose_Tip_Narrow_0": 0.96463698148727417,
			"nose_Tip_Sharp_0": 0,
			"nose_Tip_UpDown": 0.50673449039459229,
			"nose_Tip_Bulge_0": 0.85084807872772217,
			"nose_Tip_Snarl_0": 0.068072587251663208,
			"nose_NaselFold_0": 0,
			"ears_Scale": 0.230539470911026,
			"ears_Out": 0.53403627872467041,
			"ears_Rotate": 0.3442675769329071,
			"ears_Round_0": 0,
			"ears_Tips_Out": 0.91290450096130371,
			"ears_Tip_Pointy_0": 0,
			"ears_Tips_UpDown": 1,
			"ears_Middle_Pointy": 0,
			"ears_Lobe_0": 0.59902304410934448,
			"dimple_Left_0": 0,
			"nose_Tip_Height": 0.32647079229354858,
			"eyes_TopLid_InsideCorner": 0.52298128604888916,
			"eyes_TopLid_Middle": 0.62046277523040771,
			"eyes_TopLid_OutsideCorner": 0.57172131538391113,
			"eyes_BottomLid_OutsideCorner": 0.47424116730690002,
			"eyes_BottomLid_Middle": 0.60421597957611084,
			"eyes_BottomLid_InsideCorner": 0.36051422357559204,
			"lips_TopEdgeOut_0": 0,
			"lips_BottomEdgeOut_0": 0,
			"nose_UpDown": 0.6600000262260437,
			"jaw_Corners_ForwardBack": -0.22436919808387756,
			"philtrum": 0,
			"faceWidth": 0.0077324295416474342,
			"racial_1": 1,
			"racial_2": -0.20000000298023224,
			"racial_3": 0.62999999523162842,
			"nose_Broken_Left_0": 0.50966554880142212,
			"nose_Broken_Right_0": 0,
			"eyebrows_Thickness": 0.1493060290813446,
			"eyebrows_Shape1_0": 0.51778888702392578,
			"eyebrows_Shape2_0": 0
		},
		"sectionsValues":
		{
			"none":
			{
				"x": 0.49731154465330335,
				"y": 0.84078710214042951,
				"z": 0.57484510486773877
			},
			"lowerArms":
			{
				"x": 0.40755870752036572,
				"y": 0.67005534600377104,
				"z": 0.98580286093056202
			},
			"upperArms":
			{
				"x": 1,
				"y": 0.64259089948609471,
				"z": 0.82985100848600268
			},
			"clavicle":
			{
				"x": 0.67971915006637573,
				"y": 0.64842657849658281,
				"z": 0.67781515372917056
			},
			"thigh":
			{
				"x": 1,
				"y": 0.64648013201712118,
				"z": 0.9216305585578084
			},
			"calf":
			{
				"x": 1,
				"y": 0.67254206523648463,
				"z": 1
			},
			"neck":
			{
				"x": 0.6496732234954834,
				"y": 0.6496732234954834,
				"z": 0.6496732234954834
			},
			"lowerAbdomen":
			{
				"x": 0.88012978993356228,
				"y": 0.6496728661495883,
				"z": 0.98274338338524103
			},
			"abdomen":
			{
				"x": 0.6496732234954834,
				"y": 0.6496732234954834,
				"z": 0.6496732234954834
			},
			"chest":
			{
				"x": 0,
				"y": 0.49671232213701977,
				"z": 0.70636916160583496
			},
			"hips":
			{
				"x": 0.6496732234954834,
				"y": 0.6496732234954834,
				"z": 0.6496732234954834
			},
			"size":
			{
				"x": 0.83989930152893066,
				"y": 0.83989930152893066,
				"z": 0.83989930152893066
			},
			"mouthGroup":
			{
				"x": 0.71090525297410423,
				"y": 0.46780795244503692,
				"z": 0.51164757056708576
			},
			"noseGroup":
			{
				"x": 0.39914700453382435,
				"y": 0.54323034181347285,
				"z": 0
			},
			"eyeGroup":
			{
				"x": 0.44992412118638969,
				"y": 0.60804916089345762,
				"z": 0.63534582668045814
			},
			"browGroup":
			{
				"x": 0.56181770017575683,
				"y": 0.31089832281388941,
				"z": 0.76716935075819492
			},
			"earGroup":
			{
				"x": 0.31210101201375107,
				"y": 0.24673149888329349,
				"z": 0.47740335244708976
			},
			"jaw":
			{
				"x": 1,
				"y": 0.55300281466954493,
				"z": 1
			},
			"eyeSocketL":
			{
				"x": 0.59586074193801508,
				"y": 0.95256580094168719,
				"z": 0.36091330865525484
			},
			"eyeSocketR":
			{
				"x": 0.29483633773122869,
				"y": 0.53917051846712571,
				"z": 0.78490644752932237
			},
			"eyeInnerR":
			{
				"x": 0.48397525523716328,
				"y": 0.46875041909545334,
				"z": 0.29625559187104195
			},
			"eyeInnerL":
			{
				"x": 0.20452548099700874,
				"y": 0.19543133425986675,
				"z": 0.63658017636822373
			},
			"eyeOuterL":
			{
				"x": 0.33334837850445992,
				"y": 0.12496993803227457,
				"z": 0.43032056737658708
			},
			"eyeOuterR":
			{
				"x": 0.38666443348645363,
				"y": 0.57648451629448361,
				"z": 0.66870706167602689
			},
			"smilerL":
			{
				"x": 0.54428103378576087,
				"y": 0.6223878731810345,
				"z": 0.7463841238242056
			},
			"smilerR":
			{
				"x": 0.56881630221045887,
				"y": 0.71146486143005072,
				"z": 0.37912053317522948
			},
			"forehead":
			{
				"x": 0.63929740053919604,
				"y": 0.51992098087886485,
				"z": 0.44442168533533305
			},
			"cheeks":
			{
				"x": 0.99086837269055517,
				"y": 0.40869034140186683,
				"z": 0.86008653696626425
			},
			"racialGroup":
			{
				"x": 0.57794809877417719,
				"y": 0.22662951292322597,
				"z": 0.28519624110442848
			},
			"cCount":
			{
				"x": 0.5,
				"y": 0.5,
				"z": 0.5
			}
		}
	},
	"guid": "6064631211128848626",
	"name": "Vek_Female_Body_2",
	"typeId": "8512355578663"
}