{
	"type": "Full",
	"icon": "None",
	"save":
	{
		"presetGuid": "0",
		"randomSeed": 835,
		"skinColorHue": 0.45546212792396545,
		"skinColorPigmentation": 0.26060459017753601,
		"normalDetailStrength01": 0,
		"normalDetailStrength02": 0,
		"skinSet": 1,
		"eyeColor": "6064631238648266752",
		"eyeShape": "109222878467713",
		"scleraShape": "6064630690392047617",
		"eyebrows": "0",
		"headHair": "6064630961557274639",
		"headHairRootColor": "6064631035946401792",
		"headHairTipColor": "6064631035946401792",
		"headHairLength": 0.70592951774597168,
		"headHairContrast": 0.14594109356403351,
		"headHairGradient": 0.2870161235332489,
		"facialHairLip": "0",
		"facialHairChin": "0",
		"facialHairCheek": "0",
		"facialHairLipLength": 0.90531450510025024,
		"facialHairChinLength": 0.13826005160808563,
		"facialHairCheekLength": 0.67578983306884766,
		"eyelashLength": 0,
		"facialHairRootColor": "6064631035946401792",
		"facialHairTipColor": "6064631035946401792",
		"facialHairContrast": 0.019276253879070282,
		"facialHairGradient": 0.13261984288692474,
		"nailColor": "0",
		"nailOpacity": 0,
		"decalData": [
			{
				"gUId": "6064631051971985418",
				"strength": 0.76944506168365479,
				"scaleU": 0.21990416944026947,
				"scaleV": 0.21990416944026947,
				"slotIndex": 0,
				"mergeSectionMaterialBase": "6064629727470289091",
				"offsetU": 0.48243939876556396,
				"offsetV": 0.14986221492290497,
				"angle": 0.5,
				"color": "6064632036521279505",
				"discoloration": 1
			}
		],
		"decalBlendGroups": [],
		"gender": "Female",
		"race": "Vek",
		"class": "Mage",
		"faceMorphWeightMaps":
		{
			"nose_Bridge_Hooked_0": 0,
			"forehead_Round": -1,
			"temples_Sharp_0": 0,
			"temples_Width": 0.17275024950504303,
			"cheekbone_UpDown": 0.4417477548122406,
			"cheekbone_Protrusion_0": 0,
			"cheeks_Fat": 0.3442675769329071,
			"dimple_Right_0": 0,
			"jaw_Corners_UpDown": 0.55547469854354858,
			"jaw_Corners_InOut": 0.52298128604888916,
			"jaw_Sharpness_0": 0,
			"chin_UpDown": 0.53922790288925171,
			"chin_Wide_0": 0.64776313304901123,
			"chin_Pointy_0": 0.76999998092651367,
			"chin_Jutt": 0.44044998288154602,
			"chin_Cleft_0": 0,
			"jowls_0": 0,
			"snear_Right_0": 0.33000001311302185,
			"snear_Left_0": 0.52999997138977051,
			"lips_Corners_Pinch_0": 0.26449829339981079,
			"lips_Top_Thickness": 0.52298128604888916,
			"lips_Bottom_Thickness": 0.47424116730690002,
			"lips_Top_Outer_0": 0.66920286417007446,
			"lips_Bottom_Outer_0": 0.45799437165260315,
			"lips_Top_Middle_0": 0,
			"lips_Bottom_Middle_0": 0,
			"lips_Top_Shape_0": 0.58277636766433716,
			"lips_Bottom_Shape_0": 0,
			"lips_Top_Puff_0": 0,
			"lips_Bottom_Puff_0": 0,
			"eyebrows_Pinch": 0.42550110816955566,
			"eyebrows_Forward_0": 0,
			"eyebrows_Inside_UpDown": 0.26303276419639587,
			"eyebrows_Middle_UpDown": 0.39300781488418579,
			"eyebrows_Outside_UpDown": 0.40925446152687073,
			"eyebrows_Cocked_Right_0": 0.27000001072883606,
			"eyebrows_Cocked_Left_0": 0.70462721586227417,
			"eyes_UpDown_OuterCorners": 0.65295606851577759,
			"eyes_UpDown_InnerCorners": 0.37676101922988892,
			"eyes_EyelidThickness": -1,
			"eyes_Sag_0": 0,
			"nose_Scale": 0.60421597957611084,
			"nose_Forward_0": 0.5899999737739563,
			"nose_BridgeWidth": 0.49048781394958496,
			"nose_Bridge_Sharp_0": 0,
			"nose_Bridge_Hump_0": 0,
			"nose_Tip_Wide_0": 0.37000000476837158,
			"nose_Tip_Narrow_0": 0.5584062933921814,
			"nose_Tip_Sharp_0": 0,
			"nose_Tip_UpDown": 0.50673449039459229,
			"nose_Tip_Bulge_0": 0,
			"nose_Tip_Snarl_0": 0.068072587251663208,
			"nose_NaselFold_0": 0,
			"ears_Scale": 0.230539470911026,
			"ears_Out": 0.53403627872467041,
			"ears_Rotate": 0.3442675769329071,
			"ears_Round_0": 0,
			"ears_Tips_Out": 0.42550110816955566,
			"ears_Tip_Pointy_0": 0,
			"ears_Tips_UpDown": 0.42550110816955566,
			"ears_Middle_Pointy": 0,
			"ears_Lobe_0": 0,
			"dimple_Left_0": 0,
			"nose_Tip_Height": 0.57172131538391113,
			"eyes_TopLid_InsideCorner": 0.52298128604888916,
			"eyes_TopLid_Middle": 0.62046277523040771,
			"eyes_TopLid_OutsideCorner": 0.57172131538391113,
			"eyes_BottomLid_OutsideCorner": 0.47424116730690002,
			"eyes_BottomLid_Middle": 0.60421597957611084,
			"eyes_BottomLid_InsideCorner": 0.36051422357559204,
			"lips_TopEdgeOut_0": 0,
			"lips_BottomEdgeOut_0": 0,
			"nose_UpDown": 0.6600000262260437,
			"jaw_Corners_ForwardBack": 0.45799437165260315,
			"philtrum": 0,
			"faceWidth": 0.0077324295416474342,
			"racial_1": 0.37676101922988892,
			"racial_2": 0.16789749264717102,
			"racial_3": 0.62999999523162842,
			"nose_Broken_Left_0": 0.50966554880142212,
			"nose_Broken_Right_0": 0,
			"eyebrows_Thickness": 0.1493060290813446,
			"eyebrows_Shape1_0": 0.51778888702392578,
			"eyebrows_Shape2_0": 0
		},
		"sectionsValues":
		{
			"none":
			{
				"x": 0.49731154465330335,
				"y": 0.84078710214042951,
				"z": 0.57484510486773877
			},
			"lowerArms":
			{
				"x": 0.49467459321022034,
				"y": 0.49467459321022034,
				"z": 0.49467459321022034
			},
			"upperArms":
			{
				"x": 0.49467459321022034,
				"y": 0.49467459321022034,
				"z": 0.49467459321022034
			},
			"clavicle":
			{
				"x": 0.49467459321022034,
				"y": 0.49467459321022034,
				"z": 0.49467459321022034
			},
			"thigh":
			{
				"x": 0.49467459321022034,
				"y": 0.49467459321022034,
				"z": 0.49467459321022034
			},
			"calf":
			{
				"x": 0.49467459321022034,
				"y": 0.49467459321022034,
				"z": 0.49467459321022034
			},
			"neck":
			{
				"x": 0.49467459321022034,
				"y": 0.49467459321022034,
				"z": 0.49467459321022034
			},
			"lowerAbdomen":
			{
				"x": 0.49467459321022034,
				"y": 0.49467459321022034,
				"z": 0.49467459321022034
			},
			"abdomen":
			{
				"x": 0.49467459321022034,
				"y": 0.49467459321022034,
				"z": 0.49467459321022034
			},
			"chest":
			{
				"x": 0.49467459321022034,
				"y": 0.49467459321022034,
				"z": 0.49467459321022034
			},
			"hips":
			{
				"x": 0.49467459321022034,
				"y": 0.49467459321022034,
				"z": 0.49467459321022034
			},
			"size":
			{
				"x": 0.487629234790802,
				"y": 0.487629234790802,
				"z": 0.487629234790802
			},
			"mouthGroup":
			{
				"x": 0.71090525297410423,
				"y": 0.46780795244503692,
				"z": 0.51164757056708576
			},
			"noseGroup":
			{
				"x": 0.43258604844313564,
				"y": 0.53922447428398701,
				"z": 0.6671658579651838
			},
			"eyeGroup":
			{
				"x": 0.44992412118638969,
				"y": 0.60804916089345762,
				"z": 0.63534582668045814
			},
			"browGroup":
			{
				"x": 0.56815549744498195,
				"y": 0.30794576512373883,
				"z": 0.42689066784808055
			},
			"earGroup":
			{
				"x": 0.28779708166782836,
				"y": 0.24691804716056354,
				"z": 0.35721963126235923
			},
			"jaw":
			{
				"x": 0.50473425465265687,
				"y": 0.56502693584027019,
				"z": 0.44946863635651596
			},
			"eyeSocketL":
			{
				"x": 0.59586074193801508,
				"y": 0.95256580094168719,
				"z": 0.36091330865525484
			},
			"eyeSocketR":
			{
				"x": 0.29483633773122869,
				"y": 0.53917051846712571,
				"z": 0.78490644752932237
			},
			"eyeInnerR":
			{
				"x": 0.48397525523716328,
				"y": 0.46875041909545334,
				"z": 0.29625559187104195
			},
			"eyeInnerL":
			{
				"x": 0.20452548099700874,
				"y": 0.19543133425986675,
				"z": 0.63658017636822373
			},
			"eyeOuterL":
			{
				"x": 0.33334837850445992,
				"y": 0.12496993803227457,
				"z": 0.43032056737658708
			},
			"eyeOuterR":
			{
				"x": 0.38666443348645363,
				"y": 0.57648451629448361,
				"z": 0.66870706167602689
			},
			"smilerL":
			{
				"x": 0.54428103378576087,
				"y": 0.6223878731810345,
				"z": 0.7463841238242056
			},
			"smilerR":
			{
				"x": 0.56881630221045887,
				"y": 0.71146486143005072,
				"z": 0.37912053317522948
			},
			"forehead":
			{
				"x": 0.63929740053919604,
				"y": 0.51992098087886485,
				"z": 0.44442168533533305
			},
			"cheeks":
			{
				"x": 0.79022210634934575,
				"y": 0.40878570254276708,
				"z": 0.82973974943161011
			},