{
	"type": "Nose",
	"icon": "None",
	"save":
	{
		"presetGuid": "0",
		"randomSeed": 0,
		"skinColorHue": 1,
		"skinColorPigmentation": 0.69899141788482666,
		"normalDetailStrength01": 0,
		"normalDetailStrength02": 0,
		"skinSet": 0,
		"eyeColor": "6064630669472497664",
		"eyeShape": "108136976045690",
		"scleraShape": "0",
		"eyebrows": "6064630961557274644",
		"headHair": "6064630961557274641",
		"headHairRootColor": "6064631035946401792",
		"headHairTipColor": "6064631035946401792",
		"headHairLength": 0.24104027450084686,
		"headHairContrast": 0,
		"headHairGradient": -0.57428240776062012,
		"facialHairLip": "0",
		"facialHairChin": "0",
		"facialHairCheek": "0",
		"facialHairLipLength": 0,
		"facialHairChinLength": 0,
		"facialHairCheekLength": 0,
		"eyelashLength": 0,
		"facialHairRootColor": "0",
		"facialHairTipColor": "0",
		"facialHairContrast": 0,
		"facialHairGradient": 0,
		"nailColor": "0",
		"nailOpacity": 0,
		"decalData": [],
		"decalBlendGroups": [],
		"gender": "Female",
		"race": "Kaelar",
		"class": "Fighter",
		"faceMorphWeightMaps":
		{
			"forehead_Round": 1,
			"temples_Width": -0.69999998807907104,
			"temples_Sharp_0": 0,
			"eyebrows_Thickness": 0.69685381650924683,
			"eyebrows_Shape1_0": 0,
			"eyebrows_Pinch": -0.25686395168304443,
			"eyebrows_Forward_0": 0,
			"eyebrows_Cocked_Left_0": 0.48529553413391113,
			"eyebrows_Outside_UpDown": 0.068072587251663208,
			"eyebrows_Middle_UpDown": 0.29778280854225159,
			"eyebrows_Inside_UpDown": 0.47424116730690002,
			"eyes_UpDown_OuterCorners": 0,
			"eyes_TopLid_OutsideCorner": 1,
			"eyes_TopLid_Middle": 1,
			"eyes_TopLid_InsideCorner": 0.50106650590896606,
			"eyes_UpDown_InnerCorners": 0.54797458648681641,
			"eyes_BottomLid_InsideCorner": 0.5401110053062439,
			"eyes_BottomLid_Middle": 0.45402190089225769,
			"eyes_BottomLid_OutsideCorner": 0.17237356305122375,
			"eyes_Sag_0": 0.61526972055435181,
			"eyes_EyelidThickness": 1,
			"nose_BridgeWidth": -1,
			"nose_Bridge_Sharp_0": 0,
			"nose_Bridge_Hump_0": 0.21722379326820374,
			"nose_Bridge_Hooked_0": 0,
			"nose_Broken_Left_0": 0.49341887235641479,
			"nose_Scale": 0.39300781488418579,
			"nose_Tip_Narrow_0": 0.39593872427940369,
			"nose_Tip_Height": 0.40925446152687073,
			"nose_Tip_Sharp_0": 0,
			"nose_Tip_UpDown": 0.37676101922988892,
			"nose_Tip_Bulge_0": 0,
			"nose_NaselFold_0": 0,
			"nose_Tip_Snarl_0": 0.32802093029022217,
			"cheekbone_UpDown": -0.094395674765110016,
			"cheekbone_Protrusion_0": 0.44467881321907043,
			"cheeks_Fat": 0.32802093029022217,
			"faceWidth": -0.17423103749752045,
			"dimple_Left_0": 0,
			"dimple_Right_0": 0,
			"lips_Corners_Pinch_0": -0.088868178427219391,
			"lips_Top_Thickness": -1,
			"lips_Top_Shape_0": 1,
			"lips_Top_Middle_0": 0.35532131791114807,
			"philtrum": 0,
			"lips_Top_Outer_0": 0.53922790288925171,
			"lips_Top_Puff_0": 0,
			"lips_TopEdgeOut_0": 0,
			"lips_Bottom_Thickness": 0,
			"lips_Bottom_Shape_0": 0.94662058353424072,
			"lips_Bottom_Middle_0": 0,
			"lips_Bottom_Outer_0": 0.33626645803451538,
			"lips_Bottom_Puff_0": 0,
			"lips_BottomEdgeOut_0": 0.1847304105758667,
			"jaw_Corners_UpDown": 0.094159901142120361,
			"jaw_Corners_InOut": 0,
			"jaw_Corners_ForwardBack": 0.45357343554496765,
			"jaw_Sharpness_0": 0,
			"chin_UpDown": 0.39300781488418579,
			"chin_Wide_0": 0.50154221057891846,
			"chin_Jutt": 0.39780136942863464,
			"chin_Cleft_0": 0,
			"jowls_0": 0,
			"ears_Rotate": 0.068072587251663208,
			"ears_Scale": -0.029408950358629227,
			"ears_Out": 0,
			"ears_Lobe_0": 0.60421597957611084,
			"ears_Round_0": 0,
			"ears_Middle_Pointy": -0.029408950358629227,
			"ears_Tips_Out": 0.1493060290813446,
			"ears_Tips_UpDown": 0.1493060290813446,
			"ears_Tip_Pointy_0": 0,
			"nose_Broken_Right_0": 0,
			"nose_Tip_Wide_0": 0,
			"eyebrows_Shape2_0": 0,
			"eyebrows_Cocked_Right_0": 0,
			"chin_Pointy_0": 0
		},
		"sectionsValues":
		{
			"none":
			{
				"x": 0.5,
				"y": 0.5,
				"z": 0.5
			},
			"lowerArms":
			{
				"x": 0.5,
				"y": 0.5,
				"z": 0.5
			},
			"upperArms":
			{
				"x": 0.72033678367733955,
				"y": 0.50005055568337298,
				"z": 0.75511239748448133
			},
			"clavicle":
			{
				"x": 0.5,
				"y": 0.5,
				"z": 0.5
			},
			"thigh":
			{
				"x": 1,
				"y": 0.50016507979074731,
				"z": 1
			},
			"calf":
			{
				"x": 0.5,
				"y": 0.5,
				"z": 0.5
			},
			"neck":
			{
				"x": 0.5,
				"y": 0.5,
				"z": 0.5
			},
			"lowerAbdomen":
			{
				"x": 0.5,
				"y": 0.5,
				"z": 0.5
			},
			"abdomen":
			{
				"x": 0.5,
				"y": 0.5,
				"z": 0.5
			},
			"chest":
			{
				"x": 0.38906616345047951,
				"y": 0.60153366041910772,
				"z": 0.75203759735450149
			},
			"hips":
			{
				"x": 1,
				"y": 0.50003164029322988,
				"z": 0.68164612166583538
			},
			"size":
			{
				"x": 0.35376670956611633,
				"y": 0.35376670956611633,
				"z": 0.35376670956611633
			},
			"mouthGroup":
			{
				"x": 0.52445732709020376,
				"y": 0.49996684624193222,
				"z": 0.56009185314178467
			},
			"noseGroup":
			{
				"x": 0.47591884317807853,
				"y": 0,
				"z": 0.78967851400375366
			},
			"eyeGroup":
			{
				"x": 0.49512728862464428,
				"y": 0.5000253846974374,
				"z": 0.51001530885696411
			},
			"browGroup":
			{
				"x": 0.49021706823259592,
				"y": 0.50001326150186287,
				"z": 0.35978567227721214
			},
			"earGroup":
			{
				"x": 0.5,
				"y": 0.5,
				"z": 0.77041333168745041
			},
			"jaw":
			{
				"x": 0.69315724167972803,
				"y": 0.51246995897281522,
				"z": 0.48073482513427734
			},
			"eyeSocketL":
			{
				"x": 0.5,
				"y": 0.5,
				"z": 0.5
			},
			"eyeSocketR":
			{
				"x": 0.5,
				"y": 0.5,
				"z": 0.5
			},
			"eyeInnerR":
			{
				"x": 0.5,
				"y": 0.5,
				"z": 0.5
			},
			"eyeInnerL":
			{
				"x": 0.5,
				"y": 0.5,
				"z": 0.5
			},
			"eyeOuterL":
			{
				"x": 0.5,
				"y": 0.5,
				"z": 0.5
			},
			"eyeOuterR":
			{
				"x": 0.5,
				"y": 0.5,
				"z": 0.5
			},
			"smilerL":
			{
				"x": 0.5,
				"y": 0.5,
				"z": 0.5
			},
			"smilerR":
			{
				"x": 0.5,
				"y": 0.5,
				"z": 0.5
			},
			"forehead":
			{
				"x": 0.5,
				"y": 0.5,
				"z": 0.5
			},
			"cheeks":
			{
				"x": 0.72809401340782642,
				"y": 0.49788350945163984,
				"z": 0
			},
			"racialGroup":
			{
				"x": 0.5,
				"y": 0.5,
				"z": 0.5
			},
			"cCount":
			{
				"x": 0.5,
				"y": 0.5,
				"z": 0.5
			}
		}
	},
	"guid": "6064631211128848440",
	"name": "Kaelar_Female_Nose_2",
	"typeId": "8512355578663"
}