{
	"type": "Body",
	"icon": "None",
	"save":
	{
		"presetGuid": "0",
		"randomSeed": 11709,
		"skinColorHue": 0.62550485134124756,
		"skinColorPigmentation": 0.45017632842063904,
		"skinSet": -1,
		"eyeColor": "108237979276920",
		"eyeShape": "0",
		"scleraShape": "6064630690389884928",
		"eyebrows": "0",
		"headHair": "0",
		"headHairRootColor": "108237979276920",
		"headHairTipColor": "108237979276920",
		"headHairLength": 0.49280592799186707,
		"headHairContrast": 0.3981054425239563,
		"headHairGradient": 0.31549301743507385,
		"facialHairLip": "0",
		"facialHairChin": "0",
		"facialHairCheek": "0",
		"facialHairLipLength": 0.74709534645080566,
		"facialHairChinLength": 0.65855318307876587,
		"facialHairCheekLength": 0.43777191638946533,
		"eyelashLength": 0,
		"facialHairRootColor": "108237979276920",
		"facialHairTipColor": "108237979276920",
		"facialHairContrast": 0.5563170313835144,
		"facialHairGradient": 0.11662730574607849,
		"nailColor": "0",
		"nailOpacity": 0,
		"decalData": [],
		"decalBlendGroups": [],
		"gender": "Female",
		"race": "Renkai",
		"class": "Mage",
		"faceMorphWeightMaps":
		{
			"nose_Bridge_Hooked_0": 0.50999999046325684,
			"forehead_Round": 0.55000001192092896,
			"temples_Sharp_0": 0.77999997138977051,
			"temples_Width": 0.68000000715255737,
			"cheekbone_UpDown": 0.82999998331069946,
			"cheekbone_Protrusion_0": 0.36000001430511475,
			"cheeks_Fat": 0.5899999737739563,
			"dimple_Right_0": 0.4699999988079071,
			"jaw_Corners_UpDown": 0.30000001192092896,
			"jaw_Corners_InOut": 0.40000000596046448,
			"jaw_Sharpness_0": 0.55000001192092896,
			"chin_UpDown": 0.23000000417232513,
			"chin_Wide_0": 0.72000002861022949,
			"chin_Pointy_0": 0.86000001430511475,
			"chin_Jutt": 0.36000001430511475,
			"chin_Cleft_0": 0.74000000953674316,
			"jowls_0": 0.49000000953674316,
			"snear_Right_0": 0.60000002384185791,
			"snear_Left_0": 0.4699999988079071,
			"lips_Corners_Pinch_0": 0.75,
			"lips_Top_Thickness": 0.56999999284744263,
			"lips_Bottom_Thickness": 0.56000000238418579,
			"lips_Top_Outer_0": 0.28999999165534973,
			"lips_Bottom_Outer_0": 0.62999999523162842,
			"lips_Top_Middle_0": 0.38999998569488525,
			"lips_Bottom_Middle_0": 0.46000000834465027,
			"lips_Top_Shape_0": 0.60000002384185791,
			"lips_Bottom_Shape_0": 0.51999998092651367,
			"lips_Top_Puff_0": 0.61000001430511475,
			"lips_Bottom_Puff_0": 0.60000002384185791,
			"eyebrows_Pinch": 0.47999998927116394,
			"eyebrows_Forward_0": 0.57999998331069946,
			"eyebrows_Inside_UpDown": 0.88999998569488525,
			"eyebrows_Middle_UpDown": 0.72000002861022949,
			"eyebrows_Outside_UpDown": 0.56999999284744263,
			"eyebrows_Cocked_Right_0": 0.40999999642372131,
			"eyebrows_Cocked_Left_0": 0.54000002145767212,
			"eyes_UpDown_OuterCorners": 0.37999999523162842,
			"eyes_UpDown_InnerCorners": 0.38999998569488525,
			"eyes_EyelidThickness": 0.33000001311302185,
			"eyes_Sag_0": 0.34999999403953552,
			"nose_Scale": 0.56000000238418579,
			"nose_Forward_0": 0.40999999642372131,
			"nose_BridgeWidth": 0.36000001430511475,
			"nose_Bridge_Sharp_0": 0.12999999523162842,
			"nose_Bridge_Hump_0": 0.62999999523162842,
			"nose_Tip_Wide_0": 0.43000000715255737,
			"nose_Tip_Narrow_0": 0.41999998688697815,
			"nose_Tip_Sharp_0": 0.4699999988079071,
			"nose_Tip_UpDown": 0.60000002384185791,
			"nose_Tip_Bulge_0": 0.51999998092651367,
			"nose_Tip_Snarl_0": 0.43000000715255737,
			"nose_NaselFold_0": 0.49000000953674316,
			"ears_Scale": 0.46000000834465027,
			"ears_Out": 0.64999997615814209,
			"ears_Rotate": 0.36000001430511475,
			"ears_Round_0": 0.5,
			"ears_Tips_Out": 0.5,
			"ears_Tip_Pointy_0": 0.40999999642372131,
			"ears_Tips_UpDown": 0.14000000059604645,
			"ears_Middle_Pointy": 0.50999999046325684,
			"ears_Lobe_0": 0.49000000953674316,
			"dimple_Left_0": 0.56000000238418579,
			"nose_Tip_Height": 0.55000001192092896,
			"eyes_TopLid_InsideCorner": 0.40999999642372131,
			"eyes_TopLid_Middle": 0.43999999761581421,
			"eyes_TopLid_OutsideCorner": 0.41999998688697815,
			"eyes_BottomLid_OutsideCorner": 0.49000000953674316,
			"eyes_BottomLid_Middle": 0.23999999463558197,
			"eyes_BottomLid_InsideCorner": 0.34000000357627869,
			"lips_TopEdgeOut_0": 0.54000002145767212,
			"lips_BottomEdgeOut_0": 0.40000000596046448,
			"nose_UpDown": 0.72000002861022949,
			"jaw_Corners_ForwardBack": 0.67000001668930054,
			"philtrum": 0.43999999761581421,
			"faceWidth": 0.60000002384185791,
			"racial_1": 0.95999997854232788,
			"racial_2": 0.50999999046325684,
			"racial_3": 0.46000000834465027
		},
		"sectionsValues":
		{
			"none":
			{
				"rotationRoll": 0.25310209393501282,
				"rotationPitch": 0.44389000535011292,
				"rotationYaw": 0.63135313987731934,
				"scaleX": 0.18887029588222504,
				"scaleY": 0.59496599435806274,
				"scaleZ": 0.36222660541534424,
				"locationX": 0.70470577478408813,
				"locationY": 0.47041484713554382,
				"locationZ": 0.080965928733348846,
				"all": 0.44685801863670349
			},
			"lowerArms":
			{
				"rotationRoll": 0.7736169695854187,
				"rotationPitch": 0.46528631448745728,
				"rotationYaw": 0.33733201026916504,
				"scaleX": 0.43957936763763428,
				"scaleY": 0.40440812706947327,
				"scaleZ": 0.60543787479400635,
				"locationX": 0.5334126353263855,
				"locationY": 0.75379806756973267,
				"locationZ": 0.54341953992843628,
				"all": 0.74494057893753052
			},
			"upperArms":
			{
				"rotationRoll": 0.5361817479133606,
				"rotationPitch": 0.69614630937576294,
				"rotationYaw": 0.51613390445709229,
				"scaleX": 0.15950179100036621,
				"scaleY": 0.66586577892303467,
				"scaleZ": 0.63698506355285645,
				"locationX": 0.38238698244094849,
				"locationY": 0.33401596546173096,
				"locationZ": 0.51374721527099609,
				"all": 0.20921921730041504
			},
			"clavicle":
			{
				"rotationRoll": 0.42925161123275757,
				"rotationPitch": 0.6953357458114624,
				"rotationYaw": 0.45663130283355713,
				"scaleX": 0.43620410561561584,
				"scaleY": 0.48966890573501587,
				"scaleZ": 0.27577069401741028,
				"locationX": 0.39272597432136536,
				"locationY": 0.34464621543884277,
				"locationZ": 0.59976309537887573,
				"all": 0.51253873109817505
			},
			"thigh":
			{
				"rotationRoll": 0.53520828485488892,
				"rotationPitch": 0.63660567998886108,
				"rotationYaw": 0.55532991886138916,
				"scaleX": 0.10759855806827545,
				"scaleY": 0.58227986097335815,
				"scaleZ": 0.74476951360702515,
				"locationX": 0.58570647239685059,
				"locationY": 0.50858122110366821,
				"locationZ": 0.6748083233833313,
				"all": 0.67573457956314087
			},
			"calf":
			{
				"rotationRoll": 0.44988074898719788,
				"rotationPitch": 0.21266014873981476,
				"rotationYaw": 0.81424760818481445,
				"scaleX": 0.57866179943084717,
				"scaleY": 0.32723540067672729,
				"scaleZ": 0.48162421584129333,
				"locationX": 0.26317507028579712,
				"locationY": 0.47993859648704529,
				"locationZ": 0.47453391551971436,
				"all": 0.49033153057098389
			},
			"neck":
			{
				"rotationRoll": 0.39827769994735718,
				"rotationPitch": 0.84842520952224731,
				"rotationYaw": 0.56233155727386475,
				"scaleX": 0.27923208475112915,
				"scaleY": 0.4400775134563446,
				"scaleZ": 0.86415058374404907,
				"locationX": 0.42836767435073853,
				"locationY": 0.71638303995132446,
				"locationZ": 0.75394517183303833,
				"all": 0.48088592290878296
			},
			"lowerAbdomen":
			{
				"rotationRoll": 0.59224337339401245,
				"rotationPitch": 0.40457296371459961,
				"rotationYaw": 0.42151609063148499,
				"scaleX": 0.55433231592178345,
				"scaleY": 0.57032191753387451,
				"scaleZ": 0.65232545137405396,
				"locationX": 0.55556952953338623,
				"locationY": 0.52806210517883301,
				"locationZ": 0.40925902128219604,
				"all": 0.75524085760116577
			},
			"abdomen":
			{
				"rotationRoll": 0.45762276649475098,
				"rotationPitch": 0.50016343593597412,
				"rotationYaw": 0.778431236743927,
				"scaleX": 0.35503160953521729,
				"scaleY": 0.51365923881530762,