{
	"type": "Mouth",
	"icon": "None",
	"save":
	{
		"presetGuid": "0",
		"randomSeed": 0,
		"skinColorHue": 0.5,
		"skinColorPigmentation": 0.5149238109588623,
		"normalDetailStrength01": 0,
		"normalDetailStrength02": 0,
		"skinSet": 0,
		"eyeColor": "6064630669472497664",
		"eyeShape": "108136968836729",
		"scleraShape": "0",
		"eyebrows": "6064632060689711116",
		"headHair": "6064632060605038600",
		"headHairRootColor": "6064631035946401792",
		"headHairTipColor": "6064631035946401792",
		"headHairLength": 0.54284608364105225,
		"headHairContrast": 0,
		"headHairGradient": 0,
		"facialHairLip": "6064632518394511365",
		"facialHairChin": "6064632518393004036",
		"facialHairCheek": "6064632518389137411",
		"facialHairLipLength": 0,
		"facialHairChinLength": 0,
		"facialHairCheekLength": 0,
		"eyelashLength": 0,
		"facialHairRootColor": "6064631035946401792",
		"facialHairTipColor": "6064631035946401792",
		"facialHairContrast": 0,
		"facialHairGradient": 0,
		"nailColor": "0",
		"nailOpacity": 0,
		"decalData": [],
		"decalBlendGroups": [
			{
				"decalAppearanceGuid": "6064632184562909184",
				"colorGuid": "0",
				"intensity": 0.57076835632324219
			}
		],
		"gender": "Male",
		"race": "Vaelune",
		"class": "Mage",
		"faceMorphWeightMaps":
		{
			"forehead_Round": 0.49945831298828125,
			"temples_Width": 0.48483794927597046,
			"temples_Sharp_0": 0,
			"eyebrows_Thickness": 0.00044158936361782253,
			"eyebrows_Shape1_0": 0.50022077560424805,
			"eyebrows_Pinch": 0.49945831298828125,
			"eyebrows_Forward_0": 0,
			"eyebrows_Cocked_Left_0": 0.50826942920684814,
			"eyebrows_Outside_UpDown": 0.51555556058883667,
			"eyebrows_Middle_UpDown": 0.51555556058883667,
			"eyebrows_Inside_UpDown": 0.51555556058883667,
			"eyes_Sag_0": 0,
			"eyes_EyelidThickness": 0.49945831298828125,
			"eyes_UpDown_InnerCorners": 0.064830631017684937,
			"eyes_UpDown_OuterCorners": 0.86969572305679321,
			"eyes_TopLid_OutsideCorner": 0.48336106538772583,
			"eyes_TopLid_Middle": 0.48336106538772583,
			"eyes_TopLid_InsideCorner": 0.49945831298828125,
			"eyes_BottomLid_OutsideCorner": 0.49945831298828125,
			"eyes_BottomLid_Middle": 0.49945831298828125,
			"eyes_BottomLid_InsideCorner": 0.48336106538772583,
			"nose_Bridge_Hump_0": 0,
			"nose_Bridge_Hooked_0": 0,
			"nose_Scale": 0.48336106538772583,
			"nose_Broken_Left_0": 0.50022077560424805,
			"nose_Tip_Narrow_0": 0.065594449639320374,
			"nose_Tip_Height": 0.54775011539459229,
			"nose_Tip_Sharp_0": 0,
			"nose_Tip_UpDown": 0.32238692045211792,
			"nose_Tip_Bulge_0": 0,
			"nose_NaselFold_0": 0,
			"nose_Tip_Snarl_0": 0.49945831298828125,
			"cheekbone_UpDown": 0.49945831298828125,
			"cheekbone_Protrusion_0": 0,
			"cheeks_Fat": 0.46726378798484802,
			"faceWidth": 0.40000000596046448,
			"dimple_Left_0": 0,
			"dimple_Right_0": 0,
			"lips_Corners_Pinch_0": 0.50386321544647217,
			"lips_Top_Thickness": 0.048733368515968323,
			"lips_Top_Shape_0": 0,
			"lips_Top_Middle_0": 0.91875052452087402,
			"lips_Top_Outer_0": 1,
			"lips_Top_Puff_0": 0,
			"lips_TopEdgeOut_0": 0,
			"lips_Bottom_Thickness": -1,
			"lips_Bottom_Shape_0": 0,
			"lips_Bottom_Middle_0": 0,
			"lips_Bottom_Outer_0": 0.67652833461761475,
			"lips_Bottom_Puff_0": 0,
			"lips_BottomEdgeOut_0": 0,
			"jaw_Corners_UpDown": 0.49945831298828125,
			"jaw_Corners_InOut": 0.48336106538772583,
			"jaw_Corners_ForwardBack": 0.45116516947746277,
			"jaw_Sharpness_0": 0,
			"chin_UpDown": 0.51555556058883667,
			"chin_Wide_0": 1,
			"chin_Jutt": 0.53385591506958008,
			"chin_Cleft_0": 0,
			"jowls_0": 0.99118822813034058,
			"ears_Rotate": 0.49945831298828125,
			"ears_Scale": 0.45116516947746277,
			"ears_Out": 0.49217215180397034,
			"ears_Lobe_0": 0,
			"ears_Round_0": 0,
			"ears_Middle_Pointy": 0,
			"ears_Tips_Out": 0.49945831298828125,
			"ears_Tips_UpDown": 0.51555556058883667,
			"ears_Tip_Pointy_0": 0,
			"philtrum": 0,
			"nose_BridgeWidth": 0,
			"nose_Bridge_Sharp_0": 0,
			"nose_Broken_Right_0": 0,
			"nose_Tip_Wide_0": 0,
			"eyebrows_Shape2_0": 0,
			"eyebrows_Cocked_Right_0": 0,
			"chin_Pointy_0": 0
		},
		"sectionsValues":
		{
			"none":
			{
				"x": 0.5,
				"y": 0.5,
				"z": 0.5
			},
			"lowerArms":
			{
				"x": 0.82333499938249588,
				"y": 0.484772492403863,
				"z": 0.77169056609272957
			},
			"upperArms":
			{
				"x": 1,
				"y": 0.51083073428890202,
				"z": 1
			},
			"clavicle":
			{
				"x": 1,
				"y": 0.51642967347288504,
				"z": 1
			},
			"thigh":
			{
				"x": 1,
				"y": 0.50885733781615272,
				"z": 1
			},
			"calf":
			{
				"x": 1,
				"y": 0.50647090509301051,
				"z": 1
			},
			"neck":
			{
				"x": 0.5,
				"y": 0.5,
				"z": 0.5
			},
			"lowerAbdomen":
			{
				"x": 1,
				"y": 0.46676371098146774,
				"z": 1
			},
			"abdomen":
			{
				"x": 1,
				"y": 0.50904090974654537,
				"z": 1
			},
			"chest":
			{
				"x": 0.84934309683740139,
				"y": 0.50330429154564627,
				"z": 1
			},
			"hips":
			{
				"x": 0.5,
				"y": 0.5,
				"z": 0.5
			},
			"size":
			{
				"x": 0.57076835632324219,
				"y": 0.57076835632324219,
				"z": 0.57076835632324219
			},
			"mouthGroup":
			{
				"x": 0.5,
				"y": 0.5,
				"z": 0.5
			},
			"noseGroup":
			{
				"x": 0.5,
				"y": 0.5,
				"z": 0.5
			},
			"eyeGroup":
			{
				"x": 0.5,
				"y": 0.5,
				"z": 0.5
			},
			"browGroup":
			{
				"x": 0.51354444725438952,
				"y": 0.50110778366797604,
				"z": 0.89080854132771492
			},
			"earGroup":
			{
				"x": 0.5,
				"y": 0.5,
				"z": 0.5
			},
			"jaw":
			{
				"x": 0.47080426127649844,
				"y": 0.49109605909325182,
				"z": 0
			},
			"eyeSocketL":
			{
				"x": 0.5,
				"y": 0.5,
				"z": 0.5
			},
			"eyeSocketR":
			{
				"x": 0.5,
				"y": 0.5,
				"z": 0.5
			},
			"eyeInnerR":
			{
				"x": 0.5,
				"y": 0.5,
				"z": 0.5
			},
			"eyeInnerL":
			{
				"x": 0.5,
				"y": 0.5,
				"z": 0.5
			},
			"eyeOuterL":
			{
				"x": 0.5,
				"y": 0.5,
				"z": 0.5
			},
			"eyeOuterR":
			{
				"x": 0.5,
				"y": 0.5,
				"z": 0.5
			},
			"smilerL":
			{
				"x": 0.5,
				"y": 0.5,
				"z": 0.5
			},
			"smilerR":
			{
				"x": 0.5,
				"y": 0.5,
				"z": 0.5
			},
			"forehead":
			{
				"x": 0.5,
				"y": 0.5,
				"z": 0.5
			},
			"cheeks":
			{
				"x": 0.5,
				"y": 0.5,
				"z": 0.5
			},
			"racialGroup":
			{
				"x": 0.5,
				"y": 0.5,
				"z": 0.5
			},
			"cCount":
			{
				"x": 0.5,
				"y": 0.5,
				"z": 0.5
			}
		}
	},
	"guid": "6064631211128848494",
	"name": "Vaelune_Male_Mouth_2",
	"typeId": "8512355578663"
}