{
	"type": "Nose",
	"icon": "None",
	"save":
	{
		"presetGuid": "0",
		"randomSeed": 32177,
		"skinColorHue": 0.5515865683555603,
		"skinColorPigmentation": 0.66376078128814697,
		"normalDetailStrength01": 0,
		"normalDetailStrength02": 0,
		"skinSet": 0,
		"eyeColor": "6064630669472497664",
		"eyeShape": "108136968836729",
		"scleraShape": "6064630690389884928",
		"eyebrows": "6064630961557209089",
		"headHair": "6064632109576355840",
		"headHairRootColor": "6064631035946401792",
		"headHairTipColor": "6064631035959377923",
		"headHairLength": 0.74943000078201294,
		"headHairContrast": 0.53869342803955078,
		"headHairGradient": -0.53201770782470703,
		"facialHairLip": "0",
		"facialHairChin": "0",
		"facialHairCheek": "0",
		"facialHairLipLength": 0.11203772574663162,
		"facialHairChinLength": 0.023364035412669182,
		"facialHairCheekLength": 0.40678974986076355,
		"eyelashLength": 0,
		"facialHairRootColor": "6064631035946401792",
		"facialHairTipColor": "6064631035946401792",
		"facialHairContrast": 0.66636234521865845,
		"facialHairGradient": 0.10803850740194321,
		"nailColor": "0",
		"nailOpacity": 0,
		"decalData": [],
		"decalBlendGroups": [
			{
				"decalAppearanceGuid": "6064632184562909184",
				"colorGuid": "0",
				"intensity": 0.99000000953674316
			}
		],
		"gender": "Female",
		"race": "Empyrean",
		"class": "Mage",
		"faceMorphWeightMaps":
		{
			"nose_Bridge_Hooked_0": 0,
			"forehead_Round": 0.73418152332305908,
			"temples_Sharp_0": 0,
			"temples_Width": -0.4300103485584259,
			"cheekbone_UpDown": 0.42549315094947815,
			"cheekbone_Protrusion_0": 0.63963645696640015,
			"cheeks_Fat": 0.78292161226272583,
			"dimple_Right_0": 0,
			"jaw_Corners_UpDown": 0.53921997547149658,
			"jaw_Corners_InOut": 0.50672650337219238,
			"jaw_Sharpness_0": 0,
			"chin_UpDown": 0.65294814109802246,
			"chin_Wide_0": 0.72899323701858521,
			"chin_Pointy_0": 0.44999998807907104,
			"chin_Jutt": 0.53999996185302734,
			"chin_Cleft_0": 0.5,
			"jowls_0": 0.26596051454544067,
			"snear_Right_0": 0.65999996662139893,
			"snear_Left_0": 0.47999998927116394,
			"lips_Corners_Pinch_0": -0.5,
			"lips_Top_Thickness": 0.32801300287246704,
			"lips_Bottom_Thickness": 0.42549315094947815,
			"lips_Top_Outer_0": 1,
			"lips_Bottom_Outer_0": 0.58663392066955566,
			"lips_Top_Middle_0": 1,
			"lips_Bottom_Middle_0": 0.63963645696640015,
			"lips_Top_Shape_0": 0.31470060348510742,
			"lips_Bottom_Shape_0": 0.59453767538070679,
			"lips_Top_Puff_0": 0.64775979518890381,
			"lips_Bottom_Puff_0": 0,
			"eyebrows_Pinch": 0.26302483677864075,
			"eyebrows_Forward_0": 0,
			"eyebrows_Inside_UpDown": 0.40999999642372131,
			"eyebrows_Middle_UpDown": 0.57999998331069946,
			"eyebrows_Outside_UpDown": 0.57999998331069946,
			"eyebrows_Cocked_Right_0": 0.55000001192092896,
			"eyebrows_Cocked_Left_0": 0.55840229988098145,
			"eyes_UpDown_OuterCorners": 0.79916840791702271,
			"eyes_UpDown_InnerCorners": 0.97788316011428833,
			"eyes_EyelidThickness": 1,
			"eyes_Sag_0": 1,
			"nose_Scale": 0.2305314689874649,
			"nose_Forward_0": 0.41999998688697815,
			"nose_BridgeWidth": -0.43558555841445923,
			"nose_Bridge_Sharp_0": 0,
			"nose_Bridge_Hump_0": 0.2253434807062149,
			"nose_Tip_Wide_0": 0.35999998450279236,
			"nose_Tip_Narrow_0": 0.16035637259483337,
			"nose_Tip_Sharp_0": 0,
			"nose_Tip_UpDown": 0.73418152332305908,
			"nose_Tip_Bulge_0": 0.24159015715122223,
			"nose_Tip_Snarl_0": 0.16554465889930725,
			"nose_NaselFold_0": 0,
			"ears_Scale": 0.051817167550325394,
			"ears_Out": 0.50966191291809082,
			"ears_Rotate": -0.061909638345241547,
			"ears_Round_0": 0.46092146635055542,
			"ears_Tips_Out": 0.26302483677864075,
			"ears_Tip_Pointy_0": 0,
			"ears_Tips_UpDown": 0.10055793821811676,
			"ears_Middle_Pointy": 0.035570524632930756,
			"ears_Lobe_0": 0.16554465889930725,
			"dimple_Left_0": 0,
			"nose_Tip_Height": 0.214284747838974,
			"eyes_TopLid_InsideCorner": 0.35999998450279236,
			"eyes_TopLid_Middle": -0.59805315732955933,
			"eyes_TopLid_OutsideCorner": -0.33810469508171082,
			"eyes_BottomLid_OutsideCorner": 0.5899999737739563,
			"eyes_BottomLid_Middle": 0.79916840791702271,
			"eyes_BottomLid_InsideCorner": 0.35999998450279236,
			"lips_TopEdgeOut_0": 1,
			"lips_BottomEdgeOut_0": 0,
			"nose_UpDown": 0.56000000238418579,
			"jaw_Corners_ForwardBack": -0.54931306838989258,
			"philtrum": 0,
			"faceWidth": -0.40000000596046448,
			"racial_1": 0.59999996423721313,
			"racial_2": 0.37999999523162842,
			"racial_3": 0.5,
			"nose_Broken_Left_0": 0.50153857469558716,
			"eyebrows_Shape1_0": 0.35531765222549438,
			"eyebrows_Thickness": 1,
			"nose_Broken_Right_0": 0,
			"eyebrows_Shape2_0": 0
		},
		"sectionsValues":
		{
			"none":
			{
				"x": 0.29105863636084478,
				"y": 0.43764355340325034,
				"z": 0.77233096393028866
			},
			"lowerArms":
			{
				"x": 0.58626121282577515,
				"y": 0.58626121282577515,
				"z": 0.58626121282577515
			},
			"upperArms":
			{
				"x": 0.58626121282577515,
				"y": 0.58626121282577515,
				"z": 0.58626121282577515
			},
			"clavicle":
			{
				"x": 0.59627652168273926,
				"y": 0.58630121350870468,
				"z": 0.5918032000772655
			},
			"thigh":
			{
				"x": 0.95993876457214355,
				"y": 0.57033241575118154,
				"z": 0.77128397952765226
			},
			"calf":
			{
				"x": 0.58626121282577515,
				"y": 0.58626121282577515,
				"z": 0.58626121282577515
			},
			"neck":
			{
				"x": 0.58626121282577515,
				"y": 0.58626121282577515,
				"z": 0.58626121282577515
			},
			"lowerAbdomen":
			{
				"x": 1,
				"y": 0.60102970425214153,
				"z": 0.35350930504500866
			},
			"abdomen":
			{
				"x": 0.1286681741476059,
				"y": 0.58609099886234617,
				"z": 0.20247114449739456
			},
			"chest":
			{
				"x": 0.72958667948842049,
				"y": 0.66743917547864839,
				"z": 0.88981663715094328
			},
			"hips":
			{
				"x": 0.25038271397352219,
				"y": 0.0061203520745038986,
				"z": 0.93131947849906282
			},
			"size":
			{
				"x": 0.3230958275631331,
				"y": 0.4072083450561601,
				"z": 0.23814652211855319
			},
			"mouthGroup":
			{
				"x": 0.50213576721595232,
				"y": 0.31462199290130888,
				"z": 0.40246106825817629
			},
			"noseGroup":
			{
				"x": 0.3374544893614656,
				"y": 0,
				"z": 0.53197039962131132
			},
			"eyeGroup":
			{
				"x": 0.66113262430043274,
				"y": 0.42424107550967977,
				"z": 0.3650251800850185
			},
			"browGroup":
			{
				"x": 0.35004788474942727,
				"y": 0.38096408829280498,
				"z": 0.85978567600250244
			},
			"earGroup":
			{
				"x": 0.4281986869656017,
				"y": 0.51924873662781035,
				"z": 0.55084196478128433
			},
			"jaw":
			{
				"x": 0.46594943684701484,
				"y": 0.46699754358927625,
				"z": 0.50383820590349426
			},
			"eyeSocketL":
			{
				"x": 0.36476685110679136,
				"y": 0.44859527290839368,
				"z": 0.37694640258618528
			},
			"eyeSocketR":
			{
				"x": 0.24128861826001335,
				"y": 0.55094548931043985,
				"z": 0.23786140582779414
			},
			"eyeInnerR":
			{
				"x": 0.67087752132525558,
				"y": 0.58904219155576509,
				"z": 0.48382346558312189
			},
			"eyeInnerL":
			{
				"x": 0.34455541480775054,
				"y": 0.86719786998425064,
				"z": 0.50802389562787909
			},
			"eyeOuterL":
			{
				"x": 0.55465834329805497,
				"y": 0.62846662536855391,
				"z": 0.47652711907888801
			},
			"eyeOuterR":
			{
				"x": 0.62812744631983419,
				"y": 0.37161615712071361,
				"z": 0.58821613249163585
			},
			"smilerL":
			{
				"x": 0.53144889676770379,
				"y": 0.50661057613245231,
				"z": 0.419214880507779
			},
			"smilerR":
			{
				"x": 0.4469748676635793,
				"y": 0.60198059982796503,
				"z": 0.84665233085415581
			},
			"forehead":
			{
				"x": 0.50305191632914359,
				"y": 0.4301763518191275,
				"z": 0.49011350506725815
			},
			"cheeks":
			{
				"x": 0.46315507000326306,
				"y": 0.3769500034391936,
				"z": 0.27955426506961611
			},
			"racialGroup":
			{
				"x": 0.47036363394249248,
				"y": 0.43908373980571319,
				"z": 0.50334897233591847
			},