{
	"type": "Eyes",
	"icon": "None",
	"save":
	{
		"presetGuid": "0",
		"randomSeed": 1454,
		"skinColorHue": 0.76944130659103394,
		"skinColorPigmentation": 0.50876158475875854,
		"normalDetailStrength01": 0,
		"normalDetailStrength02": 0,
		"skinSet": 2,
		"eyeColor": "108238840485496",
		"eyeShape": "108136976045690",
		"scleraShape": "6064630690389884928",
		"eyebrows": "6064630961557340187",
		"headHair": "6064630961557340182",
		"headHairRootColor": "6064630707193774081",
		"headHairTipColor": "6064630707195281410",
		"headHairLength": 0.7976233959197998,
		"headHairContrast": 0,
		"headHairGradient": 0.10206818580627441,
		"facialHairLip": "6064630961557340190",
		"facialHairChin": "6064630961557209090",
		"facialHairCheek": "6064630961557274642",
		"facialHairLipLength": 0.49467083811759949,
		"facialHairChinLength": 0.38194441795349121,
		"facialHairCheekLength": 1,
		"eyelashLength": 0,
		"facialHairRootColor": "6064630707193774081",
		"facialHairTipColor": "6064630707195281410",
		"facialHairContrast": 0.94287961721420288,
		"facialHairGradient": 0.4018380343914032,
		"nailColor": "0",
		"nailOpacity": 0,
		"decalData": [],
		"decalBlendGroups": [],
		"gender": "Male",
		"race": "Kaelar",
		"class": "Mage",
		"faceMorphWeightMaps":
		{
			"nose_Bridge_Hooked_0": 0,
			"forehead_Round": 0.41999998688697815,
			"temples_Sharp_0": 0.56000000238418579,
			"temples_Width": 0.55000001192092896,
			"cheekbone_UpDown": 0.74000000953674316,
			"cheekbone_Protrusion_0": 1,
			"cheeks_Fat": 0.31176620721817017,
			"dimple_Right_0": 0,
			"jaw_Corners_UpDown": 0.44173979759216309,
			"jaw_Corners_InOut": 0.57171463966369629,
			"jaw_Sharpness_0": 0.070999227464199066,
			"chin_UpDown": 0.27927291393280029,
			"chin_Wide_0": 0.16035637259483337,
			"chin_Pointy_0": 0.5899999737739563,
			"chin_Jutt": 0.45465880632400513,
			"chin_Cleft_0": 0,
			"jowls_0": 0,
			"snear_Right_0": 0.70999997854232788,
			"snear_Left_0": 0.12999999523162842,
			"lips_Corners_Pinch_0": 0.4716397225856781,
			"lips_Top_Thickness": 0.4092465341091156,
			"lips_Bottom_Thickness": 0.44173979759216309,
			"lips_Top_Outer_0": 0.53921997547149658,
			"lips_Bottom_Outer_0": 0.75042814016342163,
			"lips_Top_Middle_0": 0,
			"lips_Bottom_Middle_0": 0.2253434807062149,
			"lips_Top_Shape_0": 0,
			"lips_Bottom_Shape_0": 0,
			"lips_Top_Puff_0": 0,
			"lips_Bottom_Puff_0": 0,
			"eyebrows_Pinch": -1,
			"eyebrows_Forward_0": 0.39593440294265747,
			"eyebrows_Inside_UpDown": -1,
			"eyebrows_Middle_UpDown": 0.55546796321868896,
			"eyebrows_Outside_UpDown": 0.57171463966369629,
			"eyebrows_Cocked_Right_0": 0.38999998569488525,
			"eyebrows_Cocked_Left_0": 1,
			"eyes_UpDown_OuterCorners": -1,
			"eyes_UpDown_InnerCorners": 0.70168823003768921,
			"eyes_EyelidThickness": -0.12689712643623352,
			"eyes_Sag_0": 0.62338906526565552,
			"nose_Scale": 0.1168045774102211,
			"nose_Forward_0": 0.64999997615814209,
			"nose_BridgeWidth": -0.11065040528774261,
			"nose_Bridge_Sharp_0": 0,
			"nose_Bridge_Hump_0": 0,
			"nose_Tip_Wide_0": 0.50999999046325684,
			"nose_Tip_Narrow_0": 0.40999999642372131,
			"nose_Tip_Sharp_0": 0.31000000238418579,
			"nose_Tip_UpDown": 0.62000000476837158,
			"nose_Tip_Bulge_0": 0,
			"nose_Tip_Snarl_0": 0.27927291393280029,
			"nose_NaselFold_0": 0,
			"ears_Scale": 0.50999999046325684,
			"ears_Out": 0.35999998450279236,
			"ears_Rotate": 0.50999999046325684,
			"ears_Round_0": 0.28999999165534973,
			"ears_Tips_Out": 0.42999997735023499,
			"ears_Tip_Pointy_0": 0.52999997138977051,
			"ears_Tips_UpDown": 0.74000000953674316,
			"ears_Middle_Pointy": 0.38999998569488525,
			"ears_Lobe_0": 0.57999998331069946,
			"dimple_Left_0": 0,
			"nose_Tip_Height": 0.47999998927116394,
			"eyes_TopLid_InsideCorner": 0.38999998569488525,
			"eyes_TopLid_Middle": 0.59999996423721313,
			"eyes_TopLid_OutsideCorner": 0.47999998927116394,
			"eyes_BottomLid_OutsideCorner": 0.070509098470211029,
			"eyes_BottomLid_Middle": 0.34433528780937195,
			"eyes_BottomLid_InsideCorner": 0.5,
			"lips_TopEdgeOut_0": 0,
			"lips_BottomEdgeOut_0": 0,
			"nose_UpDown": 0.35999998450279236,
			"jaw_Corners_ForwardBack": 0.68999999761581421,
			"philtrum": 0.4446747899055481,
			"faceWidth": 0.63999998569488525,
			"racial_1": 0.76999998092651367,
			"racial_2": 0.62999999523162842,
			"racial_3": 0.31000000238418579,
			"eyebrows_Thickness": 0.068063884973526001,
			"eyebrows_Shape1_0": 1,
			"nose_Broken_Left_0": 0.4934152364730835,
			"nose_Broken_Right_0": 0,
			"eyebrows_Shape2_0": 0
		},
		"sectionsValues":
		{
			"none":
			{
				"x": 0.68963706334814912,
				"y": 0.30656188334089929,
				"z": 0.37180626328740551
			},
			"lowerArms":
			{
				"x": 0.47353476285934448,
				"y": 0.47353476285934448,
				"z": 0.47353476285934448
			},
			"upperArms":
			{
				"x": 0.47353476285934448,
				"y": 0.47353476285934448,
				"z": 0.47353476285934448
			},
			"clavicle":
			{
				"x": 0.70499231293797493,
				"y": 0.49399763746987446,
				"z": 0.61121938470751047
			},
			"thigh":
			{
				"x": 0.49467083811759949,
				"y": 0.49467083811759949,
				"z": 0.49467083811759949
			},
			"calf":
			{
				"x": 0.49467083811759949,
				"y": 0.49467083811759949,
				"z": 0.49467083811759949
			},
			"neck":
			{
				"x": 0.49467083811759949,
				"y": 0.49467083811759949,
				"z": 0.49467083811759949
			},
			"lowerAbdomen":
			{
				"x": 0.49467083811759949,
				"y": 0.49467083811759949,
				"z": 0.49467083811759949
			},
			"abdomen":
			{
				"x": 0.49467083811759949,
				"y": 0.49467083811759949,
				"z": 0.49467083811759949
			},
			"chest":
			{
				"x": 0.4523983895778656,
				"y": 0.4523983895778656,
				"z": 0.4523983895778656
			},
			"hips":
			{
				"x": 0.49467083811759949,
				"y": 0.49467083811759949,
				"z": 0.49467083811759949
			},
			"size":
			{
				"x": 0.37490281462669373,
				"y": 0.37490281462669373,
				"z": 0.37490281462669373
			},
			"mouthGroup":
			{
				"x": 0.32669720509427452,
				"y": 0.2440708721055832,
				"z": 0.62445690518851116
			},
			"noseGroup":
			{
				"x": 0.60970054838024801,
				"y": 0.27836522138465225,
				"z": 0.31097389196871472
			},
			"eyeGroup":
			{
				"x": 0.41516080154557722,
				"y": 0.54204302640346236,
				"z": 0.49265499465993656
			},
			"browGroup":
			{
				"x": 0.55471076532271557,
				"y": 0.27788020722400825,
				"z": 0.49517250403962765
			},
			"earGroup":
			{
				"x": 0.22060634487504271,
				"y": 0.3567742487853961,
				"z": 0.58595224859854211
			},
			"jaw":
			{
				"x": 0.79916138987456287,
				"y": 0.91844399976898394,
				"z": 0.71108691766858101
			},
			"eyeSocketL":
			{
				"x": 0.46940597284123498,
				"y": 0.77232593546806205,
				"z": 0.51400992611549035
			},
			"eyeSocketR":
			{
				"x": 0.50655888363736301,
				"y": 0.41759545357761879,
				"z": 0.68132732317336853
			},
			"eyeInnerR":
			{
				"x": 0.6427278000534381,
				"y": 0.69526982623308453,
				"z": 0.32564676026569828
			},
			"eyeInnerL":
			{
				"x": 0.19048587324619426,
				"y": 0.4350281340034613,
				"z": 0.277947186168986
			},
			"eyeOuterL":
			{
				"x": 0.23607675774068326,
				"y": 0.5166575755979852,
				"z": 0.50536345307825092
			},
			"eyeOuterR":
			{
				"x": 0.37959825209631959,
				"y": 0.48916840660685396,
				"z": 0.24334530641892405
			},
			"smilerL":
			{
				"x": 0.34219985790546875,
				"y": 0.40477054839785676,
				"z": 0.17794158117230574
			},
			"smilerR":
			{
				"x": 0.58243569706302345,
				"y": 0.5719005025508157,
				"z": 0.36634854983460796
			},
			"forehead":
			{
				"x": 0.73914345684944238,
				"y": 0.64067005343573458,
				"z": 0.61157703037161903
			},
			"cheeks":
			{
				"x": 0.68819507057095286,
				"y": 0.90120153872004671,
				"z": 0.15022963285446167
			},
			"racialGroup":
			{
				"x": 0.41206422294083389,
				"y": 0.58195729491424131,
				"z": 0.59837908301617393
			},
			"cCount":
			{
				"x": 0.5,
				"y": 0.5,
				"z": 0.5
			}
		}
	},
	"guid": "6064631211128848386",