{
	"type": "Body",
	"icon": "None",
	"save":
	{
		"presetGuid": "0",
		"randomSeed": 23522,
		"skinColorHue": 0.51713299751281738,
		"skinColorPigmentation": 0.38301247358322144,
		"skinSet": -1,
		"eyeColor": "108238840485496",
		"eyeShape": "0",
		"scleraShape": "6064630690389884928",
		"eyebrows": "0",
		"headHair": "6064630961557274638",
		"headHairRootColor": "108237979276920",
		"headHairTipColor": "108237979276920",
		"headHairLength": 0.047667182981967926,
		"headHairContrast": 0.43579608201980591,
		"headHairGradient": 0.034968353807926178,
		"facialHairLip": "0",
		"facialHairChin": "0",
		"facialHairCheek": "0",
		"facialHairLipLength": 0.7031969428062439,
		"facialHairChinLength": 0.0069439420476555824,
		"facialHairCheekLength": 0.3496917188167572,
		"eyelashLength": 0,
		"facialHairRootColor": "108237979276920",
		"facialHairTipColor": "108237979276920",
		"facialHairContrast": 0.55165767669677734,
		"facialHairGradient": 0.098026052117347717,
		"nailColor": "0",
		"nailOpacity": 0,
		"decalData": [],
		"decalBlendGroups": [],
		"gender": "Female",
		"race": "Nikua",
		"class": "Mage",
		"faceMorphWeightMaps":
		{
			"nose_Bridge_Hooked_0": 0.5899999737739563,
			"forehead_Round": 0.61000001430511475,
			"temples_Sharp_0": 0.31000000238418579,
			"temples_Width": 0.34000000357627869,
			"cheekbone_UpDown": 0.56000000238418579,
			"cheekbone_Protrusion_0": 0.4699999988079071,
			"cheeks_Fat": 0.51999998092651367,
			"dimple_Right_0": 0.56000000238418579,
			"jaw_Corners_UpDown": 0.64999997615814209,
			"jaw_Corners_InOut": 0.30000001192092896,
			"jaw_Sharpness_0": 0.44999998807907104,
			"chin_UpDown": 0.40000000596046448,
			"chin_Wide_0": 0.64999997615814209,
			"chin_Pointy_0": 0.18000000715255737,
			"chin_Jutt": 0.40000000596046448,
			"chin_Cleft_0": 0.79000002145767212,
			"jowls_0": 0.56999999284744263,
			"snear_Right_0": 0.17000000178813934,
			"snear_Left_0": 0.62000000476837158,
			"lips_Corners_Pinch_0": 0.63999998569488525,
			"lips_Top_Thickness": 0.68999999761581421,
			"lips_Bottom_Thickness": 0.73000001907348633,
			"lips_Top_Outer_0": 0.5899999737739563,
			"lips_Bottom_Outer_0": 0.54000002145767212,
			"lips_Top_Middle_0": 0.31999999284744263,
			"lips_Bottom_Middle_0": 0.60000002384185791,
			"lips_Top_Shape_0": 0.61000001430511475,
			"lips_Bottom_Shape_0": 0.25999999046325684,
			"lips_Top_Puff_0": 0.34999999403953552,
			"lips_Bottom_Puff_0": 0.25,
			"eyebrows_Pinch": 0.31000000238418579,
			"eyebrows_Forward_0": 0.5899999737739563,
			"eyebrows_Inside_UpDown": 0.23999999463558197,
			"eyebrows_Middle_UpDown": 0.57999998331069946,
			"eyebrows_Outside_UpDown": 0.25999999046325684,
			"eyebrows_Cocked_Right_0": 0.090000003576278687,
			"eyebrows_Cocked_Left_0": 0.60000002384185791,
			"eyes_UpDown_OuterCorners": 0.46000000834465027,
			"eyes_UpDown_InnerCorners": 0.60000002384185791,
			"eyes_EyelidThickness": 0.34999999403953552,
			"eyes_Sag_0": 0.37999999523162842,
			"nose_Scale": 0.40000000596046448,
			"nose_Forward_0": 0.82999998331069946,
			"nose_BridgeWidth": 0.18999999761581421,
			"nose_Bridge_Sharp_0": 0.30000001192092896,
			"nose_Bridge_Hump_0": 0.62000000476837158,
			"nose_Tip_Wide_0": 0.63999998569488525,
			"nose_Tip_Narrow_0": 0.44999998807907104,
			"nose_Tip_Sharp_0": 0.47999998927116394,
			"nose_Tip_UpDown": 0.74000000953674316,
			"nose_Tip_Bulge_0": 0.70999997854232788,
			"nose_Tip_Snarl_0": 0.36000001430511475,
			"nose_NaselFold_0": 0.40999999642372131,
			"ears_Scale": 0.47999998927116394,
			"ears_Out": 0.34000000357627869,
			"ears_Rotate": 0.55000001192092896,
			"ears_Round_0": 0.47999998927116394,
			"ears_Tips_Out": 0.37999999523162842,
			"ears_Tip_Pointy_0": 0.46000000834465027,
			"ears_Tips_UpDown": 0.34999999403953552,
			"ears_Middle_Pointy": 0.34000000357627869,
			"ears_Lobe_0": 0.43000000715255737,
			"dimple_Left_0": 0.15000000596046448,
			"nose_Tip_Height": 0.50999999046325684,
			"eyes_TopLid_InsideCorner": 0.57999998331069946,
			"eyes_TopLid_Middle": 0.44999998807907104,
			"eyes_TopLid_OutsideCorner": 0.37000000476837158,
			"eyes_BottomLid_OutsideCorner": 0.85000002384185791,
			"eyes_BottomLid_Middle": 0.41999998688697815,
			"eyes_BottomLid_InsideCorner": 0.43000000715255737,
			"lips_TopEdgeOut_0": 0.54000002145767212,
			"lips_BottomEdgeOut_0": 0.70999997854232788,
			"nose_UpDown": 0.69999998807907104,
			"jaw_Corners_ForwardBack": 0.55000001192092896,
			"philtrum": 0.77999997138977051,
			"faceWidth": 0.62999999523162842,
			"racial_1": 0.20999999344348907,
			"racial_2": 0.40999999642372131,
			"racial_3": 0.40000000596046448
		},
		"sectionsValues":
		{
			"none":
			{
				"rotationRoll": 0.30753242969512939,
				"rotationPitch": 0.4006991982460022,
				"rotationYaw": 0.40087330341339111,
				"scaleX": 0.35557308793067932,
				"scaleY": 0.46934595704078674,
				"scaleZ": 0.33570218086242676,
				"locationX": 0.48592999577522278,
				"locationY": 0.41465005278587341,
				"locationZ": 0.50948101282119751,
				"all": 0.56458723545074463
			},
			"lowerArms":
			{
				"rotationRoll": 0.39097017049789429,
				"rotationPitch": 0.41715028882026672,
				"rotationYaw": 0.43396675586700439,
				"scaleX": 0.37033072113990784,
				"scaleY": 0.19795815646648407,
				"scaleZ": 0.85194617509841919,
				"locationX": 0.22970408201217651,
				"locationY": 0.45734995603561401,
				"locationZ": 0.25257638096809387,
				"all": 0.40238600969314575
			},
			"upperArms":
			{
				"rotationRoll": 0.63460391759872437,
				"rotationPitch": 0.58428609371185303,
				"rotationYaw": 0.63714021444320679,
				"scaleX": 0.57268542051315308,
				"scaleY": 0.60090595483779907,
				"scaleZ": 0.4921191930770874,
				"locationX": 0.87780141830444336,
				"locationY": 0.032578032463788986,
				"locationZ": 0.37318173050880432,
				"all": 0.27036750316619873
			},
			"clavicle":
			{
				"rotationRoll": 0.48173695802688599,
				"rotationPitch": 0.24904337525367737,
				"rotationYaw": 0.4327559769153595,
				"scaleX": 0.34290811419487,
				"scaleY": 0.3225017786026001,
				"scaleZ": 0.333404541015625,
				"locationX": 0.52748346328735352,
				"locationY": 0.64611834287643433,
				"locationZ": 0.59058672189712524,
				"all": 0.52910083532333374
			},
			"thigh":
			{
				"rotationRoll": 0.51433283090591431,
				"rotationPitch": 0.45155897736549377,
				"rotationYaw": 0.71999561786651611,
				"scaleX": 0.51796048879623413,
				"scaleY": 0.4641108512878418,
				"scaleZ": 0.58203810453414917,
				"locationX": 0.36475828289985657,
				"locationY": 0.49109283089637756,
				"locationZ": 0.54719281196594238,
				"all": 0.58450496196746826
			},
			"calf":
			{
				"rotationRoll": 0.58765345811843872,
				"rotationPitch": 0.45013216137886047,
				"rotationYaw": 0.44142049551010132,
				"scaleX": 0.29368814826011658,
				"scaleY": 0.43665841221809387,
				"scaleZ": 0.55967730283737183,
				"locationX": 0.19999893009662628,
				"locationY": 0.50764119625091553,
				"locationZ": 0.57193237543106079,
				"all": 0.52206897735595703
			},
			"neck":
			{
				"rotationRoll": 0.6142125129699707,
				"rotationPitch": 0.6319844126701355,
				"rotationYaw": 0.46342658996582031,
				"scaleX": 0.7539668083190918,
				"scaleY": 0.092422991991043091,
				"scaleZ": 0.59133046865463257,
				"locationX": 0.44098579883575439,
				"locationY": 0.55628657341003418,
				"locationZ": 0.24379265308380127,
				"all": 0.47301673889160156
			},
			"lowerAbdomen":
			{
				"rotationRoll": 0.49204325675964355,
				"rotationPitch": 0.46664890646934509,
				"rotationYaw": 0.4533037543296814,
				"scaleX": 0.3388238251209259,
				"scaleY": 0.23503592610359192,
				"scaleZ": 0.86211478710174561,
				"locationX": 0.63448095321655273,
				"locationY": 0.50556159019470215,
				"locationZ": 0.52553862333297729,
				"all": 0.74104142189025879
			},
			"abdomen":
			{
				"rotationRoll": 0.45613521337509155,
				"rotationPitch": 0.44266241788864136,
				"rotationYaw": 0.51090770959854126,
				"scaleX": 0.58693450689315796,