{
	"type": "Body",
	"icon": "None",
	"save":
	{
		"presetGuid": "0",
		"randomSeed": 24192,
		"skinColorHue": 0.69866156578063965,
		"skinColorPigmentation": 0.38939020037651062,
		"skinSet": -1,
		"eyeColor": "108237979276920",
		"eyeShape": "0",
		"scleraShape": "6064630690389884928",
		"eyebrows": "0",
		"headHair": "6064630961557274638",
		"headHairRootColor": "108237979276920",
		"headHairTipColor": "108237979276920",
		"headHairLength": 0.70261049270629883,
		"headHairContrast": 0.20871511101722717,
		"headHairGradient": 0.91072487831115723,
		"facialHairLip": "0",
		"facialHairChin": "0",
		"facialHairCheek": "0",
		"facialHairLipLength": 0.89475810527801514,
		"facialHairChinLength": 0.99927788972854614,
		"facialHairCheekLength": 0.83659505844116211,
		"eyelashLength": 0,
		"facialHairRootColor": "108237979276920",
		"facialHairTipColor": "108237979276920",
		"facialHairContrast": 0.18152821063995361,
		"facialHairGradient": 0.61527961492538452,
		"nailColor": "0",
		"nailOpacity": 0,
		"decalData": [],
		"decalBlendGroups": [],
		"gender": "Female",
		"race": "Nikua",
		"class": "Mage",
		"faceMorphWeightMaps":
		{
			"nose_Bridge_Hooked_0": 0.38999998569488525,
			"forehead_Round": 0.41999998688697815,
			"temples_Sharp_0": 0.18000000715255737,
			"temples_Width": 0.6600000262260437,
			"cheekbone_UpDown": 0.55000001192092896,
			"cheekbone_Protrusion_0": 0.64999997615814209,
			"cheeks_Fat": 0.61000001430511475,
			"dimple_Right_0": 0.75,
			"jaw_Corners_UpDown": 0.56000000238418579,
			"jaw_Corners_InOut": 0.41999998688697815,
			"jaw_Sharpness_0": 0.74000000953674316,
			"chin_UpDown": 0.56000000238418579,
			"chin_Wide_0": 0.31999999284744263,
			"chin_Pointy_0": 0.57999998331069946,
			"chin_Jutt": 0.6600000262260437,
			"chin_Cleft_0": 0.62000000476837158,
			"jowls_0": 0.33000001311302185,
			"snear_Right_0": 0.34000000357627869,
			"snear_Left_0": 0.76999998092651367,
			"lips_Corners_Pinch_0": 0.89999997615814209,
			"lips_Top_Thickness": 0.37999999523162842,
			"lips_Bottom_Thickness": 0.31999999284744263,
			"lips_Top_Outer_0": 0.43000000715255737,
			"lips_Bottom_Outer_0": 0.18999999761581421,
			"lips_Top_Middle_0": 0.40999999642372131,
			"lips_Bottom_Middle_0": 0.43000000715255737,
			"lips_Top_Shape_0": 0.56999999284744263,
			"lips_Bottom_Shape_0": 0.2800000011920929,
			"lips_Top_Puff_0": 0.76999998092651367,
			"lips_Bottom_Puff_0": 0.37000000476837158,
			"eyebrows_Pinch": 0.64999997615814209,
			"eyebrows_Forward_0": 0.55000001192092896,
			"eyebrows_Inside_UpDown": 0.49000000953674316,
			"eyebrows_Middle_UpDown": 0.56999999284744263,
			"eyebrows_Outside_UpDown": 0.20000000298023224,
			"eyebrows_Cocked_Right_0": 0.37999999523162842,
			"eyebrows_Cocked_Left_0": 0.38999998569488525,
			"eyes_UpDown_OuterCorners": 0.52999997138977051,
			"eyes_UpDown_InnerCorners": 0.63999998569488525,
			"eyes_EyelidThickness": 0.61000001430511475,
			"eyes_Sag_0": 0.46000000834465027,
			"nose_Scale": 0.63999998569488525,
			"nose_Forward_0": 0.54000002145767212,
			"nose_BridgeWidth": 0.44999998807907104,
			"nose_Bridge_Sharp_0": 0.49000000953674316,
			"nose_Bridge_Hump_0": 0.61000001430511475,
			"nose_Tip_Wide_0": 0.14000000059604645,
			"nose_Tip_Narrow_0": 0.85000002384185791,
			"nose_Tip_Sharp_0": 0.55000001192092896,
			"nose_Tip_UpDown": 0.14000000059604645,
			"nose_Tip_Bulge_0": 0.5899999737739563,
			"nose_Tip_Snarl_0": 0.75999999046325684,
			"nose_NaselFold_0": 0.34000000357627869,
			"ears_Scale": 0.6600000262260437,
			"ears_Out": 0.4699999988079071,
			"ears_Rotate": 0.40000000596046448,
			"ears_Round_0": 0.51999998092651367,
			"ears_Tips_Out": 0.5,
			"ears_Tip_Pointy_0": 0.52999997138977051,
			"ears_Tips_UpDown": 0.60000002384185791,
			"ears_Middle_Pointy": 0.43000000715255737,
			"ears_Lobe_0": 0.37999999523162842,
			"dimple_Left_0": 0.63999998569488525,
			"nose_Tip_Height": 0.2199999988079071,
			"eyes_TopLid_InsideCorner": 0.31999999284744263,
			"eyes_TopLid_Middle": 0.30000001192092896,
			"eyes_TopLid_OutsideCorner": 0.15999999642372131,
			"eyes_BottomLid_OutsideCorner": 0.62000000476837158,
			"eyes_BottomLid_Middle": 0.64999997615814209,
			"eyes_BottomLid_InsideCorner": 0.31000000238418579,
			"lips_TopEdgeOut_0": 0.40000000596046448,
			"lips_BottomEdgeOut_0": 0.33000001311302185,
			"nose_UpDown": 0.46000000834465027,
			"jaw_Corners_ForwardBack": 0.52999997138977051,
			"philtrum": 0.51999998092651367,
			"faceWidth": 0.28999999165534973,
			"racial_1": 0.61000001430511475,
			"racial_2": 0.5,
			"racial_3": 0.2800000011920929
		},
		"sectionsValues":
		{
			"none":
			{
				"rotationRoll": 0.44373041391372681,
				"rotationPitch": 0.55728691816329956,
				"rotationYaw": 0.61147439479827881,
				"scaleX": 0.40405306220054626,
				"scaleY": 0.24471674859523773,
				"scaleZ": 0.66533124446868896,
				"locationX": 0.33973777294158936,
				"locationY": 0.72986060380935669,
				"locationZ": 0.24420975148677826,
				"all": 0.15302802622318268
			},
			"lowerArms":
			{
				"rotationRoll": 0.47975048422813416,
				"rotationPitch": 0.58205461502075195,
				"rotationYaw": 0.64455121755599976,
				"scaleX": 0.64809125661849976,
				"scaleY": 0.66911405324935913,
				"scaleZ": 0.64131075143814087,
				"locationX": 0.43635877966880798,
				"locationY": 0.52435785531997681,
				"locationZ": 0.36065790057182312,
				"all": 0.1601540595293045
			},
			"upperArms":
			{
				"rotationRoll": 0.28531229496002197,
				"rotationPitch": 0.15989840030670166,
				"rotationYaw": 0.61061376333236694,
				"scaleX": 0.5204005241394043,
				"scaleY": 0.46338889002799988,
				"scaleZ": 0.29983970522880554,
				"locationX": 0.74173533916473389,
				"locationY": 0.27040946483612061,
				"locationZ": 0.41392341256141663,
				"all": 0.84438395500183105
			},
			"clavicle":
			{
				"rotationRoll": 0.53989094495773315,
				"rotationPitch": 0.78931427001953125,
				"rotationYaw": 0.52310264110565186,
				"scaleX": 0.7449219822883606,
				"scaleY": 0.6841161847114563,
				"scaleZ": 0.56294697523117065,
				"locationX": 0.51320171356201172,
				"locationY": 0.53030258417129517,
				"locationZ": 0.34276407957077026,
				"all": 0.6655544638633728
			},
			"thigh":
			{
				"rotationRoll": 0.72859978675842285,
				"rotationPitch": 0.36848416924476624,
				"rotationYaw": 0.32982680201530457,
				"scaleX": 0.50791436433792114,
				"scaleY": 0.41042578220367432,
				"scaleZ": 0.59482491016387939,
				"locationX": 0.48162201046943665,
				"locationY": 0.6640087366104126,
				"locationZ": 0.29746007919311523,
				"all": 0.50423324108123779
			},
			"calf":
			{
				"rotationRoll": 0.6448134183883667,
				"rotationPitch": 0.29865142703056335,
				"rotationYaw": 0.60927760601043701,
				"scaleX": 0.75264275074005127,
				"scaleY": 0.5343974232673645,
				"scaleZ": 0.6322021484375,
				"locationX": 0.35855704545974731,
				"locationY": 0.48131442070007324,
				"locationZ": 0.68342339992523193,
				"all": 0.53682959079742432
			},
			"neck":
			{
				"rotationRoll": 0.60650432109832764,
				"rotationPitch": 0.6341666579246521,
				"rotationYaw": 0.29212108254432678,
				"scaleX": 0.43586555123329163,
				"scaleY": 0.8183099627494812,
				"scaleZ": 0.65312272310256958,
				"locationX": 0.62091201543807983,
				"locationY": 0.68519210815429688,
				"locationZ": 0.53834402561187744,
				"all": 0.75749653577804565
			},
			"lowerAbdomen":
			{
				"rotationRoll": 0.61500763893127441,
				"rotationPitch": 0.64618885517120361,
				"rotationYaw": 0.69878470897674561,
				"scaleX": 0.68079346418380737,
				"scaleY": 0.56062227487564087,
				"scaleZ": 0.61028611660003662,
				"locationX": 0.48510143160820007,
				"locationY": 0.63571113348007202,
				"locationZ": 0.49989232420921326,
				"all": 0.33530163764953613
			},
			"abdomen":
			{
				"rotationRoll": 0.8731268048286438,
				"rotationPitch": 0.51982748508453369,
				"rotationYaw": 0.68139487504959106,
				"scaleX": 0.075957544147968292,
				"scaleY": 0.43881231546401978,