{
	"type": "Body",
	"icon": "None",
	"save":
	{
		"presetGuid": "0",
		"randomSeed": 30997,
		"skinColorHue": 0.31783664226531982,
		"skinColorPigmentation": 0.41769075393676758,
		"skinSet": -1,
		"eyeColor": "108237979276920",
		"eyeShape": "0",
		"scleraShape": "6064630690389884928",
		"eyebrows": "0",
		"headHair": "0",
		"headHairRootColor": "108237979276920",
		"headHairTipColor": "108237979276920",
		"headHairLength": 0.087686091661453247,
		"headHairContrast": 0.058873139321804047,
		"headHairGradient": 0.13519573211669922,
		"facialHairLip": "0",
		"facialHairChin": "0",
		"facialHairCheek": "0",
		"facialHairLipLength": 0.65214693546295166,
		"facialHairChinLength": 0.88251811265945435,
		"facialHairCheekLength": 0.94036644697189331,
		"eyelashLength": 0,
		"facialHairRootColor": "108237979276920",
		"facialHairTipColor": "108237979276920",
		"facialHairContrast": 0.83773821592330933,
		"facialHairGradient": 0.32981780171394348,
		"nailColor": "0",
		"nailOpacity": 0,
		"decalData": [],
		"decalBlendGroups": [],
		"gender": "Male",
		"race": "Nikua",
		"class": "Mage",
		"faceMorphWeightMaps":
		{
			"nose_Bridge_Hooked_0": 0.11999999731779099,
			"forehead_Round": 0.40000000596046448,
			"temples_Sharp_0": 0.50999999046325684,
			"temples_Width": 0.36000001430511475,
			"cheekbone_UpDown": 0.68999999761581421,
			"cheekbone_Protrusion_0": 0.40000000596046448,
			"cheeks_Fat": 0.43000000715255737,
			"dimple_Right_0": 0.5,
			"jaw_Corners_UpDown": 0.5899999737739563,
			"jaw_Corners_InOut": 0.37000000476837158,
			"jaw_Sharpness_0": 0.70999997854232788,
			"chin_UpDown": 0.5899999737739563,
			"chin_Wide_0": 0.61000001430511475,
			"chin_Pointy_0": 0.46000000834465027,
			"chin_Jutt": 0.4699999988079071,
			"chin_Cleft_0": 0.47999998927116394,
			"jowls_0": 0.41999998688697815,
			"snear_Right_0": 0.25,
			"snear_Left_0": 0.40999999642372131,
			"lips_Corners_Pinch_0": 0.56000000238418579,
			"lips_Top_Thickness": 0.25999999046325684,
			"lips_Bottom_Thickness": 0.43999999761581421,
			"lips_Top_Outer_0": 0.73000001907348633,
			"lips_Bottom_Outer_0": 0.34999999403953552,
			"lips_Top_Middle_0": 0.30000001192092896,
			"lips_Bottom_Middle_0": 0.68999999761581421,
			"lips_Top_Shape_0": 0.51999998092651367,
			"lips_Bottom_Shape_0": 0.60000002384185791,
			"lips_Top_Puff_0": 0.51999998092651367,
			"lips_Bottom_Puff_0": 0.54000002145767212,
			"eyebrows_Pinch": 0.36000001430511475,
			"eyebrows_Forward_0": 0.30000001192092896,
			"eyebrows_Inside_UpDown": 0.79000002145767212,
			"eyebrows_Middle_UpDown": 0.51999998092651367,
			"eyebrows_Outside_UpDown": 0.70999997854232788,
			"eyebrows_Cocked_Right_0": 0.54000002145767212,
			"eyebrows_Cocked_Left_0": 0.56999999284744263,
			"eyes_UpDown_OuterCorners": 0.41999998688697815,
			"eyes_UpDown_InnerCorners": 0.23999999463558197,
			"eyes_EyelidThickness": 0.2199999988079071,
			"eyes_Sag_0": 0.34999999403953552,
			"nose_Scale": 0.76999998092651367,
			"nose_Forward_0": 0.5899999737739563,
			"nose_BridgeWidth": 0.40999999642372131,
			"nose_Bridge_Sharp_0": 0.67000001668930054,
			"nose_Bridge_Hump_0": 0.60000002384185791,
			"nose_Tip_Wide_0": 0.5899999737739563,
			"nose_Tip_Narrow_0": 0.51999998092651367,
			"nose_Tip_Sharp_0": 0.30000001192092896,
			"nose_Tip_UpDown": 0.52999997138977051,
			"nose_Tip_Bulge_0": 0.49000000953674316,
			"nose_Tip_Snarl_0": 0.5899999737739563,
			"nose_NaselFold_0": 0.63999998569488525,
			"ears_Scale": 0.61000001430511475,
			"ears_Out": 0.40999999642372131,
			"ears_Rotate": 0.38999998569488525,
			"ears_Round_0": 0.60000002384185791,
			"ears_Tips_Out": 0.52999997138977051,
			"ears_Tip_Pointy_0": 0.44999998807907104,
			"ears_Tips_UpDown": 0.56999999284744263,
			"ears_Middle_Pointy": 0.60000002384185791,
			"ears_Lobe_0": 0.47999998927116394,
			"dimple_Left_0": 0.56000000238418579,
			"nose_Tip_Height": 0.55000001192092896,
			"eyes_TopLid_InsideCorner": 0.51999998092651367,
			"eyes_TopLid_Middle": 0.46000000834465027,
			"eyes_TopLid_OutsideCorner": 0.55000001192092896,
			"eyes_BottomLid_OutsideCorner": 0.63999998569488525,
			"eyes_BottomLid_Middle": 0.75,
			"eyes_BottomLid_InsideCorner": 0.5,
			"lips_TopEdgeOut_0": 0.30000001192092896,
			"lips_BottomEdgeOut_0": 0.11999999731779099,
			"nose_UpDown": 0.51999998092651367,
			"jaw_Corners_ForwardBack": 0.5899999737739563,
			"philtrum": 0.52999997138977051,
			"faceWidth": 0.50999999046325684,
			"racial_1": 0.46000000834465027,
			"racial_2": 0.49000000953674316,
			"racial_3": 0.72000002861022949
		},
		"sectionsValues":
		{
			"none":
			{
				"rotationRoll": 0.63656193017959595,
				"rotationPitch": 0.55431759357452393,
				"rotationYaw": 0.48147755861282349,
				"scaleX": 0.32423639297485352,
				"scaleY": 0.46766853332519531,
				"scaleZ": 0.39927974343299866,
				"locationX": 0.51714819669723511,
				"locationY": 0.18952059745788574,
				"locationZ": 0.37666594982147217,
				"all": 0.50028407573699951
			},
			"lowerArms":
			{
				"rotationRoll": 0.45425143837928772,
				"rotationPitch": 0.68297404050827026,
				"rotationYaw": 0.67176616191864014,
				"scaleX": 0.40830713510513306,
				"scaleY": 0.52330845594406128,
				"scaleZ": 0.29107329249382019,
				"locationX": 0.43538737297058105,
				"locationY": 0.56367892026901245,
				"locationZ": 0.8964725136756897,
				"all": 0.40186131000518799
			},
			"upperArms":
			{
				"rotationRoll": 0.33011829853057861,
				"rotationPitch": 0.53556591272354126,
				"rotationYaw": 0.59246259927749634,
				"scaleX": 0.78625541925430298,
				"scaleY": 0.52810025215148926,
				"scaleZ": 0.84976029396057129,
				"locationX": 0.59174585342407227,
				"locationY": 0.35206601023674011,
				"locationZ": 0.33154347538948059,
				"all": 0.044018983840942383
			},
			"clavicle":
			{
				"rotationRoll": 0.4666285514831543,
				"rotationPitch": 0.22606657445430756,
				"rotationYaw": 0.5847010612487793,
				"scaleX": 0.48265084624290466,
				"scaleY": 0.5457572340965271,
				"scaleZ": 0.50786656141281128,
				"locationX": 0.45699813961982727,
				"locationY": 0.96523314714431763,
				"locationZ": 0.38599744439125061,
				"all": 0.58337968587875366
			},
			"thigh":
			{
				"rotationRoll": 0.37608593702316284,
				"rotationPitch": 0.46563434600830078,
				"rotationYaw": 0.72998398542404175,
				"scaleX": 0.65624099969863892,
				"scaleY": 0.27077993750572205,
				"scaleZ": 0.73686462640762329,
				"locationX": 0.66357189416885376,
				"locationY": 0.55133539438247681,
				"locationZ": 0.58809316158294678,
				"all": 0.37598481774330139
			},
			"calf":
			{
				"rotationRoll": 0.52858817577362061,
				"rotationPitch": 0.5446479320526123,
				"rotationYaw": 0.6461147665977478,
				"scaleX": 0.58604532480239868,
				"scaleY": 0.32590097188949585,
				"scaleZ": 0.37897816300392151,
				"locationX": 0.68725121021270752,
				"locationY": 0.54926639795303345,
				"locationZ": 0.58742314577102661,
				"all": 0.53884100914001465
			},
			"neck":
			{
				"rotationRoll": 0.4256117045879364,
				"rotationPitch": 0.48731034994125366,
				"rotationYaw": 0.37609103322029114,
				"scaleX": 0.51905268430709839,
				"scaleY": 0.44814324378967285,
				"scaleZ": 0.45326074957847595,
				"locationX": 0.67848002910614014,
				"locationY": 0.53253751993179321,
				"locationZ": 0.49008402228355408,
				"all": 0.35880830883979797
			},
			"lowerAbdomen":
			{
				"rotationRoll": 0.43307441473007202,
				"rotationPitch": 0.74556934833526611,
				"rotationYaw": 0.2788388729095459,
				"scaleX": 0.41002583503723145,
				"scaleY": 0.70717710256576538,
				"scaleZ": 0.34655854105949402,
				"locationX": 0.45440170168876648,
				"locationY": 0.28265354037284851,
				"locationZ": 0.22047531604766846,
				"all": 0.37206456065177917
			},
			"abdomen":
			{
				"rotationRoll": 0.44961577653884888,
				"rotationPitch": 0.65388089418411255,
				"rotationYaw": 0.61522102355957031,
				"scaleX": 0.42040613293647766,
				"scaleY": 0.74555855989456177,
				"scaleZ": 0.50831937789916992,