{
	"type": "Nose",
	"icon": "None",
	"save":
	{
		"presetGuid": "0",
		"randomSeed": 0,
		"skinColorHue": 1,
		"skinColorPigmentation": 0.0053415880538523197,
		"normalDetailStrength01": 0,
		"normalDetailStrength02": 0,
		"skinSet": 0,
		"eyeColor": "6064630669472497664",
		"eyeShape": "108136968836729",
		"scleraShape": "0",
		"eyebrows": "6064630961557405739",
		"headHair": "6064632540546531333",
		"headHairRootColor": "6064630707203407875",
		"headHairTipColor": "6064631035946401792",
		"headHairLength": 0,
		"headHairContrast": 0.80810838937759399,
		"headHairGradient": 0.5743333101272583,
		"facialHairLip": "0",
		"facialHairChin": "0",
		"facialHairCheek": "6064632019650478080",
		"facialHairLipLength": 0,
		"facialHairChinLength": 0,
		"facialHairCheekLength": 0,
		"eyelashLength": 0,
		"facialHairRootColor": "6064631035946401792",
		"facialHairTipColor": "6064631035946401792",
		"facialHairContrast": 0,
		"facialHairGradient": 0,
		"nailColor": "0",
		"nailOpacity": 0,
		"decalData": [],
		"decalBlendGroups": [
			{
				"decalAppearanceGuid": "6064632184562909184",
				"colorGuid": "0",
				"intensity": 0.59171009063720703
			},
			{
				"decalAppearanceGuid": "6064631035312930818",
				"colorGuid": "0",
				"intensity": 0.27060383558273315
			}
		],
		"gender": "Female",
		"race": "Dunir",
		"class": "Mage",
		"faceMorphWeightMaps":
		{
			"forehead_Round": 0.57994478940963745,
			"temples_Width": 0.43976554274559021,
			"temples_Sharp_0": 0.47607487440109253,
			"eyebrows_Thickness": 0.70872300863265991,
			"eyebrows_Shape1_0": 0.59680444002151489,
			"eyebrows_Pinch": 0.61213928461074829,
			"eyebrows_Forward_0": 0.26681035757064819,
			"eyebrows_Cocked_Left_0": 0,
			"eyebrows_Outside_UpDown": -1,
			"eyebrows_Middle_UpDown": -1,
			"eyebrows_Inside_UpDown": -1,
			"nose_BridgeWidth": 0.30628982186317444,
			"nose_Bridge_Sharp_0": 0,
			"nose_Bridge_Hump_0": 0,
			"nose_Bridge_Hooked_0": 0,
			"nose_Scale": 0.29019242525100708,
			"nose_Broken_Left_0": 0.50022077560424805,
			"nose_Tip_Narrow_0": 0.21851854026317596,
			"nose_Tip_Height": 0.49945831298828125,
			"nose_Tip_Sharp_0": 0,
			"nose_Tip_UpDown": 0.62823653221130371,
			"nose_Tip_Bulge_0": 0.38753989338874817,
			"nose_NaselFold_0": 0,
			"nose_Tip_Snarl_0": 0.32238692045211792,
			"cheekbone_UpDown": 0.49945831298828125,
			"cheekbone_Protrusion_0": 0,
			"cheeks_Fat": 0.59604203701019287,
			"faceWidth": 0.38651168346405029,
			"dimple_Left_0": 0,
			"dimple_Right_0": 0,
			"lips_Corners_Pinch_0": -0.5,
			"lips_Top_Thickness": 0.51555556058883667,
			"lips_Top_Shape_0": 0.60485303401947021,
			"lips_Top_Middle_0": 0,
			"philtrum": 1,
			"lips_Top_Outer_0": 0.79449784755706787,
			"lips_Top_Puff_0": 1,
			"lips_TopEdgeOut_0": 0,
			"lips_Bottom_Thickness": -1,
			"lips_Bottom_Shape_0": 0,
			"lips_Bottom_Middle_0": 0,
			"lips_Bottom_Outer_0": 0.59604203701019287,
			"lips_Bottom_Puff_0": 1,
			"jaw_Corners_UpDown": 0.69262558221817017,
			"jaw_Corners_InOut": 0.51555556058883667,
			"jaw_Corners_ForwardBack": -0.063947528600692749,
			"jaw_Sharpness_0": 0,
			"chin_UpDown": 0.75701475143432617,
			"chin_Wide_0": 0.40363717079162598,
			"chin_Jutt": 0.49159935116767883,
			"chin_Cleft_0": 0,
			"jowls_0": 0.29095625877380371,
			"ears_Rotate": 0.49945831298828125,
			"ears_Scale": -1,
			"ears_Out": 0,
			"ears_Lobe_0": 0,
			"ears_Round_0": 0.42778310179710388,
			"ears_Middle_Pointy": 0,
			"ears_Tips_Out": 0.74091750383377075,
			"ears_Tips_UpDown": 0.86969572305679321,
			"ears_Tip_Pointy_0": 0,
			"lips_BottomEdgeOut_0": 0,
			"nose_Broken_Right_0": 0,
			"nose_Tip_Wide_0": 0,
			"eyes_Sag_0": 1,
			"eyes_EyelidThickness": -0.047850266098976135,
			"eyes_UpDown_InnerCorners": 0.63972681760787964,
			"eyes_UpDown_OuterCorners": 0.54668033123016357,
			"eyes_TopLid_OutsideCorner": -0.12833663821220398,
			"eyes_TopLid_Middle": 0.016538849100470543,
			"eyes_TopLid_InsideCorner": 0.6627383828163147,
			"eyes_BottomLid_OutsideCorner": 0.12921974062919617,
			"eyes_BottomLid_Middle": 0.016538849100470543,
			"eyes_BottomLid_InsideCorner": -0.031752929091453552,
			"eyebrows_Shape2_0": 0,
			"eyebrows_Cocked_Right_0": 0,
			"chin_Pointy_0": 0
		},
		"sectionsValues":
		{
			"none":
			{
				"x": 0.5,
				"y": 0.5,
				"z": 0.5
			},
			"lowerArms":
			{
				"x": 0.5,
				"y": 0.5,
				"z": 0.5
			},
			"upperArms":
			{
				"x": 0.5,
				"y": 0.5,
				"z": 0.5
			},
			"clavicle":
			{
				"x": 0.5,
				"y": 0.5,
				"z": 0.5
			},
			"thigh":
			{
				"x": 0.5,
				"y": 0.5,
				"z": 0.5
			},
			"calf":
			{
				"x": 0.5,
				"y": 0.5,
				"z": 0.5
			},
			"neck":
			{
				"x": 0.5,
				"y": 0.5,
				"z": 0.5
			},
			"lowerAbdomen":
			{
				"x": 0.5,
				"y": 0.5,
				"z": 0.5
			},
			"abdomen":
			{
				"x": 0.5,
				"y": 0.5,
				"z": 0.5
			},
			"chest":
			{
				"x": 0.46627337438985705,
				"y": 0.52085939073003829,
				"z": 1
			},
			"hips":
			{
				"x": 0.5,
				"y": 0.5,
				"z": 0.5
			},
			"size":
			{
				"x": 0.5,
				"y": 0.5,
				"z": 0.5
			},
			"mouthGroup":
			{
				"x": 0.50777724571526051,
				"y": 0.57770167826674879,
				"z": 0.49632479809224606
			},
			"noseGroup":
			{
				"x": 0.45427231187932193,
				"y": 0.51179973338730633,
				"z": 0.64889745600521564
			},
			"eyeGroup":
			{
				"x": 0.33481702674180269,
				"y": 0.50614024477545172,
				"z": 0
			},
			"browGroup":
			{
				"x": 0.49979614582844079,
				"y": 0.52536600234452635,
				"z": 0.4466923251748085
			},
			"earGroup":
			{
				"x": 0.49532514903694391,
				"y": 0.50021836547239218,
				"z": 0.301470085978508
			},
			"jaw":
			{
				"x": 0,
				"y": 0.52085880816593999,
				"z": 1
			},
			"eyeSocketL":
			{
				"x": 0.5,
				"y": 0.5,
				"z": 0.5
			},
			"eyeSocketR":
			{
				"x": 0.5,
				"y": 0.5,
				"z": 0.5
			},
			"eyeInnerR":
			{
				"x": 0.5,
				"y": 0.5,
				"z": 0.5
			},
			"eyeInnerL":
			{
				"x": 0.5,
				"y": 0.5,
				"z": 0.5
			},
			"eyeOuterL":
			{
				"x": 0.5,
				"y": 0.5,
				"z": 0.5
			},
			"eyeOuterR":
			{
				"x": 0.5,
				"y": 0.5,
				"z": 0.5
			},
			"smilerL":
			{
				"x": 0.5,
				"y": 0.5,
				"z": 0.5
			},
			"smilerR":
			{
				"x": 0.5,
				"y": 0.5,
				"z": 0.5
			},
			"forehead":
			{
				"x": 0.5,
				"y": 0.5,
				"z": 0.5
			},
			"cheeks":
			{
				"x": 0.6311578368768096,
				"y": 0.51941555051598698,
				"z": 0
			},
			"racialGroup":
			{
				"x": 0.5,
				"y": 0.5,
				"z": 0.5
			},
			"cCount":
			{
				"x": 0.5,
				"y": 0.5,
				"z": 0.5
			}
		}
	},
	"guid": "6064631211128848947",
	"name": "Dunir_Female_Nose_5",
	"typeId": "8512355578663"
}