{
	"type": "Ears",
	"icon": "None",
	"save":
	{
		"presetGuid": "0",
		"randomSeed": 0,
		"skinColorHue": 0.65308362245559692,
		"skinColorPigmentation": 0.93938368558883667,
		"normalDetailStrength01": 0,
		"normalDetailStrength02": 0,
		"skinSet": 2,
		"eyeColor": "6064630669473415170",
		"eyeShape": "108136968836729",
		"scleraShape": "0",
		"eyebrows": "6064632060689711116",
		"headHair": "6064632060608118793",
		"headHairRootColor": "6064630707191808000",
		"headHairTipColor": "6064631035948171265",
		"headHairLength": 0.73830205202102661,
		"headHairContrast": 0,
		"headHairGradient": -0.081841409206390381,
		"facialHairLip": "6064632019650478080",
		"facialHairChin": "6064632019650478080",
		"facialHairCheek": "6064632019650478080",
		"facialHairLipLength": 0,
		"facialHairChinLength": 0,
		"facialHairCheekLength": 0,
		"eyelashLength": 0,
		"facialHairRootColor": "6064630707191808000",
		"facialHairTipColor": "6064631035948171265",
		"facialHairContrast": 0,
		"facialHairGradient": 0,
		"nailColor": "0",
		"nailOpacity": 0,
		"decalData": [],
		"decalBlendGroups": [
			{
				"decalAppearanceGuid": "6064632184562909184",
				"colorGuid": "0",
				"intensity": 0.54135698080062866
			}
		],
		"gender": "Male",
		"race": "Vaelune",
		"class": "Mage",
		"faceMorphWeightMaps":
		{
			"forehead_Round": 0.49945831298828125,
			"temples_Width": 0.48483794927597046,
			"temples_Sharp_0": 0,
			"eyebrows_Thickness": 1,
			"eyebrows_Shape1_0": 1,
			"eyebrows_Pinch": 1,
			"eyebrows_Forward_0": 0,
			"eyebrows_Cocked_Left_0": 0.50826942920684814,
			"eyebrows_Outside_UpDown": -1,
			"eyebrows_Middle_UpDown": 0,
			"eyebrows_Inside_UpDown": 0.56224751472473145,
			"eyes_Sag_0": 0.24266442656517029,
			"eyes_EyelidThickness": 0.49945831298828125,
			"eyes_UpDown_InnerCorners": 0.49945831298828125,
			"eyes_UpDown_OuterCorners": 0.78708177804946899,
			"eyes_TopLid_OutsideCorner": 0.48336106538772583,
			"eyes_TopLid_Middle": -1,
			"eyes_TopLid_InsideCorner": 0.49945831298828125,
			"eyes_BottomLid_OutsideCorner": 1,
			"eyes_BottomLid_Middle": 0.49945831298828125,
			"eyes_BottomLid_InsideCorner": 0.48336106538772583,
			"nose_Bridge_Hump_0": 0,
			"nose_Bridge_Hooked_0": 0,
			"nose_Scale": -1,
			"nose_Broken_Left_0": 0.50022077560424805,
			"nose_Tip_Narrow_0": 0.49217215180397034,
			"nose_Tip_Height": 0.54775011539459229,
			"nose_Tip_Sharp_0": 0,
			"nose_Tip_UpDown": 0.82140380144119263,
			"nose_Tip_Bulge_0": 0,
			"nose_NaselFold_0": 0,
			"nose_Tip_Snarl_0": 0.14531707763671875,
			"cheekbone_UpDown": 0.49945831298828125,
			"cheekbone_Protrusion_0": 0,
			"cheeks_Fat": 0.49945831298828125,
			"faceWidth": 0.40000000596046448,
			"dimple_Left_0": 0,
			"dimple_Right_0": 0,
			"lips_Corners_Pinch_0": -0.5,
			"lips_Top_Thickness": 0.80530655384063721,
			"lips_Top_Shape_0": 1,
			"lips_Top_Middle_0": 0.51631808280944824,
			"lips_Top_Outer_0": 0.29763182997703552,
			"lips_Top_Puff_0": 0,
			"lips_TopEdgeOut_0": 0,
			"lips_Bottom_Thickness": 0.83750104904174805,
			"lips_Bottom_Shape_0": 0,
			"lips_Bottom_Middle_0": 0,
			"lips_Bottom_Outer_0": 0.51555556058883667,
			"lips_Bottom_Puff_0": 0,
			"lips_BottomEdgeOut_0": 0,
			"jaw_Corners_UpDown": 0.54775011539459229,
			"jaw_Corners_InOut": 0.43178069591522217,
			"jaw_Corners_ForwardBack": 0.45116516947746277,
			"jaw_Sharpness_0": 1,
			"chin_UpDown": 0.56384736299514771,
			"chin_Wide_0": 0.12998354434967041,
			"chin_Jutt": 0.53385591506958008,
			"chin_Cleft_0": 0,
			"jowls_0": 0.37144261598587036,
			"ears_Rotate": 0.28685730695724487,
			"ears_Scale": 0.3351651132106781,
			"ears_Out": 0.68368512392044067,
			"ears_Lobe_0": 0.3857855498790741,
			"ears_Round_0": 0,
			"ears_Middle_Pointy": 0,
			"ears_Tips_Out": 1,
			"ears_Tips_UpDown": 0.97927337884902954,
			"ears_Tip_Pointy_0": 1,
			"philtrum": 0,
			"nose_BridgeWidth": 0,
			"nose_Bridge_Sharp_0": 0,
			"nose_Broken_Right_0": 0,
			"nose_Tip_Wide_0": 0,
			"eyebrows_Shape2_0": 0,
			"eyebrows_Cocked_Right_0": 0,
			"chin_Pointy_0": 0
		},
		"sectionsValues":
		{
			"none":
			{
				"x": 0.5,
				"y": 0.5,
				"z": 0.5
			},
			"lowerArms":
			{
				"x": 0.5,
				"y": 0.5,
				"z": 0.5
			},
			"upperArms":
			{
				"x": 1,
				"y": 0.51731713430490345,
				"z": 1
			},
			"clavicle":
			{
				"x": 0.71157293580472469,
				"y": 0.51274390550679527,
				"z": 0.52352816984057426
			},
			"thigh":
			{
				"x": 0.5,
				"y": 0.5,
				"z": 0.5
			},
			"calf":
			{
				"x": 0.5,
				"y": 0.5,
				"z": 0.5
			},
			"neck":
			{
				"x": 0.76831269077956676,
				"y": 0.51435636630048975,
				"z": 0.74191110394895077
			},
			"lowerAbdomen":
			{
				"x": 0.5,
				"y": 0.5,
				"z": 0.5
			},
			"abdomen":
			{
				"x": 0.85332224424928427,
				"y": 0.50902442203368992,
				"z": 1
			},
			"chest":
			{
				"x": 0.5,
				"y": 0.5,
				"z": 0.5
			},
			"hips":
			{
				"x": 0.5,
				"y": 0.5,
				"z": 0.5
			},
			"size":
			{
				"x": 0.58472955226898193,
				"y": 0.58472955226898193,
				"z": 0.58472955226898193
			},
			"mouthGroup":
			{
				"x": 0.48791305255144835,
				"y": 0.49368447903543711,
				"z": 0.55955897830426693
			},
			"noseGroup":
			{
				"x": 0.49916288418899057,
				"y": 0.48404009733349085,
				"z": 0.09926496259868145
			},
			"eyeGroup":
			{
				"x": 0.49999661980456267,
				"y": 0.49683609366184101,
				"z": 0.5992649607360363
			},
			"browGroup":
			{
				"x": 0.49999275672405474,
				"y": 0.49322020064573735,
				"z": 0.58308717980980873
			},
			"earGroup":
			{
				"x": 0.5,
				"y": 0.5,
				"z": 0.5
			},
			"jaw":
			{
				"x": 0.5,
				"y": 0.5,
				"z": 0.5
			},
			"eyeSocketL":
			{
				"x": 0.5,
				"y": 0.5,
				"z": 0.5
			},
			"eyeSocketR":
			{
				"x": 0.5,
				"y": 0.5,
				"z": 0.5
			},
			"eyeInnerR":
			{
				"x": 0.5,
				"y": 0.5,
				"z": 0.5
			},
			"eyeInnerL":
			{
				"x": 0.5,
				"y": 0.5,
				"z": 0.5
			},
			"eyeOuterL":
			{
				"x": 0.5,
				"y": 0.5,
				"z": 0.5
			},
			"eyeOuterR":
			{
				"x": 0.5,
				"y": 0.5,
				"z": 0.5
			},
			"smilerL":
			{
				"x": 0.5,
				"y": 0.5,
				"z": 0.5
			},
			"smilerR":
			{
				"x": 0.5,
				"y": 0.5,
				"z": 0.5
			},
			"forehead":
			{
				"x": 0.5,
				"y": 0.5,
				"z": 0.5
			},
			"cheeks":
			{
				"x": 0.41940166987478733,
				"y": 0.50262778134492692,
				"z": 0.10919145680963993
			},
			"racialGroup":
			{
				"x": 0.5,
				"y": 0.5,
				"z": 0.5
			},
			"cCount":
			{
				"x": 0.5,
				"y": 0.5,
				"z": 0.5
			}
		}
	},
	"guid": "6064631211128848488",
	"name": "Vaelune_Male_Ears_2",
	"typeId": "8512355578663"
}