{
	"type": "Eyes",
	"icon": "None",
	"save":
	{
		"presetGuid": "0",
		"randomSeed": 835,
		"skinColorHue": 0.45546212792396545,
		"skinColorPigmentation": 0.26060459017753601,
		"normalDetailStrength01": 0,
		"normalDetailStrength02": 0,
		"skinSet": 0,
		"eyeColor": "6064630669473153025",
		"eyeShape": "109222878467713",
		"scleraShape": "6064630690389884928",
		"eyebrows": "0",
		"headHair": "6064630961557340185",
		"headHairRootColor": "6064630707193774081",
		"headHairTipColor": "6064630707193774081",
		"headHairLength": 0.70592951774597168,
		"headHairContrast": 0.14594109356403351,
		"headHairGradient": 0.2870161235332489,
		"facialHairLip": "0",
		"facialHairChin": "0",
		"facialHairCheek": "0",
		"facialHairLipLength": 0.90531450510025024,
		"facialHairChinLength": 0.13826005160808563,
		"facialHairCheekLength": 0.67578983306884766,
		"eyelashLength": 0,
		"facialHairRootColor": "6064631035946401792",
		"facialHairTipColor": "6064631035946401792",
		"facialHairContrast": 0.019276253879070282,
		"facialHairGradient": 0.13261984288692474,
		"nailColor": "0",
		"nailOpacity": 0,
		"decalData": [],
		"decalBlendGroups": [],
		"gender": "Female",
		"race": "Vek",
		"class": "Mage",
		"faceMorphWeightMaps":
		{
			"nose_Bridge_Hooked_0": 0,
			"forehead_Round": 1,
			"temples_Sharp_0": 0,
			"temples_Width": -0.69999998807907104,
			"cheekbone_UpDown": 0.4417477548122406,
			"cheekbone_Protrusion_0": 0,
			"cheeks_Fat": 0.83166962862014771,
			"dimple_Right_0": 0,
			"jaw_Corners_UpDown": 0.55547469854354858,
			"jaw_Corners_InOut": 0.52298128604888916,
			"jaw_Sharpness_0": 0,
			"chin_UpDown": 0.62046277523040771,
			"chin_Wide_0": 0.63963979482650757,
			"chin_Pointy_0": 0.76999998092651367,
			"chin_Jutt": -0.25613036751747131,
			"chin_Cleft_0": 0,
			"jowls_0": 0,
			"snear_Right_0": 0.33000001311302185,
			"snear_Left_0": 0.52999997138977051,
			"lips_Corners_Pinch_0": 0.26449829339981079,
			"lips_Top_Thickness": 0.52298128604888916,
			"lips_Bottom_Thickness": 0.47424116730690002,
			"lips_Top_Outer_0": 0.66920286417007446,
			"lips_Bottom_Outer_0": 0.45799437165260315,
			"lips_Top_Middle_0": 0,
			"lips_Bottom_Middle_0": 0,
			"lips_Top_Shape_0": 0.31470459699630737,
			"lips_Bottom_Shape_0": 0,
			"lips_Top_Puff_0": 0,
			"lips_Bottom_Puff_0": 0,
			"eyebrows_Pinch": 0.42550110816955566,
			"eyebrows_Forward_0": 0,
			"eyebrows_Inside_UpDown": 0.26303276419639587,
			"eyebrows_Middle_UpDown": 1,
			"eyebrows_Outside_UpDown": 1,
			"eyebrows_Cocked_Right_0": 0.27000001072883606,
			"eyebrows_Cocked_Left_0": 0.70462721586227417,
			"eyes_UpDown_OuterCorners": 0.65295606851577759,
			"eyes_UpDown_InnerCorners": 0.37676101922988892,
			"eyes_EyelidThickness": -1,
			"eyes_Sag_0": 0,
			"nose_Scale": -1,
			"nose_Forward_0": 0.5899999737739563,
			"nose_BridgeWidth": 0.55547469854354858,
			"nose_Bridge_Sharp_0": 0,
			"nose_Bridge_Hump_0": 0,
			"nose_Tip_Wide_0": 0.37000000476837158,
			"nose_Tip_Narrow_0": 0.5584062933921814,
			"nose_Tip_Sharp_0": 0,
			"nose_Tip_UpDown": 0.50673449039459229,
			"nose_Tip_Bulge_0": 0,
			"nose_Tip_Snarl_0": 0.068072587251663208,
			"nose_NaselFold_0": 0,
			"ears_Scale": 1,
			"ears_Out": 0.72087389230728149,
			"ears_Rotate": 0.3442675769329071,
			"ears_Round_0": 0,
			"ears_Tips_Out": 0.42550110816955566,
			"ears_Tip_Pointy_0": 1,
			"ears_Tips_UpDown": 0.76668304204940796,
			"ears_Middle_Pointy": 1,
			"ears_Lobe_0": 0,
			"dimple_Left_0": 0,
			"nose_Tip_Height": 0.57172131538391113,
			"eyes_TopLid_InsideCorner": 0.52298128604888916,
			"eyes_TopLid_Middle": 0.62046277523040771,
			"eyes_TopLid_OutsideCorner": 0.57172131538391113,
			"eyes_BottomLid_OutsideCorner": 0.47424116730690002,
			"eyes_BottomLid_Middle": 0.60421597957611084,
			"eyes_BottomLid_InsideCorner": 0.36051422357559204,
			"lips_TopEdgeOut_0": 0,
			"lips_BottomEdgeOut_0": 0,
			"nose_UpDown": 0.6600000262260437,
			"jaw_Corners_ForwardBack": 0.0030844116117805243,
			"philtrum": 0,
			"faceWidth": -0.40000000596046448,
			"racial_1": -1,
			"racial_2": 0.18739353120326996,
			"racial_3": 0.62999999523162842,
			"nose_Broken_Left_0": 0.50966554880142212,
			"nose_Broken_Right_0": 0,
			"eyebrows_Thickness": 0.1493060290813446,
			"eyebrows_Shape1_0": 0.51778888702392578,
			"eyebrows_Shape2_0": 0
		},
		"sectionsValues":
		{
			"none":
			{
				"x": 0.49731154465330335,
				"y": 0.84078710214042951,
				"z": 0.57484510486773877
			},
			"lowerArms":
			{
				"x": 0.49467459321022034,
				"y": 0.49467459321022034,
				"z": 0.49467459321022034
			},
			"upperArms":
			{
				"x": 0.49467459321022034,
				"y": 0.49467459321022034,
				"z": 0.49467459321022034
			},
			"clavicle":
			{
				"x": 0.49467459321022034,
				"y": 0.49467459321022034,
				"z": 0.49467459321022034
			},
			"thigh":
			{
				"x": 0.49467459321022034,
				"y": 0.49467459321022034,
				"z": 0.49467459321022034
			},
			"calf":
			{
				"x": 0.49467459321022034,
				"y": 0.49467459321022034,
				"z": 0.49467459321022034
			},
			"neck":
			{
				"x": 0.49467459321022034,
				"y": 0.49467459321022034,
				"z": 0.49467459321022034
			},
			"lowerAbdomen":
			{
				"x": 0.49467459321022034,
				"y": 0.49467459321022034,
				"z": 0.49467459321022034
			},
			"abdomen":
			{
				"x": 0.49467459321022034,
				"y": 0.49467459321022034,
				"z": 0.49467459321022034
			},
			"chest":
			{
				"x": 0.49467459321022034,
				"y": 0.49467459321022034,
				"z": 0.49467459321022034
			},
			"hips":
			{
				"x": 0.49467459321022034,
				"y": 0.49467459321022034,
				"z": 0.49467459321022034
			},
			"size":
			{
				"x": 0.487629234790802,
				"y": 0.487629234790802,
				"z": 0.487629234790802
			},
			"mouthGroup":
			{
				"x": 0.93142667785286903,
				"y": 0.46780802689209988,
				"z": 0.2989283986389637
			},
			"noseGroup":
			{
				"x": 0.43258604844313564,
				"y": 0.53922447428398701,
				"z": 0.6671658579651838
			},
			"eyeGroup":
			{
				"x": 0.44992412118638969,
				"y": 0.60804916089345762,
				"z": 0.63534582668045814
			},
			"browGroup":
			{
				"x": 0.85971147440578999,
				"y": 0.30561599249442939,
				"z": 0.6494641900062561
			},
			"earGroup":
			{
				"x": 0.25841984098021964,
				"y": 0.24692938238311612,
				"z": 0.010015308856964111
			},
			"jaw":
			{
				"x": 0.66607316697577412,
				"y": 0.56472868601396931,
				"z": 0.2603980265557766
			},
			"eyeSocketL":
			{
				"x": 0.59586074193801508,
				"y": 0.95256580094168719,
				"z": 0.36091330865525484
			},
			"eyeSocketR":
			{
				"x": 0.29483633773122869,
				"y": 0.53917051846712571,
				"z": 0.78490644752932237
			},
			"eyeInnerR":
			{
				"x": 0.48397525523716328,
				"y": 0.46875041909545334,
				"z": 0.29625559187104195
			},
			"eyeInnerL":
			{
				"x": 0.20452548099700874,
				"y": 0.19543133425986675,
				"z": 0.63658017636822373
			},
			"eyeOuterL":
			{
				"x": 0.33334837850445992,
				"y": 0.12496993803227457,
				"z": 0.43032056737658708
			},
			"eyeOuterR":
			{
				"x": 0.38666443348645363,
				"y": 0.57648451629448361,
				"z": 0.66870706167602689
			},
			"smilerL":
			{
				"x": 0.54428103378576087,
				"y": 0.6223878731810345,
				"z": 0.7463841238242056
			},
			"smilerR":
			{
				"x": 0.56881630221045887,
				"y": 0.71146486143005072,
				"z": 0.37912053317522948
			},
			"forehead":
			{
				"x": 0.63929740053919604,
				"y": 0.51992098087886485,
				"z": 0.44442168533533305
			},
			"cheeks":
			{
				"x": 0.79512019626485975,
				"y": 0.40878570838175238,
				"z": 0.83975505828857422
			},
			"racialGroup":
			{
				"x": 0.57794809877417719,
				"y": 0.22662951292322597,
				"z": 0.28519624110442848
			},
			"cCount":
			{
				"x": 0.5,
				"y": 0.5,
				"z": 0.5
			}
		}
	},
	"guid": "6064631211128848599",
	"name": "Vek_Female_Eyes_5",
	"typeId": "8512355578663"
}