{
	"type": "Full",
	"icon": "None",
	"save":
	{
		"presetGuid": "0",
		"randomSeed": 0,
		"skinColorHue": 1,
		"skinColorPigmentation": 0.45148253440856934,
		"normalDetailStrength01": 0,
		"normalDetailStrength02": 0,
		"skinSet": 1,
		"eyeColor": "108136963200632",
		"eyeShape": "109222878467713",
		"scleraShape": "6064632428969328641",
		"eyebrows": "0",
		"headHair": "6064630961557405731",
		"headHairRootColor": "6064631035946401792",
		"headHairTipColor": "6064631035953086466",
		"headHairLength": 0.50171995162963867,
		"headHairContrast": 0,
		"headHairGradient": 0.14898014068603516,
		"facialHairLip": "6064630961557340191",
		"facialHairChin": "6064630961557274636",
		"facialHairCheek": "6064630961557209092",
		"facialHairLipLength": 0,
		"facialHairChinLength": 0,
		"facialHairCheekLength": 0,
		"eyelashLength": 0,
		"facialHairRootColor": "6064630707203407875",
		"facialHairTipColor": "6064631035953086466",
		"facialHairContrast": 0,
		"facialHairGradient": 0,
		"nailColor": "0",
		"nailOpacity": 0,
		"decalData": [],
		"decalBlendGroups": [],
		"gender": "Male",
		"race": "Vek",
		"class": "Mage",
		"faceMorphWeightMaps":
		{
			"forehead_Round": 0.45799437165260315,
			"temples_Width": -0.69999998807907104,
			"temples_Sharp_0": 1,
			"eyebrows_Thickness": 0.13305923342704773,
			"eyebrows_Shape1_0": 0.50966554880142212,
			"eyebrows_Pinch": -1,
			"eyebrows_Forward_0": 0,
			"eyebrows_Cocked_Left_0": 0.51778888702392578,
			"eyebrows_Outside_UpDown": 0.4417477548122406,
			"eyebrows_Middle_UpDown": 0.49048781394958496,
			"eyebrows_Inside_UpDown": 0.49048781394958496,
			"eyes_Sag_0": 0,
			"eyes_EyelidThickness": -1,
			"eyes_UpDown_InnerCorners": 0.50673449039459229,
			"eyes_UpDown_OuterCorners": 0.47424116730690002,
			"eyes_TopLid_OutsideCorner": 0.93913960456848145,
			"eyes_TopLid_Middle": 0.66530954837799072,
			"eyes_TopLid_InsideCorner": 0.66528129577636719,
			"eyes_BottomLid_OutsideCorner": 1,
			"eyes_BottomLid_Middle": 1,
			"eyes_BottomLid_InsideCorner": 1,
			"nose_Bridge_Hump_0": 0.82647806406021118,
			"nose_BridgeWidth": -1,
			"nose_Bridge_Sharp_0": 1,
			"nose_Bridge_Hooked_0": 0.5746530294418335,
			"nose_Broken_Left_0": 0.50966554880142212,
			"nose_Scale": 0.52298128604888916,
			"nose_Tip_Narrow_0": 1,
			"nose_Tip_Height": 0.36051422357559204,
			"nose_Tip_Sharp_0": 0,
			"nose_Tip_UpDown": 0.55547469854354858,
			"nose_Tip_Bulge_0": 0,
			"nose_NaselFold_0": 0,
			"nose_Tip_Snarl_0": 0.49048781394958496,
			"cheekbone_UpDown": 0.55547469854354858,
			"cheekbone_Protrusion_0": 0.31470459699630737,
			"cheeks_Fat": -0.84174752235412598,
			"faceWidth": -0.40000000596046448,
			"dimple_Left_0": 0.74524390697479248,
			"dimple_Right_0": 0.99706900119781494,
			"lips_Corners_Pinch_0": 0.48382973670959473,
			"racial_1": -0.28935736417770386,
			"racial_2": 0.58706372976303101,
			"lips_Top_Thickness": -1,
			"lips_Top_Shape_0": 0,
			"lips_Top_Middle_0": 0,
			"philtrum": 0,
			"lips_Top_Outer_0": 0.53922790288925171,
			"lips_Top_Puff_0": 0,
			"lips_TopEdgeOut_0": 0,
			"lips_Bottom_Thickness": 0.57172131538391113,
			"lips_Bottom_Shape_0": 0,
			"lips_Bottom_Middle_0": 0.014139478094875813,
			"lips_Bottom_Outer_0": 0.57172131538391113,
			"lips_Bottom_Puff_0": 0,
			"lips_BottomEdgeOut_0": 0,
			"jaw_Corners_UpDown": 0.50673449039459229,
			"jaw_Corners_InOut": 0.52298128604888916,
			"jaw_Corners_ForwardBack": 0.49048781394958496,
			"jaw_Sharpness_0": 0,
			"chin_UpDown": -0.51681238412857056,
			"chin_Wide_0": 0,
			"chin_Jutt": -0.75,
			"chin_Cleft_0": 0,
			"jowls_0": 0,
			"ears_Rotate": 0.50673449039459229,
			"ears_Scale": 0.50673449039459229,
			"ears_Out": 0,
			"ears_Lobe_0": 0,
			"ears_Round_0": 0,
			"ears_Middle_Pointy": 0,
			"ears_Tips_Out": -0.93922770023345947,
			"ears_Tips_UpDown": 0.65295606851577759,
			"ears_Tip_Pointy_0": 1,
			"nose_Broken_Right_0": 0,
			"nose_Tip_Wide_0": 0,
			"eyebrows_Shape2_0": 0,
			"eyebrows_Cocked_Right_0": 0,
			"chin_Pointy_0": 0
		},
		"sectionsValues":
		{
			"none":
			{
				"x": 0.5,
				"y": 0.5,
				"z": 0.5
			},
			"lowerArms":
			{
				"x": 0.5,
				"y": 0.5,
				"z": 0.5
			},
			"upperArms":
			{
				"x": 0.5,
				"y": 0.5,
				"z": 0.5
			},
			"clavicle":
			{
				"x": 0.5,
				"y": 0.5,
				"z": 0.5
			},
			"thigh":
			{
				"x": 0.5,
				"y": 0.5,
				"z": 0.5
			},
			"calf":
			{
				"x": 0.5,
				"y": 0.5,
				"z": 0.5
			},
			"neck":
			{
				"x": 0.5,
				"y": 0.5,
				"z": 0.5
			},
			"lowerAbdomen":
			{
				"x": 0.5,
				"y": 0.5,
				"z": 0.5
			},
			"abdomen":
			{
				"x": 0.5,
				"y": 0.5,
				"z": 0.5
			},
			"chest":
			{
				"x": 0.5,
				"y": 0.5,
				"z": 0.5
			},
			"hips":
			{
				"x": 0.5,
				"y": 0.5,
				"z": 0.5
			},
			"size":
			{
				"x": 0.5,
				"y": 0.5,
				"z": 0.5
			},
			"mouthGroup":
			{
				"x": 0.55861249705776572,
				"y": 0.49983534762031923,
				"z": 0.77966320514678955
			},
			"noseGroup":
			{
				"x": 0.5097923930734396,
				"y": 0.5000037982745198,
				"z": 0
			},
			"eyeGroup":
			{
				"x": 0.5,
				"y": 0.5,
				"z": 0.48998469114303589
			},
			"browGroup":
			{
				"x": 0.62210936890915036,
				"y": 0.4996569742088468,
				"z": 0.040061239153146744
			},
			"earGroup":
			{
				"x": 0.58744586259126663,
				"y": 0.49928013718454167,
				"z": 0.7503826916217804
			},
			"jaw":
			{
				"x": 0.5,
				"y": 0.5,
				"z": 0.5
			},
			"eyeSocketL":
			{
				"x": 0.5,
				"y": 0.5,
				"z": 0.5
			},
			"eyeSocketR":
			{
				"x": 0.5,
				"y": 0.5,
				"z": 0.5
			},
			"eyeInnerR":
			{
				"x": 0.5,
				"y": 0.5,
				"z": 0.5
			},
			"eyeInnerL":
			{
				"x": 0.5,
				"y": 0.5,
				"z": 0.5
			},
			"eyeOuterL":
			{
				"x": 0.5,
				"y": 0.5,
				"z": 0.5
			},
			"eyeOuterR":
			{
				"x": 0.5,
				"y": 0.5,
				"z": 0.5
			},
			"smilerL":
			{
				"x": 0.5,
				"y": 0.5,
				"z": 0.5
			},
			"smilerR":
			{
				"x": 0.5,
				"y": 0.5,
				"z": 0.5
			},
			"forehead":
			{
				"x": 0.50489547429606318,
				"y": 0.50000262170442511,
				"z": 0.5
			},
			"cheeks":
			{
				"x": 0.98700188426300883,
				"y": 0.51397498120059026,
				"z": 0.91987753286957741
			},
			"racialGroup":
			{
				"x": 0.5,
				"y": 0.5,
				"z": 0.5
			},
			"cCount":
			{
				"x": 0.5,
				"y": 0.5,
				"z": 0.5
			}
		}
	},
	"guid": "6064632450115829785",
	"name": "VEK_Male_NPC_3",
	"typeId": "8512355578663"
}