{
	"type": "Body",
	"icon": "None",
	"save":
	{
		"presetGuid": "0",
		"randomSeed": 0,
		"skinColorHue": 0.050814226269721985,
		"skinColorPigmentation": 0.81876319646835327,
		"normalDetailStrength01": 0,
		"normalDetailStrength02": 0,
		"skinSet": 2,
		"eyeColor": "6064630669472497664",
		"eyeShape": "109222878467713",
		"scleraShape": "6064630690389884928",
		"eyebrows": "0",
		"headHair": "6064630961557340194",
		"headHairRootColor": "6064630707193774081",
		"headHairTipColor": "6064630707193774081",
		"headHairLength": 0.50171995162963867,
		"headHairContrast": 0,
		"headHairGradient": 0,
		"facialHairLip": "6064632019650478080",
		"facialHairChin": "6064632019650478080",
		"facialHairCheek": "6064632019650478080",
		"facialHairLipLength": 0,
		"facialHairChinLength": 0,
		"facialHairCheekLength": 0,
		"eyelashLength": 0,
		"facialHairRootColor": "6064630707193774081",
		"facialHairTipColor": "6064630707193774081",
		"facialHairContrast": 0,
		"facialHairGradient": 0,
		"nailColor": "0",
		"nailOpacity": 0,
		"decalData": [
			{
				"gUId": "6064631051972378636",
				"strength": 1,
				"scaleU": 0.2480856329202652,
				"scaleV": 0.2480856329202652,
				"slotIndex": 0,
				"mergeSectionMaterialBase": "6064629727470289055",
				"offsetU": 0.49147665500640869,
				"offsetV": 0.48075854778289795,
				"angle": 0,
				"color": "6064632036490477578",
				"discoloration": 1
			}
		],
		"decalBlendGroups": [],
		"gender": "Male",
		"race": "Vek",
		"class": "Mage",
		"faceMorphWeightMaps":
		{
			"forehead_Round": 0.3117729127407074,
			"temples_Width": 0.36608687043190002,
			"temples_Sharp_0": 0,
			"eyebrows_Thickness": 0.13305923342704773,
			"eyebrows_Shape1_0": 0,
			"eyebrows_Pinch": -1,
			"eyebrows_Forward_0": 0,
			"eyebrows_Cocked_Left_0": 0.48529553413391113,
			"eyebrows_Outside_UpDown": -1,
			"eyebrows_Middle_UpDown": 0.24678611755371094,
			"eyebrows_Inside_UpDown": 0.49048781394958496,
			"eyes_Sag_0": 0,
			"eyes_EyelidThickness": -1,
			"eyes_UpDown_InnerCorners": 0.50673449039459229,
			"eyes_UpDown_OuterCorners": 0.47424116730690002,
			"eyes_TopLid_OutsideCorner": 0.97042107582092285,
			"eyes_TopLid_Middle": 0.90784460306167603,
			"eyes_TopLid_InsideCorner": 0.74350905418395996,
			"eyes_BottomLid_OutsideCorner": 0,
			"eyes_BottomLid_Middle": 0,
			"eyes_BottomLid_InsideCorner": 1,
			"nose_Bridge_Hump_0": 0,
			"nose_BridgeWidth": 1,
			"nose_Bridge_Sharp_0": 0,
			"nose_Bridge_Hooked_0": 0,
			"nose_Broken_Left_0": 0.50966554880142212,
			"nose_Scale": -1,
			"nose_Tip_Narrow_0": 0.40406209230422974,
			"nose_Tip_Height": 0.36051422357559204,
			"nose_Tip_Sharp_0": 0,
			"nose_Tip_UpDown": 0.55547469854354858,
			"nose_Tip_Bulge_0": 0,
			"nose_NaselFold_0": 0,
			"nose_Tip_Snarl_0": 0.49048781394958496,
			"cheekbone_UpDown": 0.55547469854354858,
			"cheekbone_Protrusion_0": 0,
			"cheeks_Fat": 0.60421597957611084,
			"faceWidth": 0.40000000596046448,
			"dimple_Left_0": 0,
			"dimple_Right_0": 0,
			"lips_Corners_Pinch_0": 0.48382973670959473,
			"racial_1": 0.50673449039459229,
			"racial_2": 0.27512645721435547,
			"lips_Top_Thickness": 0.49048781394958496,
			"lips_Top_Shape_0": 0,
			"lips_Top_Middle_0": 0,
			"philtrum": 0,
			"lips_Top_Outer_0": 0.53922790288925171,
			"lips_Top_Puff_0": 0,
			"lips_TopEdgeOut_0": 0,
			"lips_Bottom_Thickness": 0.57172131538391113,
			"lips_Bottom_Shape_0": 0,
			"lips_Bottom_Middle_0": 0.014139478094875813,
			"lips_Bottom_Outer_0": 0.57172131538391113,
			"lips_Bottom_Puff_0": 0,
			"lips_BottomEdgeOut_0": 0,
			"jaw_Corners_UpDown": 0.50673449039459229,
			"jaw_Corners_InOut": 0.52298128604888916,
			"jaw_Corners_ForwardBack": 0.49048781394958496,
			"jaw_Sharpness_0": 0,
			"chin_UpDown": 0.53922790288925171,
			"chin_Wide_0": 0.49341887235641479,
			"chin_Jutt": -0.31299382448196411,
			"chin_Cleft_0": 0,
			"jowls_0": 0,
			"ears_Rotate": 1,
			"ears_Scale": -1,
			"ears_Out": 0,
			"ears_Lobe_0": 0.20097710192203522,
			"ears_Round_0": 0.54215961694717407,
			"ears_Middle_Pointy": 0,
			"ears_Tips_Out": 0.4417477548122406,
			"ears_Tips_UpDown": 0.49048781394958496,
			"ears_Tip_Pointy_0": 0,
			"nose_Broken_Right_0": 0,
			"nose_Tip_Wide_0": 0,
			"eyebrows_Shape2_0": 0,
			"eyebrows_Cocked_Right_0": 0,
			"chin_Pointy_0": 0
		},
		"sectionsValues":
		{
			"none":
			{
				"x": 0.5,
				"y": 0.5,
				"z": 0.5
			},
			"lowerArms":
			{
				"x": 0.67080932855606079,
				"y": 0.67080932855606079,
				"z": 0.67080932855606079
			},
			"upperArms":
			{
				"x": 0.67080932855606079,
				"y": 0.67080932855606079,
				"z": 0.67080932855606079
			},
			"clavicle":
			{
				"x": 0.67080932855606079,
				"y": 0.67080932855606079,
				"z": 0.67080932855606079
			},
			"thigh":
			{
				"x": 0.62853711843490601,
				"y": 0.62853711843490601,
				"z": 0.62853711843490601
			},
			"calf":
			{
				"x": 0.62853711843490601,
				"y": 0.62853711843490601,
				"z": 0.62853711843490601
			},
			"neck":
			{
				"x": 0.67080932855606079,
				"y": 0.67080932855606079,
				"z": 0.67080932855606079
			},
			"lowerAbdomen":
			{
				"x": 0.67080932855606079,
				"y": 0.67080932855606079,
				"z": 0.67080932855606079
			},
			"abdomen":
			{
				"x": 0.67080932855606079,
				"y": 0.67080932855606079,
				"z": 0.67080932855606079
			},
			"chest":
			{
				"x": 0.62853711843490601,
				"y": 0.62853711843490601,
				"z": 0.62853711843490601
			},
			"hips":
			{
				"x": 0.67080932855606079,
				"y": 0.67080932855606079,
				"z": 0.67080932855606079
			},
			"size":
			{
				"x": 0.33967599272727966,
				"y": 0.33967599272727966,
				"z": 0.33967599272727966
			},
			"mouthGroup":
			{
				"x": 0.5,
				"y": 0.5,
				"z": 0.70030616596341133
			},
			"noseGroup":
			{
				"x": 0.5,
				"y": 0.5,
				"z": 0.5
			},
			"eyeGroup":
			{
				"x": 0.5,
				"y": 0.5,
				"z": 0.47996938228607178
			},
			"browGroup":
			{
				"x": 0.70016505056992173,
				"y": 0.49934311475044524,
				"z": 0.74961729347705841
			},
			"earGroup":
			{
				"x": 0.60252356296405196,
				"y": 0.4996635465813597,
				"z": 0.12018370628356934
			},
			"jaw":
			{
				"x": 0.73922164598479867,
				"y": 0.49921494200134475,
				"z": 1
			},
			"eyeSocketL":
			{
				"x": 0.5,
				"y": 0.5,
				"z": 0.5
			},
			"eyeSocketR":
			{
				"x": 0.5,
				"y": 0.5,
				"z": 0.5
			},
			"eyeInnerR":
			{
				"x": 0.5,
				"y": 0.5,
				"z": 0.5
			},
			"eyeInnerL":
			{
				"x": 0.5,
				"y": 0.5,
				"z": 0.5
			},
			"eyeOuterL":
			{
				"x": 0.5,
				"y": 0.5,
				"z": 0.5
			},
			"eyeOuterR":
			{
				"x": 0.5,
				"y": 0.5,
				"z": 0.5
			},
			"smilerL":
			{
				"x": 0.5,
				"y": 0.5,
				"z": 0.5
			},
			"smilerR":
			{
				"x": 0.5,
				"y": 0.5,
				"z": 0.5
			},
			"forehead":
			{
				"x": 0.50489547429606318,
				"y": 0.50000262170442511,
				"z": 0.5
			},
			"cheeks":
			{
				"x": 0.53828867105767131,
				"y": 0.4991039049346,
				"z": 0.070107161998748779
			},
			"racialGroup":
			{
				"x": 0.5,
				"y": 0.5,
				"z": 0.5
			},
			"cCount":
			{
				"x": 0.5,
				"y": 0.5,
				"z": 0.5
			}
		}
	},
	"guid": "6064631211128848584",
	"name": "Vek_Male_Body_2",
	"typeId": "8512355578663"
}