{
	"type": "Ears",
	"icon": "None",
	"save":
	{
		"presetGuid": "0",
		"randomSeed": 0,
		"skinColorHue": 0.5,
		"skinColorPigmentation": 0.30000001192092896,
		"normalDetailStrength01": 0,
		"normalDetailStrength02": 0,
		"skinSet": 1,
		"eyeColor": "6064631238648266752",
		"eyeShape": "109222878467713",
		"scleraShape": "6064630690392047617",
		"eyebrows": "0",
		"headHair": "6064630961557405731",
		"headHairRootColor": "6064631035946401792",
		"headHairTipColor": "6064631035946401792",
		"headHairLength": 0.50171995162963867,
		"headHairContrast": 0,
		"headHairGradient": 0,
		"facialHairLip": "6064630961557340191",
		"facialHairChin": "6064630961557209099",
		"facialHairCheek": "6064630961557405732",
		"facialHairLipLength": 0,
		"facialHairChinLength": 0,
		"facialHairCheekLength": 0,
		"eyelashLength": 0,
		"facialHairRootColor": "6064631035946401792",
		"facialHairTipColor": "6064631035946401792",
		"facialHairContrast": 0,
		"facialHairGradient": 0,
		"nailColor": "0",
		"nailOpacity": 0,
		"decalData": [
			{
				"gUId": "6064631051972771854",
				"strength": 0.74830895662307739,
				"scaleU": 0.31149393320083618,
				"scaleV": 0.31149393320083618,
				"slotIndex": 0,
				"mergeSectionMaterialBase": "6064629727470289055",
				"offsetU": 0.4761626124382019,
				"offsetV": 0.21456348896026611,
				"angle": 0.0099999997764825821,
				"color": "6064632036521279505",
				"discoloration": 1
			}
		],
		"decalBlendGroups": [],
		"gender": "Male",
		"race": "Vek",
		"class": "Mage",
		"faceMorphWeightMaps":
		{
			"forehead_Round": 0.3117729127407074,
			"temples_Width": 0.36608687043190002,
			"temples_Sharp_0": 0,
			"eyebrows_Thickness": 0.13305923342704773,
			"eyebrows_Shape1_0": 0.50966554880142212,
			"eyebrows_Pinch": 1,
			"eyebrows_Forward_0": 0.5746530294418335,
			"eyebrows_Cocked_Left_0": 0.51778888702392578,
			"eyebrows_Outside_UpDown": 0.24678611755371094,
			"eyebrows_Middle_UpDown": 0.94539779424667358,
			"eyebrows_Inside_UpDown": -1,
			"eyes_Sag_0": 1,
			"eyes_EyelidThickness": 1,
			"eyes_UpDown_InnerCorners": 1,
			"eyes_UpDown_OuterCorners": -1,
			"eyes_TopLid_OutsideCorner": 0,
			"eyes_TopLid_Middle": 0,
			"eyes_TopLid_InsideCorner": 0,
			"eyes_BottomLid_OutsideCorner": 0,
			"eyes_BottomLid_Middle": 0,
			"eyes_BottomLid_InsideCorner": 0,
			"nose_Bridge_Hump_0": 0,
			"nose_BridgeWidth": 0.47424116730690002,
			"nose_Bridge_Sharp_0": 0,
			"nose_Bridge_Hooked_0": 0,
			"nose_Broken_Left_0": 0.50966554880142212,
			"nose_Scale": 0.52298128604888916,
			"nose_Tip_Narrow_0": 0.50966554880142212,
			"nose_Tip_Height": 0.36051422357559204,
			"nose_Tip_Sharp_0": 0,
			"nose_Tip_UpDown": 0.55547469854354858,
			"nose_Tip_Bulge_0": 0,
			"nose_NaselFold_0": 0,
			"nose_Tip_Snarl_0": 0.49048781394958496,
			"cheekbone_UpDown": 0.55547469854354858,
			"cheekbone_Protrusion_0": 0,
			"cheeks_Fat": 0.47424116730690002,
			"faceWidth": 0.40000000596046448,
			"dimple_Left_0": 0,
			"dimple_Right_0": 0,
			"lips_Corners_Pinch_0": 0.48382973670959473,
			"racial_1": 0.50673449039459229,
			"racial_2": 0.27512645721435547,
			"lips_Top_Thickness": 0.49048781394958496,
			"lips_Top_Shape_0": 0,
			"lips_Top_Middle_0": 0,
			"philtrum": 0,
			"lips_Top_Outer_0": 0.53922790288925171,
			"lips_Top_Puff_0": 0,
			"lips_TopEdgeOut_0": 0,
			"lips_Bottom_Thickness": 0.57172131538391113,
			"lips_Bottom_Shape_0": 0,
			"lips_Bottom_Middle_0": 0.014139478094875813,
			"lips_Bottom_Outer_0": 0.57172131538391113,
			"lips_Bottom_Puff_0": 0,
			"lips_BottomEdgeOut_0": 0,
			"jaw_Corners_UpDown": 0.50673449039459229,
			"jaw_Corners_InOut": 0.52298128604888916,
			"jaw_Corners_ForwardBack": 0.49048781394958496,
			"jaw_Sharpness_0": 0,
			"chin_UpDown": 0.53922790288925171,
			"chin_Wide_0": 0.49341887235641479,
			"chin_Jutt": 0.44044998288154602,
			"chin_Cleft_0": 0,
			"jowls_0": 0,
			"ears_Rotate": -1,
			"ears_Scale": -1,
			"ears_Out": 1,
			"ears_Lobe_0": 0,
			"ears_Round_0": 0.30658125877380371,
			"ears_Middle_Pointy": 0,
			"ears_Tips_Out": 0.86416441202163696,
			"ears_Tips_UpDown": -1,
			"ears_Tip_Pointy_0": 1,
			"nose_Broken_Right_0": 0,
			"nose_Tip_Wide_0": 0,
			"eyebrows_Shape2_0": 0,
			"eyebrows_Cocked_Right_0": 0,
			"chin_Pointy_0": 0
		},
		"sectionsValues":
		{
			"none":
			{
				"x": 0.5,
				"y": 0.5,
				"z": 0.5
			},
			"lowerArms":
			{
				"x": 0.5,
				"y": 0.5,
				"z": 0.5
			},
			"upperArms":
			{
				"x": 0.5,
				"y": 0.5,
				"z": 0.5
			},
			"clavicle":
			{
				"x": 0.5,
				"y": 0.5,
				"z": 0.5
			},
			"thigh":
			{
				"x": 0.5,
				"y": 0.5,
				"z": 0.5
			},
			"calf":
			{
				"x": 0.5,
				"y": 0.5,
				"z": 0.5
			},
			"neck":
			{
				"x": 0.5,
				"y": 0.5,
				"z": 0.5
			},
			"lowerAbdomen":
			{
				"x": 0.5,
				"y": 0.5,
				"z": 0.5
			},
			"abdomen":
			{
				"x": 0.5,
				"y": 0.5,
				"z": 0.5
			},
			"chest":
			{
				"x": 0.5,
				"y": 0.5,
				"z": 0.5
			},
			"hips":
			{
				"x": 0.5,
				"y": 0.5,
				"z": 0.5
			},
			"size":
			{
				"x": 0.5,
				"y": 0.5,
				"z": 0.5
			},
			"mouthGroup":
			{
				"x": 0.5,
				"y": 0.5,
				"z": 0.5
			},
			"noseGroup":
			{
				"x": 0.51958478800952435,
				"y": 0.50000759651993576,
				"z": 0.51001530885696411
			},
			"eyeGroup":
			{
				"x": 0.5,
				"y": 0.5,
				"z": 0.51001530885696411
			},
			"browGroup":
			{
				"x": 0.5242231972515583,
				"y": 0.49973271751514403,
				"z": 0.61016839742660522
			},
			"earGroup":
			{
				"x": 0.5,
				"y": 0.5,
				"z": 0.5
			},
			"jaw":
			{
				"x": 0.5,
				"y": 0.5,
				"z": 0.5
			},
			"eyeSocketL":
			{
				"x": 0.5,
				"y": 0.5,
				"z": 0.5
			},
			"eyeSocketR":
			{
				"x": 0.5,
				"y": 0.5,
				"z": 0.5
			},
			"eyeInnerR":
			{
				"x": 0.5,
				"y": 0.5,
				"z": 0.5
			},
			"eyeInnerL":
			{
				"x": 0.5,
				"y": 0.5,
				"z": 0.5
			},
			"eyeOuterL":
			{
				"x": 0.5,
				"y": 0.5,
				"z": 0.5
			},
			"eyeOuterR":
			{
				"x": 0.5,
				"y": 0.5,
				"z": 0.5
			},
			"smilerL":
			{
				"x": 0.5,
				"y": 0.5,
				"z": 0.5
			},
			"smilerR":
			{
				"x": 0.5,
				"y": 0.5,
				"z": 0.5
			},
			"forehead":
			{
				"x": 0.50489547429606318,
				"y": 0.50000262170442511,
				"z": 0.5
			},
			"cheeks":
			{
				"x": 0.5,
				"y": 0.5,
				"z": 0.5
			},
			"racialGroup":
			{
				"x": 0.5,
				"y": 0.5,
				"z": 0.5
			},
			"cCount":
			{
				"x": 0.5,
				"y": 0.5,
				"z": 0.5
			}
		}
	},
	"guid": "6064631211128848575",
	"name": "Vek_Male_Ears_5",
	"typeId": "8512355578663"
}