{
	"type": "Body",
	"icon": "None",
	"save":
	{
		"presetGuid": "0",
		"randomSeed": 346,
		"skinColorHue": 0.61666858196258545,
		"skinColorPigmentation": 0.49191579222679138,
		"skinSet": -1,
		"eyeColor": "108237979276920",
		"eyeShape": "0",
		"scleraShape": "6064630690389884928",
		"eyebrows": "0",
		"headHair": "6064630961557274638",
		"headHairRootColor": "108237979276920",
		"headHairTipColor": "108237979276920",
		"headHairLength": 0.15075814723968506,
		"headHairContrast": 0.15171666443347931,
		"headHairGradient": 0.27355793118476868,
		"facialHairLip": "0",
		"facialHairChin": "0",
		"facialHairCheek": "0",
		"facialHairLipLength": 0.56378209590911865,
		"facialHairChinLength": 0.47267279028892517,
		"facialHairCheekLength": 0.94982725381851196,
		"eyelashLength": 0,
		"facialHairRootColor": "108237979276920",
		"facialHairTipColor": "108237979276920",
		"facialHairContrast": 0.36300599575042725,
		"facialHairGradient": 0.36425116658210754,
		"nailColor": "0",
		"nailOpacity": 0,
		"decalData": [],
		"decalBlendGroups": [],
		"gender": "Female",
		"race": "Nikua",
		"class": "Mage",
		"faceMorphWeightMaps":
		{
			"nose_Bridge_Hooked_0": 0.44999998807907104,
			"forehead_Round": 0.56000000238418579,
			"temples_Sharp_0": 0.34999999403953552,
			"temples_Width": 0.54000002145767212,
			"cheekbone_UpDown": 0.62000000476837158,
			"cheekbone_Protrusion_0": 0.38999998569488525,
			"cheeks_Fat": 0.64999997615814209,
			"dimple_Right_0": 0.49000000953674316,
			"jaw_Corners_UpDown": 0.52999997138977051,
			"jaw_Corners_InOut": 0.57999998331069946,
			"jaw_Sharpness_0": 0.5899999737739563,
			"chin_UpDown": 0.69999998807907104,
			"chin_Wide_0": 0.67000001668930054,
			"chin_Pointy_0": 0.30000001192092896,
			"chin_Jutt": 0.40000000596046448,
			"chin_Cleft_0": 0.70999997854232788,
			"jowls_0": 0.62000000476837158,
			"snear_Right_0": 0.27000001072883606,
			"snear_Left_0": 0.49000000953674316,
			"lips_Corners_Pinch_0": 0.74000000953674316,
			"lips_Top_Thickness": 0.30000001192092896,
			"lips_Bottom_Thickness": 0.33000001311302185,
			"lips_Top_Outer_0": 0.51999998092651367,
			"lips_Bottom_Outer_0": 0.40000000596046448,
			"lips_Top_Middle_0": 0.38999998569488525,
			"lips_Bottom_Middle_0": 0.75,
			"lips_Top_Shape_0": 0.67000001668930054,
			"lips_Bottom_Shape_0": 0.87999999523162842,
			"lips_Top_Puff_0": 0.64999997615814209,
			"lips_Bottom_Puff_0": 0.34000000357627869,
			"eyebrows_Pinch": 0.64999997615814209,
			"eyebrows_Forward_0": 0.47999998927116394,
			"eyebrows_Inside_UpDown": 0.70999997854232788,
			"eyebrows_Middle_UpDown": 0.69999998807907104,
			"eyebrows_Outside_UpDown": 0.62999999523162842,
			"eyebrows_Cocked_Right_0": 0.69999998807907104,
			"eyebrows_Cocked_Left_0": 0.25999999046325684,
			"eyes_UpDown_OuterCorners": 0.75,
			"eyes_UpDown_InnerCorners": 0.47999998927116394,
			"eyes_EyelidThickness": 0.75,
			"eyes_Sag_0": 0.43999999761581421,
			"nose_Scale": 0.52999997138977051,
			"nose_Forward_0": 0.43999999761581421,
			"nose_BridgeWidth": 0.68999999761581421,
			"nose_Bridge_Sharp_0": 0.2800000011920929,
			"nose_Bridge_Hump_0": 0.4699999988079071,
			"nose_Tip_Wide_0": 0.68000000715255737,
			"nose_Tip_Narrow_0": 0.51999998092651367,
			"nose_Tip_Sharp_0": 0.55000001192092896,
			"nose_Tip_UpDown": 0.44999998807907104,
			"nose_Tip_Bulge_0": 0.46000000834465027,
			"nose_Tip_Snarl_0": 0.6600000262260437,
			"nose_NaselFold_0": 0.57999998331069946,
			"ears_Scale": 0.25999999046325684,
			"ears_Out": 0.63999998569488525,
			"ears_Rotate": 0.43999999761581421,
			"ears_Round_0": 0.5,
			"ears_Tips_Out": 0.60000002384185791,
			"ears_Tip_Pointy_0": 0.74000000953674316,
			"ears_Tips_UpDown": 0.34999999403953552,
			"ears_Middle_Pointy": 0.47999998927116394,
			"ears_Lobe_0": 0.74000000953674316,
			"dimple_Left_0": 0.37999999523162842,
			"nose_Tip_Height": 0.37000000476837158,
			"eyes_TopLid_InsideCorner": 0.4699999988079071,
			"eyes_TopLid_Middle": 0.40999999642372131,
			"eyes_TopLid_OutsideCorner": 0.44999998807907104,
			"eyes_BottomLid_OutsideCorner": 0.31000000238418579,
			"eyes_BottomLid_Middle": 0.31000000238418579,
			"eyes_BottomLid_InsideCorner": 0.31999999284744263,
			"lips_TopEdgeOut_0": 0.40999999642372131,
			"lips_BottomEdgeOut_0": 0.27000001072883606,
			"nose_UpDown": 0.41999998688697815,
			"jaw_Corners_ForwardBack": 0.40000000596046448,
			"philtrum": 0.34999999403953552,
			"faceWidth": 0.25999999046325684,
			"racial_1": 0.46000000834465027,
			"racial_2": 0.55000001192092896,
			"racial_3": 0.68999999761581421
		},
		"sectionsValues":
		{
			"none":
			{
				"rotationRoll": 0.52392983436584473,
				"rotationPitch": 0.58033853769302368,
				"rotationYaw": 0.3155205249786377,
				"scaleX": 0.27252167463302612,
				"scaleY": 0.36237907409667969,
				"scaleZ": 0.28625690937042236,
				"locationX": 0.93057787418365479,
				"locationY": 0.47243228554725647,
				"locationZ": 0.47250795364379883,
				"all": 0.73490530252456665
			},
			"lowerArms":
			{
				"rotationRoll": 0.69579792022705078,
				"rotationPitch": 0.26744264364242554,
				"rotationYaw": 0.4643646776676178,
				"scaleX": 0.5730631947517395,
				"scaleY": 0.63154995441436768,
				"scaleZ": 0.56861954927444458,
				"locationX": 0.39749172329902649,
				"locationY": 0.41785451769828796,
				"locationZ": 0.49193236231803894,
				"all": 0.57790940999984741
			},
			"upperArms":
			{
				"rotationRoll": 0.012189888395369053,
				"rotationPitch": 0.28076890110969543,
				"rotationYaw": 0.45047307014465332,
				"scaleX": 0.77406817674636841,
				"scaleY": 0.72304999828338623,
				"scaleZ": 0.67551505565643311,
				"locationX": 0.76513391733169556,
				"locationY": 0.63639909029006958,
				"locationZ": 0.31531816720962524,
				"all": 0.70676964521408081
			},
			"clavicle":
			{
				"rotationRoll": 0.57610493898391724,
				"rotationPitch": 0.44680392742156982,
				"rotationYaw": 0.55058026313781738,
				"scaleX": 0.49239924550056458,
				"scaleY": 0.55714172124862671,
				"scaleZ": 0.62115746736526489,
				"locationX": 0.70763784646987915,
				"locationY": 0.081769309937953949,
				"locationZ": 0.79837244749069214,
				"all": 0.57374495267868042
			},
			"thigh":
			{
				"rotationRoll": 0.49078527092933655,
				"rotationPitch": 0.49680465459823608,
				"rotationYaw": 0.64648568630218506,
				"scaleX": 0.65147602558135986,
				"scaleY": 0.46849054098129272,
				"scaleZ": 0.69859373569488525,
				"locationX": 0.51458758115768433,
				"locationY": 0.36196944117546082,
				"locationZ": 0.64220988750457764,
				"all": 0.45748522877693176
			},
			"calf":
			{
				"rotationRoll": 0.43303003907203674,
				"rotationPitch": 0.67097997665405273,
				"rotationYaw": 0.68344259262084961,
				"scaleX": 0.88823181390762329,
				"scaleY": 0.44621697068214417,
				"scaleZ": 0.42409822344779968,
				"locationX": 0.70058220624923706,
				"locationY": 0.28518712520599365,
				"locationZ": 0.79494839906692505,
				"all": 0.74160218238830566
			},
			"neck":
			{
				"rotationRoll": 0.64290088415145874,
				"rotationPitch": 0.43101286888122559,
				"rotationYaw": 0.64022219181060791,
				"scaleX": 0.66306525468826294,
				"scaleY": 0.53888094425201416,
				"scaleZ": 0.32411107420921326,
				"locationX": 0.46599078178405762,
				"locationY": 0.24801711738109589,
				"locationZ": 0.56270879507064819,
				"all": 0.58791810274124146
			},
			"lowerAbdomen":
			{
				"rotationRoll": 0.39229017496109009,
				"rotationPitch": 0.31528878211975098,
				"rotationYaw": 0.61218410730361938,
				"scaleX": 0.39335307478904724,
				"scaleY": 0.59057086706161499,
				"scaleZ": 0.42914876341819763,
				"locationX": 0.40280845761299133,
				"locationY": 0.56109869480133057,
				"locationZ": 0.45261171460151672,
				"all": 0.52047991752624512
			},
			"abdomen":
			{
				"rotationRoll": 0.34728792309761047,
				"rotationPitch": 0.38736459612846375,
				"rotationYaw": 0.54334735870361328,
				"scaleX": 0.29100212454795837,
				"scaleY": 0.37098801136016846,