{
	"type": "Full",
	"icon": "None",
	"save":
	{
		"presetGuid": "0",
		"randomSeed": 12570,
		"skinColorHue": 1,
		"skinColorPigmentation": 1,
		"normalDetailStrength01": 0,
		"normalDetailStrength02": 0,
		"skinSet": 2,
		"eyeColor": "6064631913027731458",
		"eyeShape": "0",
		"scleraShape": "6064630690389884928",
		"eyebrows": "6064630961557340187",
		"headHair": "6064631001579847680",
		"headHairRootColor": "6064631035959377923",
		"headHairTipColor": "6064631035959377923",
		"headHairLength": 0.018519986420869827,
		"headHairContrast": 0.28846457600593567,
		"headHairGradient": 0.04652983695268631,
		"facialHairLip": "6064630961557209093",
		"facialHairChin": "6064630961557209090",
		"facialHairCheek": "6064630961557405738",
		"facialHairLipLength": 0.88200581073760986,
		"facialHairChinLength": 0.22426511347293854,
		"facialHairCheekLength": 0.20300491154193878,
		"eyelashLength": 0,
		"facialHairRootColor": "6064631035959377923",
		"facialHairTipColor": "6064631035959377923",
		"facialHairContrast": 0.70604562759399414,
		"facialHairGradient": 0.20667678117752075,
		"nailColor": "0",
		"nailOpacity": 0,
		"decalData": [],
		"decalBlendGroups": [],
		"gender": "Male",
		"race": "Kaelar",
		"class": "Mage",
		"faceMorphWeightMaps":
		{
			"nose_Bridge_Hooked_0": 0.97000002861022949,
			"forehead_Round": 0.46000000834465027,
			"temples_Sharp_0": 0.67000001668930054,
			"temples_Width": 0.68999999761581421,
			"cheekbone_UpDown": 0.38999998569488525,
			"cheekbone_Protrusion_0": 0.37000000476837158,
			"cheeks_Fat": 0.62999999523162842,
			"dimple_Right_0": 0.40999999642372131,
			"jaw_Corners_UpDown": 0.32213038206100464,
			"jaw_Corners_InOut": 0,
			"jaw_Sharpness_0": 0,
			"chin_UpDown": 0.32213038206100464,
			"chin_Wide_0": 0,
			"chin_Pointy_0": 0.40000000596046448,
			"chin_Jutt": 0,
			"chin_Cleft_0": 0,
			"jowls_0": 0.32213038206100464,
			"snear_Right_0": 0.86000001430511475,
			"snear_Left_0": 0.5,
			"lips_Corners_Pinch_0": 0.56999999284744263,
			"lips_Top_Thickness": 0.75,
			"lips_Bottom_Thickness": 0.62999999523162842,
			"lips_Top_Outer_0": 0.10000000149011612,
			"lips_Bottom_Outer_0": 0.61000001430511475,
			"lips_Top_Middle_0": 0.46000000834465027,
			"lips_Bottom_Middle_0": 0.43000000715255737,
			"lips_Top_Shape_0": 0.55000001192092896,
			"lips_Bottom_Shape_0": 0.33000001311302185,
			"lips_Top_Puff_0": 0.059999998658895493,
			"lips_Bottom_Puff_0": 0.56999999284744263,
			"eyebrows_Pinch": 0.6600000262260437,
			"eyebrows_Forward_0": 0.38999998569488525,
			"eyebrows_Inside_UpDown": 0.40999999642372131,
			"eyebrows_Middle_UpDown": 0.68000000715255737,
			"eyebrows_Outside_UpDown": 0.33000001311302185,
			"eyebrows_Cocked_Right_0": 0.40999999642372131,
			"eyebrows_Cocked_Left_0": 0.34999999403953552,
			"eyes_UpDown_OuterCorners": 1,
			"eyes_UpDown_InnerCorners": 1,
			"eyes_EyelidThickness": 1,
			"eyes_Sag_0": 1,
			"nose_Scale": 0.69999998807907104,
			"nose_Forward_0": 0.75999999046325684,
			"nose_BridgeWidth": 0.51999998092651367,
			"nose_Bridge_Sharp_0": 0.46000000834465027,
			"nose_Bridge_Hump_0": 0.56000000238418579,
			"nose_Tip_Wide_0": 0.31000000238418579,
			"nose_Tip_Narrow_0": 0.50999999046325684,
			"nose_Tip_Sharp_0": 0.46000000834465027,
			"nose_Tip_UpDown": 0.34999999403953552,
			"nose_Tip_Bulge_0": 0.49000000953674316,
			"nose_Tip_Snarl_0": 0.5,
			"nose_NaselFold_0": 0.64999997615814209,
			"ears_Scale": 0.68000000715255737,
			"ears_Out": 0.50999999046325684,
			"ears_Rotate": 0.57999998331069946,
			"ears_Round_0": 0.36000001430511475,
			"ears_Tips_Out": 0.69999998807907104,
			"ears_Tip_Pointy_0": 0.4699999988079071,
			"ears_Tips_UpDown": 0.47999998927116394,
			"ears_Middle_Pointy": 0.89999997615814209,
			"ears_Lobe_0": 0.43000000715255737,
			"dimple_Left_0": 0.34000000357627869,
			"nose_Tip_Height": 0.68999999761581421,
			"eyes_TopLid_InsideCorner": 1,
			"eyes_TopLid_Middle": 1,
			"eyes_TopLid_OutsideCorner": 1,
			"eyes_BottomLid_OutsideCorner": 1,
			"eyes_BottomLid_Middle": 1,
			"eyes_BottomLid_InsideCorner": 1,
			"lips_TopEdgeOut_0": 0.68000000715255737,
			"lips_BottomEdgeOut_0": 0.62000000476837158,
			"nose_UpDown": 0.47999998927116394,
			"jaw_Corners_ForwardBack": 0,
			"philtrum": 0.63999998569488525,
			"faceWidth": 0.49000000953674316,
			"racial_1": 0.72000002861022949,
			"racial_2": 0.54000002145767212,
			"racial_3": 0.2199999988079071
		},
		"sectionsValues":
		{
			"none":
			{
				"x": 0.39376291288794307,
				"y": 0.38023193581721765,
				"z": 0.45241803259983948
			},
			"lowerArms":
			{
				"x": 0.56592052034854079,
				"y": 0.48120740689781316,
				"z": 0.50853889051364654
			},
			"upperArms":
			{
				"x": 0.33569720248858015,
				"y": 0.60922749090715655,
				"z": 0.64066843871945811
			},
			"clavicle":
			{
				"x": 0.79016750447033623,
				"y": 0.4035839740730181,
				"z": 0.80801593911678404
			},
			"thigh":
			{
				"x": 0.76821559437682607,
				"y": 0.50357897343957436,
				"z": 0.42360013398184565
			},
			"calf":
			{
				"x": 0.53279924406283852,
				"y": 0.52402353845909244,
				"z": 0.65291819122806405
			},
			"neck":
			{
				"x": 0.26179811750441528,
				"y": 0.80953517956129684,
				"z": 0.51997328496304984
			},
			"lowerAbdomen":
			{
				"x": 0.72580351390066633,
				"y": 0.39770769861607164,
				"z": 0.50638699556728539
			},
			"abdomen":
			{
				"x": 0.41443418334491627,
				"y": 0.78951410235981667,
				"z": 0.54168538499937569
			},
			"chest":
			{
				"x": 0.49156816751193083,
				"y": 0.65472766240807034,
				"z": 0.57789236813979583
			},
			"hips":
			{
				"x": 0.56433724382680228,
				"y": 0.50356833562614123,
				"z": 0.16183554547127005
			},
			"size":
			{
				"x": 0.82439873426742272,
				"y": 0.829474505534322,
				"z": 0.20726081683087505
			},
			"mouthGroup":
			{
				"x": 0.59599414145871499,
				"y": 0.44977000114718635,
				"z": 0.49736286308041644
			},
			"noseGroup":
			{
				"x": 0.10926627600565553,
				"y": 0,
				"z": 0
			},
			"eyeGroup":
			{
				"x": 0.8576283050634671,
				"y": 0.44892160028396189,
				"z": 0.72237752098590136
			},
			"browGroup":
			{
				"x": 0.52404805509168817,
				"y": 0.053474173744468778,
				"z": 0.51972083259966106
			},
			"earGroup":
			{
				"x": 0.51364032660436232,
				"y": 0.38879323103336899,
				"z": 0.44516670563048877
			},
			"jaw":
			{
				"x": 0.56806764438783985,
				"y": 0.55524677359914631,
				"z": 0
			},
			"eyeSocketL":
			{
				"x": 0.32158134094045165,
				"y": 0.64361317199486856,
				"z": 0.35140100070764757
			},
			"eyeSocketR":
			{
				"x": 0.29412575151517828,
				"y": 0.27118945281912532,
				"z": 0.80022144823896768
			},
			"eyeInnerR":
			{
				"x": 0.39467588765079953,
				"y": 0.60028803254457352,
				"z": 0.39270853793403526
			},
			"eyeInnerL":
			{
				"x": 0.48069948806441853,
				"y": 0.35931237750523609,
				"z": 0.47479803911349111
			},
			"eyeOuterL":
			{
				"x": 0.59518674935743687,
				"y": 0.32539428234163004,
				"z": 0.58135713975663905
			},
			"eyeOuterR":
			{
				"x": 0.59518441839321445,
				"y": 0.82660890712007462,
				"z": 0.67413305805859558
			},
			"smilerL":
			{
				"x": 0.46084746369614915,
				"y": 0.41770452525069468,
				"z": 0.43453837411979046
			},
			"smilerR":
			{
				"x": 0.68559627140378843,
				"y": 0.36667553585960322,
				"z": 0.40860467819552326
			},
			"forehead":
			{
				"x": 0.64416621646004002,
				"y": 0.58819863252894911,
				"z": 0.38518121352014179
			},
			"cheeks":
			{
				"x": 0.2917618457621719,
				"y": 0.30677074751864569,
				"z": 0
			},
			"racialGroup":
			{
				"x": 0.48426849698815039,
				"y": 0.5159521129324367,
				"z": 0.62409774907041748
			}
		}
	},
	"guid": "6064632304134979585",
	"name": "Kaelar_Male_Full_7",
	"typeId": "8512355578663"
}