{
	"type": "Full",
	"icon": "None",
	"save":
	{
		"presetGuid": "0",
		"randomSeed": 0,
		"skinColorHue": 1,
		"skinColorPigmentation": 0,
		"normalDetailStrength01": 0,
		"normalDetailStrength02": 0,
		"skinSet": 1,
		"eyeColor": "6064630669473415170",
		"eyeShape": "109222878467713",
		"scleraShape": "6064630690389884928",
		"eyebrows": "0",
		"headHair": "6064630961557209098",
		"headHairRootColor": "6064631035946401792",
		"headHairTipColor": "6064631035946401792",
		"headHairLength": 0.50171995162963867,
		"headHairContrast": 0,
		"headHairGradient": 0,
		"facialHairLip": "6064630961557340191",
		"facialHairChin": "6064630961557209099",
		"facialHairCheek": "6064631272084275200",
		"facialHairLipLength": 0,
		"facialHairChinLength": 0.58132427930831909,
		"facialHairCheekLength": 0,
		"eyelashLength": 0,
		"facialHairRootColor": "6064631035946401792",
		"facialHairTipColor": "6064631035946401792",
		"facialHairContrast": 0,
		"facialHairGradient": 0,
		"nailColor": "0",
		"nailOpacity": 0,
		"decalData": [],
		"decalBlendGroups": [],
		"gender": "Male",
		"race": "Vek",
		"class": "Mage",
		"faceMorphWeightMaps":
		{
			"forehead_Round": 0.42550110816955566,
			"temples_Width": 0.50255995988845825,
			"temples_Sharp_0": 1,
			"eyebrows_Thickness": 0.13305923342704773,
			"eyebrows_Shape1_0": 0.50966554880142212,
			"eyebrows_Pinch": -1,
			"eyebrows_Forward_0": 0,
			"eyebrows_Cocked_Left_0": 0.51778888702392578,
			"eyebrows_Outside_UpDown": 0.4417477548122406,
			"eyebrows_Middle_UpDown": 0.49048781394958496,
			"eyebrows_Inside_UpDown": 0.49048781394958496,
			"eyes_Sag_0": 0,
			"eyes_EyelidThickness": -1,
			"eyes_UpDown_InnerCorners": 0.50673449039459229,
			"eyes_UpDown_OuterCorners": 0.47424116730690002,
			"eyes_TopLid_OutsideCorner": 0.93913960456848145,
			"eyes_TopLid_Middle": 0.66530954837799072,
			"eyes_TopLid_InsideCorner": 0.66528129577636719,
			"eyes_BottomLid_OutsideCorner": 1,
			"eyes_BottomLid_Middle": 1,
			"eyes_BottomLid_InsideCorner": 1,
			"nose_Bridge_Hump_0": 0,
			"nose_BridgeWidth": 1,
			"nose_Bridge_Sharp_0": 0,
			"nose_Bridge_Hooked_0": 0,
			"nose_Broken_Left_0": 0.50966554880142212,
			"nose_Scale": -1,
			"nose_Tip_Narrow_0": 0.40406209230422974,
			"nose_Tip_Height": 0.36051422357559204,
			"nose_Tip_Sharp_0": 0,
			"nose_Tip_UpDown": 0.55547469854354858,
			"nose_Tip_Bulge_0": 0,
			"nose_NaselFold_0": 0,
			"nose_Tip_Snarl_0": 0.49048781394958496,
			"cheekbone_UpDown": 0.55547469854354858,
			"cheekbone_Protrusion_0": 0,
			"cheeks_Fat": 1,
			"faceWidth": 0.40000000596046448,
			"dimple_Left_0": 0,
			"dimple_Right_0": 0,
			"lips_Corners_Pinch_0": 1,
			"racial_1": -0.22436919808387756,
			"racial_2": 1,
			"lips_Top_Thickness": 1,
			"lips_Top_Shape_0": 1,
			"lips_Top_Middle_0": 0,
			"philtrum": 1,
			"lips_Top_Outer_0": 1,
			"lips_Top_Puff_0": 0,
			"lips_TopEdgeOut_0": 0,
			"lips_Bottom_Thickness": 1,
			"lips_Bottom_Shape_0": 0,
			"lips_Bottom_Middle_0": 0,
			"lips_Bottom_Outer_0": 0.57172131538391113,
			"lips_Bottom_Puff_0": 0,
			"lips_BottomEdgeOut_0": 0,
			"jaw_Corners_UpDown": 0.50673449039459229,
			"jaw_Corners_InOut": 0.29552626609802246,
			"jaw_Corners_ForwardBack": 0.49048781394958496,
			"jaw_Sharpness_0": 0,
			"chin_UpDown": 0.57172131538391113,
			"chin_Wide_0": 1,
			"chin_Jutt": 0.44044998288154602,
			"chin_Cleft_0": 0,
			"jowls_0": 0.95645225048065186,
			"ears_Rotate": 0.50673449039459229,
			"ears_Scale": -1,
			"ears_Out": 0,
			"ears_Lobe_0": 0,
			"ears_Round_0": 0,
			"ears_Middle_Pointy": 1,
			"ears_Tips_Out": -1,
			"ears_Tips_UpDown": -1,
			"ears_Tip_Pointy_0": 0,
			"nose_Broken_Right_0": 0,
			"nose_Tip_Wide_0": 0,
			"eyebrows_Shape2_0": 0,
			"eyebrows_Cocked_Right_0": 0,
			"chin_Pointy_0": 0
		},
		"sectionsValues":
		{
			"none":
			{
				"x": 0.5,
				"y": 0.5,
				"z": 0.5
			},
			"lowerArms":
			{
				"x": 0.5,
				"y": 0.5,
				"z": 0.5
			},
			"upperArms":
			{
				"x": 0.5,
				"y": 0.5,
				"z": 0.5
			},
			"clavicle":
			{
				"x": 0.5,
				"y": 0.5,
				"z": 0.5
			},
			"thigh":
			{
				"x": 0.5,
				"y": 0.5,
				"z": 0.5
			},
			"calf":
			{
				"x": 0.5,
				"y": 0.5,
				"z": 0.5
			},
			"neck":
			{
				"x": 0.5,
				"y": 0.5,
				"z": 0.5
			},
			"lowerAbdomen":
			{
				"x": 0.5,
				"y": 0.5,
				"z": 0.5
			},
			"abdomen":
			{
				"x": 0.5,
				"y": 0.5,
				"z": 0.5
			},
			"chest":
			{
				"x": 0.5,
				"y": 0.5,
				"z": 0.5
			},
			"hips":
			{
				"x": 0.5,
				"y": 0.5,
				"z": 0.5
			},
			"size":
			{
				"x": 0.5,
				"y": 0.5,
				"z": 0.5
			},
			"mouthGroup":
			{
				"x": 0.61826051189564168,
				"y": 0.48111382527713431,
				"z": 0.10015306621789932
			},
			"noseGroup":
			{
				"x": 0.5,
				"y": 0.5,
				"z": 0.5
			},
			"eyeGroup":
			{
				"x": 0.5,
				"y": 0.5,
				"z": 0.48998469114303589
			},
			"browGroup":
			{
				"x": 0.62210936890915036,
				"y": 0.4996569742088468,
				"z": 0.040061239153146744
			},
			"earGroup":
			{
				"x": 0.53860931098461151,
				"y": 0.49942454230040312,
				"z": 0
			},
			"jaw":
			{
				"x": 0.5,
				"y": 0.5,
				"z": 0.5
			},
			"eyeSocketL":
			{
				"x": 0.5,
				"y": 0.5,
				"z": 0.5
			},
			"eyeSocketR":
			{
				"x": 0.5,
				"y": 0.5,
				"z": 0.5
			},
			"eyeInnerR":
			{
				"x": 0.5,
				"y": 0.5,
				"z": 0.5
			},
			"eyeInnerL":
			{
				"x": 0.5,
				"y": 0.5,
				"z": 0.5
			},
			"eyeOuterL":
			{
				"x": 0.5,
				"y": 0.5,
				"z": 0.5
			},
			"eyeOuterR":
			{
				"x": 0.5,
				"y": 0.5,
				"z": 0.5
			},
			"smilerL":
			{
				"x": 0.5,
				"y": 0.5,
				"z": 0.5
			},
			"smilerR":
			{
				"x": 0.5,
				"y": 0.5,
				"z": 0.5
			},
			"forehead":
			{
				"x": 0.50489547429606318,
				"y": 0.50000262170442511,
				"z": 0.5
			},
			"cheeks":
			{
				"x": 0.5293062487617135,
				"y": 0.49991767380925012,
				"z": 0.73035210371017456
			},
			"racialGroup":
			{
				"x": 0.5,
				"y": 0.5,
				"z": 0.5
			},
			"cCount":
			{
				"x": 0.5,
				"y": 0.5,
				"z": 0.5
			}
		}
	},
	"guid": "6064632450142634010",
	"name": "VEK_Male_NPC_4",
	"typeId": "8512355578663"
}