{
	"type": "Full",
	"icon": "None",
	"save":
	{
		"presetGuid": "0",
		"randomSeed": 0,
		"skinColorHue": 0,
		"skinColorPigmentation": 1,
		"normalDetailStrength01": 0,
		"normalDetailStrength02": 0,
		"skinSet": 1,
		"eyeColor": "6064631913027731458",
		"eyeShape": "108136982730363",
		"scleraShape": "0",
		"eyebrows": "6064632071299072014",
		"headHair": "6064633587950092290",
		"headHairRootColor": "6064633582203699200",
		"headHairTipColor": "6064633582203699200",
		"headHairLength": 1,
		"headHairContrast": 0,
		"headHairGradient": 0,
		"facialHairLip": "6064633588010909704",
		"facialHairChin": "6064633588166623248",
		"facialHairCheek": "6064633588144341007",
		"facialHairLipLength": 0,
		"facialHairChinLength": 0,
		"facialHairCheekLength": 0,
		"eyelashLength": 0,
		"facialHairRootColor": "6064633582203699200",
		"facialHairTipColor": "6064633582203699200",
		"facialHairContrast": 0,
		"facialHairGradient": 0,
		"racialHorns": "0",
		"racialHornsLength": 0,
		"nailColor": "0",
		"nailOpacity": 0,
		"decalData": [],
		"decalBlendGroups": [
			{
				"decalAppearanceGuid": "6064632184562909184",
				"colorGuid": "0",
				"intensity": 0
			},
			{
				"decalAppearanceGuid": "6064631035312930818",
				"colorGuid": "0",
				"intensity": 0.7110297679901123
			}
		],
		"gender": "Male",
		"race": "Nikua",
		"class": "Ranger",
		"faceMorphWeightMaps":
		{
			"forehead_Round": 0.51807236671447754,
			"temples_Width": 0.49893516302108765,
			"temples_Sharp_0": 0,
			"nose_BridgeWidth": 0.50184708833694458,
			"nose_Bridge_Sharp_0": 0,
			"nose_Bridge_Hump_0": 0,
			"nose_Bridge_Hooked_0": 0,
			"nose_Scale": 0.3071536123752594,
			"nose_Broken_Left_0": 0.49944469332695007,
			"nose_Tip_Narrow_0": 0.077609702944755554,
			"nose_Tip_Height": -1,
			"nose_Tip_Sharp_0": 0,
			"lips_Corners_Pinch_0": 0.48036521673202515,
			"lips_Top_Thickness": 1,
			"lips_Top_Shape_0": 1,
			"lips_Top_Middle_0": 0,
			"philtrum": 0,
			"lips_Top_Outer_0": 0.50184708833694458,
			"lips_Top_Puff_0": 0,
			"lips_TopEdgeOut_0": 0,
			"lips_Bottom_Thickness": 1,
			"lips_Bottom_Shape_0": 0,
			"lips_Bottom_Middle_0": 0,
			"lips_Bottom_Outer_0": 0.50184708833694458,
			"lips_Bottom_Puff_0": 0,
			"lips_BottomEdgeOut_0": 0,
			"jaw_Corners_UpDown": 0.51807236671447754,
			"jaw_Corners_InOut": 0.51807236671447754,
			"jaw_Corners_ForwardBack": 0.48562300205230713,
			"jaw_Sharpness_0": 0,
			"chin_UpDown": 0.50184708833694458,
			"chin_Wide_0": 0.49944469332695007,
			"chin_Jutt": 0.493135005235672,
			"chin_Cleft_0": 0,
			"jowls_0": 0,
			"cheekbone_UpDown": 0.48562300205230713,
			"cheekbone_Protrusion_0": 0,
			"cheeks_Fat": 0.68031662702560425,
			"faceWidth": 0.51807236671447754,
			"dimple_Left_0": 0,
			"dimple_Right_0": 0,
			"ears_Rotate": 0.50184708833694458,
			"ears_Scale": 0.50184708833694458,
			"ears_Out": 0,
			"ears_Lobe_0": 0,
			"ears_Round_0": 0,
			"ears_Middle_Pointy": 0,
			"ears_Tips_Out": 0.50184708833694458,
			"ears_Tips_UpDown": 0.50184708833694458,
			"ears_Tip_Pointy_0": 0,
			"nose_Broken_Right_0": 0,
			"nose_Tip_Wide_0": 0,
			"nose_Tip_UpDown": 0.5,
			"nose_Tip_Bulge_0": 1,
			"nose_NaselFold_0": 1,
			"nose_Tip_Snarl_0": -0.34182289242744446,
			"eyes_Sag_0": 1,
			"eyes_EyelidThickness": 0.5,
			"eyes_UpDown_InnerCorners": 0.5,
			"eyes_UpDown_OuterCorners": 0.5,
			"eyes_TopLid_OutsideCorner": 0.5,
			"eyes_TopLid_Middle": 0.5,
			"eyes_TopLid_InsideCorner": 0.5,
			"eyes_BottomLid_OutsideCorner": 0.5,
			"eyes_BottomLid_Middle": 0.5,
			"eyes_BottomLid_InsideCorner": 0.5,
			"eyebrows_Thickness": 1,
			"eyebrows_Shape1_0": 0.78337287902832031,
			"eyebrows_Shape2_0": 0,
			"eyebrows_Pinch": 0.43694975972175598,
			"eyebrows_Forward_0": 1,
			"eyebrows_Cocked_Left_0": 0,
			"eyebrows_Cocked_Right_0": 0,
			"eyebrows_Outside_UpDown": 1,
			"eyebrows_Middle_UpDown": 0.42072570323944092,
			"eyebrows_Inside_UpDown": 0.50184708833694458,
			"chin_Pointy_0": 0
		},
		"sectionsValues":
		{
			"none":
			{
				"x": 0.5,
				"y": 0.5,
				"z": 0.5
			},
			"lowerArms":
			{
				"x": 0.60549390316009521,
				"y": 0.60549390316009521,
				"z": 0.60549390316009521
			},
			"upperArms":
			{
				"x": 0.60549390316009521,
				"y": 0.60549390316009521,
				"z": 0.60549390316009521
			},
			"clavicle":
			{
				"x": 0.60549390316009521,
				"y": 0.60549390316009521,
				"z": 0.60549390316009521
			},
			"thigh":
			{
				"x": 1,
				"y": 1,
				"z": 1
			},
			"calf":
			{
				"x": 1,
				"y": 1,
				"z": 1
			},
			"neck":
			{
				"x": 0.60549390316009521,
				"y": 0.60549390316009521,
				"z": 0.60549390316009521
			},
			"lowerAbdomen":
			{
				"x": 0.60549390316009521,
				"y": 0.60549390316009521,
				"z": 0.60549390316009521
			},
			"abdomen":
			{
				"x": 0.60549390316009521,
				"y": 0.60549390316009521,
				"z": 0.60549390316009521
			},
			"chest":
			{
				"x": 0.5,
				"y": 0.5,
				"z": 0.5
			},
			"hips":
			{
				"x": 0.60549390316009521,
				"y": 0.60549390316009521,
				"z": 0.60549390316009521
			},
			"size":
			{
				"x": 0.5,
				"y": 0.5,
				"z": 0.5
			},
			"mouthGroup":
			{
				"x": 0.50000181798213816,
				"y": 0.50046860289876349,
				"z": 0.51000154204666615
			},
			"noseGroup":
			{
				"x": 0.5,
				"y": 0.5,
				"z": 0.5
			},
			"eyeGroup":
			{
				"x": 0.5,
				"y": 0.5,
				"z": 0.5
			},
			"browGroup":
			{
				"x": 0.5,
				"y": 0.5,
				"z": 0.51000154204666615
			},
			"earGroup":
			{
				"x": 0.5,
				"y": 0.5,
				"z": 0.5
			},
			"jaw":
			{
				"x": 0.5,
				"y": 0.5,
				"z": 0.5
			},
			"eyeSocketL":
			{
				"x": 0.5,
				"y": 0.5,
				"z": 0.5
			},
			"eyeSocketR":
			{
				"x": 0.5,
				"y": 0.5,
				"z": 0.5
			},
			"eyeInnerR":
			{
				"x": 0.5,
				"y": 0.5,
				"z": 0.5
			},
			"eyeInnerL":
			{
				"x": 0.5,
				"y": 0.5,
				"z": 0.5
			},
			"eyeOuterL":
			{
				"x": 0.5,
				"y": 0.5,
				"z": 0.5
			},
			"eyeOuterR":
			{
				"x": 0.5,
				"y": 0.5,
				"z": 0.5
			},
			"smilerL":
			{
				"x": 0.5,
				"y": 0.5,
				"z": 0.5
			},
			"smilerR":
			{
				"x": 0.5,
				"y": 0.5,
				"z": 0.5
			},
			"forehead":
			{
				"x": 0.5,
				"y": 0.5,
				"z": 0.5
			},
			"cheeks":
			{
				"x": 0.49997436751255009,
				"y": 0.49889274511951953,
				"z": 0.5
			},
			"racialGroup":
			{
				"x": 0.5,
				"y": 0.5,
				"z": 0.5
			},
			"cCount":
			{
				"x": 0.5,
				"y": 0.5,
				"z": 0.5
			}
		}
	},
	"guid": "6064631211128849012",
	"name": "Nikua_Male_Full_4",
	"typeId": "8512355578663"
}