{
	"type": "Ears",
	"icon": "None",
	"save":
	{
		"presetGuid": "0",
		"randomSeed": 0,
		"skinColorHue": 0.5,
		"skinColorPigmentation": 0.30000001192092896,
		"normalDetailStrength01": 0,
		"normalDetailStrength02": 0,
		"skinSet": 1,
		"eyeColor": "6064631913016262657",
		"eyeShape": "108136968836729",
		"scleraShape": "0",
		"eyebrows": "6064632071299072014",
		"headHair": "6064633587972571141",
		"headHairRootColor": "6064631035946401792",
		"headHairTipColor": "6064631035946401792",
		"headHairLength": 0.49292251467704773,
		"headHairContrast": 0,
		"headHairGradient": 0,
		"facialHairLip": "6064632019650478080",
		"facialHairChin": "6064632019650478080",
		"facialHairCheek": "6064632019650478080",
		"facialHairLipLength": 0,
		"facialHairChinLength": 0,
		"facialHairCheekLength": 0,
		"eyelashLength": 0,
		"facialHairRootColor": "6064631035946401792",
		"facialHairTipColor": "6064631035946401792",
		"facialHairContrast": 0,
		"facialHairGradient": 0,
		"racialHorns": "0",
		"racialHornsLength": 0,
		"nailColor": "0",
		"nailOpacity": 0,
		"decalData": [],
		"decalBlendGroups": [],
		"gender": "Male",
		"race": "Nikua",
		"class": "Mage",
		"faceMorphWeightMaps":
		{
			"forehead_Round": 0.51807236671447754,
			"temples_Width": 0.49893516302108765,
			"temples_Sharp_0": 0,
			"nose_BridgeWidth": 0.50184708833694458,
			"nose_Bridge_Sharp_0": 0,
			"nose_Bridge_Hump_0": 0,
			"nose_Bridge_Hooked_0": 0,
			"nose_Scale": 0.5,
			"nose_Broken_Left_0": 0.49944469332695007,
			"nose_Tip_Narrow_0": 0.49944469332695007,
			"nose_Tip_Height": 0.5,
			"nose_Tip_Sharp_0": 0,
			"lips_Corners_Pinch_0": 0.48036521673202515,
			"lips_Top_Thickness": 0.50184708833694458,
			"lips_Top_Shape_0": 0,
			"lips_Top_Middle_0": 0,
			"philtrum": 0,
			"lips_Top_Outer_0": 0.50184708833694458,
			"lips_Top_Puff_0": 0,
			"lips_TopEdgeOut_0": 0,
			"lips_Bottom_Thickness": 0.50184708833694458,
			"lips_Bottom_Shape_0": 0,
			"lips_Bottom_Middle_0": 0,
			"lips_Bottom_Outer_0": 0.50184708833694458,
			"lips_Bottom_Puff_0": 0,
			"lips_BottomEdgeOut_0": 0,
			"jaw_Corners_UpDown": 0.51807236671447754,
			"jaw_Corners_InOut": 0.51807236671447754,
			"jaw_Corners_ForwardBack": 0.48562300205230713,
			"jaw_Sharpness_0": 0,
			"chin_UpDown": 0.50184708833694458,
			"chin_Wide_0": 0.49944469332695007,
			"chin_Jutt": 0.493135005235672,
			"chin_Cleft_0": 0,
			"jowls_0": 0,
			"cheekbone_UpDown": 0.48562300205230713,
			"cheekbone_Protrusion_0": 0,
			"cheeks_Fat": 0.48562300205230713,
			"faceWidth": 0.51807236671447754,
			"dimple_Left_0": 0,
			"dimple_Right_0": 0,
			"ears_Rotate": -1,
			"ears_Scale": 0.53429639339447021,
			"ears_Out": 0.26419049501419067,
			"ears_Lobe_0": 0,
			"ears_Round_0": 1,
			"ears_Middle_Pointy": 0,
			"ears_Tips_Out": 0.50184708833694458,
			"ears_Tips_UpDown": 0.50184708833694458,
			"ears_Tip_Pointy_0": 0,
			"nose_Broken_Right_0": 0,
			"nose_Tip_Wide_0": 0,
			"nose_Tip_UpDown": 0.5,
			"nose_Tip_Bulge_0": 0,
			"nose_NaselFold_0": 0,
			"nose_Tip_Snarl_0": 0.5,
			"eyes_Sag_0": 0,
			"eyes_EyelidThickness": 0.5,
			"eyes_UpDown_InnerCorners": 0.5,
			"eyes_UpDown_OuterCorners": 0.5,
			"eyes_TopLid_OutsideCorner": 0.5,
			"eyes_TopLid_Middle": 0.5,
			"eyes_TopLid_InsideCorner": 0.5,
			"eyes_BottomLid_OutsideCorner": 0.5,
			"eyes_BottomLid_Middle": 0.5,
			"eyes_BottomLid_InsideCorner": 0.5,
			"eyebrows_Thickness": 0.5,
			"eyebrows_Shape1_0": 0.5,
			"eyebrows_Shape2_0": 0,
			"eyebrows_Pinch": 0.5,
			"eyebrows_Forward_0": 0,
			"eyebrows_Cocked_Left_0": 0.50755733251571655,
			"eyebrows_Cocked_Right_0": 0,
			"eyebrows_Outside_UpDown": 0.48562300205230713,
			"eyebrows_Middle_UpDown": 0.50184708833694458,
			"eyebrows_Inside_UpDown": 0.50184708833694458,
			"chin_Pointy_0": 0
		},
		"sectionsValues":
		{
			"none":
			{
				"x": 0.5,
				"y": 0.5,
				"z": 0.5
			},
			"lowerArms":
			{
				"x": 0.5,
				"y": 0.5,
				"z": 0.5
			},
			"upperArms":
			{
				"x": 0.5,
				"y": 0.5,
				"z": 0.5
			},
			"clavicle":
			{
				"x": 0.5,
				"y": 0.5,
				"z": 0.5
			},
			"thigh":
			{
				"x": 0.5,
				"y": 0.5,
				"z": 0.5
			},
			"calf":
			{
				"x": 0.5,
				"y": 0.5,
				"z": 0.5
			},
			"neck":
			{
				"x": 0.5,
				"y": 0.5,
				"z": 0.5
			},
			"lowerAbdomen":
			{
				"x": 0.5,
				"y": 0.5,
				"z": 0.5
			},
			"abdomen":
			{
				"x": 0.5,
				"y": 0.5,
				"z": 0.5
			},
			"chest":
			{
				"x": 0.5,
				"y": 0.5,
				"z": 0.5
			},
			"hips":
			{
				"x": 0.5,
				"y": 0.5,
				"z": 0.5
			},
			"size":
			{
				"x": 0.5,
				"y": 0.5,
				"z": 0.5
			},
			"mouthGroup":
			{
				"x": 0.50000181798213816,
				"y": 0.50046860289876349,
				"z": 0.48999845795333385
			},
			"noseGroup":
			{
				"x": 0.5,
				"y": 0.5,
				"z": 0.5
			},
			"eyeGroup":
			{
				"x": 0.5,
				"y": 0.5,
				"z": 0.5
			},
			"browGroup":
			{
				"x": 0.5,
				"y": 0.5,
				"z": 0.5
			},
			"earGroup":
			{
				"x": 0.50001963198963395,
				"y": 0.50095810963830445,
				"z": 0.18002775683999062
			},
			"jaw":
			{
				"x": 0.5,
				"y": 0.5,
				"z": 0.5
			},
			"eyeSocketL":
			{
				"x": 0.5,
				"y": 0.5,
				"z": 0.5
			},
			"eyeSocketR":
			{
				"x": 0.5,
				"y": 0.5,
				"z": 0.5
			},
			"eyeInnerR":
			{
				"x": 0.5,
				"y": 0.5,
				"z": 0.5
			},
			"eyeInnerL":
			{
				"x": 0.5,
				"y": 0.5,
				"z": 0.5
			},
			"eyeOuterL":
			{
				"x": 0.5,
				"y": 0.5,
				"z": 0.5
			},
			"eyeOuterR":
			{
				"x": 0.5,
				"y": 0.5,
				"z": 0.5
			},
			"smilerL":
			{
				"x": 0.5,
				"y": 0.5,
				"z": 0.5
			},
			"smilerR":
			{
				"x": 0.5,
				"y": 0.5,
				"z": 0.5
			},
			"forehead":
			{
				"x": 0.5,
				"y": 0.5,
				"z": 0.5
			},
			"cheeks":
			{
				"x": 0.5,
				"y": 0.5,
				"z": 0.5
			},
			"racialGroup":
			{
				"x": 0.5,
				"y": 0.5,
				"z": 0.5
			},
			"cCount":
			{
				"x": 0.5,
				"y": 0.5,
				"z": 0.5
			}
		}
	},
	"guid": "6064631211128848992",
	"name": "Nikua_Male_Ears_2",
	"typeId": "8512355578663"
}