{
	"type": "Body",
	"icon": "None",
	"save":
	{
		"presetGuid": "0",
		"randomSeed": 32375,
		"skinColorHue": 0.36405560374259949,
		"skinColorPigmentation": 0.45906448364257812,
		"skinSet": 0,
		"eyeColor": "108237979276920",
		"eyeShape": "0",
		"scleraShape": "6064630690389884928",
		"eyebrows": "0",
		"headHair": "0",
		"headHairRootColor": "108238860801658",
		"headHairTipColor": "108238860801658",
		"headHairLength": 0.098814643919467926,
		"headHairContrast": 0.21869061887264252,
		"headHairGradient": 0.0093384115025401115,
		"facialHairLip": "0",
		"facialHairChin": "0",
		"facialHairCheek": "0",
		"facialHairLipLength": 0.21252389252185822,
		"facialHairChinLength": 0.055644117295742035,
		"facialHairCheekLength": 0.6286923885345459,
		"eyelashLength": 0,
		"facialHairRootColor": "108238860801658",
		"facialHairTipColor": "108238860801658",
		"facialHairContrast": 0.61308950185775757,
		"facialHairGradient": 0.58656769990921021,
		"nailColor": "0",
		"nailOpacity": 0,
		"decalData": [],
		"decalBlendGroups": [],
		"gender": "Male",
		"race": "Renkai",
		"class": "Mage",
		"faceMorphWeightMaps":
		{
			"nose_Bridge_Hooked_0": 0.36000001430511475,
			"forehead_Round": 0.79000002145767212,
			"temples_Sharp_0": 0.20999999344348907,
			"temples_Width": 0.40000000596046448,
			"cheekbone_UpDown": 0.61000001430511475,
			"cheekbone_Protrusion_0": 0.46000000834465027,
			"cheeks_Fat": 0.43000000715255737,
			"dimple_Right_0": 0.43000000715255737,
			"jaw_Corners_UpDown": 0.40000000596046448,
			"jaw_Corners_InOut": 0.44999998807907104,
			"jaw_Sharpness_0": 0.5899999737739563,
			"chin_UpDown": 0.31000000238418579,
			"chin_Wide_0": 0.47999998927116394,
			"chin_Pointy_0": 0.2199999988079071,
			"chin_Jutt": 0.52999997138977051,
			"chin_Cleft_0": 0.31000000238418579,
			"jowls_0": 0.57999998331069946,
			"snear_Right_0": 0.73000001907348633,
			"snear_Left_0": 0.49000000953674316,
			"lips_Corners_Pinch_0": 0.5,
			"lips_Top_Thickness": 0.54000002145767212,
			"lips_Bottom_Thickness": 0.28999999165534973,
			"lips_Top_Outer_0": 0.60000002384185791,
			"lips_Bottom_Outer_0": 0.37000000476837158,
			"lips_Top_Middle_0": 0.56999999284744263,
			"lips_Bottom_Middle_0": 0.55000001192092896,
			"lips_Top_Shape_0": 0.73000001907348633,
			"lips_Bottom_Shape_0": 0.31999999284744263,
			"lips_Top_Puff_0": 0.73000001907348633,
			"lips_Bottom_Puff_0": 0.25999999046325684,
			"eyebrows_Pinch": 0.37999999523162842,
			"eyebrows_Forward_0": 0.40000000596046448,
			"eyebrows_Inside_UpDown": 0.62000000476837158,
			"eyebrows_Middle_UpDown": 0.54000002145767212,
			"eyebrows_Outside_UpDown": 0.75999999046325684,
			"eyebrows_Cocked_Right_0": 0.54000002145767212,
			"eyebrows_Cocked_Left_0": 0.37999999523162842,
			"eyes_UpDown_OuterCorners": 0.50999999046325684,
			"eyes_UpDown_InnerCorners": 0.47999998927116394,
			"eyes_EyelidThickness": 0.44999998807907104,
			"eyes_Sag_0": 0.40000000596046448,
			"nose_Scale": 0.46000000834465027,
			"nose_Forward_0": 0.18999999761581421,
			"nose_BridgeWidth": 0.37999999523162842,
			"nose_Bridge_Sharp_0": 0.77999997138977051,
			"nose_Bridge_Hump_0": 0.5,
			"nose_Tip_Wide_0": 0.80000001192092896,
			"nose_Tip_Narrow_0": 0.93999999761581421,
			"nose_Tip_Sharp_0": 0.68000000715255737,
			"nose_Tip_UpDown": 0.43000000715255737,
			"nose_Tip_Bulge_0": 0.5899999737739563,
			"nose_Tip_Snarl_0": 0.63999998569488525,
			"nose_NaselFold_0": 0.43000000715255737,
			"ears_Scale": 0.20000000298023224,
			"ears_Out": 0.60000002384185791,
			"ears_Rotate": 0.17000000178813934,
			"ears_Round_0": 0.5899999737739563,
			"ears_Tips_Out": 0.4699999988079071,
			"ears_Tip_Pointy_0": 0.5899999737739563,
			"ears_Tips_UpDown": 0.6600000262260437,
			"ears_Middle_Pointy": 0.70999997854232788,
			"ears_Lobe_0": 0.94999998807907104,
			"dimple_Left_0": 0.56999999284744263,
			"nose_Tip_Height": 0.44999998807907104,
			"eyes_TopLid_InsideCorner": 0.60000002384185791,
			"eyes_TopLid_Middle": 0.5,
			"eyes_TopLid_OutsideCorner": 0.49000000953674316,
			"eyes_BottomLid_OutsideCorner": 0.2800000011920929,
			"eyes_BottomLid_Middle": 0.43000000715255737,
			"eyes_BottomLid_InsideCorner": 0.68000000715255737,
			"lips_TopEdgeOut_0": 0.52999997138977051,
			"lips_BottomEdgeOut_0": 0.49000000953674316,
			"nose_UpDown": 0.60000002384185791,
			"jaw_Corners_ForwardBack": 0.49000000953674316,
			"philtrum": 0.55000001192092896,
			"faceWidth": 0.37000000476837158,
			"racial_1": 0.75999999046325684,
			"racial_2": 0.62999999523162842,
			"racial_3": 0.80000001192092896
		},
		"sectionsValues":
		{
			"none":
			{
				"rotationRoll": 0.42496231198310852,
				"rotationPitch": 0.87818282842636108,
				"rotationYaw": 0.46117696166038513,
				"scaleX": 0.47508174180984497,
				"scaleY": 0.78406143188476562,
				"scaleZ": 0.2643425464630127,
				"locationX": 0.47277745604515076,
				"locationY": 0.62102055549621582,
				"locationZ": 0.22101899981498718,
				"all": 0.47599530220031738
			},
			"lowerArms":
			{
				"rotationRoll": 0.2928059995174408,
				"rotationPitch": 0.31083711981773376,
				"rotationYaw": 0.66685301065444946,
				"scaleX": 0.67842453718185425,
				"scaleY": 0.58685183525085449,
				"scaleZ": 0.61801153421401978,
				"locationX": 0.56613379716873169,
				"locationY": 0.6304660439491272,
				"locationZ": 0.64016461372375488,
				"all": 0.26666978001594543
			},
			"upperArms":
			{
				"rotationRoll": 0.55119973421096802,
				"rotationPitch": 0.27226108312606812,
				"rotationYaw": 0.54651451110839844,
				"scaleX": 0.43979471921920776,
				"scaleY": 0.45908179879188538,
				"scaleZ": 0.51938718557357788,
				"locationX": 0.37176549434661865,
				"locationY": 0.24618293344974518,
				"locationZ": 0.476239413022995,
				"all": 0.54977285861968994
			},
			"clavicle":
			{
				"rotationRoll": 0.24769279360771179,
				"rotationPitch": 0.54849827289581299,
				"rotationYaw": 0.40073278546333313,
				"scaleX": 0.78393566608428955,
				"scaleY": 0.55053412914276123,
				"scaleZ": 0.39921301603317261,
				"locationX": 0.30278888344764709,
				"locationY": 0.49089768528938293,
				"locationZ": 0.55997699499130249,
				"all": 0.6075853705406189
			},
			"thigh":
			{
				"rotationRoll": 0.60984539985656738,
				"rotationPitch": 0.66208487749099731,
				"rotationYaw": 0.69651424884796143,
				"scaleX": 0.42474189400672913,
				"scaleY": 0.27819365262985229,
				"scaleZ": 0.53361767530441284,
				"locationX": 0.46133396029472351,
				"locationY": 0.43967702984809875,
				"locationZ": 0.47007337212562561,
				"all": 0.39829117059707642
			},
			"calf":
			{
				"rotationRoll": 0.68628120422363281,
				"rotationPitch": 0.64128708839416504,
				"rotationYaw": 0.45664852857589722,
				"scaleX": 0.63837122917175293,
				"scaleY": 0.57134413719177246,
				"scaleZ": 0.47186130285263062,
				"locationX": 0.27541720867156982,
				"locationY": 0.67335891723632812,
				"locationZ": 0.50425088405609131,
				"all": 0.60488438606262207
			},
			"neck":
			{
				"rotationRoll": 0.53214561939239502,
				"rotationPitch": 0.61063414812088013,
				"rotationYaw": 0.37354138493537903,
				"scaleX": 0.19180332124233246,
				"scaleY": 0.45571520924568176,
				"scaleZ": 0.76711642742156982,
				"locationX": 0.75054222345352173,
				"locationY": 0.64483588933944702,
				"locationZ": 0.54461473226547241,
				"all": 0.14810623228549957
			},
			"lowerAbdomen":
			{
				"rotationRoll": 0.91021686792373657,
				"rotationPitch": 0.81652659177780151,
				"rotationYaw": 0.41773274540901184,
				"scaleX": 0.24103479087352753,
				"scaleY": 0.43301630020141602,
				"scaleZ": 0.58301907777786255,
				"locationX": 0.38821995258331299,
				"locationY": 0.61227351427078247,
				"locationZ": 0.82465600967407227,
				"all": 0.63069683313369751
			},
			"abdomen":
			{
				"rotationRoll": 0.61030071973800659,
				"rotationPitch": 0.74522650241851807,
				"rotationYaw": 0.35974955558776855,
				"scaleX": 0.58269268274307251,
				"scaleY": 0.22310294210910797,