{
	"type": "Body",
	"icon": "None",
	"save":
	{
		"presetGuid": "0",
		"randomSeed": 4986,
		"skinColorHue": 0.48785287141799927,
		"skinColorPigmentation": 0.33069190382957458,
		"skinSet": -1,
		"eyeColor": "108238840485496",
		"eyeShape": "0",
		"scleraShape": "6064630690389884928",
		"eyebrows": "0",
		"headHair": "0",
		"headHairRootColor": "108237979276920",
		"headHairTipColor": "108237979276920",
		"headHairLength": 0.45149961113929749,
		"headHairContrast": 0.5331999659538269,
		"headHairGradient": 0.35276094079017639,
		"facialHairLip": "0",
		"facialHairChin": "0",
		"facialHairCheek": "0",
		"facialHairLipLength": 0.45075616240501404,
		"facialHairChinLength": 0.36677154898643494,
		"facialHairCheekLength": 0.051705688238143921,
		"eyelashLength": 0,
		"facialHairRootColor": "108237979276920",
		"facialHairTipColor": "108237979276920",
		"facialHairContrast": 0.64345204830169678,
		"facialHairGradient": 0.19634820520877838,
		"nailColor": "0",
		"nailOpacity": 0,
		"decalData": [],
		"decalBlendGroups": [],
		"gender": "Male",
		"race": "Nikua",
		"class": "Mage",
		"faceMorphWeightMaps":
		{
			"nose_Bridge_Hooked_0": 0.15000000596046448,
			"forehead_Round": 0.49000000953674316,
			"temples_Sharp_0": 0.37000000476837158,
			"temples_Width": 0.62000000476837158,
			"cheekbone_UpDown": 0.31000000238418579,
			"cheekbone_Protrusion_0": 0.64999997615814209,
			"cheeks_Fat": 0.38999998569488525,
			"dimple_Right_0": 0.56999999284744263,
			"jaw_Corners_UpDown": 0.55000001192092896,
			"jaw_Corners_InOut": 0.67000001668930054,
			"jaw_Sharpness_0": 0.47999998927116394,
			"chin_UpDown": 0.40000000596046448,
			"chin_Wide_0": 0.51999998092651367,
			"chin_Pointy_0": 0.37999999523162842,
			"chin_Jutt": 0.54000002145767212,
			"chin_Cleft_0": 0.5899999737739563,
			"jowls_0": 0.67000001668930054,
			"snear_Right_0": 0.40999999642372131,
			"snear_Left_0": 0.49000000953674316,
			"lips_Corners_Pinch_0": 0.41999998688697815,
			"lips_Top_Thickness": 0.56000000238418579,
			"lips_Bottom_Thickness": 0.30000001192092896,
			"lips_Top_Outer_0": 0.57999998331069946,
			"lips_Bottom_Outer_0": 0.4699999988079071,
			"lips_Top_Middle_0": 0.40000000596046448,
			"lips_Bottom_Middle_0": 0.51999998092651367,
			"lips_Top_Shape_0": 0.33000001311302185,
			"lips_Bottom_Shape_0": 0.69999998807907104,
			"lips_Top_Puff_0": 0.60000002384185791,
			"lips_Bottom_Puff_0": 0.61000001430511475,
			"eyebrows_Pinch": 0.23999999463558197,
			"eyebrows_Forward_0": 0.33000001311302185,
			"eyebrows_Inside_UpDown": 0.44999998807907104,
			"eyebrows_Middle_UpDown": 0.5,
			"eyebrows_Outside_UpDown": 0.61000001430511475,
			"eyebrows_Cocked_Right_0": 0.46000000834465027,
			"eyebrows_Cocked_Left_0": 0.54000002145767212,
			"eyes_UpDown_OuterCorners": 0.49000000953674316,
			"eyes_UpDown_InnerCorners": 0.40999999642372131,
			"eyes_EyelidThickness": 0.28999999165534973,
			"eyes_Sag_0": 0.72000002861022949,
			"nose_Scale": 0.34000000357627869,
			"nose_Forward_0": 0.36000001430511475,
			"nose_BridgeWidth": 0.56999999284744263,
			"nose_Bridge_Sharp_0": 0.20999999344348907,
			"nose_Bridge_Hump_0": 0.25999999046325684,
			"nose_Tip_Wide_0": 0.47999998927116394,
			"nose_Tip_Narrow_0": 0.5,
			"nose_Tip_Sharp_0": 0.36000001430511475,
			"nose_Tip_UpDown": 0.56999999284744263,
			"nose_Tip_Bulge_0": 0.5899999737739563,
			"nose_Tip_Snarl_0": 0.23000000417232513,
			"nose_NaselFold_0": 0.64999997615814209,
			"ears_Scale": 0.69999998807907104,
			"ears_Out": 0.44999998807907104,
			"ears_Rotate": 0.57999998331069946,
			"ears_Round_0": 0.2800000011920929,
			"ears_Tips_Out": 0.52999997138977051,
			"ears_Tip_Pointy_0": 0.62999999523162842,
			"ears_Tips_UpDown": 0.63999998569488525,
			"ears_Middle_Pointy": 0.49000000953674316,
			"ears_Lobe_0": 0.57999998331069946,
			"dimple_Left_0": 0.56000000238418579,
			"nose_Tip_Height": 0.61000001430511475,
			"eyes_TopLid_InsideCorner": 0.57999998331069946,
			"eyes_TopLid_Middle": 0.49000000953674316,
			"eyes_TopLid_OutsideCorner": 0.37999999523162842,
			"eyes_BottomLid_OutsideCorner": 0.43000000715255737,
			"eyes_BottomLid_Middle": 0.49000000953674316,
			"eyes_BottomLid_InsideCorner": 0.6600000262260437,
			"lips_TopEdgeOut_0": 0.67000001668930054,
			"lips_BottomEdgeOut_0": 0.20000000298023224,
			"nose_UpDown": 0.31999999284744263,
			"jaw_Corners_ForwardBack": 0.14000000059604645,
			"philtrum": 0.52999997138977051,
			"faceWidth": 0.77999997138977051,
			"racial_1": 0.27000001072883606,
			"racial_2": 0.36000001430511475,
			"racial_3": 0.67000001668930054
		},
		"sectionsValues":
		{
			"none":
			{
				"rotationRoll": 0.14924781024456024,
				"rotationPitch": 0.37035515904426575,
				"rotationYaw": 0.097536258399486542,
				"scaleX": 0.40707290172576904,
				"scaleY": 0.40753895044326782,
				"scaleZ": 0.66821891069412231,
				"locationX": 0.77549839019775391,
				"locationY": 0.2749086320400238,
				"locationZ": 0.71930205821990967,
				"all": 0.35255181789398193
			},
			"lowerArms":
			{
				"rotationRoll": 0.46349632740020752,
				"rotationPitch": 0.33518147468566895,
				"rotationYaw": 0.46942314505577087,
				"scaleX": 0.46323284506797791,
				"scaleY": 0.35403403639793396,
				"scaleZ": 0.51505953073501587,
				"locationX": 0.33283910155296326,
				"locationY": 0.3155784010887146,
				"locationZ": 0.68195599317550659,
				"all": 0.42558202147483826
			},
			"upperArms":
			{
				"rotationRoll": 0.69973599910736084,
				"rotationPitch": 0.2261805534362793,
				"rotationYaw": 0.46075516939163208,
				"scaleX": 0.69851869344711304,
				"scaleY": 0.62541383504867554,
				"scaleZ": 0.47314310073852539,
				"locationX": 0.47837591171264648,
				"locationY": 0.31481188535690308,
				"locationZ": 0.31457486748695374,
				"all": 0.83164668083190918
			},
			"clavicle":
			{
				"rotationRoll": 0.71808797121047974,
				"rotationPitch": 0.62243115901947021,
				"rotationYaw": 0.49767637252807617,
				"scaleX": 0.70859849452972412,
				"scaleY": 0.33538460731506348,
				"scaleZ": 0.54647195339202881,
				"locationX": 0.53567802906036377,
				"locationY": 0.38448783755302429,
				"locationZ": 0.5132976770401001,
				"all": 0.39884799718856812
			},
			"thigh":
			{
				"rotationRoll": 0.49443086981773376,
				"rotationPitch": 0.67821693420410156,
				"rotationYaw": 0.32310578227043152,
				"scaleX": 0.59340375661849976,
				"scaleY": 0.28162547945976257,
				"scaleZ": 0.45838227868080139,
				"locationX": 0.45885321497917175,
				"locationY": 0.60583388805389404,
				"locationZ": 0.52513980865478516,
				"all": 0.49073311686515808
			},
			"calf":
			{
				"rotationRoll": 0.60829567909240723,
				"rotationPitch": 0.24778217077255249,
				"rotationYaw": 0.34550294280052185,
				"scaleX": 0.77737349271774292,
				"scaleY": 0.270143061876297,
				"scaleZ": 0.6315302848815918,
				"locationX": 0.2821505069732666,
				"locationY": 0.56895273923873901,
				"locationZ": 0.31483456492424011,
				"all": 0.28497043251991272
			},
			"neck":
			{
				"rotationRoll": 0.70108544826507568,
				"rotationPitch": 0.52002674341201782,
				"rotationYaw": 0.29024165868759155,
				"scaleX": 0.46953442692756653,
				"scaleY": 0.61836439371109009,
				"scaleZ": 0.56554734706878662,
				"locationX": 0.50987100601196289,
				"locationY": 0.54881781339645386,
				"locationZ": 0.77828758955001831,
				"all": 0.36360588669776917
			},
			"lowerAbdomen":
			{
				"rotationRoll": 0.46665215492248535,
				"rotationPitch": 0.50153803825378418,
				"rotationYaw": 0.3815457820892334,
				"scaleX": 0.44534087181091309,
				"scaleY": 0.36886239051818848,
				"scaleZ": 0.41461455821990967,
				"locationX": 0.50006121397018433,
				"locationY": 0.58535486459732056,
				"locationZ": 0.24901257455348969,
				"all": 0.686698317527771
			},
			"abdomen":
			{
				"rotationRoll": 0.51919478178024292,
				"rotationPitch": 0.63821530342102051,
				"rotationYaw": 0.46757841110229492,
				"scaleX": 0.34074878692626953,
				"scaleY": 0.50112694501876831,