{
	"type": "Mouth",
	"icon": "None",
	"save":
	{
		"presetGuid": "0",
		"randomSeed": 32177,
		"skinColorHue": 0.5515865683555603,
		"skinColorPigmentation": 0.46392065286636353,
		"normalDetailStrength01": 0,
		"normalDetailStrength02": 0,
		"skinSet": 1,
		"eyeColor": "108238840485496",
		"eyeShape": "108136968836729",
		"scleraShape": "6064630690389884928",
		"eyebrows": "6064630961557209089",
		"headHair": "6064630961557209097",
		"headHairRootColor": "108238860801658",
		"headHairTipColor": "108238860801658",
		"headHairLength": 0.74943000078201294,
		"headHairContrast": 0.53869342803955078,
		"headHairGradient": 0.64012259244918823,
		"facialHairLip": "0",
		"facialHairChin": "0",
		"facialHairCheek": "0",
		"facialHairLipLength": 0.11203772574663162,
		"facialHairChinLength": 0.023364035412669182,
		"facialHairCheekLength": 0.40678974986076355,
		"eyelashLength": 0,
		"facialHairRootColor": "6064631035946401792",
		"facialHairTipColor": "6064631035946401792",
		"facialHairContrast": 0.66636234521865845,
		"facialHairGradient": 0.10803850740194321,
		"nailColor": "0",
		"nailOpacity": 0,
		"decalData": [],
		"decalBlendGroups": [],
		"gender": "Female",
		"race": "Empyrean",
		"class": "Mage",
		"faceMorphWeightMaps":
		{
			"nose_Bridge_Hooked_0": 0,
			"forehead_Round": 0.29551956057548523,
			"temples_Sharp_0": 0,
			"temples_Width": -0.4300103485584259,
			"cheekbone_UpDown": 0.068063884973526001,
			"cheekbone_Protrusion_0": 0,
			"cheeks_Fat": 0.78292161226272583,
			"dimple_Right_0": 0,
			"jaw_Corners_UpDown": 0.57999998331069946,
			"jaw_Corners_InOut": 0.5899999737739563,
			"jaw_Sharpness_0": 0,
			"chin_UpDown": 0.50999999046325684,
			"chin_Wide_0": 0.25999999046325684,
			"chin_Pointy_0": 0.44999998807907104,
			"chin_Jutt": 0.53999996185302734,
			"chin_Cleft_0": 0.5,
			"jowls_0": 0,
			"snear_Right_0": 0.65999996662139893,
			"snear_Left_0": 0.47999998927116394,
			"lips_Corners_Pinch_0": 0.38634955883026123,
			"lips_Top_Thickness": 1,
			"lips_Bottom_Thickness": 0.66919481754302979,
			"lips_Top_Outer_0": 0.83723145723342896,
			"lips_Bottom_Outer_0": 0.71964371204376221,
			"lips_Top_Middle_0": 0.63151639699935913,
			"lips_Bottom_Middle_0": 0.24159015715122223,
			"lips_Top_Shape_0": 1,
			"lips_Bottom_Shape_0": 0.42842811346054077,
			"lips_Top_Puff_0": 0.43655145168304443,
			"lips_Bottom_Puff_0": 0.47999998927116394,
			"eyebrows_Pinch": 0.81541502475738525,
			"eyebrows_Forward_0": 0.73711657524108887,
			"eyebrows_Inside_UpDown": 0.40999999642372131,
			"eyebrows_Middle_UpDown": 0.57999998331069946,
			"eyebrows_Outside_UpDown": 0.57999998331069946,
			"eyebrows_Cocked_Right_0": 0.55000001192092896,
			"eyebrows_Cocked_Left_0": 0.55840229988098145,
			"eyes_UpDown_OuterCorners": 0.50999999046325684,
			"eyes_UpDown_InnerCorners": 0.42999997735023499,
			"eyes_EyelidThickness": 0.48999997973442078,
			"eyes_Sag_0": 0.68999999761581421,
			"nose_Scale": 0.50672650337219238,
			"nose_Forward_0": 0.41999998688697815,
			"nose_BridgeWidth": 0.27927291393280029,
			"nose_Bridge_Sharp_0": 0,
			"nose_Bridge_Hump_0": 0,
			"nose_Tip_Wide_0": 0.35999998450279236,
			"nose_Tip_Narrow_0": 0.85269069671630859,
			"nose_Tip_Sharp_0": 0,
			"nose_Tip_UpDown": 0.50672650337219238,
			"nose_Tip_Bulge_0": 0,
			"nose_Tip_Snarl_0": 0.58796125650405884,
			"nose_NaselFold_0": 0,
			"ears_Scale": 0.051817167550325394,
			"ears_Out": 0.50966191291809082,
			"ears_Rotate": -0.061909638345241547,
			"ears_Round_0": 0.46092146635055542,
			"ears_Tips_Out": 0.26302483677864075,
			"ears_Tip_Pointy_0": 0,
			"ears_Tips_UpDown": 0.10055793821811676,
			"ears_Middle_Pointy": 0.035570524632930756,
			"ears_Lobe_0": 0.2305314689874649,
			"dimple_Left_0": 0,
			"nose_Tip_Height": 0.69652354717254639,
			"eyes_TopLid_InsideCorner": 0.35999998450279236,
			"eyes_TopLid_Middle": 0.65999996662139893,
			"eyes_TopLid_OutsideCorner": 0.31999999284744263,
			"eyes_BottomLid_OutsideCorner": 0.5899999737739563,
			"eyes_BottomLid_Middle": 0.64999997615814209,
			"eyes_BottomLid_InsideCorner": 0.35999998450279236,
			"lips_TopEdgeOut_0": 0.4040580689907074,
			"lips_BottomEdgeOut_0": 0.39999997615814209,
			"nose_UpDown": 0.56000000238418579,
			"jaw_Corners_ForwardBack": 0.40999999642372131,
			"philtrum": 0,
			"faceWidth": 0.59999996423721313,
			"racial_1": 0.59999996423721313,
			"racial_2": 0.37999999523162842,
			"racial_3": 0.5,
			"nose_Broken_Left_0": 0.50153857469558716,
			"eyebrows_Shape1_0": 0.46904519200325012,
			"eyebrows_Thickness": 0.42549315094947815,
			"nose_Broken_Right_0": 0,
			"eyebrows_Shape2_0": 0
		},
		"sectionsValues":
		{
			"none":
			{
				"x": 0.29105863636084478,
				"y": 0.43764355340325034,
				"z": 0.77233096393028866
			},
			"lowerArms":
			{
				"x": 0.5422460103945741,
				"y": 0.69591282177596514,
				"z": 0.73260002800953661
			},
			"upperArms":
			{
				"x": 0.35686024255319981,
				"y": 0.66817103539395961,
				"z": 0.44381723500761167
			},
			"clavicle":
			{
				"x": 0.37251703798821917,
				"y": 0.50777163544656723,
				"z": 0.47184307622569999
			},
			"thigh":
			{
				"x": 0.57409233948828942,
				"y": 0.62509801615274463,
				"z": 0.42940886053055149
			},
			"calf":
			{
				"x": 0.86156911891494947,
				"y": 0.33921058024785833,
				"z": 0.40690642211415168
			},
			"neck":
			{
				"x": 0.3353218482494088,
				"y": 0.83746029126392252,
				"z": 0.45905509806829975
			},
			"lowerAbdomen":
			{
				"x": 0.40154047683513006,
				"y": 0.45466530093450025,
				"z": 0.4462095071999212
			},
			"abdomen":
			{
				"x": 0.83670611829854558,
				"y": 0.57610524726144263,
				"z": 0.52224324991139115
			},
			"chest":
			{
				"x": 0.48458242033964882,
				"y": 0.32045421367889931,
				"z": 0.59067274587793539
			},
			"hips":
			{
				"x": 0.62590910835758473,
				"y": 0.50753844007130433,
				"z": 0.31911626630165446
			},
			"size":
			{
				"x": 0.3230958275631331,
				"y": 0.4072083450561601,
				"z": 0.23814652211855319
			},
			"mouthGroup":
			{
				"x": 0.50213576721595232,
				"y": 0.31462199290130888,
				"z": 0.48258353911388918
			},
			"noseGroup":
			{
				"x": 0.43743629746508661,
				"y": 0.044310286839390756,
				"z": 0.54198570847827543
			},
			"eyeGroup":
			{
				"x": 0.66113262430043274,
				"y": 0.42424107550967977,
				"z": 0.3650251800850185
			},
			"browGroup":
			{
				"x": 0.35004788474942727,
				"y": 0.38096408829280498,
				"z": 0.85978567600250244
			},
			"earGroup":
			{
				"x": 0.4281986869656017,
				"y": 0.51924873662781035,
				"z": 0.55084196478128433
			},
			"jaw":
			{
				"x": 0.46594943684701484,
				"y": 0.46699754358927625,
				"z": 0.49382289704653021
			},
			"eyeSocketL":
			{
				"x": 0.36476685110679136,
				"y": 0.44859527290839368,
				"z": 0.37694640258618528
			},
			"eyeSocketR":
			{
				"x": 0.24128861826001335,
				"y": 0.55094548931043985,
				"z": 0.23786140582779414
			},
			"eyeInnerR":
			{
				"x": 0.67087752132525558,
				"y": 0.58904219155576509,
				"z": 0.48382346558312189
			},
			"eyeInnerL":
			{
				"x": 0.34455541480775054,
				"y": 0.86719786998425064,
				"z": 0.50802389562787909
			},
			"eyeOuterL":
			{
				"x": 0.55465834329805497,
				"y": 0.62846662536855391,
				"z": 0.47652711907888801
			},
			"eyeOuterR":
			{
				"x": 0.62812744631983419,
				"y": 0.37161615712071361,
				"z": 0.58821613249163585
			},
			"smilerL":
			{
				"x": 0.53144889676770379,
				"y": 0.50661057613245231,
				"z": 0.419214880507779
			},
			"smilerR":
			{
				"x": 0.4469748676635793,
				"y": 0.60198059982796503,
				"z": 0.84665233085415581
			},
			"forehead":
			{
				"x": 0.50305191632914359,
				"y": 0.4301763518191275,
				"z": 0.49011350506725815
			},
			"cheeks":
			{
				"x": 0.46315507000326306,
				"y": 0.3769500034391936,
				"z": 0.27955426506961611
			},
			"racialGroup":
			{
				"x": 0.47036363394249248,
				"y": 0.43908373980571319,
				"z": 0.50334897233591847
			},
			"cCount":
			{
				"x": 0.5,
				"y": 0.5,