{
	"type": "FaceShape",
	"icon": "None",
	"save":
	{
		"presetGuid": "0",
		"randomSeed": 4786,
		"skinColorHue": 0.53918200731277466,
		"skinColorPigmentation": 0.33558470010757446,
		"skinSet": 1,
		"eyeColor": "6064630669473415170",
		"eyeShape": "0",
		"scleraShape": "6064630690392047617",
		"eyebrows": "0",
		"headHair": "6064630961557405734",
		"headHairRootColor": "6064630707203407875",
		"headHairTipColor": "6064630707203407875",
		"headHairLength": 0.73273128271102905,
		"headHairContrast": 0.2994120717048645,
		"headHairGradient": 0.15588623285293579,
		"facialHairLip": "0",
		"facialHairChin": "0",
		"facialHairCheek": "0",
		"facialHairLipLength": 0.17210152745246887,
		"facialHairChinLength": 0.45844489336013794,
		"facialHairCheekLength": 0.018356496468186378,
		"eyelashLength": 0,
		"facialHairRootColor": "6064630707203407875",
		"facialHairTipColor": "6064630707203407875",
		"facialHairContrast": 0.68159937858581543,
		"facialHairGradient": 0.70757138729095459,
		"nailColor": "0",
		"nailOpacity": 0,
		"decalData": [],
		"decalBlendGroups": [],
		"gender": "Female",
		"race": "Vek",
		"class": "Mage",
		"faceMorphWeightMaps":
		{
			"nose_Bridge_Hooked_0": 0.74000000953674316,
			"forehead_Round": 0.67000001668930054,
			"temples_Sharp_0": 0.88999998569488525,
			"temples_Width": 0.55000001192092896,
			"cheekbone_UpDown": 0.34000000357627869,
			"cheekbone_Protrusion_0": 0.55000001192092896,
			"cheeks_Fat": 0.4699999988079071,
			"dimple_Right_0": 0.55000001192092896,
			"jaw_Corners_UpDown": 0.49000000953674316,
			"jaw_Corners_InOut": 0.63999998569488525,
			"jaw_Sharpness_0": 0.76999998092651367,
			"chin_UpDown": 0.74000000953674316,
			"chin_Wide_0": 0,
			"chin_Pointy_0": 0.69999998807907104,
			"chin_Jutt": 0.54000002145767212,
			"chin_Cleft_0": 0.56999999284744263,
			"jowls_0": 0.37999999523162842,
			"snear_Right_0": 0.49000000953674316,
			"snear_Left_0": 0.50999999046325684,
			"lips_Corners_Pinch_0": 0.37999999523162842,
			"lips_Top_Thickness": 0.56999999284744263,
			"lips_Bottom_Thickness": 0.37000000476837158,
			"lips_Top_Outer_0": 0.55000001192092896,
			"lips_Bottom_Outer_0": 0.52999997138977051,
			"lips_Top_Middle_0": 0.69999998807907104,
			"lips_Bottom_Middle_0": 0.5899999737739563,
			"lips_Top_Shape_0": 0.47999998927116394,
			"lips_Bottom_Shape_0": 0.56999999284744263,
			"lips_Top_Puff_0": 0.56999999284744263,
			"lips_Bottom_Puff_0": 0.44999998807907104,
			"eyebrows_Pinch": 0.23999999463558197,
			"eyebrows_Forward_0": 0.70999997854232788,
			"eyebrows_Inside_UpDown": 0.34000000357627869,
			"eyebrows_Middle_UpDown": 0.4699999988079071,
			"eyebrows_Outside_UpDown": 0.63999998569488525,
			"eyebrows_Cocked_Right_0": 0.5,
			"eyebrows_Cocked_Left_0": 0.52999997138977051,
			"eyes_UpDown_OuterCorners": 0.51999998092651367,
			"eyes_UpDown_InnerCorners": 0.68000000715255737,
			"eyes_EyelidThickness": 0.40999999642372131,
			"eyes_Sag_0": 0.41999998688697815,
			"nose_Scale": 0.38999998569488525,
			"nose_Forward_0": 0.79000002145767212,
			"nose_BridgeWidth": 0.56000000238418579,
			"nose_Bridge_Sharp_0": 0.64999997615814209,
			"nose_Bridge_Hump_0": 0.25999999046325684,
			"nose_Tip_Wide_0": 0.5,
			"nose_Tip_Narrow_0": 0.55000001192092896,
			"nose_Tip_Sharp_0": 0.41999998688697815,
			"nose_Tip_UpDown": 0.60000002384185791,
			"nose_Tip_Bulge_0": 0.51999998092651367,
			"nose_Tip_Snarl_0": 0.55000001192092896,
			"nose_NaselFold_0": 0.75,
			"ears_Scale": 0.67000001668930054,
			"ears_Out": 0.60000002384185791,
			"ears_Rotate": 0.54000002145767212,
			"ears_Round_0": 0.43000000715255737,
			"ears_Tips_Out": 0.52999997138977051,
			"ears_Tip_Pointy_0": 0.46000000834465027,
			"ears_Tips_UpDown": 0.34999999403953552,
			"ears_Middle_Pointy": 0.5,
			"ears_Lobe_0": 0.49000000953674316,
			"dimple_Left_0": 0.31000000238418579,
			"nose_Tip_Height": 0.34999999403953552,
			"eyes_TopLid_InsideCorner": 0.37000000476837158,
			"eyes_TopLid_Middle": 0.5,
			"eyes_TopLid_OutsideCorner": 0.14000000059604645,
			"eyes_BottomLid_OutsideCorner": 0.27000001072883606,
			"eyes_BottomLid_Middle": 0.20999999344348907,
			"eyes_BottomLid_InsideCorner": 0.43000000715255737,
			"lips_TopEdgeOut_0": 0.54000002145767212,
			"lips_BottomEdgeOut_0": 0.4699999988079071,
			"nose_UpDown": 0.81999999284744263,
			"jaw_Corners_ForwardBack": 0.28999999165534973,
			"philtrum": 0.63999998569488525,
			"faceWidth": 0.47999998927116394,
			"racial_1": 0.70999997854232788,
			"racial_2": 0.50999999046325684,
			"racial_3": 0.40999999642372131
		},
		"sectionsValues":
		{
			"none":
			{
				"rotationRoll": 0.47303679585456848,
				"rotationPitch": 0.28724184632301331,
				"rotationYaw": 0.6761963963508606,
				"scaleX": 0.77901911735534668,
				"scaleY": 0.60916489362716675,
				"scaleZ": 0.78041166067123413,
				"locationX": 0.34813868999481201,
				"locationY": 0.35236632823944092,
				"locationZ": 0.57791078090667725,
				"all": 0.57613372802734375
			},
			"lowerArms":
			{
				"rotationRoll": 0.45757105946540833,
				"rotationPitch": 0.29917284846305847,
				"rotationYaw": 0.40900671482086182,
				"scaleX": 0.64708489179611206,
				"scaleY": 0.56459587812423706,
				"scaleZ": 0.38207927346229553,
				"locationX": 0.58669477701187134,
				"locationY": 0.57013100385665894,
				"locationZ": 0.25131243467330933,
				"all": 0.70289123058319092
			},
			"upperArms":
			{
				"rotationRoll": 0.27694571018218994,
				"rotationPitch": 0.68734252452850342,
				"rotationYaw": 0.36439600586891174,
				"scaleX": 0.68531554937362671,
				"scaleY": 0.48457515239715576,
				"scaleZ": 0.64552104473114014,
				"locationX": 0.51738303899765015,
				"locationY": 0.68330115079879761,
				"locationZ": 0.66843026876449585,
				"all": 0.43414261937141418
			},
			"clavicle":
			{
				"rotationRoll": 0.35047423839569092,
				"rotationPitch": 0.48857772350311279,
				"rotationYaw": 0.21204718947410583,
				"scaleX": 0.29626563191413879,
				"scaleY": 0.35635000467300415,
				"scaleZ": 0.23700046539306641,
				"locationX": 0.40758925676345825,
				"locationY": 0.33349865674972534,
				"locationZ": 0.24624896049499512,
				"all": 0.59566336870193481
			},
			"thigh":
			{
				"rotationRoll": 0.20310777425765991,
				"rotationPitch": 0.50013899803161621,
				"rotationYaw": 0.52499234676361084,
				"scaleX": 0.63780361413955688,
				"scaleY": 0.57128679752349854,
				"scaleZ": 0.36941155791282654,
				"locationX": 0.66826379299163818,
				"locationY": 0.42049840092658997,
				"locationZ": 0.56835365295410156,
				"all": 0.83100903034210205
			},
			"calf":
			{
				"rotationRoll": 0.32223325967788696,
				"rotationPitch": 0.44246870279312134,
				"rotationYaw": 0.5225864052772522,
				"scaleX": 0.38566216826438904,
				"scaleY": 0.60780751705169678,
				"scaleZ": 0.61783134937286377,
				"locationX": 0.5000266432762146,
				"locationY": 0.18253965675830841,
				"locationZ": 0.5380326509475708,
				"all": 0.33992385864257812
			},
			"neck":
			{
				"rotationRoll": 0.42463412880897522,
				"rotationPitch": 0.54459887742996216,
				"rotationYaw": 0.49888268113136292,
				"scaleX": 0.30290666222572327,
				"scaleY": 0.60660856962203979,
				"scaleZ": 0.67121762037277222,
				"locationX": 0.41879180073738098,
				"locationY": 0.33881354331970215,
				"locationZ": 0.59509706497192383,
				"all": 0.58819860219955444
			},
			"lowerAbdomen":
			{
				"rotationRoll": 0.28153213858604431,
				"rotationPitch": 0.48215919733047485,
				"rotationYaw": 0.37645947933197021,
				"scaleX": 0.42248424887657166,
				"scaleY": 0.2231680154800415,
				"scaleZ": 0.40869474411010742,
				"locationX": 0.43948453664779663,
				"locationY": 0.41437366604804993,
				"locationZ": 0.5209805965423584,
				"all": 0.35648232698440552
			},
			"abdomen":
			{
				"rotationRoll": 0.8423151969909668,
				"rotationPitch": 0.60374349355697632,
				"rotationYaw": 0.58012259006500244,
				"scaleX": 0.5111846923828125,
				"scaleY": 0.53795677423477173,
				"scaleZ": 0.51892650127410889,