{
	"type": "Body",
	"icon": "None",
	"save":
	{
		"presetGuid": "0",
		"randomSeed": 807,
		"skinColorHue": 0.54521536827087402,
		"skinColorPigmentation": 0.44024255871772766,
		"skinSet": -1,
		"eyeColor": "108238840485496",
		"eyeShape": "0",
		"scleraShape": "6064630690389884928",
		"eyebrows": "0",
		"headHair": "6064630961557274638",
		"headHairRootColor": "108238860801658",
		"headHairTipColor": "108238860801658",
		"headHairLength": 0.13772746920585632,
		"headHairContrast": 0.067430540919303894,
		"headHairGradient": 0.65714973211288452,
		"facialHairLip": "0",
		"facialHairChin": "0",
		"facialHairCheek": "0",
		"facialHairLipLength": 0.066853761672973633,
		"facialHairChinLength": 0.16395053267478943,
		"facialHairCheekLength": 0.14454308152198792,
		"eyelashLength": 0,
		"facialHairRootColor": "108238860801658",
		"facialHairTipColor": "108238860801658",
		"facialHairContrast": 0.54709142446517944,
		"facialHairGradient": 0.25589856505393982,
		"nailColor": "0",
		"nailOpacity": 0,
		"decalData": [],
		"decalBlendGroups": [],
		"gender": "Female",
		"race": "Nikua",
		"class": "Mage",
		"faceMorphWeightMaps":
		{
			"nose_Bridge_Hooked_0": 0.18999999761581421,
			"forehead_Round": 0.43999999761581421,
			"temples_Sharp_0": 0.43999999761581421,
			"temples_Width": 0.64999997615814209,
			"cheekbone_UpDown": 0.74000000953674316,
			"cheekbone_Protrusion_0": 0.70999997854232788,
			"cheeks_Fat": 0.87999999523162842,
			"dimple_Right_0": 0.37999999523162842,
			"jaw_Corners_UpDown": 0.5899999737739563,
			"jaw_Corners_InOut": 0.30000001192092896,
			"jaw_Sharpness_0": 0.92000001668930054,
			"chin_UpDown": 0.37999999523162842,
			"chin_Wide_0": 0.57999998331069946,
			"chin_Pointy_0": 0.67000001668930054,
			"chin_Jutt": 0.50999999046325684,
			"chin_Cleft_0": 0.34000000357627869,
			"jowls_0": 0.9100000262260437,
			"snear_Right_0": 0.62000000476837158,
			"snear_Left_0": 0.80000001192092896,
			"lips_Corners_Pinch_0": 0.81000000238418579,
			"lips_Top_Thickness": 0.80000001192092896,
			"lips_Bottom_Thickness": 0.62999999523162842,
			"lips_Top_Outer_0": 0.31000000238418579,
			"lips_Bottom_Outer_0": 0.64999997615814209,
			"lips_Top_Middle_0": 0.49000000953674316,
			"lips_Bottom_Middle_0": 0.64999997615814209,
			"lips_Top_Shape_0": 0.15000000596046448,
			"lips_Bottom_Shape_0": 0.68999999761581421,
			"lips_Top_Puff_0": 0.28999999165534973,
			"lips_Bottom_Puff_0": 0.5899999737739563,
			"eyebrows_Pinch": 0.5899999737739563,
			"eyebrows_Forward_0": 0.52999997138977051,
			"eyebrows_Inside_UpDown": 0.67000001668930054,
			"eyebrows_Middle_UpDown": 0.37000000476837158,
			"eyebrows_Outside_UpDown": 0.62000000476837158,
			"eyebrows_Cocked_Right_0": 0.019999999552965164,
			"eyebrows_Cocked_Left_0": 0.50999999046325684,
			"eyes_UpDown_OuterCorners": 0.44999998807907104,
			"eyes_UpDown_InnerCorners": 0.28999999165534973,
			"eyes_EyelidThickness": 0.99000000953674316,
			"eyes_Sag_0": 0.37999999523162842,
			"nose_Scale": 0.40999999642372131,
			"nose_Forward_0": 0.57999998331069946,
			"nose_BridgeWidth": 0.40000000596046448,
			"nose_Bridge_Sharp_0": 0.18000000715255737,
			"nose_Bridge_Hump_0": 0.43999999761581421,
			"nose_Tip_Wide_0": 0.68000000715255737,
			"nose_Tip_Narrow_0": 0.56999999284744263,
			"nose_Tip_Sharp_0": 0.50999999046325684,
			"nose_Tip_UpDown": 0.81000000238418579,
			"nose_Tip_Bulge_0": 0.43999999761581421,
			"nose_Tip_Snarl_0": 0.34999999403953552,
			"nose_NaselFold_0": 0.60000002384185791,
			"ears_Scale": 0.25999999046325684,
			"ears_Out": 0.2800000011920929,
			"ears_Rotate": 0.12999999523162842,
			"ears_Round_0": 0.31999999284744263,
			"ears_Tips_Out": 0.31000000238418579,
			"ears_Tip_Pointy_0": 0.20000000298023224,
			"ears_Tips_UpDown": 0.73000001907348633,
			"ears_Middle_Pointy": 0.70999997854232788,
			"ears_Lobe_0": 0.68000000715255737,
			"dimple_Left_0": 0.31999999284744263,
			"nose_Tip_Height": 0.75,
			"eyes_TopLid_InsideCorner": 0.50999999046325684,
			"eyes_TopLid_Middle": 0.62000000476837158,
			"eyes_TopLid_OutsideCorner": 0.56000000238418579,
			"eyes_BottomLid_OutsideCorner": 0.70999997854232788,
			"eyes_BottomLid_Middle": 0.6600000262260437,
			"eyes_BottomLid_InsideCorner": 0.8399999737739563,
			"lips_TopEdgeOut_0": 0.46000000834465027,
			"lips_BottomEdgeOut_0": 0.63999998569488525,
			"nose_UpDown": 0.34999999403953552,
			"jaw_Corners_ForwardBack": 0.40999999642372131,
			"philtrum": 0.31999999284744263,
			"faceWidth": 0.62000000476837158,
			"racial_1": 0.44999998807907104,
			"racial_2": 0.56000000238418579,
			"racial_3": 0.76999998092651367
		},
		"sectionsValues":
		{
			"none":
			{
				"rotationRoll": 0.53804653882980347,
				"rotationPitch": 0.31518054008483887,
				"rotationYaw": 0.83707726001739502,
				"scaleX": 0.38365212082862854,
				"scaleY": 0.20079141855239868,
				"scaleZ": 0.3993956446647644,
				"locationX": 0.60100841522216797,
				"locationY": 0.46831220388412476,
				"locationZ": 0.24028001725673676,
				"all": 0.45462331175804138
			},
			"lowerArms":
			{
				"rotationRoll": 0.95477443933486938,
				"rotationPitch": 0.36480361223220825,
				"rotationYaw": 0.70374679565429688,
				"scaleX": 0.45055475831031799,
				"scaleY": 0.36121231317520142,
				"scaleZ": 0.49848735332489014,
				"locationX": 0.7737046480178833,
				"locationY": 0.44147962331771851,
				"locationZ": 0.66162848472595215,
				"all": 0.6408119797706604
			},
			"upperArms":
			{
				"rotationRoll": 0.56306779384613037,
				"rotationPitch": 0.38674968481063843,
				"rotationYaw": 0.61929416656494141,
				"scaleX": 0.55450403690338135,
				"scaleY": 0.29493552446365356,
				"scaleZ": 0.74914562702178955,
				"locationX": 0.78274786472320557,
				"locationY": 0.51420235633850098,
				"locationZ": 0.35638147592544556,
				"all": 0.52004462480545044
			},
			"clavicle":
			{
				"rotationRoll": 0.63651400804519653,
				"rotationPitch": 0.68091088533401489,
				"rotationYaw": 0.4752272367477417,
				"scaleX": 0.54708987474441528,
				"scaleY": 0.24421046674251556,
				"scaleZ": 0.62821859121322632,
				"locationX": 0.69682478904724121,
				"locationY": 0.39338994026184082,
				"locationZ": 0.82957744598388672,
				"all": 0.26706084609031677
			},
			"thigh":
			{
				"rotationRoll": 0.30176150798797607,
				"rotationPitch": 0.51287853717803955,
				"rotationYaw": 0.70126444101333618,
				"scaleX": 0.72320717573165894,
				"scaleY": 0.61588305234909058,
				"scaleZ": 0.51418852806091309,
				"locationX": 0.28701463341712952,
				"locationY": 0.22501038014888763,
				"locationZ": 0.36128136515617371,
				"all": 0.49242335557937622
			},
			"calf":
			{
				"rotationRoll": 0.59379315376281738,
				"rotationPitch": 0.61740463972091675,
				"rotationYaw": 0.487418532371521,
				"scaleX": 0.51322495937347412,
				"scaleY": 0.23199036717414856,
				"scaleZ": 0.41270643472671509,
				"locationX": 0.57430720329284668,
				"locationY": 0.29790231585502625,
				"locationZ": 0.49565175175666809,
				"all": 0.47718650102615356
			},
			"neck":
			{
				"rotationRoll": 0.61673468351364136,
				"rotationPitch": 0.67986094951629639,
				"rotationYaw": 0.45680010318756104,
				"scaleX": 0.48590975999832153,
				"scaleY": 0.50138336420059204,
				"scaleZ": 0.46523174643516541,
				"locationX": 0.76329660415649414,
				"locationY": 0.6121445894241333,
				"locationZ": 0.14434173703193665,
				"all": 0.63348770141601562
			},
			"lowerAbdomen":
			{
				"rotationRoll": 0.58210211992263794,
				"rotationPitch": 0.67157250642776489,
				"rotationYaw": 0.29497170448303223,
				"scaleX": 0.42570298910140991,
				"scaleY": 0.46339869499206543,
				"scaleZ": 0.62045937776565552,
				"locationX": 0.42968788743019104,
				"locationY": 0.69659978151321411,
				"locationZ": 0.5285491943359375,
				"all": 0.225336953997612
			},
			"abdomen":
			{
				"rotationRoll": 0.3953496515750885,
				"rotationPitch": 0.53732317686080933,
				"rotationYaw": 0.37274491786956787,
				"scaleX": 0.41661316156387329,