{
	"type": "Eyes",
	"icon": "None",
	"save":
	{
		"presetGuid": "0",
		"randomSeed": 0,
		"skinColorHue": 0.5,
		"skinColorPigmentation": 0.30000001192092896,
		"normalDetailStrength01": 0,
		"normalDetailStrength02": 0,
		"skinSet": 0,
		"eyeColor": "6064630669472497664",
		"eyeShape": "108136968836729",
		"scleraShape": "0",
		"eyebrows": "6064630961557209089",
		"headHair": "6064632109576355840",
		"headHairRootColor": "6064630707191808000",
		"headHairTipColor": "6064630707191808000",
		"headHairLength": 0,
		"headHairContrast": 0,
		"headHairGradient": 0,
		"facialHairLip": "0",
		"facialHairChin": "0",
		"facialHairCheek": "0",
		"facialHairLipLength": 0,
		"facialHairChinLength": 0,
		"facialHairCheekLength": 0,
		"eyelashLength": 0,
		"facialHairRootColor": "0",
		"facialHairTipColor": "0",
		"facialHairContrast": 0,
		"facialHairGradient": 0,
		"nailColor": "0",
		"nailOpacity": 0,
		"decalData": [],
		"decalBlendGroups": [],
		"gender": "Female",
		"race": "Empyrean",
		"class": "Mage",
		"faceMorphWeightMaps":
		{
			"eyes_Sag_0": 0.68999999761581421,
			"eyes_EyelidThickness": 0.48999997973442078,
			"eyes_UpDown_InnerCorners": 0.42999997735023499,
			"eyes_UpDown_OuterCorners": 0.50999999046325684,
			"eyes_TopLid_OutsideCorner": 0.31999999284744263,
			"eyes_TopLid_Middle": 0.65999996662139893,
			"eyes_TopLid_InsideCorner": 0.35999998450279236,
			"eyes_BottomLid_OutsideCorner": 0.5899999737739563,
			"eyes_BottomLid_Middle": 0.64999997615814209,
			"eyes_BottomLid_InsideCorner": 0.35999998450279236,
			"eyebrows_Thickness": 0.42549315094947815,
			"eyebrows_Shape1_0": 0.46904519200325012,
			"eyebrows_Shape2_0": 0,
			"eyebrows_Pinch": 0.81541502475738525,
			"eyebrows_Forward_0": 0.73711657524108887,
			"eyebrows_Cocked_Left_0": 0.55840229988098145,
			"eyebrows_Cocked_Right_0": 0.55000001192092896,
			"eyebrows_Outside_UpDown": 0.57999998331069946,
			"eyebrows_Middle_UpDown": 0.57999998331069946,
			"eyebrows_Inside_UpDown": 0.40999999642372131
		},
		"sectionsValues":
		{
			"none":
			{
				"x": 0.5,
				"y": 0.5,
				"z": 0.5
			},
			"lowerArms":
			{
				"x": 0.5,
				"y": 0.5,
				"z": 0.5
			},
			"upperArms":
			{
				"x": 0.5,
				"y": 0.5,
				"z": 0.5
			},
			"clavicle":
			{
				"x": 0.5,
				"y": 0.5,
				"z": 0.5
			},
			"thigh":
			{
				"x": 0.5,
				"y": 0.5,
				"z": 0.5
			},
			"calf":
			{
				"x": 0.5,
				"y": 0.5,
				"z": 0.5
			},
			"neck":
			{
				"x": 0.5,
				"y": 0.5,
				"z": 0.5
			},
			"lowerAbdomen":
			{
				"x": 0.5,
				"y": 0.5,
				"z": 0.5
			},
			"abdomen":
			{
				"x": 0.5,
				"y": 0.5,
				"z": 0.5
			},
			"chest":
			{
				"x": 0.5,
				"y": 0.5,
				"z": 0.5
			},
			"hips":
			{
				"x": 0.5,
				"y": 0.5,
				"z": 0.5
			},
			"size":
			{
				"x": 0.5,
				"y": 0.5,
				"z": 0.5
			},
			"mouthGroup":
			{
				"x": 0.5,
				"y": 0.5,
				"z": 0.5
			},
			"noseGroup":
			{
				"x": 0.5,
				"y": 0.5,
				"z": 0.5
			},
			"eyeGroup":
			{
				"x": 0.68067451186687999,
				"y": 0.42419057879586847,
				"z": 0.43513234208376728
			},
			"browGroup":
			{
				"x": 0.3598188285326509,
				"y": 0.38093883993589933,
				"z": 0.62943357229232788
			},
			"earGroup":
			{
				"x": 0.5,
				"y": 0.5,
				"z": 0.5
			},
			"jaw":
			{
				"x": 0.5,
				"y": 0.5,
				"z": 0.5
			},
			"eyeSocketL":
			{
				"x": 0.5,
				"y": 0.5,
				"z": 0.5
			},
			"eyeSocketR":
			{
				"x": 0.5,
				"y": 0.5,
				"z": 0.5
			},
			"eyeInnerR":
			{
				"x": 0.5,
				"y": 0.5,
				"z": 0.5
			},
			"eyeInnerL":
			{
				"x": 0.5,
				"y": 0.5,
				"z": 0.5
			},
			"eyeOuterL":
			{
				"x": 0.5,
				"y": 0.5,
				"z": 0.5
			},
			"eyeOuterR":
			{
				"x": 0.5,
				"y": 0.5,
				"z": 0.5
			},
			"smilerL":
			{
				"x": 0.5,
				"y": 0.5,
				"z": 0.5
			},
			"smilerR":
			{
				"x": 0.5,
				"y": 0.5,
				"z": 0.5
			},
			"forehead":
			{
				"x": 0.5,
				"y": 0.5,
				"z": 0.5
			},
			"cheeks":
			{
				"x": 0.5,
				"y": 0.5,
				"z": 0.5
			},
			"racialGroup":
			{
				"x": 0.5,
				"y": 0.5,
				"z": 0.5
			},
			"cCount":
			{
				"x": 0.5,
				"y": 0.5,
				"z": 0.5
			}
		}
	},
	"guid": "6064631211128848762",
	"name": "Empyrean_Female_Eyes_0",
	"typeId": "8512355578663"
}