{
	"type": "Full",
	"icon": "None",
	"save":
	{
		"presetGuid": "0",
		"randomSeed": 0,
		"skinColorHue": 1,
		"skinColorPigmentation": 0.28063908219337463,
		"normalDetailStrength01": 0,
		"normalDetailStrength02": 0,
		"skinSet": 2,
		"eyeColor": "6064631913027731458",
		"eyeShape": "109222879712898",
		"scleraShape": "6064632428969328641",
		"eyebrows": "0",
		"headHair": "6064630961557405731",
		"headHairRootColor": "6064631035946401792",
		"headHairTipColor": "6064631035946401792",
		"headHairLength": 0.50171995162963867,
		"headHairContrast": 0,
		"headHairGradient": 0,
		"facialHairLip": "6064632019650478080",
		"facialHairChin": "6064632019650478080",
		"facialHairCheek": "6064632019650478080",
		"facialHairLipLength": 0,
		"facialHairChinLength": 0,
		"facialHairCheekLength": 0,
		"eyelashLength": 0,
		"facialHairRootColor": "6064631035946401792",
		"facialHairTipColor": "6064631035946401792",
		"facialHairContrast": 0,
		"facialHairGradient": 0,
		"nailColor": "0",
		"nailOpacity": 0,
		"decalData": [],
		"decalBlendGroups": [
			{
				"decalAppearanceGuid": "6064632184562909184",
				"colorGuid": "0",
				"intensity": 0
			},
			{
				"decalAppearanceGuid": "6064631035312930818",
				"colorGuid": "0",
				"intensity": 0
			}
		],
		"gender": "Male",
		"race": "Vek",
		"class": "Mage",
		"faceMorphWeightMaps":
		{
			"forehead_Round": 0.3117729127407074,
			"temples_Width": 0.36608687043190002,
			"temples_Sharp_0": 0,
			"eyebrows_Thickness": 0.13305923342704773,
			"eyebrows_Shape1_0": 0.50966554880142212,
			"eyebrows_Pinch": 1,
			"eyebrows_Forward_0": 0,
			"eyebrows_Cocked_Left_0": 0.51778888702392578,
			"eyebrows_Outside_UpDown": 1,
			"eyebrows_Middle_UpDown": 1,
			"eyebrows_Inside_UpDown": 1,
			"eyes_Sag_0": 0.60762131214141846,
			"eyes_EyelidThickness": -1,
			"eyes_UpDown_InnerCorners": 0.50673449039459229,
			"eyes_UpDown_OuterCorners": 0.47424116730690002,
			"eyes_TopLid_OutsideCorner": -1,
			"eyes_TopLid_Middle": -1,
			"eyes_TopLid_InsideCorner": -1,
			"eyes_BottomLid_OutsideCorner": -1,
			"eyes_BottomLid_Middle": -1,
			"eyes_BottomLid_InsideCorner": -1,
			"nose_Bridge_Hump_0": 0,
			"nose_BridgeWidth": 0.47424116730690002,
			"nose_Bridge_Sharp_0": 0,
			"nose_Bridge_Hooked_0": 0,
			"nose_Broken_Left_0": 0.50966554880142212,
			"nose_Scale": 0.52298128604888916,
			"nose_Tip_Narrow_0": 0.50966554880142212,
			"nose_Tip_Height": 0.36051422357559204,
			"nose_Tip_Sharp_0": 0,
			"nose_Tip_UpDown": 0.55547469854354858,
			"nose_Tip_Bulge_0": 0,
			"nose_NaselFold_0": 0,
			"nose_Tip_Snarl_0": 0.49048781394958496,
			"cheekbone_UpDown": 0.55547469854354858,
			"cheekbone_Protrusion_0": 1,
			"cheeks_Fat": 1,
			"faceWidth": 0.40000000596046448,
			"dimple_Left_0": 0,
			"dimple_Right_0": 0,
			"lips_Corners_Pinch_0": 0.48382973670959473,
			"racial_1": 1,
			"racial_2": -0.20000000298023224,
			"lips_Top_Thickness": -1,
			"lips_Top_Shape_0": 0,
			"lips_Top_Middle_0": 0,
			"philtrum": 0,
			"lips_Top_Outer_0": 0.53922790288925171,
			"lips_Top_Puff_0": 0,
			"lips_TopEdgeOut_0": 0,
			"lips_Bottom_Thickness": 1,
			"lips_Bottom_Shape_0": 0,
			"lips_Bottom_Middle_0": 0.014139478094875813,
			"lips_Bottom_Outer_0": 0.57172131538391113,
			"lips_Bottom_Puff_0": 0,
			"lips_BottomEdgeOut_0": 0,
			"jaw_Corners_UpDown": 0.50673449039459229,
			"jaw_Corners_InOut": 0.52298128604888916,
			"jaw_Corners_ForwardBack": 0.49048781394958496,
			"jaw_Sharpness_0": 0,
			"chin_UpDown": 0.53922790288925171,
			"chin_Wide_0": 0.49341887235641479,
			"chin_Jutt": -0.75,
			"chin_Cleft_0": 0,
			"jowls_0": 0,
			"ears_Rotate": 1,
			"ears_Scale": 0.50673449039459229,
			"ears_Out": 0,
			"ears_Lobe_0": 0.40275800228118896,
			"ears_Round_0": 0,
			"ears_Middle_Pointy": 0,
			"ears_Tips_Out": 1,
			"ears_Tips_UpDown": -0.052654340863227844,
			"ears_Tip_Pointy_0": 0,
			"nose_Broken_Right_0": 0,
			"nose_Tip_Wide_0": 0,
			"eyebrows_Shape2_0": 0,
			"eyebrows_Cocked_Right_0": 0,
			"chin_Pointy_0": 0
		},
		"sectionsValues":
		{
			"none":
			{
				"x": 0.5,
				"y": 0.5,
				"z": 0.5
			},
			"lowerArms":
			{
				"x": 0.5,
				"y": 0.5,
				"z": 0.5
			},
			"upperArms":
			{
				"x": 0.5,
				"y": 0.5,
				"z": 0.5
			},
			"clavicle":
			{
				"x": 0.5,
				"y": 0.5,
				"z": 0.5
			},
			"thigh":
			{
				"x": 0.5,
				"y": 0.5,
				"z": 0.5
			},
			"calf":
			{
				"x": 0.5,
				"y": 0.5,
				"z": 0.5
			},
			"neck":
			{
				"x": 0.5,
				"y": 0.5,
				"z": 0.5
			},
			"lowerAbdomen":
			{
				"x": 0.5,
				"y": 0.5,
				"z": 0.5
			},
			"abdomen":
			{
				"x": 0.5,
				"y": 0.5,
				"z": 0.5
			},
			"chest":
			{
				"x": 0.5,
				"y": 0.5,
				"z": 0.5
			},
			"hips":
			{
				"x": 0.5,
				"y": 0.5,
				"z": 0.5
			},
			"size":
			{
				"x": 0.5,
				"y": 0.5,
				"z": 0.5
			},
			"mouthGroup":
			{
				"x": 0.5,
				"y": 0.5,
				"z": 0.5
			},
			"noseGroup":
			{
				"x": 0.43733979621902108,
				"y": 0.50101504485792248,
				"z": 0.58227872848510742
			},
			"eyeGroup":
			{
				"x": 0.5,
				"y": 0.5,
				"z": 0.5
			},
			"browGroup":
			{
				"x": 0.56855757255107164,
				"y": 0.49998422714884327,
				"z": 0.63600227795541286
			},
			"earGroup":
			{
				"x": 0.5,
				"y": 0.5,
				"z": 0.5
			},
			"jaw":
			{
				"x": 0.60283635836094618,
				"y": 0.4999763407233786,
				"z": 1
			},
			"eyeSocketL":
			{
				"x": 0.5,
				"y": 0.5,
				"z": 0.5
			},
			"eyeSocketR":
			{
				"x": 0.5,
				"y": 0.5,
				"z": 0.5
			},
			"eyeInnerR":
			{
				"x": 0.5,
				"y": 0.5,
				"z": 0.5
			},
			"eyeInnerL":
			{
				"x": 0.5,
				"y": 0.5,
				"z": 0.5
			},
			"eyeOuterL":
			{
				"x": 0.5,
				"y": 0.5,
				"z": 0.5
			},
			"eyeOuterR":
			{
				"x": 0.5,
				"y": 0.5,
				"z": 0.5
			},
			"smilerL":
			{
				"x": 0.5,
				"y": 0.5,
				"z": 0.5
			},
			"smilerR":
			{
				"x": 0.5,
				"y": 0.5,
				"z": 0.5
			},
			"forehead":
			{
				"x": 0.50489547429606318,
				"y": 0.50000262170442511,
				"z": 0.5
			},
			"cheeks":
			{
				"x": 0.71682030940428376,
				"y": 0.49124217025109829,
				"z": 0
			},
			"racialGroup":
			{
				"x": 0.5,
				"y": 0.5,
				"z": 0.5
			},
			"cCount":
			{
				"x": 0.5,
				"y": 0.5,
				"z": 0.5
			}
		}
	},
	"guid": "6064632450048458774",
	"name": "VEK_Male_NPC_0",
	"typeId": "8512355578663"
}