{
	"type": "Ears",
	"icon": "None",
	"save":
	{
		"presetGuid": "0",
		"randomSeed": 0,
		"skinColorHue": 0.5,
		"skinColorPigmentation": 0.30000001192092896,
		"normalDetailStrength01": 0,
		"normalDetailStrength02": 0,
		"skinSet": 0,
		"eyeColor": "6064630669472497664",
		"eyeShape": "108136968836729",
		"scleraShape": "0",
		"eyebrows": "6064632069827788802",
		"headHair": "6064632069807734784",
		"headHairRootColor": "6064630707191808000",
		"headHairTipColor": "6064630707191808000",
		"headHairLength": 0,
		"headHairContrast": 0,
		"headHairGradient": 0,
		"facialHairLip": "0",
		"facialHairChin": "0",
		"facialHairCheek": "0",
		"facialHairLipLength": 0,
		"facialHairChinLength": 0,
		"facialHairCheekLength": 0,
		"eyelashLength": 0,
		"facialHairRootColor": "0",
		"facialHairTipColor": "0",
		"facialHairContrast": 0,
		"facialHairGradient": 0,
		"nailColor": "0",
		"nailOpacity": 0,
		"decalData": [],
		"decalBlendGroups": [],
		"gender": "Male",
		"race": "Empyrean",
		"class": "Mage",
		"faceMorphWeightMaps":
		{
			"eyes_Sag_0": 0.56652563810348511,
			"eyes_EyelidThickness": -0.078157044947147369,
			"eyes_UpDown_InnerCorners": 0.58796125650405884,
			"eyes_UpDown_OuterCorners": 1,
			"eyes_TopLid_OutsideCorner": 0.57999998331069946,
			"eyes_TopLid_Middle": 0.44999998807907104,
			"eyes_TopLid_InsideCorner": 0.71999996900558472,
			"eyes_BottomLid_OutsideCorner": 0.70168823003768921,
			"eyes_BottomLid_Middle": -0.061909638345241547,
			"eyes_BottomLid_InsideCorner": 0.5899999737739563,
			"eyebrows_Thickness": 0.70450854301452637,
			"eyebrows_Shape1_0": 0,
			"eyebrows_Shape2_0": 0,
			"eyebrows_Pinch": 1,
			"eyebrows_Forward_0": 0,
			"eyebrows_Cocked_Left_0": 0.29999998211860657,
			"eyebrows_Cocked_Right_0": 0.66999995708465576,
			"eyebrows_Outside_UpDown": 0.53999996185302734,
			"eyebrows_Middle_UpDown": 0.57999998331069946,
			"eyebrows_Inside_UpDown": 0.63999998569488525,
			"ears_Rotate": 1,
			"ears_Scale": 0.62046277523040771,
			"ears_Out": 0,
			"ears_Lobe_0": 0.68544954061508179,
			"ears_Round_0": 0.76149064302444458,
			"ears_Middle_Pointy": 0,
			"ears_Tips_Out": 0.42550110816955566,
			"ears_Tips_UpDown": -0.14313575625419617,
			"ears_Tip_Pointy_0": 0
		},
		"sectionsValues":
		{
			"none":
			{
				"x": 0.5,
				"y": 0.5,
				"z": 0.5
			},
			"lowerArms":
			{
				"x": 0.5,
				"y": 0.5,
				"z": 0.5
			},
			"upperArms":
			{
				"x": 0.5,
				"y": 0.5,
				"z": 0.5
			},
			"clavicle":
			{
				"x": 0.5,
				"y": 0.5,
				"z": 0.5
			},
			"thigh":
			{
				"x": 0.5,
				"y": 0.5,
				"z": 0.5
			},
			"calf":
			{
				"x": 0.5,
				"y": 0.5,
				"z": 0.5
			},
			"neck":
			{
				"x": 0.5,
				"y": 0.5,
				"z": 0.5
			},
			"lowerAbdomen":
			{
				"x": 0.5,
				"y": 0.5,
				"z": 0.5
			},
			"abdomen":
			{
				"x": 0.5,
				"y": 0.5,
				"z": 0.5
			},
			"chest":
			{
				"x": 0.5,
				"y": 0.5,
				"z": 0.5
			},
			"hips":
			{
				"x": 0.5,
				"y": 0.5,
				"z": 0.5
			},
			"size":
			{
				"x": 0.5,
				"y": 0.5,
				"z": 0.5
			},
			"mouthGroup":
			{
				"x": 0.5,
				"y": 0.5,
				"z": 0.5
			},
			"noseGroup":
			{
				"x": 0.5,
				"y": 0.5,
				"z": 0.5
			},
			"eyeGroup":
			{
				"x": 0.52237176476046443,
				"y": 0.43183176201489787,
				"z": 0.36626290853095567
			},
			"browGroup":
			{
				"x": 0.46692863949675822,
				"y": 0.38549244385887066,
				"z": 0.68952545151114464
			},
			"earGroup":
			{
				"x": 0.51743346414953095,
				"y": 0.64741712158411491,
				"z": 0.62763583691737646
			},
			"jaw":
			{
				"x": 0.5,
				"y": 0.5,
				"z": 0.5
			},
			"eyeSocketL":
			{
				"x": 0.5,
				"y": 0.5,
				"z": 0.5
			},
			"eyeSocketR":
			{
				"x": 0.5,
				"y": 0.5,
				"z": 0.5
			},
			"eyeInnerR":
			{
				"x": 0.5,
				"y": 0.5,
				"z": 0.5
			},
			"eyeInnerL":
			{
				"x": 0.5,
				"y": 0.5,
				"z": 0.5
			},
			"eyeOuterL":
			{
				"x": 0.5,
				"y": 0.5,
				"z": 0.5
			},
			"eyeOuterR":
			{
				"x": 0.5,
				"y": 0.5,
				"z": 0.5
			},
			"smilerL":
			{
				"x": 0.5,
				"y": 0.5,
				"z": 0.5
			},
			"smilerR":
			{
				"x": 0.5,
				"y": 0.5,
				"z": 0.5
			},
			"forehead":
			{
				"x": 0.5,
				"y": 0.5,
				"z": 0.5
			},
			"cheeks":
			{
				"x": 0.5,
				"y": 0.5,
				"z": 0.5
			},
			"racialGroup":
			{
				"x": 0.5,
				"y": 0.5,
				"z": 0.5
			},
			"cCount":
			{
				"x": 0.5,
				"y": 0.5,
				"z": 0.5
			}
		}
	},
	"guid": "6064631211128848739",
	"name": "Empyrean_Male_Ears_1",
	"typeId": "8512355578663"
}