{
	"dialogueRootId":
	{
		"guid": "108675050460793",
		"typeId": "1091110028",
		"name": "MADD_0002_VuulBook_FinalFight_2"
	},
	"editorNodes":
	{
		"(Guid=108675050460793,TypeId=1091110028)":
		{
			"x": 109.33333659172058,
			"y": 514.66668200492859
		},
		"(Guid=108675052689020,TypeId=1091110028)":
		{
			"x": 288.00000858306885,
			"y": 517.33334875106812
		},
		"(Guid=108675068941953,TypeId=1091110028)":
		{
			"x": 560.00001668930054,
			"y": 517.33334875106812
		},
		"(Guid=108675073660548,TypeId=1091110028)":
		{
			"x": 845.33335852622986,
			"y": 520.00001549720764
		},
		"(Guid=108675075692167,TypeId=1091110028)":
		{
			"x": 1117.3333666324615,
			"y": 508.66668182611465
		},
		"(Guid=108675110360714,TypeId=1091110028)":
		{
			"x": 1375.3333743214607,
			"y": 512.66668194532394
		}
	},
	"editorRecordCounter": 21,
	"guid": "108675042924152",
	"name": "MADD_0002_VuulBook_FinalFight",
	"typeId": "1091110026"
}