{
	"dialogueRootId":
	{
		"guid": "6064629840978378812",
		"typeId": "1091110028",
		"name": "None"
	},
	"editorNodes":
	{
		"(Guid=6064629840978378810,TypeId=1091110028)":
		{
			"x": -838.65458266850828,
			"y": -1807.2275183023673
		},
		"(Guid=6064629840978378812,TypeId=1091110028)":
		{
			"x": -1517.1405191159749,
			"y": -1365.3012645198589
		},
		"(Guid=6064629840978378816,TypeId=1091110028)":
		{
			"x": -1112.7623123398644,
			"y": -1068.8827891029243
		},
		"(Guid=6064629840978378817,TypeId=1091110028)":
		{
			"x": -867.77259072012737,
			"y": -1475.6450170804478
		},
		"(Guid=6064629840989257799,TypeId=1091110028)":
		{
			"x": -1121.3441547333593,
			"y": -926.61862514629809
		},
		"(Guid=6064629841005903945,TypeId=1091110028)":
		{
			"x": -1324.5369380902775,
			"y": -1366.0464718985884
		},
		"(Guid=6064629841008394317,TypeId=1091110028)":
		{
			"x": -1382.9551398433257,
			"y": -1060.7789616802845
		},
		"(Guid=6064629841013833811,TypeId=1091110028)":
		{
			"x": -520.85859544143341,
			"y": -1860.1644966108852
		},
		"(Guid=6064629841016258646,TypeId=1091110028)":
		{
			"x": -315.03011094919748,
			"y": -1595.6895158074226
		},
		"(Guid=6064629841020321881,TypeId=1091110028)":
		{
			"x": -122.81558446763849,
			"y": -1493.7053346466628
		},
		"(Guid=6064629841020911706,TypeId=1091110028)":
		{
			"x": -344.02764437603827,
			"y": -1301.1610047001909
		},
		"(Guid=6064629841447288970,TypeId=1091110028)":
		{
			"x": -349.75699536477316,
			"y": -1449.8221667356447
		},
		"(Guid=6064629841509023888,TypeId=1091110028)":
		{
			"x": -1118.4513793927188,
			"y": -1413.8291226261117
		},
		"(Guid=6064629841519181972,TypeId=1091110028)":
		{
			"x": -1112.0042040551705,
			"y": -1271.6741636973238
		},
		"(Guid=6064629852196372522,TypeId=1091110028)":
		{
			"x": -871.70874574297432,
			"y": -1167.9356358577008
		},
		"(Guid=6064629852212822062,TypeId=1091110028)":
		{
			"x": -1111.5738103293149,
			"y": -1134.8565404597043
		},
		"(Guid=6064629852345663550,TypeId=1091110028)":
		{
			"x": -1342.4701588643495,
			"y": -854.34150383806832
		},
		"(Guid=6064629852412837954,TypeId=1091110028)":
		{
			"x": -1116.2329577792325,
			"y": -760.75816492264948
		},
		"(Guid=6064629886039556123,TypeId=1091110028)":
		{
			"x": -840.22228634026635,
			"y": -1642.1111723250849
		},
		"(Guid=6064629886100897823,TypeId=1091110028)":
		{
			"x": -536.14816628635833,
			"y": -1596.3333877998366
		},
		"(Guid=6064629886795579432,TypeId=1091110028)":
		{
			"x": -643.73176554056704,
			"y": -1079.2676833042851
		},
		"(Guid=6064630594383904965,TypeId=1091110028)":
		{
			"x": -606.74845583511103,
			"y": -1457.6054180167587
		}
	},
	"editorRecordCounter": 82,
	"guid": "6064629840978378809",
	"name": "0013_AuntMush_Dialog",
	"typeId": "1091110026"
}