{
	"dialogueRootId":
	{
		"guid": "6064630531374121034",
		"typeId": "1091110028",
		"name": "None"
	},
	"editorNodes":
	{
		"(Guid=6064630531374121034,TypeId=1091110028)":
		{
			"x": -4633.793716077821,
			"y": -4611.2168563117903
		},
		"(Guid=6064630531380346957,TypeId=1091110028)":
		{
			"x": -4304.6841401218999,
			"y": -4671.1800480880693
		},
		"(Guid=6064630531385786448,TypeId=1091110028)":
		{
			"x": -3953.8664325978139,
			"y": -4668.4152338316526
		},
		"(Guid=6064630531388145747,TypeId=1091110028)":
		{
			"x": -3649.2420086057791,
			"y": -4667.466937268503
		},
		"(Guid=6064630531395551319,TypeId=1091110028)":
		{
			"x": -4308.6399462248564,
			"y": -4308.9340622770969
		},
		"(Guid=6064630531397845082,TypeId=1091110028)":
		{
			"x": -3936.2263882707352,
			"y": -4301.226141501551
		}
	},
	"editorRecordCounter": 20,
	"guid": "6064630531182886949",
	"name": "MADD_0005B_HOD_CaptainEudoxia",
	"typeId": "1091110026"
}