{
	"dialogueRootId":
	{
		"guid": "6064631709769203837",
		"typeId": "1091110028",
		"name": "None"
	},
	"editorNodes":
	{
		"(Guid=6064631709769203837,TypeId=1091110028)":
		{
			"x": -8620.792311649253,
			"y": -6915.4803918917223
		},
		"(Guid=6064631709806952576,TypeId=1091110028)":
		{
			"x": -7112.9803466185531,
			"y": -6979.3425954524864
		},
		"(Guid=6064631709822025861,TypeId=1091110028)":
		{
			"x": -8166.5210883115433,
			"y": -7060.0517659574452
		},
		"(Guid=6064631709859840136,TypeId=1091110028)":
		{
			"x": -8172.2423749920636,
			"y": -6895.6201141566671
		},
		"(Guid=6064631709887758476,TypeId=1091110028)":
		{
			"x": -6513.4478265255602,
			"y": -6251.0471489147349
		},
		"(Guid=6064631709913251985,TypeId=1091110028)":
		{
			"x": -8154.9239714053047,
			"y": -6478.2687332310898
		},
		"(Guid=6064631709916397717,TypeId=1091110028)":
		{
			"x": -7675.8629540719485,
			"y": -6145.3610385624543
		},
		"(Guid=6064631720741961736,TypeId=1091110028)":
		{
			"x": -7670.6168076281447,
			"y": -6974.2341570019444
		},
		"(Guid=6064631720773353484,TypeId=1091110028)":
		{
			"x": -7118.5350336792271,
			"y": -6677.6743239009766
		},
		"(Guid=6064632269081542677,TypeId=1091110028,Name=\"CSQ_0024_ReportonThornmarch_AmberDillard_DLG_36\")":
		{
			"x": -8548.9726746027936,
			"y": -6439.7295699141523
		},
		"(Guid=6064632269113131033,TypeId=1091110028,Name=\"CSQ_0024_ReportonThornmarch_AmberDillard_DLG_38\")":
		{
			"x": -8128.5787235368543,
			"y": -6075.6023891770501
		},
		"(Guid=6064632269305937956,TypeId=1091110028,Name=\"CSQ_0024_ReportonThornmarch_AmberDillard_DLG_39\")":
		{
			"x": -6036.2567911369579,
			"y": -6731.5624894531657
		},
		"(Guid=6064632269422067755,TypeId=1091110028,Name=\"CSQ_0024_ReportonThornmarch_AmberDillard_DLG_41\")":
		{
			"x": -6529.3062688263708,
			"y": -6551.4413252971153
		},
		"(Guid=6064632269424230444,TypeId=1091110028,Name=\"CSQ_0024_ReportonThornmarch_AmberDillard_DLG_42\")":
		{
			"x": -7119.3338062428238,
			"y": -6109.7681978098017
		}
	},
	"editorRecordCounter": 43,
	"guid": "6064631709739319419",
	"name": "CSQ_0024_ReportonThornmarch_AmberDillard_DLG",
	"typeId": "1091110026"
}