{
	"dialogueRootId":
	{
		"guid": "109235992155849",
		"typeId": "1091110028",
		"name": "None"
	},
	"editorNodes":
	{
		"(Guid=109235992155849,TypeId=1091110028)":
		{
			"x": -323.44444148628878,
			"y": 112.66666918330716
		},
		"(Guid=109235992155852,TypeId=1091110028)":
		{
			"x": -132.77777508453093,
			"y": 142.66666640175714
		},
		"(Guid=109235992155853,TypeId=1091110028)":
		{
			"x": -132.88888654885471,
			"y": 227.3333330684238
		},
		"(Guid=109235992155855,TypeId=1091110028)":
		{
			"x": 153.1111118616881,
			"y": 224.33333081669284
		},
		"(Guid=109235992155857,TypeId=1091110028)":
		{
			"x": 431.55555573216202,
			"y": 67.555554937433328
		},
		"(Guid=109235997267673,TypeId=1091110028)":
		{
			"x": 437.11111106695955,
			"y": 221.22222213391899
		},
		"(Guid=109236029249244,TypeId=1091110028)":
		{
			"x": 431.55555573216191,
			"y": 378.00000079472824
		},
		"(Guid=109236033312479,TypeId=1091110028)":
		{
			"x": 431.80555578804098,
			"y": 506.33333399560678
		},
		"(Guid=109236080236263,TypeId=1091110028)":
		{
			"x": 760.3333343929711,
			"y": 68.222221736554758
		},
		"(Guid=109236088100585,TypeId=1091110028)":
		{
			"x": 146.22222332601191,
			"y": 368.95340356192816
		}
	},
	"editorRecordCounter": 37,
	"guid": "109235992155848",
	"name": "0006_P0_Cleric_Response4",
	"typeId": "1091110026"
}