{
	"dialogueRootId":
	{
		"guid": "108838110320332",
		"typeId": "1091110028",
		"name": "MAD_0004_Tricia_2"
	},
	"editorNodes":
	{
		"(Guid=108838110320332,TypeId=1091110028)":
		{
			"x": -201.33333802223206,
			"y": 180.33333373069763
		},
		"(Guid=108838116480723,TypeId=1091110028)":
		{
			"x": 313,
			"y": -34
		},
		"(Guid=108865805506168,TypeId=1091110028)":
		{
			"x": 676.00002014636993,
			"y": -14.666667103767395
		},
		"(Guid=108865818809980,TypeId=1091110028)":
		{
			"x": 978.0000291466713,
			"y": 11.333333671092987
		},
		"(Guid=108865829295744,TypeId=1091110028)":
		{
			"x": 1348.6667068600655,
			"y": 44.666667997837067
		},
		"(Guid=108865834407556,TypeId=1091110028)":
		{
			"x": 319.33334285020828,
			"y": 257.33334100246429
		},
		"(Guid=108865842009737,TypeId=1091110028)":
		{
			"x": 617.33335173130035,
			"y": 245.33334064483643
		},
		"(Guid=108865847711373,TypeId=1091110028)":
		{
			"x": 608.66668480634689,
			"y": 410.66667890548706
		},
		"(Guid=108866034882168,TypeId=1091110028)":
		{
			"x": 288.00000858306885,
			"y": 597.33335113525391
		},
		"(Guid=108866138887804,TypeId=1091110028)":
		{
			"x": 624.00001859664917,
			"y": 612.66668492555618
		},
		"(Guid=108866153567871,TypeId=1091110028)":
		{
			"x": 916.66669398546219,
			"y": 596.00001776218414
		},
		"(Guid=108866168444547,TypeId=1091110028)":
		{
			"x": 292.66667538881302,
			"y": 932.66669446229935
		},
		"(Guid=108866175981190,TypeId=1091110028)":
		{
			"x": 622.00001853704453,
			"y": 912.00002717971802
		},
		"(Guid=108866661930634,TypeId=1091110028)":
		{
			"x": 616.00001835823059,
			"y": 1102.0000328421593
		},
		"(Guid=108867809334928,TypeId=1091110028)":
		{
			"x": 295.33334213495255,
			"y": 1264.3333710134029
		},
		"(Guid=108873828423290,TypeId=1091110028)":
		{
			"x": -178.66665709018707,
			"y": -118.33334040641785
		}
	},
	"editorRecordCounter": 69,
	"guid": "108832010688121",
	"name": "MAD_0004_Tricia",
	"typeId": "1091110026"
}