{
	"dialogueRootId":
	{
		"guid": "6064632057908822688",
		"typeId": "1091110028",
		"name": "DD_0100_CommissionHarold_2"
	},
	"editorNodes":
	{
		"(Guid=6064632057908822688,TypeId=1091110028,Name=\"DD_0100_CommissionHarold_2\")":
		{
			"x": -148.63717425260216,
			"y": 28.516844255427053
		},
		"(Guid=6064632033805664264,TypeId=1091110028)":
		{
			"x": 153.79084552830048,
			"y": 516.47056743760515
		},
		"(Guid=6064632057914000035,TypeId=1091110028,Name=\"DD_0100_CommissionHarold_3\")":
		{
			"x": 208.84020402696368,
			"y": -48.602794558913715
		},
		"(Guid=6064632057922060966,TypeId=1091110028,Name=\"DD_0100_CommissionHarold_4\")":
		{
			"x": 918.84017095742524,
			"y": -108.60280287707303
		},
		"(Guid=6064632057929663145,TypeId=1091110028,Name=\"DD_0100_CommissionHarold_5\")":
		{
			"x": 1199.9512064545261,
			"y": -57.491632364414428
		},
		"(Guid=6064632057945326253,TypeId=1091110028,Name=\"DD_0100_CommissionHarold_6\")":
		{
			"x": 228.84023288444234,
			"y": 336.95277448936787
		},
		"(Guid=6064632057947292336,TypeId=1091110028,Name=\"DD_0100_CommissionHarold_7\")":
		{
			"x": 582.17347366721572,
			"y": 324.73051048208174
		},
		"(Guid=6064632057968657079,TypeId=1091110028,Name=\"DD_0100_CommissionHarold_8\")":
		{
			"x": 514.39575552940369,
			"y": 542.50825743322105
		},
		"(Guid=6064632057986155194,TypeId=1091110028,Name=\"DD_0100_CommissionHarold_9\")":
		{
			"x": 856.61798334121647,
			"y": 570.28607018788682
		},
		"(Guid=6064632058011255488,TypeId=1091110028,Name=\"DD_0100_CommissionHarold_10\")":
		{
			"x": 579.95129474004079,
			"y": 100.28608934967605
		},
		"(Guid=6064632058016301763,TypeId=1091110028,Name=\"DD_0100_CommissionHarold_11\")":
		{
			"x": 918.84020059196962,
			"y": 114.73056492982084
		}
	},
	"editorRecordCounter": 11,
	"guid": "6064632033804812295",
	"name": "DD_0100_CommissionHarold",
	"typeId": "1091110026"
}