{
	"dialogueRootId":
	{
		"guid": "6064632711206273066",
		"typeId": "1091110028",
		"name": "None"
	},
	"editorNodes":
	{
		"(Guid=6064632711206273064,TypeId=1091110028)":
		{
			"x": -320.59446802478584,
			"y": -1709.2104672995692
		},
		"(Guid=6064632711206273066,TypeId=1091110028)":
		{
			"x": -1764.6534566651399,
			"y": -1759.2843600574074
		},
		"(Guid=6064632711206273071,TypeId=1091110028)":
		{
			"x": -889.45732765086177,
			"y": -2475.1429344045064
		},
		"(Guid=6064632730018185232,TypeId=1091110028,Name=\"SQ_RVR_NPC_Samias_Miraleth_Sabah_7\")":
		{
			"x": -1345.3458891053428,
			"y": -537.34158814953287
		},
		"(Guid=6064632730374635545,TypeId=1091110028,Name=\"SQ_RVR_NPC_Samias_Miraleth_Sabah_10\")":
		{
			"x": -902.50854215864581,
			"y": -1999.5680468411492
		},
		"(Guid=6064632730462847003,TypeId=1091110028,Name=\"SQ_RVR_NPC_Samias_Miraleth_Sabah_11\")":
		{
			"x": -1230.0882564392832,
			"y": -2019.6877969478719
		},
		"(Guid=6064632730464682014,TypeId=1091110028,Name=\"SQ_RVR_NPC_Samias_Miraleth_Sabah_12\")":
		{
			"x": -605.68042844731019,
			"y": -1773.5786330647979
		},
		"(Guid=6064632730529431585,TypeId=1091110028,Name=\"SQ_RVR_NPC_Samias_Miraleth_Sabah_13\")":
		{
			"x": -912.85425893081231,
			"y": -1545.3201691688207
		},
		"(Guid=6064632739528900615,TypeId=1091110028,Name=\"SQ_RVR_NPC_Samias_Miraleth_Sabah_15\")":
		{
			"x": -1221.4847155719974,
			"y": -2335.7374869035498
		},
		"(Guid=6064632739529949194,TypeId=1091110028,Name=\"SQ_RVR_NPC_Samias_Miraleth_Sabah_16\")":
		{
			"x": -897.82905534314568,
			"y": -2289.6037676452124
		},
		"(Guid=6064632739546857485,TypeId=1091110028,Name=\"SQ_RVR_NPC_Samias_Miraleth_Sabah_17\")":
		{
			"x": -893.74239694166738,
			"y": -2151.5450440895847
		},
		"(Guid=6064632739646603282,TypeId=1091110028,Name=\"SQ_RVR_NPC_Samias_Miraleth_Sabah_18\")":
		{
			"x": -593.37746130524624,
			"y": -2520.355505388457
		},
		"(Guid=6064632739646996499,TypeId=1091110028,Name=\"SQ_RVR_NPC_Samias_Miraleth_Sabah_19\")":
		{
			"x": -303.95648063123593,
			"y": -2335.2947201973725
		},
		"(Guid=6064632739647455252,TypeId=1091110028,Name=\"SQ_RVR_NPC_Samias_Miraleth_Sabah_20\")":
		{
			"x": -601.95724711509638,
			"y": -2325.729962704208
		},
		"(Guid=6064632739866017795,TypeId=1091110028,Name=\"SQ_RVR_NPC_Samias_Miraleth_Sabah_21\")":
		{
			"x": -302.61956579118805,
			"y": -2069.4399395741793
		},
		"(Guid=6064632739907305477,TypeId=1091110028,Name=\"SQ_RVR_NPC_Samias_Miraleth_Sabah_22\")":
		{
			"x": -904.29427272134819,
			"y": -1891.0738163457856
		},
		"(Guid=6064632739908550664,TypeId=1091110028,Name=\"SQ_RVR_NPC_Samias_Miraleth_Sabah_23\")":
		{
			"x": -606.40154147763235,
			"y": -1883.8676096849188
		},
		"(Guid=6064632739972382736,TypeId=1091110028,Name=\"SQ_RVR_NPC_Samias_Miraleth_Sabah_26\")":
		{
			"x": 345.73520709777137,
			"y": -1910.3625579966581
		},
		"(Guid=6064632739972644881,TypeId=1091110028,Name=\"SQ_RVR_NPC_Samias_Miraleth_Sabah_27\")":
		{
			"x": 11.848593264027116,
			"y": -1869.8387496616617
		},
		"(Guid=6064632740028809238,TypeId=1091110028,Name=\"SQ_RVR_NPC_Samias_Miraleth_Sabah_29\")":
		{
			"x": -313.62182958265879,
			"y": -1542.1961172082301
		},
		"(Guid=6064632740032020503,TypeId=1091110028,Name=\"SQ_RVR_NPC_Samias_Miraleth_Sabah_30\")":
		{
			"x": 9.3248901345015369,
			"y": -2005.1611182472213
		},
		"(Guid=6064632740033527835,TypeId=1091110028,Name=\"SQ_RVR_NPC_Samias_Miraleth_Sabah_31\")":
		{
			"x": 341.33948035139065,
			"y": -2037.3220826157888
		},
		"(Guid=6064632740142514207,TypeId=1091110028,Name=\"SQ_RVR_NPC_Samias_Miraleth_Sabah_32\")":
		{
			"x": -596.1290626981463,
			"y": -1428.8581325043949
		},
		"(Guid=6064632751340847118,TypeId=1091110028,Name=\"SQ_RVR_NPC_Samias_Miraleth_Sabah_33\")":
		{
			"x": -899.35956188389196,
			"y": -1248.5483324141476
		},
		"(Guid=6064632751342354448,TypeId=1091110028,Name=\"SQ_RVR_NPC_Samias_Miraleth_Sabah_34\")":
		{
			"x": -303.85263118728761,
			"y": -1391.4348626029955
		},
		"(Guid=6064632751353495574,TypeId=1091110028,Name=\"SQ_RVR_NPC_Samias_Miraleth_Sabah_35\")":
		{
			"x": -292.2435790504158,
			"y": -960.20618262809865
		},
		"(Guid=6064632752211361864,TypeId=1091110028,Name=\"SQ_RVR_NPC_Samias_Miraleth_Sabah_36\")":
		{
			"x": -1212.3029192842921,
			"y": -846.3304268918381
		},
		"(Guid=6064632752213459019,TypeId=1091110028,Name=\"SQ_RVR_NPC_Samias_Miraleth_Sabah_37\")":
		{
			"x": -899.88699555282255,
			"y": -656.05060290775452
		},
		"(Guid=6064632757569913003,TypeId=1091110028,Name=\"SQ_RVR_NPC_Samias_Miraleth_Sabah_38\")":
		{
			"x": -939.90471317660069,
			"y": -3316.900241539844
		},
		"(Guid=6064632757662974130,TypeId=1091110028,Name=\"SQ_RVR_NPC_Samias_Miraleth_Sabah_39\")":
		{
			"x": -1284.0682047785865,
			"y": -3096.2846278743414
		},
		"(Guid=6064632757665267894,TypeId=1091110028,Name=\"SQ_RVR_NPC_Samias_Miraleth_Sabah_40\")":
		{
			"x": -922.44198685139668,
			"y": -2933.3309744244625
		},
		"(Guid=6064632762674446355,TypeId=1091110028,Name=\"SQ_RVR_NPC_Samias_Miraleth_Sabah_41\")":
		{
			"x": -925.61177764957165,
			"y": -3098.5755241134102
		},
		"(Guid=6064632762675560470,TypeId=1091110028,Name=\"SQ_RVR_NPC_Samias_Miraleth_Sabah_42\")":
		{
			"x": -635.4405965616578,
			"y": -3179.7493445252403
		},
		"(Guid=6064632762675626007,TypeId=1091110028,Name=\"SQ_RVR_NPC_Samias_Miraleth_Sabah_43\")":
		{
			"x": -630.49867409986962,
			"y": -2954.5506004934109
		},
		"(Guid=6064632768124289050,TypeId=1091110028,Name=\"SQ_RVR_NPC_Samias_Miraleth_Sabah_44\")":
		{
			"x": -895.53613888680513,
			"y": -840.32139730230813
		},
		"(Guid=6064632768125665309,TypeId=1091110028,Name=\"SQ_RVR_NPC_Samias_Miraleth_Sabah_45\")":
		{
			"x": -287.88009620494518,
			"y": -601.71821568080122
		},
		"(Guid=6064632905168257493,TypeId=1091110028,Name=\"SQ_RVR_NPC_Samias_Miraleth_Sabah_46\")":
		{
			"x": -1581.450045532649,
			"y": -3162.2162269486325
		},
		"(Guid=6064632905171665368,TypeId=1091110028,Name=\"SQ_RVR_NPC_Samias_Miraleth_Sabah_47\")":
		{
			"x": -1285.5704072559327,
			"y": -3243.733969555959
		}
	},
	"editorRecordCounter": 47,
	"voiceId":
	{
		"guid": "0",
		"typeId": "919300",
		"name": "None"
	},
	"guid": "6064632711206273063",
	"name": "SQ_RVR_NPC_Samias_Miraleth_Sabah",
	"typeId": "1091110026"
}