{
	"dialogueRootId":
	{
		"guid": "6064628809990340646",
		"typeId": "1091110028",
		"name": "None"
	},
	"editorNodes":
	{
		"(Guid=6064628809990340646,TypeId=1091110028)":
		{
			"x": -124.72383585463641,
			"y": 210.93871941087883
		},
		"(Guid=6064628809990340650,TypeId=1091110028)":
		{
			"x": 90.267259816822971,
			"y": 327.36741662708664
		},
		"(Guid=6064628809990340652,TypeId=1091110028)":
		{
			"x": 90.757558278564815,
			"y": 128.24658152254952
		},
		"(Guid=6064628809990340656,TypeId=1091110028)":
		{
			"x": 373.07741285182425,
			"y": 160.6939644663511
		},
		"(Guid=6064629099412521062,TypeId=1091110028)":
		{
			"x": 663.19999999999993,
			"y": 184.80000000000001
		},
		"(Guid=6064629211831336960,TypeId=1091110028)":
		{
			"x": 87.176721332833921,
			"y": 494.0517191236728
		}
	},
	"editorRecordCounter": 26,
	"guid": "6064628809990340645",
	"name": "MA_0010_WVN_FarmerWalton",
	"typeId": "1091110026"
}