{
	"dialogueRootId":
	{
		"guid": "6064631205667209233",
		"typeId": "1091110028",
		"name": "None"
	},
	"editorNodes":
	{
		"(Guid=6064631205667209233,TypeId=1091110028)":
		{
			"x": -4352.4637440023844,
			"y": -1404.9545567318087
		},
		"(Guid=6064631205670223894,TypeId=1091110028)":
		{
			"x": -3914.3025203936736,
			"y": -1254.8978507627241
		},
		"(Guid=6064631205678153753,TypeId=1091110028)":
		{
			"x": -3546.1552004689761,
			"y": -1261.6307730066815
		},
		"(Guid=6064631205682806812,TypeId=1091110028)":
		{
			"x": -3921.8202978371482,
			"y": -1403.65316136346
		},
		"(Guid=6064631205685887006,TypeId=1091110028)":
		{
			"x": -3920.0126255170671,
			"y": -1575.4233637748944
		},
		"(Guid=6064632518470270979,TypeId=1091110028,Name=\"CSQ_DD_0031_TBB_BatyardCaptain_AzimDaoud_18\")":
		{
			"x": -3922.8399191419398,
			"y": -1030.794462313957
		}
	},
	"editorRecordCounter": 18,
	"guid": "6064631205406572546",
	"name": "CSQ_DD_0031_TBB_BatyardCaptain_AzimDaoud",
	"typeId": "1091110026"
}