{
	"dialogueRootId":
	{
		"guid": "6064631793327669252",
		"typeId": "1091110028",
		"name": "None"
	},
	"editorNodes":
	{
		"(Guid=6064631793327669252,TypeId=1091110028)":
		{
			"x": -5155.5327652950746,
			"y": -9107.7296796624196
		},
		"(Guid=6064631793335074830,TypeId=1091110028)":
		{
			"x": -4745.8227950874953,
			"y": -9248.354223567494
		},
		"(Guid=6064631793335271439,TypeId=1091110028)":
		{
			"x": -4743.2750646217701,
			"y": -9096.3354184860455
		},
		"(Guid=6064631793335402512,TypeId=1091110028)":
		{
			"x": -4742.5745370520499,
			"y": -8946.0214651690603
		},
		"(Guid=6064631793335468049,TypeId=1091110028)":
		{
			"x": -4750.7312367035365,
			"y": -8787.9574137920554
		},
		"(Guid=6064631793335664658,TypeId=1091110028)":
		{
			"x": -4762.1855385303525,
			"y": -8356.8933764298617
		},
		"(Guid=6064631793336188947,TypeId=1091110028)":
		{
			"x": -4760.3162424961683,
			"y": -8200.9334202607388
		},
		"(Guid=6064631793336254484,TypeId=1091110028)":
		{
			"x": -4748.9208994971395,
			"y": -8643.7680470678533
		},
		"(Guid=6064631793336385557,TypeId=1091110028)":
		{
			"x": -4757.87370030086,
			"y": -8501.8212713797766
		},
		"(Guid=6064631793412407334,TypeId=1091110028)":
		{
			"x": -4754.519463563618,
			"y": -8044.3440542330309
		},
		"(Guid=6064631793854578688,TypeId=1091110028)":
		{
			"x": -3987.558274425483,
			"y": -9063.4864161927617
		},
		"(Guid=6064631793854709761,TypeId=1091110028)":
		{
			"x": -3968.2713217479659,
			"y": -8839.1591461666467
		},
		"(Guid=6064631793854840834,TypeId=1091110028)":
		{
			"x": -3958.3295960408464,
			"y": -8647.6936805910391
		},
		"(Guid=6064631793855823875,TypeId=1091110028)":
		{
			"x": -4376.9778447767603,
			"y": -8958.4415025322087
		},
		"(Guid=6064631793948557320,TypeId=1091110028)":
		{
			"x": -4041.2661114931129,
			"y": -8478.311184340042
		},
		"(Guid=6064631793948753929,TypeId=1091110028)":
		{
			"x": -4043.1574766634494,
			"y": -8305.5880298520387
		},
		"(Guid=6064631793948819466,TypeId=1091110028)":
		{
			"x": -4039.6313493698844,
			"y": -8032.1367163906489
		}
	},
	"editorRecordCounter": 65,
	"guid": "6064631793319542786",
	"name": "DD_CSQ_0071_Scholar",
	"typeId": "1091110026"
}