{
	"dialogueRootId":
	{
		"guid": "6064629841056759906",
		"typeId": "1091110028",
		"name": "None"
	},
	"editorNodes":
	{
		"(Guid=6064629841056759903,TypeId=1091110028)":
		{
			"x": -624.78610514114041,
			"y": -1839.4243831225056
		},
		"(Guid=6064629841056759906,TypeId=1091110028)":
		{
			"x": -968.88545787609701,
			"y": -1297.3345229376519
		},
		"(Guid=6064629841056759910,TypeId=1091110028)":
		{
			"x": -524.67424184883305,
			"y": -1287.3185128202558
		},
		"(Guid=6064629841056759913,TypeId=1091110028)":
		{
			"x": -786.30596781848351,
			"y": -1333.4055708996636
		},
		"(Guid=6064629841056759918,TypeId=1091110028)":
		{
			"x": -791.47565831206316,
			"y": -1182.6072652967241
		},
		"(Guid=6064629841056759921,TypeId=1091110028)":
		{
			"x": -88.746839285495255,
			"y": -1722.0650158192877
		},
		"(Guid=6064629841056759922,TypeId=1091110028)":
		{
			"x": -57.561316267145195,
			"y": -1358.4324268680225
		},
		"(Guid=6064629885947936787,TypeId=1091110028)":
		{
			"x": -352.23127198410413,
			"y": -1552.9594712587304
		},
		"(Guid=6064629885989421081,TypeId=1091110028)":
		{
			"x": -297.76426661158183,
			"y": -1191.6101173912389
		}
	},
	"editorRecordCounter": 42,
	"guid": "6064629841056759902",
	"name": "0013_Jenner_Dialog",
	"typeId": "1091110026"
}