{
	"dialogueRootId":
	{
		"guid": "6064631828386480250",
		"typeId": "1091110028",
		"name": "None"
	},
	"editorNodes":
	{
		"(Guid=6064631743986861793,TypeId=1091110028)":
		{
			"x": -6107.6033460742929,
			"y": -8254.8119192686609
		},
		"(Guid=6064631747771105280,TypeId=1091110028)":
		{
			"x": -6111.5471769865535,
			"y": -8123.9537664884483
		},
		"(Guid=6064631747771564033,TypeId=1091110028)":
		{
			"x": -6101.3935580044617,
			"y": -7889.3457148087837
		},
		"(Guid=6064631748668162050,TypeId=1091110028)":
		{
			"x": -5734.6151619998518,
			"y": -8791.8888800560198
		},
		"(Guid=6064631749370183680,TypeId=1091110028)":
		{
			"x": -5732.2710547623765,
			"y": -8635.1085053108472
		},
		"(Guid=6064631755804509986,TypeId=1091110028)":
		{
			"x": -5728.3712567753237,
			"y": -8426.2352450865274
		},
		"(Guid=6064631828386480250,TypeId=1091110028)":
		{
			"x": -6364.5908944813818,
			"y": -8660.3447806634995
		},
		"(Guid=6064631828400308352,TypeId=1091110028)":
		{
			"x": -6092.3387600009573,
			"y": -8782.1442609383685
		},
		"(Guid=6064631828400701569,TypeId=1091110028)":
		{
			"x": -6098.7828327672878,
			"y": -8624.4351914929412
		},
		"(Guid=6064631828400767106,TypeId=1091110028)":
		{
			"x": -6104.0991677871652,
			"y": -8451.7203115409084
		},
		"(Guid=6064632218873495808,TypeId=1091110028,Name=\"DD_CSQ_0070_Scribe_46\")":
		{
			"x": -5422.330180506623,
			"y": -8790.9496328461864
		}
	},
	"editorRecordCounter": 46,
	"guid": "6064631743981094623",
	"name": "DD_CSQ_0070_Scribe",
	"typeId": "1091110026"
}