{
	"dialogueRootId":
	{
		"guid": "6064632310267838464",
		"typeId": "1091110028",
		"name": "CSQ_DD_0011_LTM_ZorrinFenn_15"
	},
	"editorNodes":
	{
		"(Guid=6064631075296116742,TypeId=1091110028)":
		{
			"x": -3921.9722809802424,
			"y": -1092.4807863994188
		},
		"(Guid=6064631075300704265,TypeId=1091110028)":
		{
			"x": -3661.8268513953349,
			"y": -1379.5092013042308
		},
		"(Guid=6064631075307585548,TypeId=1091110028)":
		{
			"x": -3375.996943598388,
			"y": -1406.7207883958015
		},
		"(Guid=6064631075308830735,TypeId=1091110028)":
		{
			"x": -3058.9529212762577,
			"y": -1398.5155417175226
		},
		"(Guid=6064632241901867321,TypeId=1091110028,Name=\"CSQ_DD_0011_LTM_ZorrinFenn_14\")":
		{
			"x": -3641.1051445537137,
			"y": -970.40017494117774
		},
		"(Guid=6064632310267838464,TypeId=1091110028,Name=\"CSQ_DD_0011_LTM_ZorrinFenn_15\")":
		{
			"x": -4344.9121994762554,
			"y": -1517.2832930455977
		},
		"(Guid=6064632310277472260,TypeId=1091110028,Name=\"CSQ_DD_0011_LTM_ZorrinFenn_16\")":
		{
			"x": -3979.1659087391326,
			"y": -1485.0551689661934
		},
		"(Guid=6064632310343663673,TypeId=1091110028,Name=\"CSQ_DD_0011_LTM_ZorrinFenn_17\")":
		{
			"x": -3347.5118392881632,
			"y": -1142.2772564666334
		},
		"(Guid=6064632790765866074,TypeId=1091110028,Name=\"CSQ_DD_0011_LTM_ZorrinFenn_18\")":
		{
			"x": -3658.8149741387251,
			"y": -1949.6333600939588
		},
		"(Guid=6064632790784740447,TypeId=1091110028,Name=\"CSQ_DD_0011_LTM_ZorrinFenn_19\")":
		{
			"x": -3144.2592245031283,
			"y": -1608.8212567494231
		},
		"(Guid=6064632790848048229,TypeId=1091110028,Name=\"CSQ_DD_0011_LTM_ZorrinFenn_20\")":
		{
			"x": -3124.2592689343437,
			"y": -1926.5991299667478
		},
		"(Guid=6064632790868495464,TypeId=1091110028,Name=\"CSQ_DD_0011_LTM_ZorrinFenn_21\")":
		{
			"x": -4038.5202164476782,
			"y": -2137.7161188356458
		},
		"(Guid=6064632791042034805,TypeId=1091110028,Name=\"CSQ_DD_0011_LTM_ZorrinFenn_22\")":
		{
			"x": -3701.7823847558493,
			"y": -2114.5381389395397
		}
	},
	"editorRecordCounter": 22,
	"guid": "6064631075290677253",
	"name": "CSQ_DD_0011_LTM_ZorrinFenn",
	"typeId": "1091110026"
}