{
	"dialogueRootId":
	{
		"guid": "6064631872808681483",
		"typeId": "1091110028",
		"name": "None"
	},
	"editorNodes":
	{
		"(Guid=6064631872808681483,TypeId=1091110028)":
		{
			"x": -5919.2834651692183,
			"y": -9349.4990182220936
		},
		"(Guid=6064631872811565073,TypeId=1091110028)":
		{
			"x": -5444.9946471807943,
			"y": -9203.2240267317848
		},
		"(Guid=6064631872850952212,TypeId=1091110028)":
		{
			"x": -4213.3775435208827,
			"y": -9042.8478121090211
		},
		"(Guid=6064631872851345429,TypeId=1091110028)":
		{
			"x": -5147.6576392216821,
			"y": -9609.0312353471381
		},
		"(Guid=6064631872852328472,TypeId=1091110028)":
		{
			"x": -5282.3402571731331,
			"y": -8891.4764769157355
		},
		"(Guid=6064631872859471900,TypeId=1091110028)":
		{
			"x": -3797.8921729239137,
			"y": -9391.2696141844663
		},
		"(Guid=6064631872875593760,TypeId=1091110028)":
		{
			"x": -4932.137309452125,
			"y": -8875.8064466545493
		},
		"(Guid=6064631878881312770,TypeId=1091110028)":
		{
			"x": -5471.1164138425211,
			"y": -9054.3478658280364
		},
		"(Guid=6064631878891143174,TypeId=1091110028)":
		{
			"x": -3438.8518325572154,
			"y": -8969.4191308912232
		},
		"(Guid=6064631879661585424,TypeId=1091110028)":
		{
			"x": -4588.4715503539328,
			"y": -8871.0312726899101
		},
		"(Guid=6064631879688586259,TypeId=1091110028)":
		{
			"x": -5936.3472086080428,
			"y": -8630.9676623695541
		},
		"(Guid=6064631879711261721,TypeId=1091110028)":
		{
			"x": -5925.8280631527223,
			"y": -7793.168381817668
		},
		"(Guid=6064631879712244764,TypeId=1091110028)":
		{
			"x": -5288.9053422263869,
			"y": -8491.6818410011711
		},
		"(Guid=6064631906831958319,TypeId=1091110028)":
		{
			"x": -4972.5854416080119,
			"y": -8499.756091488025
		},
		"(Guid=6064631906915254582,TypeId=1091110028)":
		{
			"x": -5055.4751994761928,
			"y": -8103.9419601558966
		},
		"(Guid=6064631941614403584,TypeId=1091110028)":
		{
			"x": -5414.774498179976,
			"y": -8137.0981365256139
		},
		"(Guid=6064631941645271046,TypeId=1091110028)":
		{
			"x": -5427.3542894783805,
			"y": -7790.8565484108394
		},
		"(Guid=6064631941688066058,TypeId=1091110028)":
		{
			"x": -4992.4464298139783,
			"y": -7767.8079944512965
		},
		"(Guid=6064631941696258061,TypeId=1091110028)":
		{
			"x": -5897.6979783083416,
			"y": -7260.3316719160985
		},
		"(Guid=6064631941707595794,TypeId=1091110028)":
		{
			"x": -4662.8217465375365,
			"y": -7875.9535963910075
		},
		"(Guid=6064632111143125238,TypeId=1091110028,Name=\"CSQ_RVR_0081_FB_NordenResnik_DLG_89\")":
		{
			"x": -5317.8454202964667,
			"y": -7500.1261854725053
		},
		"(Guid=6064632111147581689,TypeId=1091110028,Name=\"CSQ_RVR_0081_FB_NordenResnik_DLG_90\")":
		{
			"x": -5340.0864131063936,
			"y": -7037.406601860469
		},
		"(Guid=6064632111152169212,TypeId=1091110028,Name=\"CSQ_RVR_0081_FB_NordenResnik_DLG_91\")":
		{
			"x": -5876.3643415263841,
			"y": -6369.2807580185299
		},
		"(Guid=6064632111173140737,TypeId=1091110028,Name=\"CSQ_RVR_0081_FB_NordenResnik_DLG_92\")":
		{
			"x": -4925.0704958161314,
			"y": -6943.4727312043451
		},
		"(Guid=6064632111173861634,TypeId=1091110028,Name=\"CSQ_RVR_0081_FB_NordenResnik_DLG_93\")":
		{
			"x": -4910.3593848674163,
			"y": -7087.4735732607014
		},
		"(Guid=6064632116024180966,TypeId=1091110028,Name=\"CSQ_RVR_0081_FB_NordenResnik_DLG_94\")":
		{
			"x": -5368.4791029377884,
			"y": -5529.0149579897788
		},
		"(Guid=6064632116132970729,TypeId=1091110028,Name=\"CSQ_RVR_0081_FB_NordenResnik_DLG_95\")":
		{
			"x": -4946.7004938190485,
			"y": -7448.8083172622992
		},
		"(Guid=6064632139021353010,TypeId=1091110028,Name=\"CSQ_RVR_0081_FB_NordenResnik_DLG_96\")":
		{
			"x": -5122.9694840441807,
			"y": -9260.0376807112843
		},
		"(Guid=6064632157005545945,TypeId=1091110028,Name=\"CSQ_RVR_0081_FB_NordenResnik_DLG_97\")":
		{
			"x": -4601.3103744951859,
			"y": -7589.6958660682649
		},
		"(Guid=6064632157037527517,TypeId=1091110028,Name=\"CSQ_RVR_0081_FB_NordenResnik_DLG_98\")":
		{
			"x": -4338.3298924192159,
			"y": -7890.3744264202005
		},
		"(Guid=6064632189591617539,TypeId=1091110028,Name=\"CSQ_RVR_0081_FB_NordenResnik_DLG_99\")":
		{
			"x": -4954.507434358321,
			"y": -6521.1994989271707
		},
		"(Guid=6064632189613441028,TypeId=1091110028,Name=\"CSQ_RVR_0081_FB_NordenResnik_DLG_100\")":
		{
			"x": -4051.9749905697136,
			"y": -6117.9986292513731
		},
		"(Guid=6064632189630873609,TypeId=1091110028,Name=\"CSQ_RVR_0081_FB_NordenResnik_DLG_101\")":
		{
			"x": -4314.666437211441,
			"y": -5787.9012944415699
		},
		"(Guid=6064632189647781900,TypeId=1091110028,Name=\"CSQ_RVR_0081_FB_NordenResnik_DLG_102\")":
		{
			"x": -3826.8432864764736,
			"y": -5477.6619868937387
		},
		"(Guid=6064632189648961549,TypeId=1091110028,Name=\"CSQ_RVR_0081_FB_NordenResnik_DLG_103\")":
		{
			"x": -4611.416049953732,
			"y": -6041.7103448505759
		},
		"(Guid=6064632201988276761,TypeId=1091110028,Name=\"CSQ_RVR_0081_FB_NordenResnik_DLG_104\")":
		{
			"x": -5446.4608619067139,
			"y": -6608.6135618248782
		},
		"(Guid=6064632217969492625,TypeId=1091110028,Name=\"CSQ_RVR_0081_FB_NordenResnik_DLG_105\")":
		{
			"x": -5153.772248096785,
			"y": -6056.9176978328069
		},
		"(Guid=6064632217974604438,TypeId=1091110028,Name=\"CSQ_RVR_0081_FB_NordenResnik_DLG_106\")":
		{
			"x": -3979.7804258009519,
			"y": -5687.934807450084
		},
		"(Guid=6064632217977422489,TypeId=1091110028,Name=\"CSQ_RVR_0081_FB_NordenResnik_DLG_107\")":
		{
			"x": -4231.305938593543,
			"y": -6412.0366380936211
		},
		"(Guid=6064632218074874528,TypeId=1091110028,Name=\"CSQ_RVR_0081_FB_NordenResnik_DLG_109\")":
		{
			"x": -4223.0576271508071,
			"y": -5474.3615156949072
		},
		"(Guid=6064632218095780516,TypeId=1091110028,Name=\"CSQ_RVR_0081_FB_NordenResnik_DLG_110\")":
		{
			"x": -3488.861044388113,
			"y": -5468.0910027437694
		},
		"(Guid=6064632223782601909,TypeId=1091110028,Name=\"CSQ_RVR_0081_FB_NordenResnik_DLG_111\")":
		{
			"x": -5661.8409105803439,
			"y": -5872.0691509077842
		},
		"(Guid=6064632467812255195,TypeId=1091110028,Name=\"CSQ_RVR_0081_FB_NordenResnik_DLG_113\")":
		{
			"x": -4804.8542141688895,
			"y": -9261.4796650747921
		},
		"(Guid=6064632467836110302,TypeId=1091110028,Name=\"CSQ_RVR_0081_FB_NordenResnik_DLG_114\")":
		{
			"x": -4477.4210612600064,
			"y": -9498.1367193460464
		},
		"(Guid=6064632467881919973,TypeId=1091110028,Name=\"CSQ_RVR_0081_FB_NordenResnik_DLG_115\")":
		{
			"x": -4435.3021642483636,
			"y": -9269.9719621094737
		},
		"(Guid=6064632467928843752,TypeId=1091110028,Name=\"CSQ_RVR_0081_FB_NordenResnik_DLG_116\")":
		{
			"x": -3809.7788426808488,
			"y": -8959.5110127032967
		},
		"(Guid=6064632467949094377,TypeId=1091110028,Name=\"CSQ_RVR_0081_FB_NordenResnik_DLG_117\")":
		{
			"x": -3799.8402540966681,
			"y": -8627.0469049971216
		}
	},
	"editorRecordCounter": 118,
	"guid": "6064631872803700746",
	"name": "CSQ_RVR_0081_FB_NordenResnik_DLG",
	"typeId": "1091110026"
}