{
	"dialogueRootId":
	{
		"guid": "6064631634699354112",
		"typeId": "1091110028",
		"name": "None"
	},
	"editorNodes":
	{
		"(Guid=6064631634699354112,TypeId=1091110028)":
		{
			"x": -7650.5574353292659,
			"y": -4308.5909155965746
		},
		"(Guid=6064631634709250052,TypeId=1091110028)":
		{
			"x": -7383.8657612080387,
			"y": -4048.4035472639284
		},
		"(Guid=6064631634712133638,TypeId=1091110028)":
		{
			"x": -7389.1484049394803,
			"y": -4202.9226553483877
		},
		"(Guid=6064631634726289416,TypeId=1091110028)":
		{
			"x": -7119.2296576451818,
			"y": -4206.6163991777648
		},
		"(Guid=6064631634729566220,TypeId=1091110028)":
		{
			"x": -6852.7596092248968,
			"y": -4205.8086818023557
		},
		"(Guid=6064631634732122126,TypeId=1091110028)":
		{
			"x": -6574.5844646640599,
			"y": -4199.5157741598096
		},
		"(Guid=6064631634739068946,TypeId=1091110028)":
		{
			"x": -6307.0561683532933,
			"y": -4208.7310323731426
		},
		"(Guid=6064631634744377365,TypeId=1091110028)":
		{
			"x": -6037.5786100625992,
			"y": -4213.7897231578827
		},
		"(Guid=6064631634747064343,TypeId=1091110028)":
		{
			"x": -7402.7681481282098,
			"y": -3911.6024102288529
		}
	},
	"editorRecordCounter": 28,
	"guid": "6064631630385905731",
	"name": "CSQ_DD_0068_SOT_SirVhael",
	"typeId": "1091110026"
}