{
	"dialogueRootId":
	{
		"guid": "109082435933895",
		"typeId": "1091110028",
		"name": "MADD_0005_The_Antiquitor_2"
	},
	"editorNodes":
	{
		"(Guid=109082435933895,TypeId=1091110028)":
		{
			"x": -552.00001645088196,
			"y": 293.3333420753479
		},
		"(Guid=109082436916936,TypeId=1091110028)":
		{
			"x": -316.66667610406876,
			"y": 294.00000876188278
		},
		"(Guid=109082437310153,TypeId=1091110028)":
		{
			"x": -70.666668772697449,
			"y": 291.33334201574326
		},
		"(Guid=109082437506762,TypeId=1091110028)":
		{
			"x": 171.33333843946457,
			"y": 296.00000882148743
		},
		"(Guid=109082437703371,TypeId=1091110028)":
		{
			"x": 349.33334374427795,
			"y": 292.66667538881302
		},
		"(Guid=109082437965516,TypeId=1091110028)":
		{
			"x": 586.00001746416092,
			"y": 290.00000864267349
		},
		"(Guid=109082438162125,TypeId=1091110028)":
		{
			"x": 828.66669136285782,
			"y": 288.00000858306885
		},
		"(Guid=109082438358734,TypeId=1091110028)":
		{
			"x": 1056.6666981577873,
			"y": 284.66667515039444
		},
		"(Guid=109082438620879,TypeId=1091110028)":
		{
			"x": 1302.6667054891586,
			"y": 292.66667538881302
		},
		"(Guid=109082482988771,TypeId=1091110028)":
		{
			"x": -310.66667592525482,
			"y": 444.66667991876602
		},
		"(Guid=109082483250916,TypeId=1091110028)":
		{
			"x": -55.333334982395172,
			"y": 450.00001341104507
		},
		"(Guid=109082483578597,TypeId=1091110028)":
		{
			"x": 188.00000560283661,
			"y": 448.00001335144043
		}
	},
	"editorRecordCounter": 38,
	"guid": "109081863673469",
	"name": "MADD_0005_The_Antiquitor",
	"typeId": "1091110026"
}