{
	"dialogueRootId":
	{
		"guid": "6064629410550317592",
		"typeId": "1091110028",
		"name": "None"
	},
	"editorNodes":
	{
		"(Guid=6064629410550317592,TypeId=1091110028)":
		{
			"x": -206.57343639420827,
			"y": 342.76742273516334
		},
		"(Guid=6064629410550317597,TypeId=1091110028)":
		{
			"x": 17.305567825285053,
			"y": 186.06685202099607
		},
		"(Guid=6064629410550317600,TypeId=1091110028)":
		{
			"x": 543.84912295955132,
			"y": 143.30220773322108
		},
		"(Guid=6064629410550317602,TypeId=1091110028)":
		{
			"x": 33.590310427816597,
			"y": 372.27849654734388
		},
		"(Guid=6064629410550317604,TypeId=1091110028)":
		{
			"x": 8.4377971481908816,
			"y": 686.70662158014306
		},
		"(Guid=6064629410550317606,TypeId=1091110028)":
		{
			"x": 787.19261013280868,
			"y": 102.74704428129755
		},
		"(Guid=6064629410550317608,TypeId=1091110028)":
		{
			"x": 1144.4854714197877,
			"y": 128.75366717550034
		},
		"(Guid=6064629410550317610,TypeId=1091110028)":
		{
			"x": 285.88768274826111,
			"y": 286.54281434626671
		},
		"(Guid=6064629410622538293,TypeId=1091110028)":
		{
			"x": 289.82413192540491,
			"y": 777.20206571478536
		},
		"(Guid=6064629410627650103,TypeId=1091110028)":
		{
			"x": 566.31108361825727,
			"y": 760.47918276226562
		},
		"(Guid=6064629721714262020,TypeId=1091110028)":
		{
			"x": 1142.2726808199673,
			"y": 393.36362266223171
		}
	},
	"editorRecordCounter": 44,
	"guid": "6064629410550317591",
	"name": "MADD_0008_BrotherMindel",
	"typeId": "1091110026"
}