{
	"dialogueRootId":
	{
		"guid": "6064631606599811081",
		"typeId": "1091110028",
		"name": "None"
	},
	"editorNodes":
	{
		"(Guid=6064631606599811081,TypeId=1091110028)":
		{
			"x": -10157.19731588451,
			"y": -3199.3646802368949
		},
		"(Guid=6064631606601842701,TypeId=1091110028)":
		{
			"x": -10170.780886490109,
			"y": -2850.0889947778783
		},
		"(Guid=6064631606603153424,TypeId=1091110028)":
		{
			"x": -9860.2128727676882,
			"y": -2835.8686200546335
		},
		"(Guid=6064631606603939860,TypeId=1091110028)":
		{
			"x": -9523.1941613462313,
			"y": -2840.8589244878731
		},
		"(Guid=6064631606604660760,TypeId=1091110028)":
		{
			"x": -9276.4241691383395,
			"y": -2838.2730136923774
		},
		"(Guid=6064631606605709340,TypeId=1091110028)":
		{
			"x": -8920.2166620902262,
			"y": -2850.3508372057013
		}
	},
	"editorRecordCounter": 22,
	"guid": "6064631629370228767",
	"name": "CSQ_DD_0068_SOT_HowlingCircle",
	"typeId": "1091110026"
}