{
	"dialogueRootId":
	{
		"guid": "6064631555528130582",
		"typeId": "1091110028",
		"name": "None"
	},
	"editorNodes":
	{
		"(Guid=6064631555528130582,TypeId=1091110028)":
		{
			"x": -10725.016002553757,
			"y": -4157.2724752452868
		},
		"(Guid=6064631555551854620,TypeId=1091110028)":
		{
			"x": -10376.146301234819,
			"y": -3857.39349479148
		},
		"(Guid=6064631555595829279,TypeId=1091110028)":
		{
			"x": -10077.249450488776,
			"y": -3889.5057887417629
		},
		"(Guid=6064631555601727522,TypeId=1091110028)":
		{
			"x": -9816.0822060712435,
			"y": -3865.1729484041566
		},
		"(Guid=6064631555613917221,TypeId=1091110028)":
		{
			"x": -9509.0723577411027,
			"y": -3870.5825247731523
		},
		"(Guid=6064631555615752232,TypeId=1091110028)":
		{
			"x": -9185.4121089689434,
			"y": -3876.1621047072113
		},
		"(Guid=6064631555618832427,TypeId=1091110028)":
		{
			"x": -8887.9635432561245,
			"y": -3873.5563152407603
		},
		"(Guid=6064631555622895662,TypeId=1091110028)":
		{
			"x": -8590.4714433774025,
			"y": -3875.4691897590151
		},
		"(Guid=6064631555630956593,TypeId=1091110028)":
		{
			"x": -8240.0768971457182,
			"y": -3887.3792363849607
		},
		"(Guid=6064631555638296628,TypeId=1091110028)":
		{
			"x": -10367.43356248612,
			"y": -3986.4063039996936
		},
		"(Guid=6064631555643277366,TypeId=1091110028)":
		{
			"x": -10359.635323653367,
			"y": -4132.4181439511003
		},
		"(Guid=6064631555649634361,TypeId=1091110028)":
		{
			"x": -10041.228461900413,
			"y": -4133.9788160563839
		},
		"(Guid=6064631555667591228,TypeId=1091110028)":
		{
			"x": -10373.535925433465,
			"y": -4263.9643594118215
		}
	},
	"editorRecordCounter": 41,
	"guid": "6064631555247702017",
	"name": "CSQ_DD_0066_WIB_ScholarZvian",
	"typeId": "1091110026"
}