{
	"dialogueRootId":
	{
		"guid": "6064631749076189223",
		"typeId": "1091110028",
		"name": "None"
	},
	"editorNodes":
	{
		"(Guid=6064631749076189223,TypeId=1091110028)":
		{
			"x": 1625.3622792748829,
			"y": -975.45055077210407
		},
		"(Guid=6064631749081759786,TypeId=1091110028)":
		{
			"x": 1955.3925635124222,
			"y": -204.6387226281754
		},
		"(Guid=6064631749085757484,TypeId=1091110028)":
		{
			"x": 2042.497070293874,
			"y": 51.318085340783014
		},
		"(Guid=6064631749099913265,TypeId=1091110028)":
		{
			"x": 2304.887100972287,
			"y": 219.15731076264345
		},
		"(Guid=6064631749107187764,TypeId=1091110028)":
		{
			"x": 2299.6494804762733,
			"y": -7.4207166951779655
		},
		"(Guid=6064631749125472313,TypeId=1091110028)":
		{
			"x": 2345.0521716700136,
			"y": -232.52285210755849
		},
		"(Guid=6064631749139562558,TypeId=1091110028)":
		{
			"x": 2608.3379719307009,
			"y": 201.58319125324485
		},
		"(Guid=6064631749156274242,TypeId=1091110028)":
		{
			"x": 1938.3708743139728,
			"y": -481.47809818961599
		},
		"(Guid=6064631749165711431,TypeId=1091110028)":
		{
			"x": 2335.607589759677,
			"y": -481.40053751476262
		},
		"(Guid=6064631907914023144,TypeId=1091110028)":
		{
			"x": 1999.1222625994446,
			"y": 400.17461200766735
		},
		"(Guid=6064631907926999275,TypeId=1091110028)":
		{
			"x": 2310.5696450060086,
			"y": 395.49642509847592
		},
		"(Guid=6064632058396540982,TypeId=1091110028,Name=\"DD_0100_EudoxiaAvenmoor_42\")":
		{
			"x": 1950.3579107895494,
			"y": -1018.2050768397748
		},
		"(Guid=6064632058408403001,TypeId=1091110028,Name=\"DD_0100_EudoxiaAvenmoor_43\")":
		{
			"x": 2328.1868839105409,
			"y": -987.71648259044014
		},
		"(Guid=6064632058423476287,TypeId=1091110028,Name=\"DD_0100_EudoxiaAvenmoor_44\")":
		{
			"x": 2707.6958485307991,
			"y": -973.57110596963503
		},
		"(Guid=6064632058440843332,TypeId=1091110028,Name=\"DD_0100_EudoxiaAvenmoor_45\")":
		{
			"x": 3023.7792307881841,
			"y": -939.80917650772096
		},
		"(Guid=6064632058446020680,TypeId=1091110028,Name=\"DD_0100_EudoxiaAvenmoor_46\")":
		{
			"x": 3357.1129987288496,
			"y": -1044.5711742582773
		},
		"(Guid=6064632058450608203,TypeId=1091110028,Name=\"DD_0100_EudoxiaAvenmoor_47\")":
		{
			"x": 3349.4935231197996,
			"y": -881.71396700108698
		},
		"(Guid=6064632058455982158,TypeId=1091110028,Name=\"DD_0100_EudoxiaAvenmoor_48\")":
		{
			"x": 3056.5412597656259,
			"y": -714.09499104817667
		},
		"(Guid=6064632058472693845,TypeId=1091110028,Name=\"DD_0100_EudoxiaAvenmoor_49\")":
		{
			"x": 1972.2201734100661,
			"y": -1216.8903657193821
		},
		"(Guid=6064632140324077627,TypeId=1091110028,Name=\"DD_0100_EudoxiaAvenmoor_50\")":
		{
			"x": 1947.2449107756015,
			"y": -846.16603878360206
		},
		"(Guid=6064632376644927490,TypeId=1091110028,Name=\"DD_0100_EudoxiaAvenmoor_51\")":
		{
			"x": 1946.6973560672182,
			"y": -724.60746958395498
		}
	},
	"editorRecordCounter": 51,
	"guid": "6064631749074944038",
	"name": "DD_0100_EudoxiaAvenmoor",
	"typeId": "1091110026"
}