{
	"dialogueRootId":
	{
		"guid": "108601314793080",
		"typeId": "1091110028",
		"name": "MADD_0002_HuntressTheeral_SecondMeeting_2"
	},
	"editorNodes":
	{
		"(Guid=108601314793080,TypeId=1091110028)":
		{
			"x": 673.33335340023041,
			"y": 649.33335268497467
		},
		"(Guid=108601320953467,TypeId=1091110028)":
		{
			"x": 952.00002837181091,
			"y": 644.00001919269562
		},
		"(Guid=108601325475455,TypeId=1091110028)":
		{
			"x": 1234.6667034626007,
			"y": 642.66668581962585
		},
		"(Guid=108601327834754,TypeId=1091110028)":
		{
			"x": 1498.6667113304138,
			"y": 634.66668558120728
		},
		"(Guid=108601330849413,TypeId=1091110028)":
		{
			"x": 1808.0000538825989,
			"y": 624.00001859664917
		},
		"(Guid=108601333077640,TypeId=1091110028)":
		{
			"x": 2080.6667286753654,
			"y": 621.33335185050964
		}
	},
	"editorRecordCounter": 19,
	"guid": "108601260463745",
	"name": "MADD_0002_HuntressTheeral_SecondMeeting",
	"typeId": "1091110026"
}