{
	"dialogueRootId":
	{
		"guid": "6064631788946391043",
		"typeId": "1091110028",
		"name": "None"
	},
	"editorNodes":
	{
		"(Guid=6064631788946391041,TypeId=1091110028)":
		{
			"x": -692.70466507459946,
			"y": -1548.9827573517168
		},
		"(Guid=6064631788946391043,TypeId=1091110028)":
		{
			"x": -967.58828382540594,
			"y": -1542.3106062626632
		},
		"(Guid=6064631788946391047,TypeId=1091110028)":
		{
			"x": -970.56692052344533,
			"y": -1352.4749326403978
		},
		"(Guid=6064631788946391048,TypeId=1091110028)":
		{
			"x": -449.73441598689988,
			"y": -1553.7258281324541
		},
		"(Guid=6064631788946391049,TypeId=1091110028)":
		{
			"x": -692.14469565788943,
			"y": -1655.653475512632
		},
		"(Guid=6064632417213876175,TypeId=1091110028,Name=\"SQ_0039_CoTS_Minototem_16\")":
		{
			"x": -703.66879187865061,
			"y": -1409.6740751318985
		}
	},
	"editorRecordCounter": 16,
	"guid": "6064631788946391040",
	"name": "SQ_0039_CoTS_Minototem",
	"typeId": "1091110026"
}