{
	"dialogueRootId":
	{
		"guid": "6064629132372541531",
		"typeId": "1091110028",
		"name": "None"
	},
	"editorNodes":
	{
		"(Guid=6064629132372541531,TypeId=1091110028)":
		{
			"x": -6.6666662693023557,
			"y": 534.07406545715583
		},
		"(Guid=6064629132375031902,TypeId=1091110028)":
		{
			"x": 277.03703276169125,
			"y": 425.18518281571681
		},
		"(Guid=6064629132378112097,TypeId=1091110028)":
		{
			"x": 579.99999311235217,
			"y": 420.74073258741436
		},
		"(Guid=6064629132380930148,TypeId=1091110028)":
		{
			"x": 898.51851369863721,
			"y": 415.55555487120603
		},
		"(Guid=6064629132382961767,TypeId=1091110028)":
		{
			"x": 1154.0740581721445,
			"y": 409.62963191815345
		},
		"(Guid=6064629132385976426,TypeId=1091110028)":
		{
			"x": 280.74073828296878,
			"y": 620.74073040191138
		},
		"(Guid=6064629132391415919,TypeId=1091110028)":
		{
			"x": 288.14814449092478,
			"y": 775.55555063265285
		}
	},
	"editorRecordCounter": 29,
	"guid": "6064629131902713867",
	"name": "MIDD_0003_RRR_SirKane",
	"typeId": "1091110026"
}