{
	"dialogueRootId":
	{
		"guid": "108612409579169",
		"typeId": "1091110028",
		"name": "MADD_0002_SP_AV_TheeralAlly_2"
	},
	"editorNodes":
	{
		"(Guid=108612409579169,TypeId=1091110028)":
		{
			"x": 709.00002112984657,
			"y": 564.66668349504471
		},
		"(Guid=108612413052580,TypeId=1091110028)":
		{
			"x": 970.00002890825272,
			"y": 564.00001680850983
		},
		"(Guid=108612415739559,TypeId=1091110028)":
		{
			"x": 1237.3333702087402,
			"y": 562.66668343544006
		},
		"(Guid=108612418229930,TypeId=1091110028)":
		{
			"x": 1510.6667116880417,
			"y": 558.66668331623077
		},
		"(Guid=108612420851373,TypeId=1091110028)":
		{
			"x": 1808.6667205691338,
			"y": 554.66668319702148
		},
		"(Guid=108612423407280,TypeId=1091110028)":
		{
			"x": 2068.0000616312027,
			"y": 554.66668319702148
		}
	},
	"editorRecordCounter": 19,
	"guid": "108612311144096",
	"name": "MADD_0002_SP_AV_TheeralAlly",
	"typeId": "1091110026"
}