{
	"dialogueRootId":
	{
		"guid": "6064628781113409548",
		"typeId": "1091110028",
		"name": "None"
	},
	"editorNodes":
	{
		"(Guid=6064628781113409548,TypeId=1091110028)":
		{
			"x": -952.56621104675685,
			"y": -421.92891064866996
		},
		"(Guid=6064628781160661007,TypeId=1091110028)":
		{
			"x": 291.39570102150856,
			"y": -606.39459251684912
		},
		"(Guid=6064628781170884626,TypeId=1091110028)":
		{
			"x": 656.14033749779503,
			"y": -954.38594545133913
		},
		"(Guid=6064628781512982550,TypeId=1091110028)":
		{
			"x": 303.85964292678619,
			"y": -186.66666286033532
		},
		"(Guid=6064628781544046619,TypeId=1091110028)":
		{
			"x": 685.91477113420308,
			"y": -215.64912215867108
		},
		"(Guid=6064628782538162206,TypeId=1091110028)":
		{
			"x": 695.12282727591332,
			"y": -17.157897432039714
		},
		"(Guid=6064628782549041187,TypeId=1091110028)":
		{
			"x": 1078.7368206440701,
			"y": -110.49122484673657
		},
		"(Guid=6064628782555594790,TypeId=1091110028)":
		{
			"x": 1071.5237907350731,
			"y": -440.0751856956046
		},
		"(Guid=6064628782569619500,TypeId=1091110028)":
		{
			"x": 1034.1666820769508,
			"y": 120.0000017881393
		},
		"(Guid=6064628782579712048,TypeId=1091110028)":
		{
			"x": 1400.8333542073769,
			"y": -18.33333360652129
		},
		"(Guid=6064628782588100659,TypeId=1091110028)":
		{
			"x": 1413.9999431400115,
			"y": 216.85713141426817
		},
		"(Guid=6064628782656585783,TypeId=1091110028)":
		{
			"x": 1741.1515671469624,
			"y": 31.878790392035114
		},
		"(Guid=6064628782656782392,TypeId=1091110028)":
		{
			"x": 1742.6667186021805,
			"y": 299.33334225416183
		},
		"(Guid=6064628782687387711,TypeId=1091110028)":
		{
			"x": 657.81675063376679,
			"y": -654.2300060520364
		},
		"(Guid=6064628782691778627,TypeId=1091110028)":
		{
			"x": 1011.9298039270807,
			"y": -837.19296538488709
		},
		"(Guid=6064628782704427079,TypeId=1091110028)":
		{
			"x": 315.39960446421583,
			"y": -1021.1305844580363
		},
		"(Guid=6064628940746260480,TypeId=1091110028)":
		{
			"x": -477.0370322981002,
			"y": -741.4814741155252
		},
		"(Guid=6064628940750716932,TypeId=1091110028)":
		{
			"x": -160.20201865434285,
			"y": -1234.5454413399343
		},
		"(Guid=6064628940771098634,TypeId=1091110028)":
		{
			"x": -54.814814270278561,
			"y": -885.18517639166078
		},
		"(Guid=6064628940777783310,TypeId=1091110028)":
		{
			"x": 277.19297680388127,
			"y": -1312.9824293672448
		},
		"(Guid=6064628940780404754,TypeId=1091110028)":
		{
			"x": 624.56139077330215,
			"y": -1299.3683948248279
		},
		"(Guid=6064628940788858901,TypeId=1091110028)":
		{
			"x": 621.05261891502494,
			"y": -1607.0175110908556
		}
	},
	"editorRecordCounter": 90,
	"guid": "6064628781107118091",
	"name": "DD_ServiceNPC_Administrator",
	"typeId": "1091110026"
}