{
	"dialogueRootId":
	{
		"guid": "6064628867129540724",
		"typeId": "1091110028",
		"name": "None"
	},
	"editorNodes":
	{
		"(Guid=6064628867129540724,TypeId=1091110028)":
		{
			"x": 11.228069946486327,
			"y": 557.8947254660394
		},
		"(Guid=6064628867129868405,TypeId=1091110028)":
		{
			"x": 364.21051888915048,
			"y": 559.29823420935031
		},
		"(Guid=6064628867130065014,TypeId=1091110028)":
		{
			"x": 677.89472301911223,
			"y": 557.19297109438412
		},
		"(Guid=6064628867130261623,TypeId=1091110028)":
		{
			"x": 1058.2455924563369,
			"y": 567.71928666921508
		},
		"(Guid=6064628867130523768,TypeId=1091110028)":
		{
			"x": 1360.3189515419999,
			"y": 569.12279541252576
		},
		"(Guid=6064630021497487374,TypeId=1091110028)":
		{
			"x": 385.39574481885398,
			"y": 884.53991177956584
		}
	},
	"editorRecordCounter": 21,
	"guid": "6064628867041067103",
	"name": "MADD_0007_Phase04_TheBonekeeper",
	"typeId": "1091110026"
}