{
	"dialogueRootId":
	{
		"guid": "6064632557841481738",
		"typeId": "1091110028",
		"name": "CSQ_RVR_Skeleton_TheUndying_2"
	},
	"editorNodes":
	{
		"(Guid=6064632557841481738,TypeId=1091110028,Name=\"CSQ_RVR_Skeleton_TheUndying_2\")":
		{
			"x": 98.350250244140625,
			"y": 41.449493408203125
		},
		"(Guid=6064632557843316749,TypeId=1091110028,Name=\"CSQ_RVR_Skeleton_TheUndying_3\")":
		{
			"x": 370.26942567296942,
			"y": 35.388877380430635
		},
		"(Guid=6064632740047487023,TypeId=1091110028,Name=\"CSQ_RVR_Skeleton_TheUndying_4\")":
		{
			"x": 672.57971772612382,
			"y": 171.91321379838351
		},
		"(Guid=6064632740059873330,TypeId=1091110028,Name=\"CSQ_RVR_Skeleton_TheUndying_5\")":
		{
			"x": 982.5798384125543,
			"y": 176.67509810656921
		},
		"(Guid=6064632740080320565,TypeId=1091110028,Name=\"CSQ_RVR_Skeleton_TheUndying_6\")":
		{
			"x": 2431.0532828677833,
			"y": -1.4761410832028499
		},
		"(Guid=6064632740093231160,TypeId=1091110028,Name=\"CSQ_RVR_Skeleton_TheUndying_7\")":
		{
			"x": 1268.9733065670625,
			"y": 291.34463893115992
		},
		"(Guid=6064632740102406203,TypeId=1091110028,Name=\"CSQ_RVR_Skeleton_TheUndying_8\")":
		{
			"x": 1573.2870610079276,
			"y": 290.56038553822003
		},
		"(Guid=6064632740122329150,TypeId=1091110028,Name=\"CSQ_RVR_Skeleton_TheUndying_9\")":
		{
			"x": 1859.5615090185386,
			"y": 285.85448511826536
		},
		"(Guid=6064632740130914369,TypeId=1091110028,Name=\"CSQ_RVR_Skeleton_TheUndying_10\")":
		{
			"x": 2159.1693378413293,
			"y": 281.93296933009128
		},
		"(Guid=6064632740142645316,TypeId=1091110028,Name=\"CSQ_RVR_Skeleton_TheUndying_11\")":
		{
			"x": 2448.5812270839319,
			"y": 269.38401388434539
		},
		"(Guid=6064632740148281415,TypeId=1091110028,Name=\"CSQ_RVR_Skeleton_TheUndying_12\")":
		{
			"x": 2885.4931630939227,
			"y": 132.01505573590595
		},
		"(Guid=6064632740160864331,TypeId=1091110028,Name=\"CSQ_RVR_Skeleton_TheUndying_13\")":
		{
			"x": 3215.4203825782861,
			"y": 145.00515792772708
		},
		"(Guid=6064632740175806542,TypeId=1091110028,Name=\"CSQ_RVR_Skeleton_TheUndying_14\")":
		{
			"x": 3561.3852518357726,
			"y": 152.7244510868579
		}
	},
	"editorRecordCounter": 14,
	"guid": "6064632557837418505",
	"name": "CSQ_RVR_Skeleton_TheUndying",
	"typeId": "1091110026"
}