{
	"dialogueRootId":
	{
		"guid": "6064631822399045828",
		"typeId": "1091110028",
		"name": "None"
	},
	"editorNodes":
	{
		"(Guid=6064631787609718786,TypeId=1091110028)":
		{
			"x": -7992.111568392922,
			"y": -7280.0283314799235
		},
		"(Guid=6064631787637440517,TypeId=1091110028)":
		{
			"x": -7974.8691794772758,
			"y": -7177.1317512285405
		},
		"(Guid=6064631787685216262,TypeId=1091110028)":
		{
			"x": -7991.2817283650738,
			"y": -6989.3222336083281
		},
		"(Guid=6064631787689672713,TypeId=1091110028)":
		{
			"x": -8004.163498046365,
			"y": -6827.9135903427414
		},
		"(Guid=6064631788344573952,TypeId=1091110028)":
		{
			"x": -7017.2235228710333,
			"y": -9012.8527670774693
		},
		"(Guid=6064631800847335616,TypeId=1091110028)":
		{
			"x": -6755.4911720869031,
			"y": -8903.2731362739578
		},
		"(Guid=6064631822365819072,TypeId=1091110028)":
		{
			"x": -7009.1252092833884,
			"y": -8694.276620231054
		},
		"(Guid=6064631822399045828,TypeId=1091110028)":
		{
			"x": -7748.0579968941265,
			"y": -8689.392204722777
		},
		"(Guid=6064631822423097543,TypeId=1091110028)":
		{
			"x": -7328.206085905751,
			"y": -9012.2302645287036
		},
		"(Guid=6064631828798374238,TypeId=1091110028)":
		{
			"x": -7011.1215595295689,
			"y": -9191.9120417212143
		},
		"(Guid=6064631828815479137,TypeId=1091110028)":
		{
			"x": -6662.271029612928,
			"y": -9178.6231836567404
		},
		"(Guid=6064631835237154886,TypeId=1091110028)":
		{
			"x": -6958.0262673186126,
			"y": -7926.6794934093978
		},
		"(Guid=6064631835260223562,TypeId=1091110028)":
		{
			"x": -7312.7040750047563,
			"y": -7993.8246851114509
		},
		"(Guid=6064631835277131852,TypeId=1091110028)":
		{
			"x": -7323.8475452393059,
			"y": -8875.4477142973028
		},
		"(Guid=6064631844075274245,TypeId=1091110028)":
		{
			"x": -7322.5335651703908,
			"y": -8745.435582272803
		},
		"(Guid=6064631844085235720,TypeId=1091110028)":
		{
			"x": -7338.1681047716529,
			"y": -9169.6168832800377
		},
		"(Guid=6064631844176396300,TypeId=1091110028)":
		{
			"x": -7305.2954953048784,
			"y": -8169.1553233308659
		},
		"(Guid=6064631874964750338,TypeId=1091110028)":
		{
			"x": -7337.5499926779012,
			"y": -7265.0067711553938
		},
		"(Guid=6064631874989522949,TypeId=1091110028)":
		{
			"x": -6977.5401477908263,
			"y": -7288.3473984293723
		},
		"(Guid=6064631918821965827,TypeId=1091110028)":
		{
			"x": -7266.5615864731208,
			"y": -8330.3050613434789
		},
		"(Guid=6064631918857879558,TypeId=1091110028)":
		{
			"x": -6932.1808153757329,
			"y": -8282.0476460232203
		},
		"(Guid=6064631986506761355,TypeId=1091110028)":
		{
			"x": -7335.1913517000357,
			"y": -7485.7441943518479
		},
		"(Guid=6064631986508203149,TypeId=1091110028)":
		{
			"x": -6952.6317652230919,
			"y": -7515.7335318679707
		},
		"(Guid=6064632257756659717,TypeId=1091110028,Name=\"DD_CSQ_0071_Farzaan_95\")":
		{
			"x": -7319.1306935018974,
			"y": -8495.8597001896942
		},
		"(Guid=6064632257756987398,TypeId=1091110028,Name=\"DD_CSQ_0071_Farzaan_96\")":
		{
			"x": -6922.4641985860108,
			"y": -8463.7763659022694
		},
		"(Guid=6064632258004647961,TypeId=1091110028,Name=\"DD_CSQ_0071_Farzaan_97\")":
		{
			"x": -7314.5306934239889,
			"y": -7695.0640350117947
		},
		"(Guid=6064632258005368860,TypeId=1091110028,Name=\"DD_CSQ_0071_Farzaan_98\")":
		{
			"x": -6960.2453294513971,
			"y": -7716.65091695501
		}
	},
	"editorRecordCounter": 98,
	"guid": "6064631787601133568",
	"name": "DD_CSQ_0071_Farzaan",
	"typeId": "1091110026"
}