{
	"dialogueRootId":
	{
		"guid": "109234113042079",
		"typeId": "1091110028",
		"name": "None"
	},
	"editorNodes":
	{
		"(Guid=109234113042079,TypeId=1091110028)":
		{
			"x": -268.52941087098009,
			"y": 116.44444426783829
		},
		"(Guid=109234113042082,TypeId=1091110028)":
		{
			"x": -70.555555334797617,
			"y": 156.55555573216191
		},
		"(Guid=109234113042083,TypeId=1091110028)":
		{
			"x": 93.908490484805753,
			"y": 153.15686502982797
		},
		"(Guid=109234113042086,TypeId=1091110028)":
		{
			"x": 225.18300647835196,
			"y": 287.0784300255433
		},
		"(Guid=109234113042089,TypeId=1091110028)":
		{
			"x": 361.27451685839645,
			"y": 413.89541854507644
		},
		"(Guid=6064628634767458333,TypeId=1091110028)":
		{
			"x": -52.222220147097659,
			"y": 292.22221061035486
		},
		"(Guid=6064628634767917086,TypeId=1091110028)":
		{
			"x": -51.1111090801381,
			"y": 357.77776356096672
		}
	},
	"editorRecordCounter": 25,
	"guid": "109234113042078",
	"name": "0006_P0_Cleric_Response1",
	"typeId": "1091110026"
}