{
	"dialogueRootId":
	{
		"guid": "108165371090581",
		"typeId": "1091110028",
		"name": "HarrietRootNode"
	},
	"editorNodes":
	{
		"(Guid=108165371090581,TypeId=1091110028)":
		{
			"x": 0,
			"y": 0
		},
		"(Guid=108190442083978,TypeId=1091110028)":
		{
			"x": 0,
			"y": 0
		},
		"(Guid=108190511552145,TypeId=1091110028)":
		{
			"x": 0,
			"y": 0
		},
		"(Guid=108190463252109,TypeId=1091110028)":
		{
			"x": 0,
			"y": 0
		},
		"(Guid=108190459909772,TypeId=1091110028)":
		{
			"x": 0,
			"y": 0
		},
		"(Guid=108190455387787,TypeId=1091110028)":
		{
			"x": 0,
			"y": 0
		},
		"(Guid=108168029951666,TypeId=1091110028)":
		{
			"x": 0,
			"y": 0
		},
		"(Guid=108190412134024,TypeId=1091110028)":
		{
			"x": -259.39394314208113,
			"y": -52.727273489161355
		}
	},
	"editorRecordCounter": 1,
	"guid": "108165346776724",
	"name": "HarrietProtoDialog",
	"typeId": "1091110026"
}