{
	"dialogueRootId":
	{
		"guid": "6064630174528372884",
		"typeId": "1091110028",
		"name": "None"
	},
	"editorNodes":
	{
		"(Guid=6064630174528372884,TypeId=1091110028)":
		{
			"x": -7810.9094335778946,
			"y": -467.98517349009325
		},
		"(Guid=6064630174530666647,TypeId=1091110028)":
		{
			"x": -7485.6472672682066,
			"y": -343.50414218320884
		},
		"(Guid=6064630174533353626,TypeId=1091110028)":
		{
			"x": -7196.8547647100886,
			"y": -344.01681905986641
		},
		"(Guid=6064630174542266526,TypeId=1091110028)":
		{
			"x": -6906.8826659769202,
			"y": -347.22888579166488
		},
		"(Guid=6064631783112312894,TypeId=1091110028)":
		{
			"x": -6612.8548061673118,
			"y": -349.12185549074314
		},
		"(Guid=6064631783118800961,TypeId=1091110028)":
		{
			"x": -7495.4719620013775,
			"y": -637.38550420635102
		}
	},
	"editorRecordCounter": 22,
	"guid": "6064630174518411410",
	"name": "MIDD_0017_HOB_TheCryptmonger",
	"typeId": "1091110026"
}