{
	"dialogueRootId":
	{
		"guid": "6064629653244542984",
		"typeId": "1091110028",
		"name": "None"
	},
	"editorNodes":
	{
		"(Guid=6064629653244542984,TypeId=1091110028)":
		{
			"x": -9.0126098380390545,
			"y": 600.24507125188859
		},
		"(Guid=6064629653244542989,TypeId=1091110028)":
		{
			"x": 347.50000922630193,
			"y": 134.5000016565117
		},
		"(Guid=6064629653244542991,TypeId=1091110028)":
		{
			"x": 349.01960908610357,
			"y": 412.54901619381019
		},
		"(Guid=6064629653244542993,TypeId=1091110028)":
		{
			"x": 705.88235516036639,
			"y": 400.78430895849374
		},
		"(Guid=6064629653244542995,TypeId=1091110028)":
		{
			"x": 358.43137373836271,
			"y": 763.92156996666472
		},
		"(Guid=6064629653244542997,TypeId=1091110028)":
		{
			"x": 720.78431344637261,
			"y": 764.70588011725204
		},
		"(Guid=6064629653244542999,TypeId=1091110028)":
		{
			"x": 365.49019503620934,
			"y": 1055.6862823209688
		},
		"(Guid=6064629653244543001,TypeId=1091110028)":
		{
			"x": 711.37255201977734,
			"y": 1050.9803894413114
		},
		"(Guid=6064629653244543003,TypeId=1091110028)":
		{
			"x": 1035.2941103460048,
			"y": 1046.2745033635958
		},
		"(Guid=6064629653244543005,TypeId=1091110028)":
		{
			"x": 1403.9215652684159,
			"y": 1058.8235379997834
		}
	},
	"editorRecordCounter": 33,
	"guid": "6064629653244542983",
	"name": "MADD_0002_CCC_Book_VuulVodex",
	"typeId": "1091110026"
}