{
	"dialogueRootId":
	{
		"guid": "6064632139953996725",
		"typeId": "1091110028",
		"name": "DD_ServiceNPC_ConstructionForeman_1"
	},
	"editorNodes":
	{
		"(Guid=6064632139953996725,TypeId=1091110028,Name=\"DD_ServiceNPC_ConstructionForeman_1\")":
		{
			"x": 300,
			"y": 0
		},
		"(Guid=6064632139963630521,TypeId=1091110028,Name=\"DD_ServiceNPC_ConstructionForeman_2\")":
		{
			"x": 622.54002477319727,
			"y": -151.77579879101603
		},
		"(Guid=6064632139979752380,TypeId=1091110028,Name=\"DD_ServiceNPC_ConstructionForeman_3\")":
		{
			"x": 650.36064246560431,
			"y": 34.506019384682219
		},
		"(Guid=6064632139984274367,TypeId=1091110028,Name=\"DD_ServiceNPC_ConstructionForeman_4\")":
		{
			"x": 937.02736849363134,
			"y": -171.20820626758425
		},
		"(Guid=6064632139989124035,TypeId=1091110028,Name=\"DD_ServiceNPC_ConstructionForeman_5\")":
		{
			"x": 1245.0260009765625,
			"y": -195.99053955078125
		},
		"(Guid=6064632240757669890,TypeId=1091110028,Name=\"DD_ServiceNPC_ConstructionForeman_6\")":
		{
			"x": 696.54388427734375,
			"y": 243.12056510978266
		}
	},
	"editorRecordCounter": 6,
	"guid": "6064632139953996724",
	"name": "DD_ServiceNPC_ConstructionForeman",
	"typeId": "1091110026"
}