{
	"dialogueRootId":
	{
		"guid": "6064631590094503964",
		"typeId": "1091110028",
		"name": "None"
	},
	"editorNodes":
	{
		"(Guid=6064631590094503952,TypeId=1091110028)":
		{
			"x": -13227.029545469415,
			"y": -3241.7916352164534
		},
		"(Guid=6064631669812559964,TypeId=1091110028)":
		{
			"x": -12723.428556974126,
			"y": -3608.7825242183826
		},
		"(Guid=6064631590094503964,TypeId=1091110028)":
		{
			"x": -14293.394828961866,
			"y": -3050.0377526847847
		},
		"(Guid=6064631590094503968,TypeId=1091110028)":
		{
			"x": -13221.546306789513,
			"y": -2885.1730346491063
		},
		"(Guid=6064631590094503969,TypeId=1091110028)":
		{
			"x": -13219.010631942645,
			"y": -1914.6253254919318
		},
		"(Guid=6064631590094503971,TypeId=1091110028)":
		{
			"x": -13863.353304381382,
			"y": -3276.550219515892
		},
		"(Guid=6064631590094503980,TypeId=1091110028)":
		{
			"x": -13221.267882768356,
			"y": -2449.4322965708284
		},
		"(Guid=6064631595145494528,TypeId=1091110028)":
		{
			"x": -13472.105085818046,
			"y": -3656.5875257834837
		},
		"(Guid=6064631595467866121,TypeId=1091110028)":
		{
			"x": -12734.118155267002,
			"y": -3397.7030053472208
		},
		"(Guid=6064631596092293277,TypeId=1091110028)":
		{
			"x": -12730.601611018083,
			"y": -3902.0908671170141
		},
		"(Guid=6064631596235686917,TypeId=1091110028)":
		{
			"x": -12819.300663518936,
			"y": -2751.2004692252658
		},
		"(Guid=6064631669331263568,TypeId=1091110028)":
		{
			"x": -12136.978589605769,
			"y": -4271.873843292401
		},
		"(Guid=6064631669395750996,TypeId=1091110028)":
		{
			"x": -12357.419129275151,
			"y": -3268.5828955566817
		},
		"(Guid=6064631669896183904,TypeId=1091110028)":
		{
			"x": -12394.154305566575,
			"y": -2995.5546328163941
		},
		"(Guid=6064631674268614814,TypeId=1091110028)":
		{
			"x": -12812.694457918175,
			"y": -2141.1543641499256
		},
		"(Guid=6064631674290045090,TypeId=1091110028)":
		{
			"x": -12365.135650474107,
			"y": -2489.2540812545008
		},
		"(Guid=6064631674703380649,TypeId=1091110028)":
		{
			"x": -12822.648527911586,
			"y": -2458.0343316317148
		},
		"(Guid=6064631946583475333,TypeId=1091110028)":
		{
			"x": -12736.497348089602,
			"y": -4124.2705771290521
		}
	},
	"editorRecordCounter": 129,
	"guid": "6064631590094503944",
	"name": "CSQ_DialDef_0014_AkhundBahrani_AstralCircle",
	"typeId": "1091110026"
}