{
	"dialogueRootId":
	{
		"guid": "6064631600588783619",
		"typeId": "1091110028",
		"name": "None"
	},
	"editorNodes":
	{
		"(Guid=6064631600588783619,TypeId=1091110028)":
		{
			"x": -10493.66444594462,
			"y": -5736.7693933719056
		},
		"(Guid=6064631600595271687,TypeId=1091110028)":
		{
			"x": -10127.521331442798,
			"y": -5382.1411437486995
		},
		"(Guid=6064631600600907785,TypeId=1091110028)":
		{
			"x": -9823.5426546493163,
			"y": -5386.5692884577638
		},
		"(Guid=6064631600604446733,TypeId=1091110028)":
		{
			"x": -9545.4142180315357,
			"y": -5390.9027996874229
		},
		"(Guid=6064631600607133712,TypeId=1091110028)":
		{
			"x": -9239.5977737792364,
			"y": -5280.4769099871683
		},
		"(Guid=6064631600613883924,TypeId=1091110028)":
		{
			"x": -8960.4938783793732,
			"y": -5299.9022074203431
		},
		"(Guid=6064631600630530072,TypeId=1091110028)":
		{
			"x": -10117.416017413139,
			"y": -5647.6243496537209
		},
		"(Guid=6064631600632496155,TypeId=1091110028)":
		{
			"x": -9824.0384447694487,
			"y": -5630.1323845752668
		},
		"(Guid=6064632456583184392,TypeId=1091110028,Name=\"CSQ_DD_0068_TAW_TheSalvageer_29\")":
		{
			"x": -10134.497635743624,
			"y": -5854.5408105361494
		},
		"(Guid=6064632456597536780,TypeId=1091110028,Name=\"CSQ_DD_0068_TAW_TheSalvageer_30\")":
		{
			"x": -9844.7357132997295,
			"y": -6053.9191123101309
		},
		"(Guid=6064633588561019079,TypeId=1091110028,Name=\"CSQ_DD_0068_TAW_TheSalvageer_31\")":
		{
			"x": -9827.4906532811237,
			"y": -5886.3609879206188
		},
		"(Guid=6064633612307398838,TypeId=1091110028,Name=\"CSQ_DD_0068_TAW_TheSalvageer_32\")":
		{
			"x": -9823.8017591238022,
			"y": -5797.0895203351974
		}
	},
	"editorRecordCounter": 32,
	"voiceId":
	{
		"guid": "0",
		"typeId": "919300",
		"name": "None"
	},
	"guid": "6064631596098781209",
	"name": "CSQ_DD_0068_TAW_TheSalvageer",
	"typeId": "1091110026"
}