{
	"dialogueRootId":
	{
		"guid": "6064632099325411418",
		"typeId": "1091110028",
		"name": "CSQ_012X_FTUE_EstablishingASettlement_NodeTrader_1"
	},
	"editorNodes":
	{
		"(Guid=6064632099325411418,TypeId=1091110028,Name=\"CSQ_012X_FTUE_EstablishingASettlement_NodeTrader_1\")":
		{
			"x": 549.61517524283897,
			"y": 316.45886171501462
		},
		"(Guid=6064632099326132315,TypeId=1091110028,Name=\"CSQ_012X_FTUE_EstablishingASettlement_NodeTrader_2\")":
		{
			"x": 1033.9936238928149,
			"y": 208.1880597026356
		},
		"(Guid=6064632099459367043,TypeId=1091110028,Name=\"CSQ_012X_FTUE_EstablishingASettlement_LionholdTrader_3\")":
		{
			"x": 1498.9924477022525,
			"y": 257.77751187348315
		},
		"(Guid=6064632099463233670,TypeId=1091110028,Name=\"CSQ_012X_FTUE_EstablishingASettlement_LionholdTrader_4\")":
		{
			"x": 1492.2201347734172,
			"y": 407.89275082087573
		},
		"(Guid=6064632099464609928,TypeId=1091110028,Name=\"CSQ_012X_FTUE_EstablishingASettlement_LionholdTrader_5\")":
		{
			"x": 1034.0373754787879,
			"y": 472.43586513190587
		},
		"(Guid=6064632099502620811,TypeId=1091110028,Name=\"CSQ_012X_FTUE_EstablishingASettlement_LionholdTrader_6\")":
		{
			"x": 1071.3975189370101,
			"y": 625.51856308675428
		}
	},
	"editorRecordCounter": 6,
	"guid": "6064632099325411417",
	"name": "CSQ_0153_FTUE_EstablishingASettlement_LionholdTrader",
	"typeId": "1091110026"
}