{
	"dialogueRootId":
	{
		"guid": "6064628906680189012",
		"typeId": "1091110028",
		"name": "None"
	},
	"editorNodes":
	{
		"(Guid=6064628906680189012,TypeId=1091110028)":
		{
			"x": -4.9105604737189594,
			"y": 592.32027013052732
		},
		"(Guid=6064628906683465815,TypeId=1091110028)":
		{
			"x": 367.01753637577201,
			"y": 482.80700769891229
		},
		"(Guid=6064628906683793496,TypeId=1091110028)":
		{
			"x": 732.63156400823334,
			"y": 488.42104267215547
		},
		"(Guid=6064628906683990105,TypeId=1091110028)":
		{
			"x": 1099.6491003840054,
			"y": 477.89472709732462
		},
		"(Guid=6064628906684186714,TypeId=1091110028)":
		{
			"x": 363.50876451749514,
			"y": 761.40349324610395
		},
		"(Guid=6064628906684448859,TypeId=1091110028)":
		{
			"x": 724.91226592002374,
			"y": 764.91226510438128
		},
		"(Guid=6064628906684645468,TypeId=1091110028)":
		{
			"x": 1117.1929596753905,
			"y": 769.12279133431343
		}
	},
	"editorRecordCounter": 26,
	"guid": "6064628905923903500",
	"name": "MADD_0012_TPG_LordKivanDaragalL",
	"typeId": "1091110026"
}