{
	"dialogueRootId":
	{
		"guid": "6064629109937340548",
		"typeId": "1091110028",
		"name": "None"
	},
	"editorNodes":
	{
		"(Guid=6064629109937340548,TypeId=1091110028)":
		{
			"x": -39.99999918435752,
			"y": 134.03508373134596
		},
		"(Guid=6064629109937668229,TypeId=1091110028)":
		{
			"x": 207.01753800705686,
			"y": 138.24561146707975
		},
		"(Guid=6064629109937995910,TypeId=1091110028)":
		{
			"x": 239.29824136190709,
			"y": 421.75437171813724
		},
		"(Guid=6064629109938258055,TypeId=1091110028)":
		{
			"x": 192.98245132684951,
			"y": 736.84208622269489
		},
		"(Guid=6064629109938651272,TypeId=1091110028)":
		{
			"x": 189.47367890389694,
			"y": 1078.5964566232558
		},
		"(Guid=6064629109938913417,TypeId=1091110028)":
		{
			"x": 525.61401878587742,
			"y": 1079.9999787305542
		},
		"(Guid=6064629109939241098,TypeId=1091110028)":
		{
			"x": 519.29823696998596,
			"y": 750.87717353031917
		},
		"(Guid=6064629109939437707,TypeId=1091110028)":
		{
			"x": 498.24560111469469,
			"y": 404.21051688141478
		}
	},
	"editorRecordCounter": 26,
	"guid": "6064629109382905921",
	"name": "MIDD_0003_TGS_StatuePlaque",
	"typeId": "1091110026"
}