{
	"dialogueRootId":
	{
		"guid": "6064633668513103880",
		"typeId": "1091110028",
		"name": "None"
	},
	"editorNodes":
	{
		"(Guid=6064633668513103878,TypeId=1091110028)":
		{
			"x": -357.33500555066598,
			"y": -1896.1366007398237
		},
		"(Guid=6064633668513103880,TypeId=1091110028)":
		{
			"x": -1204.8732039846732,
			"y": -2243.3297548934574
		},
		"(Guid=6064633668513103884,TypeId=1091110028)":
		{
			"x": -903.57958965471585,
			"y": -1941.1323866699283
		},
		"(Guid=6064633668513103885,TypeId=1091110028)":
		{
			"x": -905.15593636605013,
			"y": -2198.5165611690882
		},
		"(Guid=6064633668513103888,TypeId=1091110028)":
		{
			"x": -615.17445720928163,
			"y": -1922.896609643733
		},
		"(Guid=6064633668513103889,TypeId=1091110028)":
		{
			"x": -612.09831331481223,
			"y": -2264.2468092273525
		},
		"(Guid=6064633669208245023,TypeId=1091110028,Name=\"Node_Caravansary_Helper_8\")":
		{
			"x": -903.85490168661545,
			"y": -1750.6031304837873
		},
		"(Guid=6064633691102314960,TypeId=1091110028,Name=\"Node_Caravansary_Helper_9\")":
		{
			"x": 356.38895590031274,
			"y": -1916.3343908302199
		},
		"(Guid=6064633691113456084,TypeId=1091110028,Name=\"Node_Caravansary_Helper_10\")":
		{
			"x": 56.637105321064411,
			"y": -1537.2226520564973
		},
		"(Guid=6064633691577123296,TypeId=1091110028,Name=\"Node_Caravansary_Helper_11\")":
		{
			"x": 348.27855657101173,
			"y": -1428.8755285848963
		},
		"(Guid=6064633691795620335,TypeId=1091110028,Name=\"Node_Caravansary_Helper_12\")":
		{
			"x": -616.81700647856974,
			"y": -1752.6401228356383
		},
		"(Guid=6064633696052577254,TypeId=1091110028,Name=\"Node_Caravansary_Helper_13\")":
		{
			"x": 57.189023503808542,
			"y": -1696.9009476634983
		},
		"(Guid=6064633696065029097,TypeId=1091110028,Name=\"Node_Caravansary_Helper_14\")":
		{
			"x": 354.7098912753948,
			"y": -1620.1127081104353
		},
		"(Guid=6064633697025983473,TypeId=1091110028,Name=\"Node_Caravansary_Helper_15\")":
		{
			"x": -165.66161195850401,
			"y": -2569.7025781920152
		}
	},
	"editorRecordCounter": 15,
	"voiceId":
	{
		"guid": "0",
		"typeId": "919300",
		"name": "None"
	},
	"guid": "6064633668513103877",
	"name": "Node_Caravansary_Helper",
	"typeId": "1091110026"
}