{
	"dialogueRootId":
	{
		"guid": "6064629382852444315",
		"typeId": "1091110028",
		"name": "None"
	},
	"editorNodes":
	{
		"(Guid=6064629382852444315,TypeId=1091110028)":
		{
			"x": -204.8007086139111,
			"y": 311.343179322217
		},
		"(Guid=6064629382852444320,TypeId=1091110028)":
		{
			"x": 17.305567825285053,
			"y": 186.06685202099607
		},
		"(Guid=6064629382852444322,TypeId=1091110028)":
		{
			"x": 570.51578962621807,
			"y": 128.63554106655442
		},
		"(Guid=6064629382852444324,TypeId=1091110028)":
		{
			"x": 27.888728643496215,
			"y": 403.1381793099967
		},
		"(Guid=6064629382852444326,TypeId=1091110028)":
		{
			"x": 42.988345765568653,
			"y": 577.49184784577449
		},
		"(Guid=6064629382852444328,TypeId=1091110028)":
		{
			"x": 831.03981723714537,
			"y": 143.96910830434578
		},
		"(Guid=6064629382852444330,TypeId=1091110028)":
		{
			"x": 1086.4608402139099,
			"y": 77.236225739064466
		},
		"(Guid=6064629387280384756,TypeId=1091110028)":
		{
			"x": 298.55434921624561,
			"y": 269.64281419725518
		}
	},
	"editorRecordCounter": 28,
	"guid": "6064629382852444314",
	"name": "MADD_0008_TradesmanLiam",
	"typeId": "1091110026"
}