{
	"dialogueRootId":
	{
		"guid": "6064629607918338049",
		"typeId": "1091110028",
		"name": "None"
	},
	"editorNodes":
	{
		"(Guid=6064629607918338049,TypeId=1091110028)":
		{
			"x": -317.85814341770788,
			"y": 406.84094941804915
		},
		"(Guid=6064629607918338057,TypeId=1091110028)":
		{
			"x": -39.759330866353316,
			"y": 248.50869648286567
		},
		"(Guid=6064629607925547028,TypeId=1091110028)":
		{
			"x": 499.5209466671713,
			"y": 141.52129040656865
		},
		"(Guid=6064629607929348118,TypeId=1091110028)":
		{
			"x": 205.89841222576928,
			"y": 258.65742548386805
		},
		"(Guid=6064629608169537563,TypeId=1091110028)":
		{
			"x": 800.10370572323029,
			"y": 388.05431501465273
		},
		"(Guid=6064629608274526241,TypeId=1091110028)":
		{
			"x": -32.222222094673178,
			"y": 18.679009964218636
		}
	},
	"editorRecordCounter": 40,
	"guid": "6064629607918338048",
	"name": "MADD_0009_BartenderJames",
	"typeId": "1091110026"
}