{
	"dialogueRootId":
	{
		"guid": "109183298524796",
		"typeId": "1091110028",
		"name": "SADD_DialogueTest_Vhalen_2"
	},
	"editorNodes":
	{
		"(Guid=109183298524796,TypeId=1091110028)":
		{
			"x": 230.10257182894841,
			"y": 589.58976256106757
		},
		"(Guid=109183298983549,TypeId=1091110028)":
		{
			"x": 494.66668140888214,
			"y": 542.66668283939362
		},
		"(Guid=109183299245694,TypeId=1091110028)":
		{
			"x": 510.6666818857193,
			"y": 685.33335375785828
		},
		"(Guid=109183299442303,TypeId=1091110028)":
		{
			"x": 745.33335554599762,
			"y": 536.0000159740448
		},
		"(Guid=109183299638912,TypeId=1091110028)":
		{
			"x": 999.28208123226841,
			"y": 813.79490028600958
		},
		"(Guid=109183332865677,TypeId=1091110028)":
		{
			"x": 1344.0000400543213,
			"y": 702.00002092123032
		},
		"(Guid=6064630888423686145,TypeId=1091110028)":
		{
			"x": 1063.3517615174396,
			"y": 432.36537689899308
		}
	},
	"editorRecordCounter": 26,
	"guid": "109183294396027",
	"name": "SADD_DialogueTest_Vhalen",
	"typeId": "1091110026"
}