{
	"dialogueRootId":
	{
		"guid": "6064630615919493121",
		"typeId": "1091110028",
		"name": "None"
	},
	"editorNodes":
	{
		"(Guid=6064630615919493121,TypeId=1091110028)":
		{
			"x": -365.15231654436053,
			"y": 915.48482447848085
		},
		"(Guid=6064630615919493127,TypeId=1091110028)":
		{
			"x": 79.772631118994894,
			"y": 361.77017333839837
		},
		"(Guid=6064630615919493138,TypeId=1091110028)":
		{
			"x": 589.28769437191534,
			"y": 95.233854793518177
		},
		"(Guid=6064630616420515894,TypeId=1091110028)":
		{
			"x": 950.71716518113078,
			"y": 106.55457308075641
		},
		"(Guid=6064630616443125818,TypeId=1091110028)":
		{
			"x": 597.93079203118862,
			"y": 331.59302996305962
		},
		"(Guid=6064630616669356100,TypeId=1091110028)":
		{
			"x": 571.07646111807878,
			"y": 531.94327491914373
		},
		"(Guid=6064630616673943623,TypeId=1091110028)":
		{
			"x": 861.28441887858594,
			"y": 532.12362175057842
		},
		"(Guid=6064630616680824907,TypeId=1091110028)":
		{
			"x": 576.18386009004382,
			"y": 669.75321544541259
		},
		"(Guid=6064630616717590609,TypeId=1091110028)":
		{
			"x": 570.06802927886758,
			"y": 782.66596175626057
		},
		"(Guid=6064630616739676245,TypeId=1091110028)":
		{
			"x": 72.863818656985572,
			"y": 1096.5191270806965
		},
		"(Guid=6064630616811110488,TypeId=1091110028)":
		{
			"x": 508.28102079144122,
			"y": 958.46030245003783
		},
		"(Guid=6064630616847155292,TypeId=1091110028)":
		{
			"x": 497.60839719459909,
			"y": 1144.5397480735628
		},
		"(Guid=6064630616919834722,TypeId=1091110028)":
		{
			"x": 495.6478788220146,
			"y": 1339.6859556509512
		},
		"(Guid=6064630616934908007,TypeId=1091110028)":
		{
			"x": 491.41075761863834,
			"y": 1475.5931470986663
		},
		"(Guid=6064630617001230446,TypeId=1091110028)":
		{
			"x": 98.415095364638432,
			"y": 1643.9779351486682
		},
		"(Guid=6064630617027182705,TypeId=1091110028)":
		{
			"x": 479.18344813424272,
			"y": 1611.6262497655246
		},
		"(Guid=6064630617051431030,TypeId=1091110028)":
		{
			"x": 483.50447019052683,
			"y": 1782.3641305849346
		},
		"(Guid=6064630617060671610,TypeId=1091110028)":
		{
			"x": 95.51995849609375,
			"y": 1871.0294189453125
		}
	},
	"editorRecordCounter": 107,
	"guid": "6064630615919493120",
	"name": "DD_0026_LeodrasLionbrand",
	"typeId": "1091110026"
}