{
	"dialogueRootId":
	{
		"guid": "6064631709203038210",
		"typeId": "1091110028",
		"name": "None"
	},
	"editorNodes":
	{
		"(Guid=6064631709203038209,TypeId=1091110028)":
		{
			"x": -837.53970885536364,
			"y": -1585.8701725068343
		},
		"(Guid=6064631709203038210,TypeId=1091110028)":
		{
			"x": -1058.7938795074522,
			"y": -1453.9977750614269
		},
		"(Guid=6064631709203038214,TypeId=1091110028)":
		{
			"x": -1096.3037777331385,
			"y": -1218.2971603671817
		},
		"(Guid=6064631709203038215,TypeId=1091110028)":
		{
			"x": -539.17317558876016,
			"y": -1456.3406899128263
		},
		"(Guid=6064631710145119282,TypeId=1091110028)":
		{
			"x": -620.69980598745883,
			"y": -1318.1157038769989
		},
		"(Guid=6064631710147740725,TypeId=1091110028)":
		{
			"x": -197.14354534837298,
			"y": -1252.4030582685004
		},
		"(Guid=6064631715126050816,TypeId=1091110028)":
		{
			"x": -405.9245229555566,
			"y": -1304.7205530333167
		},
		"(Guid=6064631765133557761,TypeId=1091110028)":
		{
			"x": -620.64424863349677,
			"y": -1032.2191043701196
		},
		"(Guid=6064631765155512325,TypeId=1091110028)":
		{
			"x": -904.45036465096825,
			"y": -580.23151754486616
		},
		"(Guid=6064631765621997576,TypeId=1091110028)":
		{
			"x": 1.216448027634327,
			"y": -1131.7110119437716
		},
		"(Guid=6064631765623373835,TypeId=1091110028)":
		{
			"x": 245.50293090863866,
			"y": -1160.1288725214404
		},
		"(Guid=6064631765721939982,TypeId=1091110028)":
		{
			"x": 2.2154965098528971,
			"y": -906.70754489982312
		},
		"(Guid=6064631765923135509,TypeId=1091110028)":
		{
			"x": -716.06087711904445,
			"y": -859.58754370620488
		},
		"(Guid=6064631765927264280,TypeId=1091110028)":
		{
			"x": -496.69442842276311,
			"y": -860.71932936154451
		}
	},
	"editorRecordCounter": 54,
	"guid": "6064631709203038208",
	"name": "SQ_RVR_0036_Hrok",
	"typeId": "1091110026"
}