{
	"dialogueRootId":
	{
		"guid": "6064632150599800932",
		"typeId": "1091110028",
		"name": "Master_Dialog_Kaelar_Guard_36"
	},
	"editorNodes":
	{
		"(Guid=6064632037320425473,TypeId=1091110028)":
		{
			"x": -264.5441887874365,
			"y": 614.42462309024484
		},
		"(Guid=6064632037320425485,TypeId=1091110028)":
		{
			"x": 170.81909241785601,
			"y": 1303.8885434357171
		},
		"(Guid=6064632037320425487,TypeId=1091110028)":
		{
			"x": 593.62909104637833,
			"y": -1304.1304056118454
		},
		"(Guid=6064632037320425490,TypeId=1091110028)":
		{
			"x": 968.43514862141876,
			"y": -1299.1109863279996
		},
		"(Guid=6064632038207258705,TypeId=1091110028,Name=\"Master_Dialog_Kaelar_Guard_8\")":
		{
			"x": 177.28942940336972,
			"y": 665.45023180197154
		},
		"(Guid=6064632038207455314,TypeId=1091110028,Name=\"Master_Dialog_Kaelar_Guard_9\")":
		{
			"x": 446.0117775936298,
			"y": 667.12348302267014
		},
		"(Guid=6064632038207520851,TypeId=1091110028,Name=\"Master_Dialog_Kaelar_Guard_10\")":
		{
			"x": 729.40343535128818,
			"y": 663.16484383387797
		},
		"(Guid=6064632038207651924,TypeId=1091110028,Name=\"Master_Dialog_Kaelar_Guard_11\")":
		{
			"x": 994.52548851071947,
			"y": 676.64729792377955
		},
		"(Guid=6064632038207717461,TypeId=1091110028,Name=\"Master_Dialog_Kaelar_Guard_12\")":
		{
			"x": 1268.779337788337,
			"y": 662.67904851613957
		},
		"(Guid=6064632038208438358,TypeId=1091110028,Name=\"Master_Dialog_Kaelar_Guard_13\")":
		{
			"x": 186.17049311812116,
			"y": 818.99518361275818
		},
		"(Guid=6064632038208569431,TypeId=1091110028,Name=\"Master_Dialog_Kaelar_Guard_14\")":
		{
			"x": 444.26573357693343,
			"y": 815.78088891781942
		},
		"(Guid=6064632038208634968,TypeId=1091110028,Name=\"Master_Dialog_Kaelar_Guard_15\")":
		{
			"x": 729.20622823141866,
			"y": 814.78221257021812
		},
		"(Guid=6064632038208700505,TypeId=1091110028,Name=\"Master_Dialog_Kaelar_Guard_16\")":
		{
			"x": 997.53956151744751,
			"y": 824.68962677276579
		},
		"(Guid=6064632038208766042,TypeId=1091110028,Name=\"Master_Dialog_Kaelar_Guard_17\")":
		{
			"x": 1263.4721045159047,
			"y": 815.43035999229585
		},
		"(Guid=6064632038228230252,TypeId=1091110028,Name=\"Master_Dialog_Kaelar_Guard_18\")":
		{
			"x": 172.57924159457983,
			"y": 975.29148931820475
		},
		"(Guid=6064632038228426861,TypeId=1091110028,Name=\"Master_Dialog_Kaelar_Guard_19\")":
		{
			"x": 436.9840073162016,
			"y": 969.9541793276843
		},
		"(Guid=6064632038228492398,TypeId=1091110028,Name=\"Master_Dialog_Kaelar_Guard_20\")":
		{
			"x": 735.77369386647035,
			"y": 971.7068314984208
		},
		"(Guid=6064632038228557935,TypeId=1091110028,Name=\"Master_Dialog_Kaelar_Guard_21\")":
		{
			"x": 998.10172881879498,
			"y": 983.25444016050483
		},
		"(Guid=6064632038228689008,TypeId=1091110028,Name=\"Master_Dialog_Kaelar_Guard_22\")":
		{
			"x": 1275.6744897144822,
			"y": 978.36687933749829
		},
		"(Guid=6064632038228754545,TypeId=1091110028,Name=\"Master_Dialog_Kaelar_Guard_23\")":
		{
			"x": 438.3398208252641,
			"y": 1134.3721973407357
		},
		"(Guid=6064632038228885618,TypeId=1091110028,Name=\"Master_Dialog_Kaelar_Guard_24\")":
		{
			"x": 165.08586346862816,
			"y": 1127.8444154537065
		},
		"(Guid=6064632038293504136,TypeId=1091110028,Name=\"Master_Dialog_Kaelar_Guard_26\")":
		{
			"x": 733.13108251450171,
			"y": 1116.1851397109226
		},
		"(Guid=6064632038293635209,TypeId=1091110028,Name=\"Master_Dialog_Kaelar_Guard_27\")":
		{
			"x": 997.17145036709576,
			"y": 1100.562221603313
		},
		"(Guid=6064632038293766282,TypeId=1091110028,Name=\"Master_Dialog_Kaelar_Guard_28\")":
		{
			"x": 1276.9020544420553,
			"y": 1163.9965846174628
		},
		"(Guid=6064632110889631750,TypeId=1091110028,Name=\"Master_Dialog_Kaelar_Guard_30\")":
		{
			"x": 1256.6650982997587,
			"y": -723.13495055335898
		},
		"(Guid=6064632117896347653,TypeId=1091110028,Name=\"Master_Dialog_Kaelar_Guard_33\")":
		{
			"x": 540.21110932514011,
			"y": 148.74671291033027
		},
		"(Guid=6064632117899755527,TypeId=1091110028,Name=\"Master_Dialog_Kaelar_Guard_34\")":
		{
			"x": 688.25068741476741,
			"y": -932.67147162044807
		},
		"(Guid=6064632117908537356,TypeId=1091110028,Name=\"Master_Dialog_Kaelar_Guard_35\")":
		{
			"x": 889.1765036901553,
			"y": -1094.8626230050472
		},
		"(Guid=6064632150599800932,TypeId=1091110028,Name=\"Master_Dialog_Kaelar_Guard_36\")":
		{
			"x": -336.72555421932913,
			"y": -651.99239434541857
		},
		"(Guid=6064632150602291302,TypeId=1091110028,Name=\"Master_Dialog_Kaelar_Guard_37\")":
		{
			"x": -19.603943805635751,
			"y": -704.24628548563226
		},
		"(Guid=6064632150605109353,TypeId=1091110028,Name=\"Master_Dialog_Kaelar_Guard_38\")":
		{
			"x": -20.640935787448239,
			"y": -571.35734903665264
		},
		"(Guid=6064632150606813291,TypeId=1091110028,Name=\"Master_Dialog_Kaelar_Guard_39\")":
		{
			"x": 282.69238262275485,
			"y": -699.62977909630229
		},
		"(Guid=6064632150613432430,TypeId=1091110028,Name=\"Master_Dialog_Kaelar_Guard_40\")":
		{
			"x": 2009.5693191208757,
			"y": -1334.850910588628
		},
		"(Guid=6064632150825572472,TypeId=1091110028,Name=\"Master_Dialog_Kaelar_Guard_42\")":
		{
			"x": 1865.1860824649013,
			"y": -973.61919932199726
		},
		"(Guid=6064632150831143036,TypeId=1091110028,Name=\"Master_Dialog_Kaelar_Guard_43\")":
		{
			"x": 2010.1799042465191,
			"y": -1187.3732474426104
		},
		"(Guid=6064632150841825409,TypeId=1091110028,Name=\"Master_Dialog_Kaelar_Guard_44\")":
		{
			"x": 691.32904301224414,
			"y": -466.71075827615527
		},
		"(Guid=6064632150846412932,TypeId=1091110028,Name=\"Master_Dialog_Kaelar_Guard_45\")":
		{
			"x": 1166.0432644320613,
			"y": -393.72568960886531
		},
		"(Guid=6064632150856112262,TypeId=1091110028,Name=\"Master_Dialog_Kaelar_Guard_46\")":
		{
			"x": 1175.7320206796903,
			"y": -196.56376656167916
		},
		"(Guid=6064632150866663562,TypeId=1091110028,Name=\"Master_Dialog_Kaelar_Guard_47\")":
		{
			"x": 1490.9956053197384,
			"y": -511.66345326602453
		},
		"(Guid=6064632150866794635,TypeId=1091110028,Name=\"Master_Dialog_Kaelar_Guard_48\")":
		{
			"x": 1490.6423531675348,
			"y": -315.08620576289184
		},
		"(Guid=6064632150893402259,TypeId=1091110028,Name=\"Master_Dialog_Kaelar_Guard_49\")":
		{
			"x": 1499.8923619509396,
			"y": -127.52445724286322
		},
		"(Guid=6064632154839384067,TypeId=1091110028,Name=\"Master_Dialog_Kaelar_Guard_50\")":
		{
			"x": -38.832420122348665,
			"y": -891.883263681568
		},
		"(Guid=6064632154842923014,TypeId=1091110028,Name=\"Master_Dialog_Kaelar_Guard_51\")":
		{
			"x": 203.23688594500223,
			"y": -1127.4273294210432
		},
		"(Guid=6064632154848755722,TypeId=1091110028,Name=\"Master_Dialog_Kaelar_Guard_52\")":
		{
			"x": 280.73901367187545,
			"y": -874.91117350260458
		},
		"(Guid=6064632259115286537,TypeId=1091110028,Name=\"Master_Dialog_Kaelar_Guard_53\")":
		{
			"x": 930.4705760433626,
			"y": -811.6986758826406
		},
		"(Guid=6064632259119349773,TypeId=1091110028,Name=\"Master_Dialog_Kaelar_Guard_54\")":
		{
			"x": 679.63018292681886,
			"y": -654.29685510018044
		},
		"(Guid=6064632259124199440,TypeId=1091110028,Name=\"Master_Dialog_Kaelar_Guard_55\")":
		{
			"x": 1255.6832064716048,
			"y": -861.31147597982851
		},
		"(Guid=6064632259165880345,TypeId=1091110028,Name=\"Master_Dialog_Kaelar_Guard_56\")":
		{
			"x": 1177.5970510274101,
			"y": -560.01006271008725
		},
		"(Guid=6064632280956731435,TypeId=1091110028,Name=\"Master_Dialog_Kaelar_Guard_59\")":
		{
			"x": 773.76674483884995,
			"y": 134.12688252918949
		},
		"(Guid=6064632280985174066,TypeId=1091110028,Name=\"Master_Dialog_Kaelar_Guard_60\")":
		{
			"x": 1069.5506421726666,
			"y": 285.20501320648953
		},
		"(Guid=6064632280987009077,TypeId=1091110028,Name=\"Master_Dialog_Kaelar_Guard_61\")":
		{
			"x": 1068.0340574930042,
			"y": 63.592703393909382
		},
		"(Guid=6064632281033736249,TypeId=1091110028,Name=\"Master_Dialog_Kaelar_Guard_62\")":
		{
			"x": 1427.6992598384106,
			"y": 154.05806086594197
		},