{
	"dialogueRootId":
	{
		"guid": "6064628940027396115",
		"typeId": "1091110028",
		"name": "None"
	},
	"editorNodes":
	{
		"(Guid=6064628940027396115,TypeId=1091110028)":
		{
			"x": 89.166671472291114,
			"y": 517.40742056274098
		},
		"(Guid=6064628940029427732,TypeId=1091110028)":
		{
			"x": 396.29629235944657,
			"y": 403.70369969326816
		},
		"(Guid=6064628940029689877,TypeId=1091110028)":
		{
			"x": 709.62962258009338,
			"y": 411.11110702708851
		},
		"(Guid=6064628940030935062,TypeId=1091110028)":
		{
			"x": 389.62962609014426,
			"y": 716.66665958033775
		},
		"(Guid=6064628940031197207,TypeId=1091110028)":
		{
			"x": 699.62962350727616,
			"y": 733.33332558473035
		},
		"(Guid=6064628940031524888,TypeId=1091110028)":
		{
			"x": 992.22220852419287,
			"y": 716.29628918053265
		}
	},
	"editorRecordCounter": 21,
	"guid": "6064628940018483218",
	"name": "MADD_0012_TPH_TheDoomsayerAgain",
	"typeId": "1091110026"
}