{
	"dialogueRootId":
	{
		"guid": "6064632495417131016",
		"typeId": "1091110028",
		"name": "CSQ_DD_BBB_ThornmarchTower_CaptainNathanielLynott_2"
	},
	"editorNodes":
	{
		"(Guid=6064632495417131016,TypeId=1091110028,Name=\"CSQ_DD_BBB_ThornmarchTower_CaptainNathanielLynott_2\")":
		{
			"x": 155.4856246850068,
			"y": -73.243772951211099
		},
		"(Guid=6064632495422898186,TypeId=1091110028,Name=\"CSQ_DD_BBB_ThornmarchTower_CaptainNathanielLynott_3\")":
		{
			"x": 656.49565203796601,
			"y": 367.44016751029767
		},
		"(Guid=6064632495428796429,TypeId=1091110028,Name=\"CSQ_DD_BBB_ThornmarchTower_CaptainNathanielLynott_4\")":
		{
			"x": 668.47692650390718,
			"y": 113.59397737565637
		},
		"(Guid=6064632495444197396,TypeId=1091110028,Name=\"CSQ_DD_BBB_ThornmarchTower_CaptainNathanielLynott_5\")":
		{
			"x": 1095.6565935779226,
			"y": 123.95114962128568
		},
		"(Guid=6064632495451799575,TypeId=1091110028,Name=\"CSQ_DD_BBB_ThornmarchTower_CaptainNathanielLynott_6\")":
		{
			"x": 1548.3837739557609,
			"y": 126.37543401376614
		},
		"(Guid=6064632495482339355,TypeId=1091110028,Name=\"CSQ_DD_BBB_ThornmarchTower_CaptainNathanielLynott_7\")":
		{
			"x": 642.32328091475631,
			"y": -42.109422153677805
		},
		"(Guid=6064632495486861341,TypeId=1091110028,Name=\"CSQ_DD_BBB_ThornmarchTower_CaptainNathanielLynott_8\")":
		{
			"x": 628.3839896710449,
			"y": -300.89728293767001
		}
	},
	"editorRecordCounter": 8,
	"guid": "6064632495295889411",
	"name": "CSQ_DD_BBB_ThornmarchTower_CaptainNathanielLynott",
	"typeId": "1091110026"
}