{
	"dialogueRootId":
	{
		"guid": "6064630061911048324",
		"typeId": "1091110028",
		"name": "None"
	},
	"editorNodes":
	{
		"(Guid=6064630061911048324,TypeId=1091110028)":
		{
			"x": -457.75265788269149,
			"y": -110.5310376880748
		},
		"(Guid=6064630061911048329,TypeId=1091110028)":
		{
			"x": -305.86382486258088,
			"y": -484.10747845963789
		},
		"(Guid=6064630061911048331,TypeId=1091110028)":
		{
			"x": -226.19292996544149,
			"y": -74.857861085853415
		},
		"(Guid=6064630061911048333,TypeId=1091110028)":
		{
			"x": -64.303040315370083,
			"y": -515.44446335416785
		},
		"(Guid=6064630061911048335,TypeId=1091110028)":
		{
			"x": -247.41990687514752,
			"y": 237.53502722926297
		},
		"(Guid=6064630061911048337,TypeId=1091110028)":
		{
			"x": -407.20371698528362,
			"y": 387.52413260862085
		},
		"(Guid=6064630061911048339,TypeId=1091110028)":
		{
			"x": -32.978588619863963,
			"y": -101.75019073889442
		},
		"(Guid=6064630061911048341,TypeId=1091110028)":
		{
			"x": -59.288613940151699,
			"y": 153.50721475493015
		},
		"(Guid=6064630128479240216,TypeId=1091110028)":
		{
			"x": 124.79386919244419,
			"y": -454.94780946097495
		},
		"(Guid=6064630140939075591,TypeId=1091110028)":
		{
			"x": -61.349754412803208,
			"y": -9.2686909388380663
		},
		"(Guid=6064630140965748747,TypeId=1091110028)":
		{
			"x": 120.58462584180033,
			"y": 5.6949187107086088
		},
		"(Guid=6064630141082075158,TypeId=1091110028)":
		{
			"x": 315.95451751613507,
			"y": -117.91043139306726
		},
		"(Guid=6064630141082206231,TypeId=1091110028)":
		{
			"x": 316.79288538197142,
			"y": 8.2624747239078236
		},
		"(Guid=6064630141082599448,TypeId=1091110028)":
		{
			"x": 316.91480016547882,
			"y": 133.25933088589863
		},
		"(Guid=6064630141083189273,TypeId=1091110028)":
		{
			"x": 511.80073596027529,
			"y": 37.426169828936551
		},
		"(Guid=6064630141616259114,TypeId=1091110028)":
		{
			"x": 104.96241648263884,
			"y": 260.8520330265643
		},
		"(Guid=6064630141616652331,TypeId=1091110028)":
		{
			"x": -57.173719227233924,
			"y": 371.71176480284566
		},
		"(Guid=6064630175081234439,TypeId=1091110028)":
		{
			"x": 371.29202776133133,
			"y": -465.54264116808338
		},
		"(Guid=6064630175081758728,TypeId=1091110028)":
		{
			"x": 375.19158362655776,
			"y": -357.03686353108901
		}
	},
	"editorRecordCounter": 88,
	"guid": "6064630061911048323",
	"name": "0022_Seph_Kolphi",
	"typeId": "1091110026"
}