{
	"dialogueRootId":
	{
		"guid": "6064628825995673601",
		"typeId": "1091110028",
		"name": "None"
	},
	"editorNodes":
	{
		"(Guid=6064628825995673601,TypeId=1091110028)":
		{
			"x": -121.0980417467181,
			"y": 528.07844647252989
		},
		"(Guid=6064628826004520962,TypeId=1091110028)":
		{
			"x": 132.54901984021191,
			"y": 433.72549095643308
		},
		"(Guid=6064628826005504007,TypeId=1091110028)":
		{
			"x": 363.92156926543373,
			"y": 440.00000077135417
		},
		"(Guid=6064628826006355978,TypeId=1091110028)":
		{
			"x": 606.27451086676751,
			"y": 437.64705959075889
		},
		"(Guid=6064628826007011341,TypeId=1091110028)":
		{
			"x": 850.98039364869805,
			"y": 431.3725497758374
		},
		"(Guid=6064628826007732240,TypeId=1091110028)":
		{
			"x": 1103.5294136992798,
			"y": 432.94117722956747
		},
		"(Guid=6064628826008322067,TypeId=1091110028)":
		{
			"x": 1356.0784337498601,
			"y": 429.80392232210738
		},
		"(Guid=6064628826083229719,TypeId=1091110028)":
		{
			"x": 138.8235296551332,
			"y": 659.6078442935983
		},
		"(Guid=6064628826083557400,TypeId=1091110028)":
		{
			"x": 420.87145974889268,
			"y": 663.83442388230515
		}
	},
	"editorRecordCounter": 31,
	"guid": "6064628825991282688",
	"name": "MADD_0007_HHH_ThePiper_Phase02",
	"typeId": "1091110026"
}