{
	"dialogueRootId":
	{
		"guid": "6064632457478934497",
		"typeId": "1091110028",
		"name": "CSQ_DD_0124_GGG_GrubfuddleNote_2"
	},
	"editorNodes":
	{
		"(Guid=6064632457478934497,TypeId=1091110028,Name=\"CSQ_DD_0124_GGG_GrubfuddleNote_2\")":
		{
			"x": -29.028341400674385,
			"y": -171.25812205205432
		},
		"(Guid=6064632457487650788,TypeId=1091110028,Name=\"CSQ_DD_0124_GGG_GrubfuddleNote_3\")":
		{
			"x": -28.095215176221977,
			"y": 0.41707708818299405
		},
		"(Guid=6064632457508360167,TypeId=1091110028,Name=\"CSQ_DD_0124_GGG_GrubfuddleNote_4\")":
		{
			"x": -29.082798502623199,
			"y": 154.7380804589821
		},
		"(Guid=6064632457520418794,TypeId=1091110028,Name=\"CSQ_DD_0124_GGG_GrubfuddleNote_5\")":
		{
			"x": -28.766650260642621,
			"y": 308.43710875630109
		},
		"(Guid=6064632457537982445,TypeId=1091110028,Name=\"CSQ_DD_0124_GGG_GrubfuddleNote_6\")":
		{
			"x": -35.204917685671973,
			"y": 502.6068396226633
		},
		"(Guid=6064632457555283953,TypeId=1091110028,Name=\"CSQ_DD_0124_GGG_GrubfuddleNote_7\")":
		{
			"x": -27.532669672962438,
			"y": 729.952102929185
		}
	},
	"editorRecordCounter": 7,
	"guid": "6064632457449246688",
	"name": "CSQ_DD_0124_GGG_GrubfiddleNote",
	"typeId": "1091110026"
}