{
	"dialogueRootId":
	{
		"guid": "6064630061911900323",
		"typeId": "1091110028",
		"name": "None"
	},
	"editorNodes":
	{
		"(Guid=6064630061911900323,TypeId=1091110028)":
		{
			"x": -450.05083699229408,
			"y": -83.725816269379393
		},
		"(Guid=6064630061911900328,TypeId=1091110028)":
		{
			"x": -271.31721393003789,
			"y": -471.20767220817942
		},
		"(Guid=6064630061911900330,TypeId=1091110028)":
		{
			"x": -188.98697352490373,
			"y": -31.053121260061175
		},
		"(Guid=6064630061911900332,TypeId=1091110028)":
		{
			"x": 181.96481093110702,
			"y": -467.32684176089083
		},
		"(Guid=6064630061911900334,TypeId=1091110028)":
		{
			"x": -186.82339487282562,
			"y": 56.937756354257772
		},
		"(Guid=6064630061911900336,TypeId=1091110028)":
		{
			"x": -381.29266305515637,
			"y": 201.00884780564326
		},
		"(Guid=6064630061911900338,TypeId=1091110028)":
		{
			"x": -44.394564679681139,
			"y": -31.235531734596911
		},
		"(Guid=6064630061911900340,TypeId=1091110028)":
		{
			"x": 142.31324634532945,
			"y": -23.891040267512338
		},
		"(Guid=6064630061911900342,TypeId=1091110028)":
		{
			"x": -380.31094634244789,
			"y": 303.04825572618819
		},
		"(Guid=6064630095683059724,TypeId=1091110028)":
		{
			"x": 182.1484347159533,
			"y": -309.08292710780211
		},
		"(Guid=6064630096036954131,TypeId=1091110028)":
		{
			"x": 332.92249545011248,
			"y": -200.28696416922259
		},
		"(Guid=6064630169395658754,TypeId=1091110028)":
		{
			"x": -26.228942020975268,
			"y": -467.34670153312214
		},
		"(Guid=6064630169421283336,TypeId=1091110028)":
		{
			"x": -25.678759265756135,
			"y": -324.1665895286597
		},
		"(Guid=6064630219558748196,TypeId=1091110028)":
		{
			"x": 141.84839288134091,
			"y": 55.764042020186935
		},
		"(Guid=6064630219559075877,TypeId=1091110028)":
		{
			"x": 141.39937840839784,
			"y": 133.74380664877208
		},
		"(Guid=6064630219559403558,TypeId=1091110028)":
		{
			"x": 141.98303958497675,
			"y": 262.18384081400615
		},
		"(Guid=6064630293969436695,TypeId=1091110028)":
		{
			"x": -26.145939480191771,
			"y": -160.97619913240317
		}
	},
	"editorRecordCounter": 69,
	"guid": "6064630061911900322",
	"name": "0022_Seph_Seljuk",
	"typeId": "1091110026"
}