{
	"dialogueRootId":
	{
		"guid": "6064632220155904084",
		"typeId": "1091110028",
		"name": "Node_Vendor_BlackMarket_1"
	},
	"editorNodes":
	{
		"(Guid=6064632220155904084,TypeId=1091110028,Name=\"Node_Vendor_BlackMarket_1\")":
		{
			"x": 305.47474782839805,
			"y": 1.0707071084548549
		},
		"(Guid=6064632220272951501,TypeId=1091110028,Name=\"Node_Vendor_BlackMarket_2\")":
		{
			"x": 624.47100879059371,
			"y": -90.479934823550039
		},
		"(Guid=6064632220281602257,TypeId=1091110028,Name=\"Node_Vendor_BlackMarket_3\")":
		{
			"x": 1002.3675554519958,
			"y": -209.55858112782684
		},
		"(Guid=6064632220288745685,TypeId=1091110028,Name=\"Node_Vendor_BlackMarket_4\")":
		{
			"x": 1223.6739435761142,
			"y": 315.45857489173727
		},
		"(Guid=6064632220309258456,TypeId=1091110028,Name=\"Node_Vendor_BlackMarket_5\")":
		{
			"x": 1878.1287565231323,
			"y": 924.41218674182892
		},
		"(Guid=6064632220344385759,TypeId=1091110028,Name=\"Node_Vendor_BlackMarket_7\")":
		{
			"x": 955.78419333663544,
			"y": 15.816046164876497
		},
		"(Guid=6064632220356575460,TypeId=1091110028,Name=\"Node_Vendor_BlackMarket_8\")":
		{
			"x": 1356.2690008282661,
			"y": -37.638512015342712
		},
		"(Guid=6064632220386328808,TypeId=1091110028,Name=\"Node_Vendor_BlackMarket_9\")":
		{
			"x": 1732.2690414190292,
			"y": 31.694794178009033
		},
		"(Guid=6064632220397142251,TypeId=1091110028,Name=\"Node_Vendor_BlackMarket_10\")":
		{
			"x": 1524.9356656074524,
			"y": 393.69478070735931
		},
		"(Guid=6064632220412870895,TypeId=1091110028,Name=\"Node_Vendor_BlackMarket_11\")":
		{
			"x": 1932.2690834403038,
			"y": 481.6948184967041
		},
		"(Guid=6064632220431679733,TypeId=1091110028,Name=\"Node_Vendor_BlackMarket_12\")":
		{
			"x": 1925.6024565696716,
			"y": 313.69479030370712
		},
		"(Guid=6064632220442886391,TypeId=1091110028,Name=\"Node_Vendor_BlackMarket_13\")":
		{
			"x": 2344.2691262960434,
			"y": 249.6948174238205
		},
		"(Guid=6064632220445180154,TypeId=1091110028,Name=\"Node_Vendor_BlackMarket_14\")":
		{
			"x": 2332.3007911904597,
			"y": 719.72661380608338
		},
		"(Guid=6064632220458156285,TypeId=1091110028,Name=\"Node_Vendor_BlackMarket_15\")":
		{
			"x": 2343.6023746132851,
			"y": 495.69482135772705
		},
		"(Guid=6064632223748391172,TypeId=1091110028,Name=\"Node_Vendor_BlackMarket_16\")":
		{
			"x": 586.98646199946495,
			"y": -563.80621708007118
		},
		"(Guid=6064632223778275595,TypeId=1091110028,Name=\"Node_Vendor_BlackMarket_17\")":
		{
			"x": 997.51441746450075,
			"y": -581.58391383499759
		},
		"(Guid=6064632230949486597,TypeId=1091110028,Name=\"Node_Vendor_BlackMarket_18\")":
		{
			"x": 2684.5881469810088,
			"y": 706.75333304170795
		}
	},
	"editorRecordCounter": 18,
	"guid": "6064632220155904083",
	"name": "Node_Vendor_BlackMarket",
	"typeId": "1091110026"
}