{
	"dialogueRootId":
	{
		"guid": "6064628951985553408",
		"typeId": "1091110028",
		"name": "None"
	},
	"editorNodes":
	{
		"(Guid=6064628827360788562,TypeId=1091110028)":
		{
			"x": -178.94306338951421,
			"y": 398.36018582462634
		},
		"(Guid=6064628827360788566,TypeId=1091110028)":
		{
			"x": 60.934595768301548,
			"y": 336.50535366730509
		},
		"(Guid=6064628827360788571,TypeId=1091110028)":
		{
			"x": -149.37072805254596,
			"y": 1123.0926244436143
		},
		"(Guid=6064628827360788572,TypeId=1091110028)":
		{
			"x": 385.90348770651929,
			"y": 207.99295286651795
		},
		"(Guid=6064628827360788574,TypeId=1091110028)":
		{
			"x": 57.931747159927447,
			"y": 107.24265009158268
		},
		"(Guid=6064628929692368914,TypeId=1091110028)":
		{
			"x": 56.676479512775387,
			"y": 580.43391174650446
		},
		"(Guid=6064628929745322006,TypeId=1091110028)":
		{
			"x": 389.74724384506396,
			"y": 589.97509612556814
		},
		"(Guid=6064628952049188869,TypeId=1091110028)":
		{
			"x": -165.21566204286239,
			"y": 829.25350035051611
		},
		"(Guid=6064628952061050889,TypeId=1091110028)":
		{
			"x": 49.312318607483761,
			"y": 768.08369569060073
		},
		"(Guid=6064628952080252939,TypeId=1091110028)":
		{
			"x": 52.516021761927334,
			"y": 880.91195561820575
		},
		"(Guid=6064628952081104908,TypeId=1091110028)":
		{
			"x": 54.327272622184616,
			"y": 997.21136435071128
		}
	},
	"editorRecordCounter": 64,
	"guid": "6064628827360788561",
	"name": "MA_0010_MEAW_ZaphMallord",
	"typeId": "1091110026"
}