{
	"dialogueRootId":
	{
		"guid": "6064631239003013125",
		"typeId": "1091110028",
		"name": "None"
	},
	"editorNodes":
	{
		"(Guid=6064631239003013125,TypeId=1091110028)":
		{
			"x": -9054.2011329751895,
			"y": -3637.6737402546764
		},
		"(Guid=6064631239007404043,TypeId=1091110028)":
		{
			"x": -8719.3556860488625,
			"y": -3291.4057973689319
		},
		"(Guid=6064631239010615309,TypeId=1091110028)":
		{
			"x": -8699.5100555510598,
			"y": -3558.726119596603
		},
		"(Guid=6064631239014023184,TypeId=1091110028)":
		{
			"x": -8421.6680282549623,
			"y": -3568.1870800898746
		},
		"(Guid=6064631239018086419,TypeId=1091110028)":
		{
			"x": -8135.9833578974249,
			"y": -3559.7056526030842
		},
		"(Guid=6064631239022018582,TypeId=1091110028)":
		{
			"x": -7848.3756946803096,
			"y": -3552.4834802891296
		},
		"(Guid=6064631239024771097,TypeId=1091110028)":
		{
			"x": -7552.9226343984546,
			"y": -3563.2391211888553
		},
		"(Guid=6064631239029227548,TypeId=1091110028)":
		{
			"x": -8700.7757247686386,
			"y": -3709.6901034116745
		},
		"(Guid=6064631239031324702,TypeId=1091110028)":
		{
			"x": -8700.1090551614761,
			"y": -3908.856202185154
		}
	},
	"editorRecordCounter": 30,
	"guid": "6064631238398967812",
	"name": "CSQ_DD_FTU_LaborChief_Tillander",
	"typeId": "1091110026"
}