{
	"dialogueRootId":
	{
		"guid": "6064628832927875241",
		"typeId": "1091110028",
		"name": "None"
	},
	"editorNodes":
	{
		"(Guid=6064628832927875241,TypeId=1091110028)":
		{
			"x": -247.68420818621462,
			"y": 546.94736168523332
		},
		"(Guid=6064628832929054890,TypeId=1091110028)":
		{
			"x": 28.666667520999908,
			"y": 456.66668027639389
		},
		"(Guid=6064628832929382571,TypeId=1091110028)":
		{
			"x": 328.66667646169662,
			"y": 454.00001353025436
		},
		"(Guid=6064628832929579180,TypeId=1091110028)":
		{
			"x": 638.00001901388168,
			"y": 454.00001353025436
		},
		"(Guid=6064628832933380277,TypeId=1091110028)":
		{
			"x": 908.00002706050873,
			"y": 454.00001353025436
		},
		"(Guid=6064628832933707958,TypeId=1091110028)":
		{
			"x": 40.666667878627777,
			"y": 702.6666876077652
		},
		"(Guid=6064628832959398076,TypeId=1091110028)":
		{
			"x": 442.0000131726265,
			"y": 714.00002127885818
		},
		"(Guid=6064628832981352643,TypeId=1091110028)":
		{
			"x": 454.66668021678925,
			"y": 912.00002717971802
		}
	},
	"editorRecordCounter": 32,
	"guid": "6064628832840712348",
	"name": "MADD_0007_EDD_TheConstable",
	"typeId": "1091110026"
}