{
	"dialogueRootId":
	{
		"guid": "6064630321493573658",
		"typeId": "1091110028",
		"name": "None"
	},
	"editorNodes":
	{
		"(Guid=6064630321493573658,TypeId=1091110028)":
		{
			"x": -5866.0299056866861,
			"y": -1495.843534422934
		},
		"(Guid=6064630321596596254,TypeId=1091110028)":
		{
			"x": -5235.2446587264585,
			"y": -2036.761644272073
		},
		"(Guid=6064630321601249313,TypeId=1091110028)":
		{
			"x": -4906.8032098609056,
			"y": -2042.6770174312114
		},
		"(Guid=6064630321604591652,TypeId=1091110028)":
		{
			"x": -4574.1788431167697,
			"y": -2045.4164070129382
		},
		"(Guid=6064630321607933991,TypeId=1091110028)":
		{
			"x": -4204.9975599646568,
			"y": -2044.6664243936539
		},
		"(Guid=6064630321611210794,TypeId=1091110028)":
		{
			"x": -3836.8038742815461,
			"y": -2048.7371419022479
		},
		"(Guid=6064630321615798317,TypeId=1091110028)":
		{
			"x": -5236.9785354346486,
			"y": -1789.6857404791356
		},
		"(Guid=6064630321616715824,TypeId=1091110028)":
		{
			"x": -4858.5865763344746,
			"y": -1789.4026355564656
		},
		"(Guid=6064630327701602328,TypeId=1091110028)":
		{
			"x": -5232.3546556805559,
			"y": -1541.6694755380358
		},
		"(Guid=6064630327711498267,TypeId=1091110028)":
		{
			"x": -4858.1879887282848,
			"y": -1541.3387464955442
		},
		"(Guid=6064630327724605470,TypeId=1091110028)":
		{
			"x": -5231.6490397003663,
			"y": -1272.1719957091502
		},
		"(Guid=6064630327730503713,TypeId=1091110028)":
		{
			"x": -4844.0210002288241,
			"y": -1303.4236239915087
		}
	},
	"editorRecordCounter": 42,
	"guid": "6064630321325932552",
	"name": "MADD_0005A_STR_NPC_Eudoxia_Phase01",
	"typeId": "1091110026"
}