{
	"dialogueRootId":
	{
		"guid": "6064628814929592358",
		"typeId": "1091110028",
		"name": "None"
	},
	"editorNodes":
	{
		"(Guid=6064628814929592358,TypeId=1091110028)":
		{
			"x": -311.57894101499573,
			"y": 40.701753556012932
		},
		"(Guid=6064628814948794415,TypeId=1091110028)":
		{
			"x": -58.947367219053213,
			"y": 35.08771858276976
		},
		"(Guid=6064628814962688056,TypeId=1091110028)":
		{
			"x": 104.5614013766539,
			"y": 36.491227326080569
		},
		"(Guid=6064628814972256321,TypeId=1091110028)":
		{
			"x": 298.24560795354319,
			"y": 37.192981697735959
		},
		"(Guid=6064628814991130698,TypeId=1091110028)":
		{
			"x": 483.50876207056763,
			"y": 32.982455467803582
		},
		"(Guid=6064628815000371283,TypeId=1091110028)":
		{
			"x": 633.68419760482209,
			"y": 32.280701096148171
		},
		"(Guid=6064628815008301148,TypeId=1091110028)":
		{
			"x": 784.56138751073206,
			"y": 30.877192352837394
		},
		"(Guid=6064628815016755301,TypeId=1091110028)":
		{
			"x": 955.78945419464912,
			"y": 25.964911751249627
		}
	},
	"editorRecordCounter": 68,
	"guid": "6064628810322870275",
	"name": "MADD_0007_TOF_Exam_GraveFandal",
	"typeId": "1091110026"
}