{
	"dialogueRootId":
	{
		"guid": "6064630061908230245",
		"typeId": "1091110028",
		"name": "None"
	},
	"editorNodes":
	{
		"(Guid=6064630061908230245,TypeId=1091110028)":
		{
			"x": -516.41566521527682,
			"y": -173.8080930616635
		},
		"(Guid=6064630061908230250,TypeId=1091110028)":
		{
			"x": -379.35737950769925,
			"y": -412.74558307265062
		},
		"(Guid=6064630061908230252,TypeId=1091110028)":
		{
			"x": -32.115785263988926,
			"y": -144.51513001713002
		},
		"(Guid=6064630061908230254,TypeId=1091110028)":
		{
			"x": -153.86962962470898,
			"y": -470.86455747752694
		},
		"(Guid=6064630061908230256,TypeId=1091110028)":
		{
			"x": -335.11358993620183,
			"y": 57.523760788085049
		},
		"(Guid=6064630061908230258,TypeId=1091110028)":
		{
			"x": -521.65604650559396,
			"y": 276.87092474815279
		},
		"(Guid=6064630061908230260,TypeId=1091110028)":
		{
			"x": 304.47609380738004,
			"y": -252.81140381912545
		},
		"(Guid=6064630061908230262,TypeId=1091110028)":
		{
			"x": -177.0607970983344,
			"y": 12.148385182000967
		},
		"(Guid=6064630061908230264,TypeId=1091110028)":
		{
			"x": -368.82775129030802,
			"y": 277.12765272537189
		},
		"(Guid=6064630123467636741,TypeId=1091110028)":
		{
			"x": 13.914323726923612,
			"y": -431.55271187259177
		},
		"(Guid=6064630124708560908,TypeId=1091110028)":
		{
			"x": -74.113948064853659,
			"y": -341.33291130778963
		},
		"(Guid=6064630135905845267,TypeId=1091110028)":
		{
			"x": 69.419723520245157,
			"y": -341.15150407793351
		},
		"(Guid=6064630135955259417,TypeId=1091110028)":
		{
			"x": -192.21034762924842,
			"y": -209.39534249350575
		},
		"(Guid=6064630156813533249,TypeId=1091110028)":
		{
			"x": 123.93365900479535,
			"y": -113.17897450293491
		},
		"(Guid=6064630156816023620,TypeId=1091110028)":
		{
			"x": 276.54940054030237,
			"y": -111.64298393890842
		},
		"(Guid=6064630156820480074,TypeId=1091110028)":
		{
			"x": 417.27344178608104,
			"y": -59.260949752040439
		},
		"(Guid=6064630156859342929,TypeId=1091110028)":
		{
			"x": -32.027037006938293,
			"y": 90.698496070844413
		},
		"(Guid=6064630156859998291,TypeId=1091110028)":
		{
			"x": 120.69261591949575,
			"y": 96.059711885660718
		},
		"(Guid=6064630156860784725,TypeId=1091110028)":
		{
			"x": 269.71070695484502,
			"y": 148.19696402750861
		}
	},
	"editorRecordCounter": 81,
	"guid": "6064630061908230244",
	"name": "0022_Seph_Joon",
	"typeId": "1091110026"
}