{
	"dialogueRootId":
	{
		"guid": "6064631985578115654",
		"typeId": "1091110028",
		"name": "None"
	},
	"editorNodes":
	{
		"(Guid=6064631924077559812,TypeId=1091110028)":
		{
			"x": -7299.9981721761287,
			"y": -2705.2142866874233
		},
		"(Guid=6064631924078149638,TypeId=1091110028)":
		{
			"x": -6752.2422420560315,
			"y": -2181.389015213309
		},
		"(Guid=6064631940995219490,TypeId=1091110028)":
		{
			"x": -6731.4224611599266,
			"y": -2889.875531614035
		},
		"(Guid=6064631940996530212,TypeId=1091110028)":
		{
			"x": -6751.1613556996772,
			"y": -2660.0944336499024
		},
		"(Guid=6064631940997840934,TypeId=1091110028)":
		{
			"x": -6756.2242319167653,
			"y": -2438.3623483718366
		},
		"(Guid=6064631941002690600,TypeId=1091110028)":
		{
			"x": -6717.6582424689141,
			"y": -3164.0379324317983
		},
		"(Guid=6064631941003149353,TypeId=1091110028)":
		{
			"x": -6768.6793648935,
			"y": -1847.1658379366036
		},
		"(Guid=6064631941041094700,TypeId=1091110028)":
		{
			"x": -6421.8854929107101,
			"y": -2241.6941280906644
		},
		"(Guid=6064631941055250480,TypeId=1091110028)":
		{
			"x": -6018.660229049302,
			"y": -2225.2013628204459
		},
		"(Guid=6064631941057413169,TypeId=1091110028)":
		{
			"x": -6391.1181847771586,
			"y": -3254.6833942773092
		},
		"(Guid=6064631941060100148,TypeId=1091110028)":
		{
			"x": -5999.1969999985622,
			"y": -3198.4161011044171
		},
		"(Guid=6064631941072551994,TypeId=1091110028)":
		{
			"x": -6390.8938605500234,
			"y": -2955.1964629085701
		},
		"(Guid=6064631941073535035,TypeId=1091110028)":
		{
			"x": -6026.8805266846284,
			"y": -2004.4701504906882
		},
		"(Guid=6064631941075959868,TypeId=1091110028)":
		{
			"x": -6402.0741139411921,
			"y": -2720.3310973397793
		},
		"(Guid=6064631941076156477,TypeId=1091110028)":
		{
			"x": -5998.465063142452,
			"y": -2716.2016865642531
		},
		"(Guid=6064631941076353086,TypeId=1091110028)":
		{
			"x": -6421.5536180517847,
			"y": -2489.6460466295421
		},
		"(Guid=6064631941076549695,TypeId=1091110028)":
		{
			"x": -6017.8678112030402,
			"y": -2444.3051132303212
		},
		"(Guid=6064631941076746304,TypeId=1091110028)":
		{
			"x": -6426.2318191892873,
			"y": -1895.5173253933413
		},
		"(Guid=6064631941076942913,TypeId=1091110028)":
		{
			"x": -5993.4623657168868,
			"y": -2909.050183798458
		},
		"(Guid=6064631941336793186,TypeId=1091110028)":
		{
			"x": -6759.9029208293632,
			"y": -1641.360328658553
		},
		"(Guid=6064631985578115654,TypeId=1091110028)":
		{
			"x": -7744.1732706432922,
			"y": -2678.6528574524455
		},
		"(Guid=6064632508468432636,TypeId=1091110028,Name=\"CSQ_RVR_0083_Hillfolk_DLG_76\")":
		{
			"x": -7346.5546615936628,
			"y": -1850.3255053358628
		}
	},
	"editorRecordCounter": 79,
	"guid": "6064631924072841218",
	"name": "CSQ_RVR_0083_Hillfolk_DLG",
	"typeId": "1091110026"
}