{
	"dialogueRootId":
	{
		"guid": "6064631743128338442",
		"typeId": "1091110028",
		"name": "None"
	},
	"editorNodes":
	{
		"(Guid=6064631743128338441,TypeId=1091110028)":
		{
			"x": -691.70718788961267,
			"y": -1419.210018541371
		},
		"(Guid=6064631743128338442,TypeId=1091110028)":
		{
			"x": -969.54332028303679,
			"y": -1148.9055738297027
		},
		"(Guid=6064631743128338446,TypeId=1091110028)":
		{
			"x": -692.61237471535367,
			"y": -992.62643484179148
		},
		"(Guid=6064631743128338447,TypeId=1091110028)":
		{
			"x": -691.27484199695971,
			"y": -1201.3520785799055
		},
		"(Guid=6064631743128338450,TypeId=1091110028)":
		{
			"x": -397.79067993729728,
			"y": -1428.7040743854452
		},
		"(Guid=6064631743128338453,TypeId=1091110028)":
		{
			"x": -153.06469323616105,
			"y": -823.51545980359754
		}
	},
	"editorRecordCounter": 20,
	"guid": "6064631743128338440",
	"name": "SQ_RVR_0037_Winx_Interact",
	"typeId": "1091110026"
}