{
	"dialogueRootId":
	{
		"guid": "6064632710928926504",
		"typeId": "1091110028",
		"name": "None"
	},
	"editorNodes":
	{
		"(Guid=6064632710928926504,TypeId=1091110028,Name=\"DD_0111_EotGH_Wiyakoni_2\")":
		{
			"x": 548.12469527261851,
			"y": 1082.1644675844361
		},
		"(Guid=6064632710930695977,TypeId=1091110028,Name=\"DD_0111_EotGH_Wiyakoni_3\")":
		{
			"x": 1527.6739887372923,
			"y": -335.93201497686886
		},
		"(Guid=6064632710932662063,TypeId=1091110028)":
		{
			"x": 1393.5498092415664,
			"y": 2631.7358918983277
		},
		"(Guid=6064632710932006700,TypeId=1091110028)":
		{
			"x": 1529.0584685382723,
			"y": -172.17531250287411
		},
		"(Guid=6064632710932203309,TypeId=1091110028)":
		{
			"x": 1526.9928099832698,
			"y": 189.56637528814574
		},
		"(Guid=6064632710932399918,TypeId=1091110028)":
		{
			"x": 1519.4967806815007,
			"y": 412.41559368411254
		},
		"(Guid=6064632710933514038,TypeId=1091110028)":
		{
			"x": 1399.0303478186247,
			"y": 2432.5540835260626
		},
		"(Guid=6064632710936266551,TypeId=1091110028)":
		{
			"x": 162.23813469302763,
			"y": 2664.3809735265349
		},
		"(Guid=6064632711141984162,TypeId=1091110028)":
		{
			"x": 1526.8845884956129,
			"y": 753.62194666280152
		},
		"(Guid=6064632711142377379,TypeId=1091110028)":
		{
			"x": 1550.3409339492048,
			"y": 1044.1590942580499
		},
		"(Guid=6064632711142639524,TypeId=1091110028)":
		{
			"x": 1389.0472159192191,
			"y": 2739.7257739703232
		},
		"(Guid=6064632711156860842,TypeId=1091110028)":
		{
			"x": 1575.0677715389768,
			"y": 1376.2282849077026
		},
		"(Guid=6064632711157057451,TypeId=1091110028)":
		{
			"x": 1578.2107044112029,
			"y": 1617.6623475780609
		},
		"(Guid=6064632711157319596,TypeId=1091110028)":
		{
			"x": 502.33477610309205,
			"y": 2681.8195521786693
		},
		"(Guid=6064632711157450669,TypeId=1091110028)":
		{
			"x": 1575.9783817965697,
			"y": 2003.2543478963116
		},
		"(Guid=6064632711157516206,TypeId=1091110028)":
		{
			"x": 1399.7326824380307,
			"y": 2891.7580515697036
		},
		"(Guid=6064632711517505538,TypeId=1091110028)":
		{
			"x": 1953.5454372090005,
			"y": -314.18180898250631
		},
		"(Guid=6064632773521702915,TypeId=1091110028,Name=\"DD_0110_EotGH_Wiyakoni_20\")":
		{
			"x": 1960.7943512822185,
			"y": -78.923487849533586
		},
		"(Guid=6064632773567774725,TypeId=1091110028,Name=\"DD_0110_EotGH_Wiyakoni_21\")":
		{
			"x": 2219.7489320045888,
			"y": -120.80989583711053
		},
		"(Guid=6064632773627805704,TypeId=1091110028,Name=\"DD_0110_EotGH_Wiyakoni_22\")":
		{
			"x": 1969.3765745855942,
			"y": 200.84322196802054
		},
		"(Guid=6064632773876383755,TypeId=1091110028,Name=\"DD_0110_EotGH_Wiyakoni_23\")":
		{
			"x": 1897.9624012075365,
			"y": 492.20605593547225
		},
		"(Guid=6064632774035308558,TypeId=1091110028,Name=\"DD_0110_EotGH_Wiyakoni_24\")":
		{
			"x": 1918.615069097943,
			"y": 847.67484108309702
		},
		"(Guid=6064632774176473105,TypeId=1091110028,Name=\"DD_0110_EotGH_Wiyakoni_25\")":
		{
			"x": 1883.437418619792,
			"y": 1119.2003580729161
		},
		"(Guid=6064632774291816468,TypeId=1091110028,Name=\"DD_0110_EotGH_Wiyakoni_26\")":
		{
			"x": 1420.0650370075505,
			"y": 3063.0516391417523
		},
		"(Guid=6064632774643351575,TypeId=1091110028,Name=\"DD_0110_EotGH_Wiyakoni_27\")":
		{
			"x": 1926.1973876208067,
			"y": 1375.6464892551303
		},
		"(Guid=6064632774766493722,TypeId=1091110028,Name=\"DD_0110_EotGH_Wiyakoni_28\")":
		{
			"x": 1871.6324478785198,
			"y": 1680.5574045004666
		},
		"(Guid=6064632774805946397,TypeId=1091110028,Name=\"DD_0110_EotGH_Wiyakoni_29\")":
		{
			"x": 2160.74365234375,
			"y": 1682.77978515625
		},
		"(Guid=6064632775057014817,TypeId=1091110028,Name=\"DD_0110_EotGH_Wiyakoni_30\")":
		{
			"x": 1920.0218912760417,
			"y": 2013.1625976562509
		},
		"(Guid=6064632775063109668,TypeId=1091110028,Name=\"DD_0110_EotGH_Wiyakoni_31\")":
		{
			"x": 2261.3549804687509,
			"y": 2006.496175130208
		},
		"(Guid=6064632775070187559,TypeId=1091110028,Name=\"DD_0110_EotGH_Wiyakoni_32\")":
		{
			"x": 2654.6884765625,
			"y": 2041.162841796875
		},
		"(Guid=6064632775280689205,TypeId=1091110028,Name=\"DD_0110_EotGH_Wiyakoni_33\")":
		{
			"x": 1455.923429596354,
			"y": 3233.1461033567157
		},
		"(Guid=6064632775280885814,TypeId=1091110028,Name=\"DD_0110_EotGH_Wiyakoni_34\")":
		{
			"x": 1353.014973958333,
			"y": 3397.82763671875
		},
		"(Guid=6064632775281082423,TypeId=1091110028,Name=\"DD_0110_EotGH_Wiyakoni_35\")":
		{
			"x": 1342.443562825521,
			"y": 3626.0181477864585
		},
		"(Guid=6064632783883862016,TypeId=1091110028,Name=\"DD_0110_EotGH_Wiyakoni_36\")":
		{
			"x": 2956.1911862822699,
			"y": 2252.2128169023999
		}
	},
	"editorRecordCounter": 36,
	"guid": "6064632713254928384",
	"name": "DD_0110_EotGH_Wiyakoni",
	"typeId": "1091110026"
}