{
	"dialogueRootId":
	{
		"guid": "6064630443985010757",
		"typeId": "1091110028",
		"name": "None"
	},
	"editorNodes":
	{
		"(Guid=6064630443985010757,TypeId=1091110028)":
		{
			"x": -180.81849760989542,
			"y": 403.19518962955516
		},
		"(Guid=6064630443985010762,TypeId=1091110028)":
		{
			"x": 317.38148692525863,
			"y": -111.67901647057465
		},
		"(Guid=6064630443985010763,TypeId=1091110028)":
		{
			"x": 335.21675271730373,
			"y": 284.92314637993536
		},
		"(Guid=6064630443985010764,TypeId=1091110028)":
		{
			"x": 249.7435822867285,
			"y": 555.64714733114602
		},
		"(Guid=6064630443985010765,TypeId=1091110028)":
		{
			"x": 243.96908542221652,
			"y": 902.19639990443261
		},
		"(Guid=6064630444011159637,TypeId=1091110028)":
		{
			"x": 656.38305916306615,
			"y": -60.819888165716613
		},
		"(Guid=6064630444016336985,TypeId=1091110028)":
		{
			"x": 715.53492316393329,
			"y": 46.847301418820422
		},
		"(Guid=6064630444047401054,TypeId=1091110028)":
		{
			"x": 709.79182487703974,
			"y": 309.90317965689474
		},
		"(Guid=6064630444097339493,TypeId=1091110028)":
		{
			"x": 684.79890992105095,
			"y": 548.7190470660978
		},
		"(Guid=6064630444104548456,TypeId=1091110028)":
		{
			"x": 683.75471584288277,
			"y": 609.91368682100449
		},
		"(Guid=6064630444108415082,TypeId=1091110028)":
		{
			"x": 680.59684794629356,
			"y": 675.17686166525527
		},
		"(Guid=6064630445113608190,TypeId=1091110028)":
		{
			"x": 684.80724860954797,
			"y": 423.59798283458088
		},
		"(Guid=6064630524908142628,TypeId=1091110028)":
		{
			"x": 258.83787550059975,
			"y": 752.2779532321963
		},
		"(Guid=6064630524928065575,TypeId=1091110028)":
		{
			"x": 671.7389808784045,
			"y": 778.97713749690422
		},
		"(Guid=6064630531815440553,TypeId=1091110028)":
		{
			"x": 674.76179429584931,
			"y": 868.01636609821014
		}
	},
	"editorRecordCounter": 49,
	"guid": "6064630443985010756",
	"name": "DD_0023_CaptainEudoxiaAvenmoor",
	"typeId": "1091110026"
}