{
	"dialogueRootId":
	{
		"guid": "6064631874626322506",
		"typeId": "1091110028",
		"name": "None"
	},
	"editorNodes":
	{
		"(Guid=6064631874626322506,TypeId=1091110028)":
		{
			"x": -13358.020130534831,
			"y": -3463.9183449203374
		},
		"(Guid=6064631874644279373,TypeId=1091110028)":
		{
			"x": -13013.047931457068,
			"y": -3445.7627541284119
		},
		"(Guid=6064631874656993361,TypeId=1091110028)":
		{
			"x": -12761.78561109433,
			"y": -3067.8023052503486
		},
		"(Guid=6064631877884903425,TypeId=1091110028)":
		{
			"x": -12473.551505224625,
			"y": -3161.5163291101071
		},
		"(Guid=6064631877885100034,TypeId=1091110028)":
		{
			"x": -12466.700474797939,
			"y": -2877.9221233054818
		},
		"(Guid=6064631877901680647,TypeId=1091110028)":
		{
			"x": -12124.229709001929,
			"y": -2992.8364057253962
		},
		"(Guid=6064631877905219594,TypeId=1091110028)":
		{
			"x": -11765.995820561715,
			"y": -3169.4714932485745
		},
		"(Guid=6064631877909544974,TypeId=1091110028)":
		{
			"x": -11758.750755518531,
			"y": -2848.2083616641949
		},
		"(Guid=6064631877916885009,TypeId=1091110028)":
		{
			"x": -11397.206705865756,
			"y": -2974.006752868494
		},
		"(Guid=6064631877931892757,TypeId=1091110028)":
		{
			"x": -11045.888905200829,
			"y": -2967.59447475761
		},
		"(Guid=6064631877942771736,TypeId=1091110028)":
		{
			"x": -12672.718946027127,
			"y": -3366.328140754274
		},
		"(Guid=6064631877945983003,TypeId=1091110028)":
		{
			"x": -12669.956987905674,
			"y": -3593.3277750112552
		},
		"(Guid=6064631877949259806,TypeId=1091110028)":
		{
			"x": -12346.147425001176,
			"y": -3595.3990523223151
		},
		"(Guid=6064631877953781793,TypeId=1091110028)":
		{
			"x": -12009.956574305394,
			"y": -3595.4822304459663
		},
		"(Guid=6064631901628531185,TypeId=1091110028)":
		{
			"x": -13025.629780223384,
			"y": -2859.9218027563475
		},
		"(Guid=6064632712024360998,TypeId=1091110028,Name=\"CSQ_DD_0080_CSS_SSU_PriestLorik_54\")":
		{
			"x": -13197.87165356169,
			"y": -3859.7596986926242
		},
		"(Guid=6064632712042186795,TypeId=1091110028,Name=\"CSQ_DD_0080_CSS_SSU_PriestLorik_55\")":
		{
			"x": -12155.442150394934,
			"y": -3911.5832057420889
		},
		"(Guid=6064632764549365859,TypeId=1091110028,Name=\"CSQ_DD_0080_CSS_SSU_PriestLorik_56\")":
		{
			"x": -12894.428059895832,
			"y": -3917.0027669270839
		},
		"(Guid=6064632764568961126,TypeId=1091110028,Name=\"CSQ_DD_0080_CSS_SSU_PriestLorik_57\")":
		{
			"x": -12580.01204427083,
			"y": -3838.336100260417
		}
	},
	"editorRecordCounter": 57,
	"guid": "6064631874125824027",
	"name": "CSQ_DD_0080_CSS_SSU_PriestLorik",
	"typeId": "1091110026"
}