{
	"dialogueRootId":
	{
		"guid": "6064628832915095559",
		"typeId": "1091110028",
		"name": "None"
	},
	"editorNodes":
	{
		"(Guid=6064628832915095559,TypeId=1091110028)":
		{
			"x": -556.84247965198267,
			"y": 233.75476244331557
		},
		"(Guid=6064628832915161099,TypeId=1091110028)":
		{
			"x": 122.00938161974094,
			"y": -163.71420062326976
		},
		"(Guid=6064628929817608225,TypeId=1091110028)":
		{
			"x": 115.28494442378209,
			"y": 193.99378920626458
		},
		"(Guid=6064628929861320746,TypeId=1091110028)":
		{
			"x": 416.50861079135785,
			"y": 217.76523234594811
		},
		"(Guid=6064628951671242752,TypeId=1091110028)":
		{
			"x": 61.54665050191489,
			"y": 494.52159801698195
		},
		"(Guid=6064628951689658375,TypeId=1091110028)":
		{
			"x": -141.78012757623921,
			"y": 533.04727139653301
		},
		"(Guid=6064628951707025419,TypeId=1091110028)":
		{
			"x": 58.582900228488576,
			"y": 735.69639696151148
		},
		"(Guid=6064628985382436888,TypeId=1091110028)":
		{
			"x": -262.61968102785909,
			"y": -14.005524225574744
		},
		"(Guid=6064628985404915741,TypeId=1091110028)":
		{
			"x": -394.88730210699907,
			"y": 615.63256613207125
		},
		"(Guid=6064628985437224994,TypeId=1091110028)":
		{
			"x": 374.58894906430629,
			"y": 781.06332714699761
		},
		"(Guid=6064628985446531110,TypeId=1091110028)":
		{
			"x": 643.30557320635785,
			"y": 1030.8361682866148
		},
		"(Guid=6064628985491423274,TypeId=1091110028)":
		{
			"x": 921.16893870523609,
			"y": 1128.2567312673784
		},
		"(Guid=6064629105056743424,TypeId=1091110028)":
		{
			"x": 107.28702800932534,
			"y": 325.49611182682611
		},
		"(Guid=6064629105066770437,TypeId=1091110028)":
		{
			"x": 53.867374884534733,
			"y": 1107.2799640047235
		},
		"(Guid=6064629105080401928,TypeId=1091110028)":
		{
			"x": 353.36985379524054,
			"y": -341.10966162652034
		},
		"(Guid=6064629105082433547,TypeId=1091110028)":
		{
			"x": 675.65218792069834,
			"y": -386.95652976153309
		},
		"(Guid=6064629105089118224,TypeId=1091110028)":
		{
			"x": 679.13044886237594,
			"y": -253.91304874239901
		},
		"(Guid=6064629105090363411,TypeId=1091110028)":
		{
			"x": 680.00001409779509,
			"y": -102.6086977794626
		},
		"(Guid=6064629105101963286,TypeId=1091110028)":
		{
			"x": 1012.9629073407697,
			"y": -316.69513874490013
		},
		"(Guid=6064629105112645657,TypeId=1091110028)":
		{
			"x": 1267.312712556728,
			"y": -274.71252212694213
		},
		"(Guid=6064629105116250140,TypeId=1091110028)":
		{
			"x": 1556.2043577944105,
			"y": -254.59769578708963
		},
		"(Guid=6064629105123917855,TypeId=1091110028)":
		{
			"x": 1539.6630856009217,
			"y": 285.33162555539366
		},
		"(Guid=6064629105141088290,TypeId=1091110028)":
		{
			"x": 117.81150363408292,
			"y": -7.4795284437316916
		},
		"(Guid=6064629110161276939,TypeId=1091110028)":
		{
			"x": 1566.1351913810606,
			"y": -12.396268637262946
		}
	},
	"editorRecordCounter": 128,
	"guid": "6064628832915095558",
	"name": "MA_0010_FI_Forgemaster",
	"typeId": "1091110026"
}