{
	"dialogueRootId":
	{
		"guid": "6064630616678727774",
		"typeId": "1091110028",
		"name": "None"
	},
	"editorNodes":
	{
		"(Guid=6064630616678727774,TypeId=1091110028)":
		{
			"x": -12496.613864206853,
			"y": -5605.9081058284992
		},
		"(Guid=6064630616681676898,TypeId=1091110028)":
		{
			"x": -12061.185151576999,
			"y": -5943.7647336093978
		},
		"(Guid=6064630616710053988,TypeId=1091110028)":
		{
			"x": -12070.773806491101,
			"y": -5563.6705534753019
		},
		"(Guid=6064630616715755622,TypeId=1091110028)":
		{
			"x": -12076.276926508239,
			"y": -5712.0671027651078
		},
		"(Guid=6064630616740855919,TypeId=1091110028)":
		{
			"x": -11749.484585419255,
			"y": -6291.3173070836601
		},
		"(Guid=6064630616742494321,TypeId=1091110028)":
		{
			"x": -11755.968411055981,
			"y": -5876.3287831905982
		},
		"(Guid=6064630633665463002,TypeId=1091110028)":
		{
			"x": -11671.561198830605,
			"y": -5715.6962922215462
		},
		"(Guid=6064630633665594075,TypeId=1091110028)":
		{
			"x": -11674.676577372304,
			"y": -5637.6018151162589
		},
		"(Guid=6064630633665856220,TypeId=1091110028)":
		{
			"x": -11670.985423208758,
			"y": -5550.6920205413562
		},
		"(Guid=6064630633674113757,TypeId=1091110028)":
		{
			"x": -11709.946002506469,
			"y": -6038.5970148911001
		},
		"(Guid=6064631527128825897,TypeId=1091110028)":
		{
			"x": -12076.96610358175,
			"y": -5472.0787544262676
		},
		"(Guid=6064632275438338085,TypeId=1091110028,Name=\"MasterGreet_RVR_Briarmoor_FionaBriarmoor_30\")":
		{
			"x": -12079.456266492845,
			"y": -5334.870051324855
		},
		"(Guid=6064632275470385191,TypeId=1091110028,Name=\"MasterGreet_RVR_Briarmoor_FionaBriarmoor_31\")":
		{
			"x": -11665.570963144297,
			"y": -5337.9788943838184
		},
		"(Guid=6064632276441892129,TypeId=1091110028,Name=\"MasterGreet_RVR_Briarmoor_FionaBriarmoor_32\")":
		{
			"x": -11261.259548600077,
			"y": -5335.1897790100829
		}
	},
	"editorRecordCounter": 32,
	"guid": "6064630616598511694",
	"name": "MasterGreet_RVR_Briarmoor_FionaBriarmoor",
	"typeId": "1091110026"
}