{
	"dialogueRootId":
	{
		"guid": "6064631642002161667",
		"typeId": "1091110028",
		"name": "None"
	},
	"editorNodes":
	{
		"(Guid=6064631642002161665,TypeId=1091110028)":
		{
			"x": -688.26021836240363,
			"y": -1388.4903155208485
		},
		"(Guid=6064631642002161667,TypeId=1091110028)":
		{
			"x": -963.85091092094819,
			"y": -1135.2525102307438
		},
		"(Guid=6064631642002161671,TypeId=1091110028)":
		{
			"x": -688.40782913138139,
			"y": -993.01784854577784
		},
		"(Guid=6064631642002161672,TypeId=1091110028)":
		{
			"x": -687.42383168658955,
			"y": -1197.8798578742037
		},
		"(Guid=6064631669848014849,TypeId=1091110028)":
		{
			"x": -175.98603460042608,
			"y": -1487.5727859461524
		},
		"(Guid=6064631720930836617,TypeId=1091110028)":
		{
			"x": -461.76542800950585,
			"y": -1192.8126532511228
		},
		"(Guid=6064631720937980045,TypeId=1091110028)":
		{
			"x": -173.30581418804562,
			"y": -1032.4212802681031
		}
	},
	"editorRecordCounter": 23,
	"guid": "6064631642002161664",
	"name": "SQ_RVR_0035_TBH_Interact",
	"typeId": "1091110026"
}