{
	"dialogueRootId":
	{
		"guid": "6064631703822074224",
		"typeId": "1091110028",
		"name": "None"
	},
	"editorNodes":
	{
		"(Guid=6064631703822074224,TypeId=1091110028)":
		{
			"x": -15186.379311833494,
			"y": -3240.4010240856755
		},
		"(Guid=6064631703832428916,TypeId=1091110028)":
		{
			"x": -14854.613937587596,
			"y": -3001.8840851221021
		},
		"(Guid=6064631703849271671,TypeId=1091110028)":
		{
			"x": -14555.214326780941,
			"y": -3007.7415658540967
		},
		"(Guid=6064631703855104378,TypeId=1091110028)":
		{
			"x": -14286.398364722096,
			"y": -3014.418546978312
		},
		"(Guid=6064631703857922429,TypeId=1091110028)":
		{
			"x": -14013.598055615463,
			"y": -3012.8639604777295
		},
		"(Guid=6064631703862182272,TypeId=1091110028)":
		{
			"x": -13722.998047530651,
			"y": -3016.8572598695755
		},
		"(Guid=6064631703864213891,TypeId=1091110028)":
		{
			"x": -13431.473993978467,
			"y": -3026.6760440306894
		},
		"(Guid=6064631703867294086,TypeId=1091110028)":
		{
			"x": -13140.247723420469,
			"y": -3027.619006713232
		},
		"(Guid=6064631703869587849,TypeId=1091110028)":
		{
			"x": -12827.469722787531,
			"y": -3028.8168668195058
		},
		"(Guid=6064631703872930188,TypeId=1091110028)":
		{
			"x": -12503.064337039455,
			"y": -3024.4665300471725
		},
		"(Guid=6064631703874699663,TypeId=1091110028)":
		{
			"x": -12207.576506376274,
			"y": -3034.0864273309699
		},
		"(Guid=6064631703877321106,TypeId=1091110028)":
		{
			"x": -14838.381623771871,
			"y": -3237.3033894420532
		},
		"(Guid=6064631703887020437,TypeId=1091110028)":
		{
			"x": -14544.815492977923,
			"y": -3253.4572223428131
		},
		"(Guid=6064631703889772952,TypeId=1091110028)":
		{
			"x": -14265.238065629126,
			"y": -3264.5122769667073
		},
		"(Guid=6064631704048173467,TypeId=1091110028)":
		{
			"x": -13981.537763234346,
			"y": -3263.7243728690228
		},
		"(Guid=6064631720352022652,TypeId=1091110028)":
		{
			"x": -14832.621220889496,
			"y": -3493.6757719897741
		},
		"(Guid=6064631720761753769,TypeId=1091110028)":
		{
			"x": -14552.707447045523,
			"y": -3499.3179602914829
		},
		"(Guid=6064631720765292716,TypeId=1091110028)":
		{
			"x": -14254.525865912778,
			"y": -3497.5439527304038
		}
	},
	"editorRecordCounter": 57,
	"guid": "6064631703642177875",
	"name": "CSQ_DD_0069_TOT_BanditSplint",
	"typeId": "1091110026"
}