{
	"dialogueRootId":
	{
		"guid": "6064628787926269969",
		"typeId": "1091110028",
		"name": "None"
	},
	"editorNodes":
	{
		"(Guid=6064628787926269969,TypeId=1091110028)":
		{
			"x": -216.43628883273064,
			"y": 135.49857600791518
		},
		"(Guid=6064628787926269973,TypeId=1091110028)":
		{
			"x": 35.479646307213827,
			"y": 470.25571809413179
		},
		"(Guid=6064628787926269976,TypeId=1091110028)":
		{
			"x": 258.4905390464412,
			"y": 152.53923691799457
		},
		"(Guid=6064628787926269990,TypeId=1091110028)":
		{
			"x": 581.04355690810667,
			"y": 356.69004406939803
		},
		"(Guid=6064628792389533798,TypeId=1091110028)":
		{
			"x": 929.25194744346766,
			"y": 520.92795688297338
		},
		"(Guid=6064629098272718859,TypeId=1091110028)":
		{
			"x": 914.57932834587712,
			"y": 356.14297356999481
		},
		"(Guid=6064629098280255502,TypeId=1091110028)":
		{
			"x": -40.275564397280256,
			"y": 62.297865393733161
		},
		"(Guid=6064629098599219222,TypeId=1091110028)":
		{
			"x": 569.38331274589871,
			"y": 193.02792436334019
		}
	},
	"editorRecordCounter": 51,
	"guid": "6064628787926269968",
	"name": "MADD_0010_GB_NicoBennett",
	"typeId": "1091110026"
}