{
	"dialogueRootId":
	{
		"guid": "6064632729963200676",
		"typeId": "1091110028",
		"name": "None"
	},
	"editorNodes":
	{
		"(Guid=6064632729963200676,TypeId=1091110028)":
		{
			"x": -2050.3030532878497,
			"y": -1290.2913923287038
		},
		"(Guid=6064632730258178217,TypeId=1091110028,Name=\"DD_0113_EotGH_Zinjala_2\")":
		{
			"x": -1746.5709191243457,
			"y": -1687.4042884372175
		},
		"(Guid=6064632730258702507,TypeId=1091110028,Name=\"DD_0113_EotGH_Zinjala_3\")":
		{
			"x": -1761.094726394861,
			"y": -1093.2376328822625
		},
		"(Guid=6064632732982509570,TypeId=1091110028,Name=\"DD_0113_EotGH_Zinjala_4\")":
		{
			"x": -1441.5254695692827,
			"y": -1712.3824087011594
		},
		"(Guid=6064632733016588293,TypeId=1091110028,Name=\"DD_0113_EotGH_Zinjala_5\")":
		{
			"x": -1414.2802742943168,
			"y": -1480.3649903275073
		},
		"(Guid=6064632733024387080,TypeId=1091110028,Name=\"DD_0113_EotGH_Zinjala_6\")":
		{
			"x": -1419.2802731022239,
			"y": -1237.8649912960827
		},
		"(Guid=6064632733218045963,TypeId=1091110028,Name=\"DD_0113_EotGH_Zinjala_7\")":
		{
			"x": -1388.0302715189755,
			"y": -919.11499196663499
		},
		"(Guid=6064632733315104782,TypeId=1091110028,Name=\"DD_0113_EotGH_Zinjala_8\")":
		{
			"x": -1383.4677723012865,
			"y": -659.11499062553048
		}
	},
	"editorRecordCounter": 8,
	"guid": "6064632729963200675",
	"name": "DD_0113_EotGH_Zinjala",
	"typeId": "1091110026"
}