{
	"dialogueRootId":
	{
		"guid": "109235644552843",
		"typeId": "1091110028",
		"name": "None"
	},
	"editorNodes":
	{
		"(Guid=109235644552843,TypeId=1091110028)":
		{
			"x": -254.49673207350332,
			"y": 24.052287735542414
		},
		"(Guid=109235644552847,TypeId=1091110028)":
		{
			"x": 217,
			"y": 2
		},
		"(Guid=109235644552848,TypeId=1091110028)":
		{
			"x": -31,
			"y": 96
		},
		"(Guid=109235644552851,TypeId=1091110028)":
		{
			"x": 217,
			"y": 67
		},
		"(Guid=109235644552853,TypeId=1091110028)":
		{
			"x": 505.80392153516999,
			"y": 84.071895645136237
		},
		"(Guid=109235644552855,TypeId=1091110028)":
		{
			"x": 207.00000039736429,
			"y": 184.22222173655476
		},
		"(Guid=109235644552861,TypeId=1091110028)":
		{
			"x": -66.824564159008148,
			"y": 234.00584774285412
		},
		"(Guid=109235730011817,TypeId=1091110028)":
		{
			"x": 493.62745177466195,
			"y": -98.718954207422684
		},
		"(Guid=109235884545711,TypeId=1091110028)":
		{
			"x": 921.44444943357439,
			"y": -76.222206636711931
		},
		"(Guid=109235897128627,TypeId=1091110028)":
		{
			"x": 906.33333876397637,
			"y": 86.333334392971437
		},
		"(Guid=109235942610621,TypeId=1091110028)":
		{
			"x": 919.86924801883799,
			"y": -222.59475289860302
		}
	},
	"editorRecordCounter": 65,
	"guid": "109235644552842",
	"name": "0006_P0_Cleric_Response3",
	"typeId": "1091110026"
}