{
	"dialogueRootId":
	{
		"guid": "6064632581523574928",
		"typeId": "1091110028",
		"name": "CSQ_DD_RVR_TheAntiquitor_Prime_2"
	},
	"editorNodes":
	{
		"(Guid=6064632581523574928,TypeId=1091110028,Name=\"CSQ_DD_RVR_TheAntiquitor_Prime_2\")":
		{
			"x": 240.97655219093207,
			"y": -47.843492725627542
		},
		"(Guid=6064632581525868691,TypeId=1091110028,Name=\"CSQ_DD_RVR_TheAntiquitor_Prime_3\")":
		{
			"x": 640.97647759189726,
			"y": 209.53024274003155
		},
		"(Guid=6064632581530587285,TypeId=1091110028,Name=\"CSQ_DD_RVR_TheAntiquitor_Prime_4\")":
		{
			"x": 631.27952605947451,
			"y": 43.0656016151001
		},
		"(Guid=6064632581541925017,TypeId=1091110028,Name=\"CSQ_DD_RVR_TheAntiquitor_Prime_5\")":
		{
			"x": 625.46105821058188,
			"y": -203.21545977766309
		},
		"(Guid=6064632581563224222,TypeId=1091110028,Name=\"CSQ_DD_RVR_TheAntiquitor_Prime_6\")":
		{
			"x": 973.062440494204,
			"y": 45.689199874552152
		},
		"(Guid=6064632581658841259,TypeId=1091110028,Name=\"CSQ_DD_RVR_TheAntiquitor_Prime_7\")":
		{
			"x": 952.32529531170974,
			"y": -206.62803184737766
		},
		"(Guid=6064632581668475054,TypeId=1091110028,Name=\"CSQ_DD_RVR_TheAntiquitor_Prime_8\")":
		{
			"x": 1272.3251949027181,
			"y": -207.46136541664598
		},
		"(Guid=6064632581674766513,TypeId=1091110028,Name=\"CSQ_DD_RVR_TheAntiquitor_Prime_9\")":
		{
			"x": 1583.1586908847087,
			"y": -311.6280743877092
		}
	},
	"editorRecordCounter": 9,
	"guid": "6064632581513154703",
	"name": "CSQ_DD_RVR_TheAntiquitor_Prime",
	"typeId": "1091110026"
}