{
	"dialogueRootId":
	{
		"guid": "6064630355732398120",
		"typeId": "1091110028",
		"name": "None"
	},
	"editorNodes":
	{
		"(Guid=6064630355732398120,TypeId=1091110028)":
		{
			"x": -4691.9916713556277,
			"y": -2848.1279334672636
		},
		"(Guid=6064630355735740459,TypeId=1091110028)":
		{
			"x": -4178.9677852670638,
			"y": -3460.5724817774585
		},
		"(Guid=6064630355738886190,TypeId=1091110028)":
		{
			"x": -3595.137551093123,
			"y": -3466.7682911639358
		},
		"(Guid=6064630355744784434,TypeId=1091110028)":
		{
			"x": -4179.5907248973854,
			"y": -3112.3720718860618
		},
		"(Guid=6064630355748454453,TypeId=1091110028)":
		{
			"x": -3752.3600118792219,
			"y": -3107.2251386109724
		},
		"(Guid=6064630361772327005,TypeId=1091110028)":
		{
			"x": -4177.0266299021177,
			"y": -2740.4191319078272
		},
		"(Guid=6064630361776455776,TypeId=1091110028)":
		{
			"x": -3813.2698061613637,
			"y": -2739.3012414004102
		},
		"(Guid=6064630361780977763,TypeId=1091110028)":
		{
			"x": -3458.1515018960995,
			"y": -2738.242695304682
		},
		"(Guid=6064630361786351719,TypeId=1091110028)":
		{
			"x": -4169.8345135171685,
			"y": -2443.196236711819
		}
	},
	"editorRecordCounter": 31,
	"guid": "6064630355695239194",
	"name": "MADD_0005A_BDA_OrrikBlackwood_Phase02",
	"typeId": "1091110026"
}