{
	"dialogueRootId":
	{
		"guid": "6064631160211046401",
		"typeId": "1091110028",
		"name": "None"
	},
	"editorNodes":
	{
		"(Guid=6064631160211046401,TypeId=1091110028)":
		{
			"x": -7219.5981693821022,
			"y": -3563.9210594334982
		},
		"(Guid=6064631160221270020,TypeId=1091110028)":
		{
			"x": -6827.9438330103003,
			"y": -3460.6320025149116
		},
		"(Guid=6064631160240406536,TypeId=1091110028)":
		{
			"x": -6564.2696065696928,
			"y": -3462.4845097373659
		},
		"(Guid=6064631160250171404,TypeId=1091110028)":
		{
			"x": -6293.0044976207701,
			"y": -3541.9881413093922
		},
		"(Guid=6064631160250433549,TypeId=1091110028)":
		{
			"x": -6292.922705232837,
			"y": -3296.8183052645149
		},
		"(Guid=6064631160257052690,TypeId=1091110028)":
		{
			"x": -5960.1390641840771,
			"y": -3355.6353224721743
		},
		"(Guid=6064631160260132885,TypeId=1091110028)":
		{
			"x": -5651.6894530132404,
			"y": -3351.7115075836577
		},
		"(Guid=6064631160262950936,TypeId=1091110028)":
		{
			"x": -6807.7304770573965,
			"y": -3193.1553582573924
		},
		"(Guid=6064631249974001670,TypeId=1091110028)":
		{
			"x": -6793.8759148805193,
			"y": -3745.5520855850618
		}
	},
	"editorRecordCounter": 29,
	"guid": "6064631160196759552",
	"name": "CSQ_DD_FTU_CelestialPriestess",
	"typeId": "1091110026"
}