{
	"dialogueRootId":
	{
		"guid": "109354339423877",
		"typeId": "1091110028",
		"name": "MADD_0005_Stormrazer_Phase03_04_2"
	},
	"editorNodes":
	{
		"(Guid=109354339423877,TypeId=1091110028)":
		{
			"x": -6.5608163013912035,
			"y": 509.36507416983403
		},
		"(Guid=109354352793224,TypeId=1091110028)":
		{
			"x": 282.40739329006885,
			"y": 618.2936336196135
		},
		"(Guid=109354362230411,TypeId=1091110028)":
		{
			"x": 514.1666789642627,
			"y": 637.12963342068838
		},
		"(Guid=109354368521870,TypeId=1091110028)":
		{
			"x": 780.18520413265537,
			"y": 606.48148551491374
		},
		"(Guid=109354414528145,TypeId=1091110028)":
		{
			"x": 1048.8889130729206,
			"y": 565.92593007249616
		},
		"(Guid=109354466104980,TypeId=1091110028)":
		{
			"x": 286.66666381888928,
			"y": 760.74073318346177
		},
		"(Guid=109354471216792,TypeId=1091110028)":
		{
			"x": 512.59258750044262,
			"y": 759.25925171669758
		},
		"(Guid=109358959908477,TypeId=1091110028)":
		{
			"x": 788.88888105198123,
			"y": 751.1111036494932
		},
		"(Guid=109358962267776,TypeId=1091110028)":
		{
			"x": 1046.6666562689659,
			"y": 757.03702951655066
		},
		"(Guid=109359051003525,TypeId=1091110028)":
		{
			"x": 645.92591950922713,
			"y": 211.85184974729268
		},
		"(Guid=109359051069062,TypeId=1091110028)":
		{
			"x": 336.2962929554933,
			"y": 208.14814608038191
		},
		"(Guid=109359051396743,TypeId=1091110028)":
		{
			"x": 950.37036092928849,
			"y": 217.77777561434968
		},
		"(Guid=109359053428366,TypeId=1091110028)":
		{
			"x": 305.1851821534429,
			"y": 388.88888502562503
		},
		"(Guid=109359053624975,TypeId=1091110028)":
		{
			"x": 565.92592030395792,
			"y": 391.85184795915347
		},
		"(Guid=109359053952656,TypeId=1091110028)":
		{
			"x": 820.74073258741407,
			"y": 394.07407015929988
		}
	},
	"editorRecordCounter": 51,
	"guid": "109354335360644",
	"name": "MADD_0005_Stormrazer_Phase03_04",
	"typeId": "1091110026"
}