{
	"dialogueRootId":
	{
		"guid": "6064628815257337984",
		"typeId": "1091110028",
		"name": "None"
	},
	"editorNodes":
	{
		"(Guid=6064628815257337984,TypeId=1091110028)":
		{
			"x": -192.00000572204584,
			"y": 491.55557020505267
		},
		"(Guid=6064628815267496067,TypeId=1091110028)":
		{
			"x": 65.949822146570739,
			"y": 337.43370009204648
		},
		"(Guid=6064628815271624838,TypeId=1091110028)":
		{
			"x": 393.0277894598741,
			"y": 232.3611224256455
		},
		"(Guid=6064628815276540042,TypeId=1091110028)":
		{
			"x": 87.863250444156449,
			"y": 620.20514941967974
		},
		"(Guid=6064628815279685773,TypeId=1091110028)":
		{
			"x": 392.00001168251038,
			"y": 557.33334994316124
		},
		"(Guid=6064628815285649552,TypeId=1091110028)":
		{
			"x": 695.1111318270365,
			"y": 572.4444615046184
		}
	},
	"editorRecordCounter": 21,
	"guid": "6064628815221358711",
	"name": "MADD_0007_GUM_Dial_Constable",
	"typeId": "1091110026"
}