{
	"dialogueRootId":
	{
		"guid": "108437251643001",
		"typeId": "1091110028",
		"name": "MADD_0002_TheVuulVodekka_2"
	},
	"editorNodes":
	{
		"(Guid=108437251643001,TypeId=1091110028)":
		{
			"x": 149.00000444054604,
			"y": 427.66667941212654
		},
		"(Guid=108437265012348,TypeId=1091110028)":
		{
			"x": 434.00001293420792,
			"y": 427.3333460688591
		},
		"(Guid=108437277267583,TypeId=1091110028)":
		{
			"x": 660.66668635606766,
			"y": 113.33333671092987
		},
		"(Guid=108437281396354,TypeId=1091110028)":
		{
			"x": 873.33335936069489,
			"y": 116.0000034570694
		},
		"(Guid=108437285328517,TypeId=1091110028)":
		{
			"x": 1082.6666989326477,
			"y": 115.33333677053452
		},
		"(Guid=108437296600713,TypeId=1091110028)":
		{
			"x": 691.33335393667221,
			"y": 320.66667622327805
		},
		"(Guid=108437300139660,TypeId=1091110028)":
		{
			"x": 931.33336108922958,
			"y": 315.33334273099899
		},
		"(Guid=108437302892175,TypeId=1091110028)":
		{
			"x": 1133.3333671092987,
			"y": 321.33334290981293
		},
		"(Guid=108437305841298,TypeId=1091110028)":
		{
			"x": 1350.0000402331352,
			"y": 381.33334469795227
		},
		"(Guid=108437308528277,TypeId=1091110028)":
		{
			"x": 1562.0000465512276,
			"y": 428.00001275539398
		},
		"(Guid=108437313640088,TypeId=1091110028)":
		{
			"x": 1452.666709959507,
			"y": 721.33335483074188
		},
		"(Guid=108437316785819,TypeId=1091110028)":
		{
			"x": 1714.0000510811806,
			"y": 724.66668826341629
		},
		"(Guid=108437328975519,TypeId=1091110028)":
		{
			"x": 905.3333603143692,
			"y": 959.33336192369461
		},
		"(Guid=108437330089632,TypeId=1091110028)":
		{
			"x": 1188.000035405159,
			"y": 919.33336073160172
		},
		"(Guid=108437330417313,TypeId=1091110028)":
		{
			"x": 1447.3333764672279,
			"y": 922.00002747774124
		}
	},
	"editorRecordCounter": 57,
	"guid": "108437247186552",
	"name": "MADD_0002_TheVuulVodekka",
	"typeId": "1091110026"
}