{
	"combatRelationship": "Friendly",
	"combatPermissions": 2,
	"defaultNameplateColor":
	{
		"r": 0.43415400385856628,
		"g": 0.68668597936630249,
		"b": 0.16513200104236603,
		"a": 1
	},
	"defaultNameplateHealthbarColor":
	{
		"r": 0.0074990000575780869,
		"g": 0.45078599452972412,
		"b": 0,
		"a": 1
	},
	"targetingDecalColor":
	{
		"r": 0.059510998427867889,
		"g": 0.91309899091720581,
		"b": 0.16202899813652039,
		"a": 1
	},
	"softLockColor":
	{
		"r": 0.0074990000575780869,
		"g": 0.45078599452972412,
		"b": 0,
		"a": 1
	},
	"defaultNameplateColorRange":
	{
	},
	"guid": "6064631358673190913",
	"name": "WarTurnin",
	"typeId": "512160702"
}