{
	"combatRelationship": "Hostile",
	"combatPermissions": 1,
	"defaultNameplateColor":
	{
		"r": 0.88627499341964722,
		"g": 0.37711399793624878,
		"b": 0.078801997005939484,
		"a": 1
	},
	"defaultNameplateHealthbarColor":
	{
		"r": 1,
		"g": 0,
		"b": 0,
		"a": 1
	},
	"targetingDecalColor":
	{
		"r": 0.93011099100112915,
		"g": 0.072272002696990967,
		"b": 0.072272002696990967,
		"a": 1
	},
	"softLockColor":
	{
		"r": 1,
		"g": 0,
		"b": 0,
		"a": 1
	},
	"defaultNameplateColorRange":
	{
		"3":
		{
			"r": 0.83854198455810547,
			"g": 0.083084002137184143,
			"b": 0.065511003136634827,
			"a": 1
		},
		"6":
		{
			"r": 0.89583301544189453,
			"g": 0.01866300031542778,
			"b": 0.026793999597430229,
			"a": 1
		},
		"9":
		{
			"r": 0.63020801544189453,
			"g": 0,
			"b": 0.0058419997803866863,
			"a": 1
		},
		"-3":
		{
			"r": 0.25821900367736816,
			"g": 0.70027399063110352,
			"b": 0.86979198455810547,
			"a": 1
		},
		"-6":
		{
			"r": 0.060003999620676041,
			"g": 0.38459599018096924,
			"b": 0.82291698455810547,
			"a": 1
		},
		"-9":
		{
			"r": 0.0053170002065598965,
			"g": 0.21187399327754974,
			"b": 0.51041698455810547,
			"a": 1
		}
	},
	"guid": "6064629443698425859",
	"name": "Hostile",
	"typeId": "512160702"
}