{
	"combatPermissions": 0,
	"defaultNameplateColor":
	{
		"r": 0.88627499341964722,
		"g": 0.37711399793624878,
		"b": 0.078801997005939484,
		"a": 1
	},
	"defaultNameplateHealthbarColor":
	{
		"r": 1,
		"g": 0,
		"b": 0,
		"a": 1
	},
	"targetingDecalColor":
	{
		"r": 0,
		"g": 0,
		"b": 0,
		"a": 0
	},
	"softLockColor":
	{
		"r": 0,
		"g": 0,
		"b": 0,
		"a": 0
	},
	"defaultNameplateColorRange":
	{
	},
	"guid": "6064633062422085797",
	"name": "Siege_Gate",
	"typeId": "512160702"
}