{
	"friendlyName": "NSLOCTEXT(\"[D20C99C24B2FABB4DC05E3BF1EE067C5]\", \"7D2A20C241D4B7A70B46F1B1497D3AF9\", \"Blue\")",
	"dyeColor":
	{
		"r": 0.068631000816822052,
		"g": 0.10949599742889404,
		"b": 0.57291698455810547,
		"a": 1
	},
	"paintColor":
	{
		"r": 0.081950001418590546,
		"g": 0.13161000609397888,
		"b": 0.27604201436042786,
		"a": 255
	},
	"guid": "6064631911273660417",
	"name": "Blue",
	"typeId": "10911234112"
}