{
	"friendlyName": "",
	"dyeColor":
	{
		"r": 0.27049800753593445,
		"g": 0.017642000690102577,
		"b": 0.017642000690102577,
		"a": 1
	},
	"paintColor":
	{
		"r": 0.27049800753593445,
		"g": 0.033530000597238541,
		"b": 0.033530000597238541,
		"a": 1
	},
	"guid": "6064632151255744514",
	"name": "Rose",
	"typeId": "10911234112"
}