{
	"friendlyName": "NSLOCTEXT(\"[D20C99C24B2FABB4DC05E3BF1EE067C5]\", \"FBD77DB34A7AD2F10E62AE98EAEB68ED\", \"Cream\")",
	"dyeColor":
	{
		"r": 1,
		"g": 0.72742700576782227,
		"b": 0.51086002588272095,
		"a": 255
	},
	"paintColor":
	{
		"r": 0.3125,
		"g": 0.19354699552059174,
		"b": 0.1407880038022995,
		"a": 255
	},
	"guid": "6064631917537918976",
	"name": "Cream",
	"typeId": "10911234112"
}