{
	"friendlyName": "NSLOCTEXT(\"[D20C99C24B2FABB4DC05E3BF1EE067C5]\", \"BA85E48B47F65B941E91EDBD07791A24\", \"Red_Ruby\")",
	"dyeColor":
	{
		"r": 0.45833298563957214,
		"g": 0,
		"b": 0.015966000035405159,
		"a": 255
	},
	"paintColor":
	{
		"r": 0.27604201436042786,
		"g": 0.064696997404098511,
		"b": 0.064696997404098511,
		"a": 255
	},
	"guid": "6064631911266975744",
	"name": "Red",
	"typeId": "10911234112"
}