{
	"friendlyName": "NSLOCTEXT(\"[D20C99C24B2FABB4DC05E3BF1EE067C5]\", \"DF87C7D947BDB2DD64E2588FBCEA2B71\", \"Bearhide Brown\")",
	"dyeColor":
	{
		"r": 0.31770798563957214,
		"g": 0.13593900203704834,
		"b": 0.057916000485420227,
		"a": 1
	},
	"paintColor":
	{
		"r": 0.19270800054073334,
		"g": 0.11827000230550766,
		"b": 0.086317002773284912,
		"a": 1
	},
	"guid": "6064632231275200512",
	"name": "Bearhide",
	"typeId": "10911234112"
}