{
	"friendlyName": "NSLOCTEXT(\"[D20C99C24B2FABB4DC05E3BF1EE067C5]\", \"93D6DF734B187387168A95B129981525\", \"Turquoise\")",
	"dyeColor":
	{
		"r": 0,
		"g": 0.39601999521255493,
		"b": 0.453125,
		"a": 255
	},
	"paintColor":
	{
		"r": 0.09928400069475174,
		"g": 0.3020550012588501,
		"b": 0.31770798563957214,
		"a": 255
	},
	"guid": "6064631912976023552",
	"name": "Turquoise",
	"typeId": "10911234112"
}