Items with undefined values:
File: Item_6064630418007326720.json
Item ID: 6064630418007326720
Item Name: Sample Helmet Recipe
Type: Consumable
Undefined Fields: level

File: ItemRecord_108803826669176.json
Item ID: 108803826669176
Item Name: Stonebeak Feather
Type: Quest
Undefined Fields: level

File: ItemRecord_109065612187335.json
Item ID: 109065612187335
Item Name: The Enemy Within
Type: Quest
Undefined Fields: level

File: ItemRecord_109071524124368.json
Item ID: 109071524124368
Item Name: Rattleskull Key
Type: Quest
Undefined Fields: level

File: ItemRecord_109189739730552.json
Item ID: 109189739730552
Item Name: Trade Dues
Type: Quest
Undefined Fields: icon, level

File: ItemRecord_109189739730553.json
Item ID: 109189739730553
Item Name: Branding Iron
Type: Quest
Undefined Fields: icon, level

File: ItemRecord_109189739730554.json
Item ID: 109189739730554
Item Name: Branding Iron
Type: Quest
Undefined Fields: icon, level

File: ItemRecord_109189739730555.json
Item ID: 109189739730555
Item Name: Secret Note
Type: Quest
Undefined Fields: icon, level

File: ItemRecord_109189739730556.json
Item ID: 109189739730556
Item Name: Bloody Note
Type: Quest
Undefined Fields: icon, level

File: ItemRecord_109189739730557.json
Item ID: 109189739730557
Item Name: Ensemble Flute
Type: Quest
Undefined Fields: icon, level

File: ItemRecord_109189739730558.json
Item ID: 109189739730558
Item Name: Jailor Key
Type: Quest
Undefined Fields: icon, level

File: ItemRecord_109189739730559.json
Item ID: 109189739730559
Item Name: Magic Journal
Type: Quest
Undefined Fields: icon, level

File: ItemRecord_109189739730560.json
Item ID: 109189739730560
Item Name: Chant of Undeath
Type: Quest
Undefined Fields: icon, level

File: ItemRecord_109189739730561.json
Item ID: 109189739730561
Item Name: Coded Note
Type: Quest
Undefined Fields: icon, level

File: ItemRecord_109189739730562.json
Item ID: 109189739730562
Item Name: Decoded Note
Type: Quest
Undefined Fields: icon, level

File: ItemRecord_109189739730563.json
Item ID: 109189739730563
Item Name: Quill of TyTivillus
Type: Quest
Undefined Fields: level

File: ItemRecord_109189739730564.json
Item ID: 109189739730564
Item Name: Pyrian Chest Key
Type: Quest
Undefined Fields: icon, level

File: ItemRecord_109189739730565.json
Item ID: 109189739730565
Item Name: Map of Riverlands
Type: Quest
Undefined Fields: level

File: ItemRecord_109189739730566.json
Item ID: 109189739730566
Item Name: Map of Ancient Riverlands
Type: Quest
Undefined Fields: icon, level

File: ItemRecord_109189739730567.json
Item ID: 109189739730567
Item Name: Wagon Door Key
Type: Quest
Undefined Fields: icon, level

File: ItemRecord_109189739730568.json
Item ID: 109189739730568
Item Name: Athenaeum of Ra'Pha
Type: Quest
Undefined Fields: level

File: ItemRecord_109190101816970.json
Item ID: 109190101816970
Item Name: Highwaymen Handbill
Type: Quest
Undefined Fields: icon, level

File: ItemRecord_109190101816971.json
Item ID: 109190101816971
Item Name: Aelan Trinket
Type: Quest
Undefined Fields: icon, level

File: ItemRecord_109229753194172.json
Item ID: 109229753194172
Item Name: Baaltop Toadstool
Type: Quest
Undefined Fields: level

File: ItemRecord_6064628782342799377.json
Item ID: 6064628782342799377
Item Name: Carlotta's Eyes
Type: Quest
Undefined Fields: icon, level

File: ItemRecord_6064628854864347206.json
Item ID: 6064628854864347206
Item Name: a tattered scroll
Type: Quest
Undefined Fields: level

File: ItemRecord_6064628855359012999.json
Item ID: 6064628855359012999
Item Name: Goblin Totem
Type: Quest
Undefined Fields: level

File: ItemRecord_6064628860580528151.json
Item ID: 6064628860580528151
Item Name: a rusty metal box
Type: Quest
Undefined Fields: level

File: ItemRecord_6064628865896677376.json
Item ID: 6064628865896677376
Item Name: Eye of Karratas
Type: Quest
Undefined Fields: level

File: ItemRecord_6064628906421714994.json
Item ID: 6064628906421714994
Item Name: a property deed
Type: Quest
Undefined Fields: level

File: ItemRecord_6064628951501635639.json
Item ID: 6064628951501635639
Item Name: tharibloom petal
Type: Quest
Undefined Fields: level

File: ItemRecord_6064629019232567309.json
Item ID: 6064629019232567309
Item Name: a map
Type: Quest
Undefined Fields: level

File: Item_107955466884754.json
Item ID: 107955466884754
Item Name: Pristine Essence Core
Type: Material
Undefined Fields: level

File: Item_107955479598739.json
Item ID: 107955479598739
Item Name: Fool's Gold
Type: Material
Undefined Fields: level

File: Item_108198164321913.json
Item ID: 108198164321913
Item Name: Kaelar Chair
Type: Consumable
Undefined Fields: level

File: Item_108430238307962.json
Item ID: 108430238307962
Item Name: Vuul'Vodekka
Type: Quest
Undefined Fields: level

File: Item_108471151384201.json
Item ID: 108471151384201
Item Name: Old Gladiator Bones
Type: Quest
Undefined Fields: level

File: Item_108471181858446.json
Item ID: 108471181858446
Item Name: Darkbriar Gem
Type: Quest
Undefined Fields: level

File: Item_108471208924819.json
Item ID: 108471208924819
Item Name: The Anchor of Vuul
Type: Quest
Undefined Fields: icon, level

File: Item_108471283111579.json
Item ID: 108471283111579
Item Name: Harbinger Seed
Type: Quest
Undefined Fields: level

File: Item_108481735054968.json
Item ID: 108481735054968
Item Name: Bloodbloom Vase
Type: Quest
Undefined Fields: level

File: Item_108481742460537.json
Item ID: 108481742460537
Item Name: Cursed Chest
Type: Quest
Undefined Fields: level

File: Item_108481744623226.json
Item ID: 108481744623226
Item Name: Cursed Torroxian Skull
Type: Quest
Undefined Fields: level

File: Item_108481766905468.json
Item ID: 108481766905468
Item Name: Cursed Statue
Type: Quest
Undefined Fields: level

File: Item_108481778177661.json
Item ID: 108481778177661
Item Name: Cursed Staff
Type: Quest
Undefined Fields: level

File: Item_108515122370184.json
Item ID: 108515122370184
Item Name: Bloodbloom Vase
Type: Quest
Undefined Fields: level

File: Item_108515135870601.json
Item ID: 108515135870601
Item Name: A Lyndra Bloom in a Vase
Type: Quest
Undefined Fields: level

File: Item_108550313367223.json
Item ID: 108550313367223
Item Name: Darkbriar Oubliette
Type: Quest
Undefined Fields: level

File: Item_108555073050235.json
Item ID: 108555073050235
Item Name: The Mask of Khu'Zhu
Type: Quest
Undefined Fields: level

File: Item_108561429845640.json
Item ID: 108561429845640
Item Name: A Silver Key
Type: Quest
Undefined Fields: level

File: Item_108561436595849.json
Item ID: 108561436595849
Item Name: Fragments of a Cursed Chest
Type: Quest
Undefined Fields: level

File: Item_108600351348367.json
Item ID: 108600351348367
Item Name: Acid Web Strand
Type: Quest
Undefined Fields: level

File: Item_108600360785552.json
Item ID: 108600360785552
Item Name: Vial of Kirin Blood
Type: Quest
Undefined Fields: level

File: Item_108600364848785.json
Item ID: 108600364848785
Item Name: Eye of  Dredgehorn
Type: Quest
Undefined Fields: level

File: Item_108600369698450.json
Item ID: 108600369698450
Item Name: Bottle of Last Breath
Type: Quest
Undefined Fields: level

File: Item_108611983988362.json
Item ID: 108611983988362
Item Name: Trimenium Angle
Type: Quest
Undefined Fields: level

File: Item_108798559147645.json
Item ID: 108798559147645
Item Name: Torroxian Skull
Type: Quest
Undefined Fields: level

File: Item_109076817270398.json
Item ID: 109076817270398
Item Name: Foul Cyst
Type: Material
Undefined Fields: level

File: Item_109081725589113.json
Item ID: 109081725589113
Item Name: Nakt fo Hetnu
Type: Quest
Undefined Fields: level

File: Item_109088443618950.json
Item ID: 109088443618950
Item Name: Bloody note
Type: Quest
Undefined Fields: level

File: Item_109116179764856.json
Item ID: 109116179764856
Item Name: Trade Dues
Type: Quest
Undefined Fields: level

File: Item_109116187432569.json
Item ID: 109116187432569
Item Name: Trade Dues
Type: Quest
Undefined Fields: level

File: Item_109116190185082.json
Item ID: 109116190185082
Item Name: Trade Dues
Type: Quest
Undefined Fields: level

File: Item_109120983291513.json
Item ID: 109120983291513
Item Name: Ensemble Flute Mk 1
Type: Quest
Undefined Fields: level

File: Item_109224004310742.json
Item ID: 109224004310742
Item Name: Bandit Insignia
Type: Material
Undefined Fields: level

File: Item_109224018597592.json
Item ID: 109224018597592
Item Name: Recovered Munitions
Type: Material
Undefined Fields: level

File: Item_109229770495677.json
Item ID: 109229770495677
Item Name: Rotten Swine Meat
Type: Quest
Undefined Fields: level

File: Item_109269738149498.json
Item ID: 109269738149498
Item Name: Sprig of Feldblossom
Type: Material
Undefined Fields: level

File: Item_109313917146763.json
Item ID: 109313917146763
Item Name: Ursonis Mortis Poison
Type: Quest
Undefined Fields: level

File: Item_109358883755642.json
Item ID: 109358883755642
Item Name: Head of Orrik Blackwood
Type: Quest
Undefined Fields: level

File: Item_6064628583103266825.json
Item ID: 6064628583103266825
Item Name: Raven Rose
Type: Quest
Undefined Fields: level

File: Item_6064628793109446667.json
Item ID: 6064628793109446667
Item Name: Orb of Gleams
Type: Quest
Undefined Fields: icon, level

File: Item_6064628793111281676.json
Item ID: 6064628793111281676
Item Name: Gilded Orb of Gleams
Type: Quest
Undefined Fields: icon, level

File: Item_6064628826886439072.json
Item ID: 6064628826886439072
Item Name: Djinn Gin
Type: Quest
Undefined Fields: level

File: Item_6064628854880010311.json
Item ID: 6064628854880010311
Item Name: "The Battle of Bloom"
Type: Quest
Undefined Fields: level

File: Item_6064628854948102224.json
Item ID: 6064628854948102224
Item Name: The Seal of Pain
Type: Quest
Undefined Fields: level

File: Item_6064628854961012817.json
Item ID: 6064628854961012817
Item Name: The Phylactery of Suffering
Type: Quest
Undefined Fields: level

File: Item_6064628854968352850.json
Item ID: 6064628854968352850
Item Name: The Phylactery of Torment
Type: Quest
Undefined Fields: level

File: Item_6064628854974447699.json
Item ID: 6064628854974447699
Item Name: The Phylactery of Sundering
Type: Quest
Undefined Fields: level

File: Item_6064628855655760027.json
Item ID: 6064628855655760027
Item Name: The Priestess and the Piper
Type: Quest
Undefined Fields: level

File: Item_6064628855688069276.json
Item ID: 6064628855688069276
Item Name: a music sheet
Type: Quest
Undefined Fields: level

File: Item_6064628860654452761.json
Item ID: 6064628860654452761
Item Name: an ornate key
Type: Quest
Undefined Fields: level

File: Item_6064628860742664233.json
Item ID: 6064628860742664233
Item Name: an ancient coin
Type: Quest
Undefined Fields: level

File: Item_6064628889710755851.json
Item ID: 6064628889710755851
Item Name: a captain's key
Type: Quest
Undefined Fields: level

File: Item_6064628933829591053.json
Item ID: 6064628933829591053
Item Name: Skutter Silvertooth's Teeth
Type: Quest
Undefined Fields: level

File: Item_6064628951496392758.json
Item ID: 6064628951496392758
Item Name: a property deed
Type: Quest
Undefined Fields: level

File: Item_6064628951514611768.json
Item ID: 6064628951514611768
Item Name: bog spit
Type: Quest
Undefined Fields: level

File: Item_6064628951535321145.json
Item ID: 6064628951535321145
Item Name: blight killer
Type: Quest
Undefined Fields: level

File: Item_6064628979313672200.json
Item ID: 6064628979313672200
Item Name: The Lover's Rose
Type: Quest
Undefined Fields: level

File: Item_6064628979321405449.json
Item ID: 6064628979321405449
Item Name: The Wife's Rose
Type: Quest
Undefined Fields: level

File: Item_6064629019251900430.json
Item ID: 6064629019251900430
Item Name: The Endless Chest
Type: Quest
Undefined Fields: level

File: Item_6064629059062202421.json
Item ID: 6064629059062202421
Item Name: The Mother of Maidens
Type: Quest
Undefined Fields: level

File: Item_6064629064745943063.json
Item ID: 6064629064745943063
Item Name: The Carna'Ultimo
Type: Quest
Undefined Fields: level

File: Item_6064629109597274198.json
Item ID: 6064629109597274198
Item Name: Travellers Notes
Type: Quest
Undefined Fields: level

File: Item_6064629126429016068.json
Item ID: 6064629126429016068
Item Name: obsidian gems
Type: Quest
Undefined Fields: level

File: Item_6064629131983388690.json
Item ID: 6064629131983388690
Item Name: Medal of Defense
Type: Quest
Undefined Fields: level

File: Item_6064629131994267667.json
Item ID: 6064629131994267667
Item Name: Medal of Faith
Type: Quest
Undefined Fields: level

File: Item_6064629131997741076.json
Item ID: 6064629131997741076
Item Name: Medal of Intellect
Type: Quest
Undefined Fields: level

File: Item_6064629131999969301.json
Item ID: 6064629131999969301
Item Name: Medal of Equitation
Type: Quest
Undefined Fields: level

File: Item_6064629137674338311.json
Item ID: 6064629137674338311
Item Name: Scourge
Type: Quest
Undefined Fields: level

File: Item_6064629138254200859.json
Item ID: 6064629138254200859
Item Name: Scourge
Type: Quest
Undefined Fields: level

File: Item_6064629172512817152.json
Item ID: 6064629172512817152
Item Name: QI_0009a_Bones
Type: Quest
Undefined Fields: level

File: Item_6064629172989460485.json
Item ID: 6064629172989460485
Item Name: QI_0009a_Rubbings
Type: Quest
Undefined Fields: level

File: Item_6064629285432197200.json
Item ID: 6064629285432197200
Item Name: Kyronic Shield
Type: Quest
Undefined Fields: level

File: Item_6064629364277379103.json
Item ID: 6064629364277379103
Item Name: Forward Displacer
Type: Quest
Undefined Fields: level

File: Item_6064629364304904224.json
Item ID: 6064629364304904224
Item Name: Reverse Displacer
Type: Quest
Undefined Fields: level

File: Item_6064629364309164065.json
Item ID: 6064629364309164065
Item Name: Initiator Dial
Type: Quest
Undefined Fields: level

File: Item_6064629364319715363.json
Item ID: 6064629364319715363
Item Name: Codex Key
Type: Quest
Undefined Fields: level

File: Item_6064629375983419498.json
Item ID: 6064629375983419498
Item Name: The Lamp of Malgus
Type: Quest
Undefined Fields: level

File: Item_6064629381492375587.json
Item ID: 6064629381492375587
Item Name: A Map
Type: Quest
Undefined Fields: level

File: Item_6064629381502468132.json
Item ID: 6064629381502468132
Item Name: Foci of Power
Type: Quest
Undefined Fields: level

File: Item_6064629386941169687.json
Item ID: 6064629386941169687
Item Name: Tinmyzer's Tome of Applied Magic & Mechanarcana
Type: Quest
Undefined Fields: level

File: Item_6064629386951589912.json
Item ID: 6064629386951589912
Item Name: The Kyronic Code of Mending Arts
Type: Quest
Undefined Fields: level

File: Item_6064629386955915289.json
Item ID: 6064629386955915289
Item Name: The Condensed Codex of Verran History
Type: Quest
Undefined Fields: level

File: Item_6064629444505501727.json
Item ID: 6064629444505501727
Item Name: a crude map
Type: Quest
Undefined Fields: level

File: Item_6064629444523655200.json
Item ID: 6064629444523655200
Item Name: sealed note
Type: Quest
Undefined Fields: level

File: Item_6064629466330431549.json
Item ID: 6064629466330431549
Item Name: Crown of Mungle
Type: Quest
Undefined Fields: level

File: Item_6064629568979730464.json
Item ID: 6064629568979730464
Item Name: a bloody bonnet
Type: Quest
Undefined Fields: level

File: Item_6064629569282965561.json
Item ID: 6064629569282965561
Item Name: A collection of bones
Type: Quest
Undefined Fields: level

File: Item_6064629575238287676.json
Item ID: 6064629575238287676
Item Name: Terrorogore Banner
Type: Quest
Undefined Fields: level

File: Item_6064629576693121037.json
Item ID: 6064629576693121037
Item Name: Lorne's Research Grant
Type: Quest
Undefined Fields: level

File: Item_6064629576770060302.json
Item ID: 6064629576770060302
Item Name: Inedible Meat Chunk
Type: Quest
Undefined Fields: level

File: Item_6064629576834285590.json
Item ID: 6064629576834285590
Item Name: Vial of extracted Herb Essence
Type: Quest
Undefined Fields: level

File: Item_6064629576843919383.json
Item ID: 6064629576843919383
Item Name: Vial of extracted Animal Essence
Type: Quest
Undefined Fields: level

File: Item_6064629620495810655.json
Item ID: 6064629620495810655
Item Name: QI_0009m_JaynasRecipe
Type: Quest
Undefined Fields: level

File: Item_6064629624929845250.json
Item ID: 6064629624929845250
Item Name: QI_0009m_SerumofLight
Type: Quest
Undefined Fields: level

File: Item_6064629624929910787.json
Item ID: 6064629624929910787
Item Name: QI_0009m_DropletofQuicksilver
Type: Quest
Undefined Fields: level

File: Item_6064629624930041860.json
Item ID: 6064629624930041860
Item Name: QI_0009m_BloodofaWitch
Type: Quest
Undefined Fields: level

File: Item_6064629625902989312.json
Item ID: 6064629625902989312
Item Name: QI_0009m_SoothsayersTincture
Type: Quest
Undefined Fields: level

File: Item_6064629642265296920.json
Item ID: 6064629642265296920
Item Name: Strand of Strength
Type: Quest
Undefined Fields: level

File: Item_6064629647447425030.json
Item ID: 6064629647447425030
Item Name: The Vuul'Vodex
Type: Quest
Undefined Fields: level

File: Item_6064629653236482054.json
Item ID: 6064629653236482054
Item Name: The Vuul'Vodex
Type: Quest
Undefined Fields: level

File: Item_6064629688443732338.json
Item ID: 6064629688443732338
Item Name: Forged Scrolls
Type: Quest
Undefined Fields: level

File: Item_6064629704156446720.json
Item ID: 6064629704156446720
Item Name: Essence Tracker
Type: Quest
Undefined Fields: level

File: Item_6064629721329827854.json
Item ID: 6064629721329827854
Item Name: an obituary
Type: Quest
Undefined Fields: level

File: Item_6064629721957400576.json
Item ID: 6064629721957400576
Item Name: Ashes of the Forgotten
Type: Quest
Undefined Fields: level

File: Item_6064629721991086081.json
Item ID: 6064629721991086081
Item Name: Ashes of Grim Hollow
Type: Quest
Undefined Fields: level

File: Item_6064629722008911874.json
Item ID: 6064629722008911874
Item Name: Ashes of First Flight
Type: Quest
Undefined Fields: level

File: Item_6064629722036895747.json
Item ID: 6064629722036895747
Item Name: Ashes of Lochspire
Type: Quest
Undefined Fields: level

File: Item_6064629731813752832.json
Item ID: 6064629731813752832
Item Name: Sergia's List
Type: Quest
Undefined Fields: level

File: Item_6064629840785702966.json
Item ID: 6064629840785702966
Item Name: Spore-Bearing Chunk
Type: Quest
Undefined Fields: level

File: Item_6064629851493367815.json
Item ID: 6064629851493367815
Item Name: an ancient key
Type: Quest
Undefined Fields: level

File: Item_6064629896840478720.json
Item ID: 6064629896840478720
Item Name: a note
Type: Quest
Undefined Fields: level

File: Item_6064629937306665072.json
Item ID: 6064629937306665072
Item Name: a gelatinous eye
Type: Quest
Undefined Fields: level

File: Item_6064629937331634289.json
Item ID: 6064629937331634289
Item Name: The Seal of Pain
Type: Quest
Undefined Fields: level

File: Item_6064629959846789203.json
Item ID: 6064629959846789203
Item Name: The Seal of Suffering
Type: Quest
Undefined Fields: level

File: Item_6064629959850655828.json
Item ID: 6064629959850655828
Item Name: The Seal of Sundering
Type: Quest
Undefined Fields: level

File: Item_6064629959857733717.json
Item ID: 6064629959857733717
Item Name: The Seal of Torment
Type: Quest
Undefined Fields: level

File: Item_6064629965571489863.json
Item ID: 6064629965571489863
Item Name: a tattered scroll
Type: Quest
Undefined Fields: level

File: Item_6064629965616447488.json
Item ID: 6064629965616447488
Item Name: Justopolis Wine
Type: Material
Undefined Fields: level

File: Item_6064630016163643394.json
Item ID: 6064630016163643394
Item Name: Bucktown Wine
Type: Material
Undefined Fields: level

File: Item_6064630016257228855.json
Item ID: 6064630016257228855
Item Name: a plunder key
Type: Quest
Undefined Fields: level

File: Item_6064630021735251968.json
Item ID: 6064630021735251968
Item Name: Justopolis Gravy
Type: Material
Undefined Fields: level

File: Item_6064630021735383041.json
Item ID: 6064630021735383041
Item Name: Bucktown Gravy
Type: Material
Undefined Fields: level

File: Item_6064630021735645186.json
Item ID: 6064630021735645186
Item Name: Justopolis Sauce
Type: Material
Undefined Fields: level

File: Item_6064630021735710723.json
Item ID: 6064630021735710723
Item Name: Bucktown Sauce
Type: Material
Undefined Fields: level

File: Item_6064630021735776260.json
Item ID: 6064630021735776260
Item Name: Justopolis Rope
Type: Material
Undefined Fields: level

File: Item_6064630021735841797.json
Item ID: 6064630021735841797
Item Name: Bucktown Rope
Type: Material
Undefined Fields: level

File: Item_6064630169027805260.json
Item ID: 6064630169027805260
Item Name: The Bull Ring
Type: Quest
Undefined Fields: level

File: Item_6064630197031403593.json
Item ID: 6064630197031403593
Item Name: The Bull Roarer
Type: Quest
Undefined Fields: level

File: Item_6064630198037905408.json
Item ID: 6064630198037905408
Item Name: Bandit Trap Components
Type: Quest
Undefined Fields: level

File: Item_6064630203210989568.json
Item ID: 6064630203210989568
Item Name: Geometric Manipulators
Type: Quest
Undefined Fields: level

File: Item_6064630203213021185.json
Item ID: 6064630203213021185
Item Name: Scintillating Sephillion Shard
Type: Quest
Undefined Fields: level

File: Item_6064630209374715966.json
Item ID: 6064630209374715966
Item Name: Old Paperwork
Type: Quest
Undefined Fields: level

File: Item_6064630326921068555.json
Item ID: 6064630326921068555
Item Name: a scorched scroll
Type: Quest
Undefined Fields: level

File: Item_6064630333517660242.json
Item ID: 6064630333517660242
Item Name: a swiftlet
Type: Quest
Undefined Fields: level

File: Item_6064630355594510347.json
Item ID: 6064630355594510347
Item Name: a sealed scroll
Type: Quest
Undefined Fields: level

File: Item_6064630366451990528.json
Item ID: 6064630366451990528
Item Name: Record of Ullorian the Lost
Type: Quest
Undefined Fields: level

File: Item_6064630366465359873.json
Item ID: 6064630366465359873
Item Name: a map of Briarmoor
Type: Quest
Undefined Fields: level

File: Item_6064630367056887858.json
Item ID: 6064630367056887858
Item Name: a sealed note
Type: Quest
Undefined Fields: level

File: Item_6064630407262175400.json
Item ID: 6064630407262175400
Item Name: Star of Ozu
Type: Quest
Undefined Fields: level

File: Item_6064630444676547582.json
Item ID: 6064630444676547582
Item Name: Goblin Correspondance
Type: Quest
Undefined Fields: level

File: Item_6064630475167957014.json
Item ID: 6064630475167957014
Item Name: Kaelar Mining Form
Type: Quest
Undefined Fields: level

File: Item_6064630475182833687.json
Item ID: 6064630475182833687
Item Name: thanacite mining pick
Type: Quest
Undefined Fields: level

File: Item_6064630475264426021.json
Item ID: 6064630475264426021
Item Name: The Daily Rush
Type: Quest
Undefined Fields: level

File: Item_6064630480592830510.json
Item ID: 6064630480592830510
Item Name: Thanacite License
Type: Quest
Undefined Fields: level

File: Item_6064630480614653999.json
Item ID: 6064630480614653999
Item Name: Thanasite Lisense
Type: Quest
Undefined Fields: level

File: Item_6064630486419570720.json
Item ID: 6064630486419570720
Item Name: a Minotaur Fossil
Type: Quest
Undefined Fields: level

File: Item_6064630594026669117.json
Item ID: 6064630594026669117
Item Name: The Fabulous Compactor
Type: Quest
Undefined Fields: level

File: Item_6064630594067956798.json
Item ID: 6064630594067956798
Item Name: The Penta-Glaive
Type: Quest
Undefined Fields: level

File: Item_6064630609867571200.json
Item ID: 6064630609867571200
Item Name: The Mermaids Lure
Type: Quest
Undefined Fields: level

File: Item_6064630613564981576.json
Item ID: 6064630613564981576
Item Name: Pack of Stolen Supplies
Type: Quest
Undefined Fields: level

File: Item_6064630614059385206.json
Item ID: 6064630614059385206
Item Name: Pair of Goblin Ears
Type: Quest
Undefined Fields: level

File: Item_6064630615550132239.json
Item ID: 6064630615550132239
Item Name: Musky Incense
Type: Quest
Undefined Fields: level

File: Item_6064630639305228288.json
Item ID: 6064630639305228288
Item Name: Honorific Bundle
Type: Quest
Undefined Fields: level

File: Item_6064630645517255300.json
Item ID: 6064630645517255300
Item Name: Fat Bearberry
Type: Quest
Undefined Fields: level

File: Item_6064630678666674860.json
Item ID: 6064630678666674860
Item Name: Shards of the Star Ward
Type: Quest
Undefined Fields: level

File: Item_6064630684296740892.json
Item ID: 6064630684296740892
Item Name: Thanacite Shard
Type: Quest
Undefined Fields: level

File: Item_6064630967500275744.json
Item ID: 6064630967500275744
Item Name: The Howling Oak
Type: Quest
Undefined Fields: level

File: Item_6064630967511089185.json
Item ID: 6064630967511089185
Item Name: Part of Arlo's Flute
Type: Quest
Undefined Fields: level

File: Item_6064630990418673680.json
Item ID: 6064630990418673680
Item Name: a Vanguard Gem
Type: Quest
Undefined Fields: level

File: Item_6064631000780242948.json
Item ID: 6064631000780242948
Item Name: A Wind Flute
Type: Quest
Undefined Fields: level

File: Item_6064631007023661072.json
Item ID: 6064631007023661072
Item Name: Caravan Tools
Type: Quest
Undefined Fields: level

File: Item_6064631007449317414.json
Item ID: 6064631007449317414
Item Name: A Rusty Key
Type: Quest
Undefined Fields: level

File: Item_6064631007518195754.json
Item ID: 6064631007518195754
Item Name: An Odd Crystal Shard
Type: Quest
Undefined Fields: level

File: Item_6064631081012101155.json
Item ID: 6064631081012101155
Item Name: TO: The Eye of the Needle
Type: Quest
Undefined Fields: level

File: Item_6064631081019899941.json
Item ID: 6064631081019899941
Item Name: TO: Candor's Kettle
Type: Quest
Undefined Fields: level

File: Item_6064631081022193702.json
Item ID: 6064631081022193702
Item Name: TO: The Royal Rockworks
Type: Quest
Undefined Fields: level

File: Item_6064631081025404967.json
Item ID: 6064631081025404967
Item Name: TO: Timberclaw Mill
Type: Quest
Undefined Fields: level

File: Item_6064631081127837749.json
Item ID: 6064631081127837749
Item Name: TO: Flame and Formula
Type: Quest
Undefined Fields: level

File: Item_6064631081130852406.json
Item ID: 6064631081130852406
Item Name: TO: Seven Stars Vineyard
Type: Quest
Undefined Fields: level

File: Item_6064631159636361221.json
Item ID: 6064631159636361221
Item Name: Reassembled Toy Soldier
Type: Quest
Undefined Fields: level

File: Item_6064631159955324935.json
Item ID: 6064631159955324935
Item Name: Toy Soldier Head
Type: Quest
Undefined Fields: level

File: Item_6064631159992549388.json
Item ID: 6064631159992549388
Item Name: Toy Soldier Arms
Type: Quest
Undefined Fields: level

File: Item_6064631159997988877.json
Item ID: 6064631159997988877
Item Name: Toy Soldier Torso
Type: Quest
Undefined Fields: level

File: Item_6064631160000872462.json
Item ID: 6064631160000872462
Item Name: Toy Soldier Legs
Type: Quest
Undefined Fields: level

File: Item_6064631160017125391.json
Item ID: 6064631160017125391
Item Name: A Marred Message
Type: Quest
Undefined Fields: level

File: Item_6064631188481441802.json
Item ID: 6064631188481441802
Item Name: TO: Thornmarch Tower
Type: Quest
Undefined Fields: level

File: Item_6064631188653211689.json
Item ID: 6064631188653211689
Item Name: TO: Briarmoor Estates
Type: Quest
Undefined Fields: level

File: Item_6064631188659896362.json
Item ID: 6064631188659896362
Item Name: TO: Nerimeda Crossing
Type: Quest
Undefined Fields: level

File: Item_6064631188663894059.json
Item ID: 6064631188663894059
Item Name: TO: Monolith Grove
Type: Quest
Undefined Fields: level

File: Item_6064631188680015919.json
Item ID: 6064631188680015919
Item Name: TO: Carphin Expedition
Type: Quest
Undefined Fields: level

File: Item_6064631188684341296.json
Item ID: 6064631188684341296
Item Name: TO: The Green Scarab
Type: Quest
Undefined Fields: level

File: Item_6064631312281960456.json
Item ID: 6064631312281960456
Item Name: Stone Cyclops Eye
Type: Quest
Undefined Fields: level

File: Item_6064631312296968201.json
Item ID: 6064631312296968201
Item Name: Stone Cyclops Eye
Type: Quest
Undefined Fields: level

File: Item_6064631363391193157.json
Item ID: 6064631363391193157
Item Name: Tower Guard Payroll
Type: Quest
Undefined Fields: level

File: Item_6064631363406004295.json
Item ID: 6064631363406004295
Item Name: Briarmoor Taxes
Type: Quest
Undefined Fields: level

File: Item_6064631363889528909.json
Item ID: 6064631363889528909
Item Name: The Bellsong Code
Type: Quest
Undefined Fields: level

File: Item_6064631386832896040.json
Item ID: 6064631386832896040
Item Name: Whole Sapnuts
Type: Quest
Undefined Fields: level

File: Item_6064631470686928896.json
Item ID: 6064631470686928896
Item Name: Olekspar
Type: Quest
Undefined Fields: level

File: Item_6064631504639492099.json
Item ID: 6064631504639492099
Item Name: Poorly Written Note
Type: Quest
Undefined Fields: level

File: Item_6064631505173807255.json
Item ID: 6064631505173807255
Item Name: Ship's Log
Type: Quest
Undefined Fields: level

File: Item_6064631516804153344.json
Item ID: 6064631516804153344
Item Name: Canine Collar
Type: Quest
Undefined Fields: level

File: Item_6064631521224622096.json
Item ID: 6064631521224622096
Item Name: Head of Karnoor
Type: Quest
Undefined Fields: level

File: Item_6064631590423953487.json
Item ID: 6064631590423953487
Item Name: Imbued Rividium
Type: Quest
Undefined Fields: level

File: Item_6064631635520978944.json
Item ID: 6064631635520978944
Item Name: Raven's Bloody Eye
Type: Quest
Undefined Fields: level

File: Item_6064631635546013697.json
Item ID: 6064631635546013697
Item Name: Damp Note
Type: Quest
Undefined Fields: level

File: Item_6064631635641696258.json
Item ID: 6064631635641696258
Item Name: Enchanted Vessel Sherd
Type: Quest
Undefined Fields: level

File: Item_6064631641241944084.json
Item ID: 6064631641241944084
Item Name: Frayed Root
Type: Quest
Undefined Fields: level

File: Item_6064631664598122496.json
Item ID: 6064631664598122496
Item Name: Torn Challenge Petition Piece
Type: Misc
Undefined Fields: level

File: Item_6064631680475398180.json
Item ID: 6064631680475398180
Item Name: Shackled Prisoner Arm
Type: Quest
Undefined Fields: level

File: Item_6064631680493879333.json
Item ID: 6064631680493879333
Item Name: Prisoner Manifest
Type: Quest
Undefined Fields: level

File: Item_6064631680504692774.json
Item ID: 6064631680504692774
Item Name: Tattered Note
Type: Quest
Undefined Fields: level

File: Item_6064631680759103574.json
Item ID: 6064631680759103574
Item Name: Bandit Note
Type: Quest
Undefined Fields: level

File: Item_6064631703282188594.json
Item ID: 6064631703282188594
Item Name: Splint's Vest
Type: Quest
Undefined Fields: level

File: Item_6064631703293198643.json
Item ID: 6064631703293198643
Item Name: Splint's Bar
Type: Quest
Undefined Fields: level

File: Item_6064631703299621172.json
Item ID: 6064631703299621172
Item Name: Splint's Rope
Type: Quest
Undefined Fields: level

File: Item_6064631703329898806.json
Item ID: 6064631703329898806
Item Name: Splint's Pouch
Type: Quest
Undefined Fields: level

File: Item_6064631709425860724.json
Item ID: 6064631709425860724
Item Name: Deserter Insignia
Type: Quest
Undefined Fields: level

File: Item_6064631719986528372.json
Item ID: 6064631719986528372
Item Name: Ripped Page 1
Type: Quest
Undefined Fields: level

File: Item_6064631720005468277.json
Item ID: 6064631720005468277
Item Name: Worn Binder
Type: Quest
Undefined Fields: level

File: Item_6064631720014250102.json
Item ID: 6064631720014250102
Item Name: Minotaur Hide Word
Type: Quest
Undefined Fields: level

File: Item_6064631720381710468.json
Item ID: 6064631720381710468
Item Name: Research Log
Type: Quest
Undefined Fields: level

File: Item_6064631726066040856.json
Item ID: 6064631726066040856
Item Name: Ripped Page 2
Type: Quest
Undefined Fields: level

File: Item_6064631726067286041.json
Item ID: 6064631726067286041
Item Name: Ripped Page 3
Type: Quest
Undefined Fields: level

File: Item_6064631726068662298.json
Item ID: 6064631726068662298
Item Name: Ripped Page 4
Type: Quest
Undefined Fields: level

File: Item_6064631746144239636.json
Item ID: 6064631746144239636
Item Name: Salvaged Medical Supplies
Type: Quest
Undefined Fields: level

File: Item_6064631746208202780.json
Item ID: 6064631746208202780
Item Name: Salvaged Scrap
Type: Quest
Undefined Fields: level

File: Item_6064631755179360683.json
Item ID: 6064631755179360683
Item Name: Lantern Lamp
Type: Quest
Undefined Fields: level

File: Item_6064631759313043456.json
Item ID: 6064631759313043456
Item Name: Old Spyglass
Type: Quest
Undefined Fields: level

File: Item_6064631759313436674.json
Item ID: 6064631759313436674
Item Name: Ship's Chart
Type: Quest
Undefined Fields: level

File: Item_6064631793562092141.json
Item ID: 6064631793562092141
Item Name: Glimmering Ash
Type: Quest
Undefined Fields: level

File: Item_6064631804848243285.json
Item ID: 6064631804848243285
Item Name: The Oubliette
Type: Quest
Undefined Fields: level

File: Item_6064631874613608856.json
Item ID: 6064631874613608856
Item Name: Seeds of Prosperity
Type: Quest
Undefined Fields: level

File: Item_6064631874615771545.json
Item ID: 6064631874615771545
Item Name: Tillerman's Watchful Eye
Type: Quest
Undefined Fields: level

File: Item_6064631874616033690.json
Item ID: 6064631874616033690
Item Name: Salt of the Land
Type: Quest
Undefined Fields: level

File: Item_6064631884259917859.json
Item ID: 6064631884259917859
Item Name: Strange Key
Type: Quest
Undefined Fields: level

File: Item_6064631885164380170.json
Item ID: 6064631885164380170
Item Name: Jagged Gravestone Rubble
Type: Quest
Undefined Fields: level

File: Item_6064631885196361747.json
Item ID: 6064631885196361747
Item Name: Smooth Gravestone Rubble
Type: Quest
Undefined Fields: level

File: Item_6064631885197213716.json
Item ID: 6064631885197213716
Item Name: Fractured Gravestone Rubble
Type: Quest
Undefined Fields: level

File: Item_6064631907500752896.json
Item ID: 6064631907500752896
Item Name: Fate of the Blade Quest Bible
Type: Quest
Undefined Fields: level

File: Item_6064631981434142720.json
Item ID: 6064631981434142720
Item Name: The Most Amazing Thing
Type: Misc
Undefined Fields: level

File: Item_6064632037328879644.json
Item ID: 6064632037328879644
Item Name: The Orb of Ultimate Essence
Type: Quest
Undefined Fields: level

File: Item_6064632055326441482.json
Item ID: 6064632055326441482
Item Name: Letter of Introduction
Type: Quest
Undefined Fields: level

File: Item_6064632055679811591.json
Item ID: 6064632055679811591
Item Name: Unsigned Aid Permit
Type: Quest
Undefined Fields: level

File: Item_6064632055718871051.json
Item ID: 6064632055718871051
Item Name: Signed Sponsorship Papers
Type: Quest
Undefined Fields: level

File: Item_6064632066354577469.json
Item ID: 6064632066354577469
Item Name: Dusty Old Tome
Type: Quest
Undefined Fields: level

File: Item_6064632111719972875.json
Item ID: 6064632111719972875
Item Name: Gateway Medallion
Type: Quest
Undefined Fields: level

File: ItemRecord_108803826669176.json
Item ID: 108803826669176
Item Name: Stonebeak Feather
Type: Quest
Undefined Fields: subType, level, grade, enchantmentId, deconstructionRecipeId

File: ItemRecord_109065612187335.json
Item ID: 109065612187335
Item Name: The Enemy Within
Type: Quest
Undefined Fields: subType, level, enchantmentId, deconstructionRecipeId

File: ItemRecord_109071524124368.json
Item ID: 109071524124368
Item Name: Rattleskull Key
Type: Quest
Undefined Fields: subType, level, grade, enchantmentId, deconstructionRecipeId

File: ItemRecord_109081703306872.json
Item ID: 109081703306872
Item Name: Book of Avenmoor
Type: Quest
Undefined Fields: deconstructionRecipeId

File: ItemRecord_109081759929978.json
Item ID: 109081759929978
Item Name: Quill of TyTivillus
Type: Quest
Undefined Fields: deconstructionRecipeId

File: ItemRecord_109162169652921.json
Item ID: 109162169652921
Item Name: Ash Seed
Type: Material
Undefined Fields: deconstructionRecipeId

File: ItemRecord_109162169652922.json
Item ID: 109162169652922
Item Name: Oak Seed
Type: Material
Undefined Fields: deconstructionRecipeId

File: ItemRecord_109162192590531.json
Item ID: 109162192590531
Item Name: Kindling
Type: Material
Undefined Fields: deconstructionRecipeId

File: ItemRecord_109189739730552.json
Item ID: 109189739730552
Item Name: Trade Dues
Type: Quest
Undefined Fields: subType, icon, level, grade, enchantmentId, deconstructionRecipeId

File: ItemRecord_109189739730553.json
Item ID: 109189739730553
Item Name: Branding Iron
Type: Quest
Undefined Fields: subType, icon, level, grade, enchantmentId, deconstructionRecipeId

File: ItemRecord_109189739730554.json
Item ID: 109189739730554
Item Name: Branding Iron
Type: Quest
Undefined Fields: subType, icon, level, grade, enchantmentId, deconstructionRecipeId

File: ItemRecord_109189739730555.json
Item ID: 109189739730555
Item Name: Secret Note
Type: Quest
Undefined Fields: subType, icon, level, grade, enchantmentId, deconstructionRecipeId

File: ItemRecord_109189739730556.json
Item ID: 109189739730556
Item Name: Bloody Note
Type: Quest
Undefined Fields: subType, icon, level, grade, enchantmentId, deconstructionRecipeId

File: ItemRecord_109189739730557.json
Item ID: 109189739730557
Item Name: Ensemble Flute
Type: Quest
Undefined Fields: subType, icon, level, grade, enchantmentId, deconstructionRecipeId

File: ItemRecord_109189739730558.json
Item ID: 109189739730558
Item Name: Jailor Key
Type: Quest
Undefined Fields: subType, icon, level, grade, enchantmentId, deconstructionRecipeId

File: ItemRecord_109189739730559.json
Item ID: 109189739730559
Item Name: Magic Journal
Type: Quest
Undefined Fields: subType, icon, level, grade, enchantmentId, deconstructionRecipeId

File: ItemRecord_109189739730560.json
Item ID: 109189739730560
Item Name: Chant of Undeath
Type: Quest
Undefined Fields: subType, icon, level, grade, enchantmentId, deconstructionRecipeId

File: ItemRecord_109189739730561.json
Item ID: 109189739730561
Item Name: Coded Note
Type: Quest
Undefined Fields: subType, icon, level, grade, enchantmentId, deconstructionRecipeId

File: ItemRecord_109189739730562.json
Item ID: 109189739730562
Item Name: Decoded Note
Type: Quest
Undefined Fields: subType, icon, level, grade, enchantmentId, deconstructionRecipeId

File: ItemRecord_109189739730563.json
Item ID: 109189739730563
Item Name: Quill of TyTivillus
Type: Quest
Undefined Fields: level, enchantmentId, deconstructionRecipeId

File: ItemRecord_109189739730564.json
Item ID: 109189739730564
Item Name: Pyrian Chest Key
Type: Quest
Undefined Fields: subType, icon, level, grade, enchantmentId, deconstructionRecipeId

File: ItemRecord_109189739730565.json
Item ID: 109189739730565
Item Name: Map of Riverlands
Type: Quest
Undefined Fields: subType, level, enchantmentId, deconstructionRecipeId

File: ItemRecord_109189739730566.json
Item ID: 109189739730566
Item Name: Map of Ancient Riverlands
Type: Quest
Undefined Fields: subType, icon, level, grade, enchantmentId, deconstructionRecipeId

File: ItemRecord_109189739730567.json
Item ID: 109189739730567
Item Name: Wagon Door Key
Type: Quest
Undefined Fields: subType, icon, level, grade, enchantmentId, deconstructionRecipeId

File: ItemRecord_109189739730568.json
Item ID: 109189739730568
Item Name: Athenaeum of Ra'Pha
Type: Quest
Undefined Fields: subType, level, enchantmentId, deconstructionRecipeId

File: ItemRecord_109189739796105.json
Item ID: 109189739796105
Item Name: Ancient Aela Book
Type: Equipment
Undefined Fields: subType, icon, level, grade, enchantmentId, deconstructionRecipeId

File: ItemRecord_109190101816970.json
Item ID: 109190101816970
Item Name: Highwaymen Handbill
Type: Quest
Undefined Fields: subType, icon, level, grade, enchantmentId, deconstructionRecipeId

File: ItemRecord_109190101816971.json
Item ID: 109190101816971
Item Name: Aelan Trinket
Type: Quest
Undefined Fields: subType, icon, level, grade, enchantmentId, deconstructionRecipeId

File: ItemRecord_109223620531885.json
Item ID: 109223620531885
Item Name: Ornate Key
Type: Equipment
Undefined Fields: subType, icon, level, grade, enchantmentId, deconstructionRecipeId

File: ItemRecord_109229753194172.json
Item ID: 109229753194172
Item Name: Baaltop Toadstool
Type: Quest
Undefined Fields: subType, level, grade, enchantmentId, deconstructionRecipeId

File: ItemRecord_6064628782342799377.json
Item ID: 6064628782342799377
Item Name: Carlotta's Eyes
Type: Quest
Undefined Fields: subType, icon, level, grade, enchantmentId, deconstructionRecipeId

File: ItemRecord_6064628854864347206.json
Item ID: 6064628854864347206
Item Name: a tattered scroll
Type: Quest
Undefined Fields: level, enchantmentId, deconstructionRecipeId

File: ItemRecord_6064628855359012999.json
Item ID: 6064628855359012999
Item Name: Goblin Totem
Type: Quest
Undefined Fields: subType, level, enchantmentId, deconstructionRecipeId

File: ItemRecord_6064628860386213888.json
Item ID: 6064628860386213888
Item Name: Bony Necklace
Type: Equipment
Undefined Fields: subType, level, enchantmentId, deconstructionRecipeId

File: ItemRecord_6064628860580528151.json
Item ID: 6064628860580528151
Item Name: a rusty metal box
Type: Quest
Undefined Fields: subType, level, enchantmentId, deconstructionRecipeId

File: ItemRecord_6064628865896677376.json
Item ID: 6064628865896677376
Item Name: Eye of Karratas
Type: Quest
Undefined Fields: subType, level, grade, enchantmentId, deconstructionRecipeId

File: ItemRecord_6064628906421714994.json
Item ID: 6064628906421714994
Item Name: a property deed
Type: Quest
Undefined Fields: subType, level, grade, enchantmentId, deconstructionRecipeId

File: ItemRecord_6064628951501635639.json
Item ID: 6064628951501635639
Item Name: tharibloom petal
Type: Quest
Undefined Fields: subType, level, grade, enchantmentId, deconstructionRecipeId

File: ItemRecord_6064629019232567309.json
Item ID: 6064629019232567309
Item Name: a map
Type: Quest
Undefined Fields: subType, level, enchantmentId, deconstructionRecipeId

File: ItemRecord_6064629024970244127.json
Item ID: 6064629024970244127
Item Name: The Idol of Ozok
Type: Equipment
Undefined Fields: subType, level, grade, enchantmentId, deconstructionRecipeId

File: Item_107048815515256.json
Item ID: 107048815515256
Item Name: Test Item
Type: Equipment
Undefined Fields: subType, level, grade, enchantmentId, deconstructionRecipeId

File: Item_107841931138689.json
Item ID: 107841931138689
Item Name: Knife (Off Hand)
Type: Equipment
Undefined Fields: level, enchantmentId, deconstructionRecipeId

File: Item_107955466884754.json
Item ID: 107955466884754
Item Name: Pristine Essence Core
Type: Material
Undefined Fields: subType, level, grade, enchantmentId, deconstructionRecipeId

File: Item_107955479598739.json
Item ID: 107955479598739
Item Name: Fool's Gold
Type: Material
Undefined Fields: subType, level, grade, enchantmentId, deconstructionRecipeId

File: Item_108166638950009.json
Item ID: 108166638950009
Item Name: Knife (Main Hand) (Alternate)
Type: Equipment
Undefined Fields: deconstructionRecipeId

File: Item_108198164321913.json
Item ID: 108198164321913
Item Name: Kaelar Chair
Type: Consumable
Undefined Fields: subType, level, grade, enchantmentId, deconstructionRecipeId

File: Item_108271617660537.json
Item ID: 108271617660537
Item Name: Knife (Main Hand)
Type: Equipment
Undefined Fields: level, enchantmentId, deconstructionRecipeId

File: Item_108430238307962.json
Item ID: 108430238307962
Item Name: Vuul'Vodekka
Type: Quest
Undefined Fields: subType, level, enchantmentId, deconstructionRecipeId

File: Item_108471151384201.json
Item ID: 108471151384201
Item Name: Old Gladiator Bones
Type: Quest
Undefined Fields: subType, level, grade, enchantmentId, deconstructionRecipeId

File: Item_108471181858446.json
Item ID: 108471181858446
Item Name: Darkbriar Gem
Type: Quest
Undefined Fields: subType, level, grade, enchantmentId, deconstructionRecipeId

File: Item_108471208924819.json
Item ID: 108471208924819
Item Name: The Anchor of Vuul
Type: Quest
Undefined Fields: subType, icon, level, grade, enchantmentId, deconstructionRecipeId

File: Item_108471283111579.json
Item ID: 108471283111579
Item Name: Harbinger Seed
Type: Quest
Undefined Fields: subType, level, grade, enchantmentId, deconstructionRecipeId

File: Item_108481735054968.json
Item ID: 108481735054968
Item Name: Bloodbloom Vase
Type: Quest
Undefined Fields: subType, level, grade, enchantmentId, deconstructionRecipeId

File: Item_108481742460537.json
Item ID: 108481742460537
Item Name: Cursed Chest
Type: Quest
Undefined Fields: subType, level, grade, enchantmentId, deconstructionRecipeId

File: Item_108481744623226.json
Item ID: 108481744623226
Item Name: Cursed Torroxian Skull
Type: Quest
Undefined Fields: subType, level, grade, enchantmentId, deconstructionRecipeId

File: Item_108481766905468.json
Item ID: 108481766905468
Item Name: Cursed Statue
Type: Quest
Undefined Fields: subType, level, grade, enchantmentId, deconstructionRecipeId

File: Item_108481778177661.json
Item ID: 108481778177661
Item Name: Cursed Staff
Type: Quest
Undefined Fields: subType, level, enchantmentId, deconstructionRecipeId

File: Item_108515122370184.json
Item ID: 108515122370184
Item Name: Bloodbloom Vase
Type: Quest
Undefined Fields: subType, level, grade, enchantmentId, deconstructionRecipeId

File: Item_108515135870601.json
Item ID: 108515135870601
Item Name: A Lyndra Bloom in a Vase
Type: Quest
Undefined Fields: subType, level, grade, enchantmentId, deconstructionRecipeId

File: Item_108550313367223.json
Item ID: 108550313367223
Item Name: Darkbriar Oubliette
Type: Quest
Undefined Fields: subType, level, grade, enchantmentId, deconstructionRecipeId

File: Item_108555073050235.json
Item ID: 108555073050235
Item Name: The Mask of Khu'Zhu
Type: Quest
Undefined Fields: subType, level, grade, enchantmentId, deconstructionRecipeId

File: Item_108561429845640.json
Item ID: 108561429845640
Item Name: A Silver Key
Type: Quest
Undefined Fields: subType, level, grade, enchantmentId, deconstructionRecipeId

File: Item_108561436595849.json
Item ID: 108561436595849
Item Name: Fragments of a Cursed Chest
Type: Quest
Undefined Fields: subType, level, grade, enchantmentId, deconstructionRecipeId

File: Item_108600351348367.json
Item ID: 108600351348367
Item Name: Acid Web Strand
Type: Quest
Undefined Fields: subType, level, grade, enchantmentId, deconstructionRecipeId

File: Item_108600360785552.json
Item ID: 108600360785552
Item Name: Vial of Kirin Blood
Type: Quest
Undefined Fields: subType, level, grade, enchantmentId, deconstructionRecipeId

File: Item_108600364848785.json
Item ID: 108600364848785
Item Name: Eye of  Dredgehorn
Type: Quest
Undefined Fields: subType, level, grade, enchantmentId, deconstructionRecipeId

File: Item_108600369698450.json
Item ID: 108600369698450
Item Name: Bottle of Last Breath
Type: Quest
Undefined Fields: subType, level, grade, enchantmentId, deconstructionRecipeId

File: Item_108611983988362.json
Item ID: 108611983988362
Item Name: Trimenium Angle
Type: Quest
Undefined Fields: subType, level, grade, enchantmentId, deconstructionRecipeId

File: Item_108651701622393.json
Item ID: 108651701622393
Item Name: Shortbow
Type: Equipment
Undefined Fields: deconstructionRecipeId

File: Item_108674790086267.json
Item ID: 108674790086267
Item Name: Longbow
Type: Equipment
Undefined Fields: deconstructionRecipeId

File: Item_108798559147645.json
Item ID: 108798559147645
Item Name: Torroxian Skull
Type: Quest
Undefined Fields: subType, level, grade, enchantmentId, deconstructionRecipeId

File: Item_109076817270398.json
Item ID: 109076817270398
Item Name: Foul Cyst
Type: Material
Undefined Fields: subType, level, grade, enchantmentId, deconstructionRecipeId

File: Item_109081725589113.json
Item ID: 109081725589113
Item Name: Nakt fo Hetnu
Type: Quest
Undefined Fields: subType, level, grade, enchantmentId, deconstructionRecipeId

File: Item_109088443618950.json
Item ID: 109088443618950
Item Name: Bloody note
Type: Quest
Undefined Fields: subType, level, grade, enchantmentId, deconstructionRecipeId

File: Item_109116179764856.json
Item ID: 109116179764856
Item Name: Trade Dues
Type: Quest
Undefined Fields: subType, level, grade, enchantmentId, deconstructionRecipeId

File: Item_109116187432569.json
Item ID: 109116187432569
Item Name: Trade Dues
Type: Quest
Undefined Fields: subType, level, grade, enchantmentId, deconstructionRecipeId

File: Item_109116190185082.json
Item ID: 109116190185082
Item Name: Trade Dues
Type: Quest
Undefined Fields: subType, level, grade, enchantmentId, deconstructionRecipeId

File: Item_109120971888248.json
Item ID: 109120971888248
Item Name: The Enemy Within
Type: Quest
Undefined Fields: deconstructionRecipeId

File: Item_109120983291513.json
Item ID: 109120983291513
Item Name: Ensemble Flute Mk 1
Type: Quest
Undefined Fields: subType, level, grade, enchantmentId, deconstructionRecipeId

File: Item_109224004310742.json
Item ID: 109224004310742
Item Name: Bandit Insignia
Type: Material
Undefined Fields: subType, level, grade, enchantmentId, deconstructionRecipeId

File: Item_109224018597592.json
Item ID: 109224018597592
Item Name: Recovered Munitions
Type: Material
Undefined Fields: subType, level, grade, enchantmentId, deconstructionRecipeId

File: Item_109228565157496.json
Item ID: 109228565157496
Item Name: Greatstaff
Type: Equipment
Undefined Fields: deconstructionRecipeId

File: Item_109229770495677.json
Item ID: 109229770495677
Item Name: Rotten Swine Meat
Type: Quest
Undefined Fields: subType, level, grade, enchantmentId, deconstructionRecipeId

File: Item_109269738149498.json
Item ID: 109269738149498
Item Name: Sprig of Feldblossom
Type: Material
Undefined Fields: subType, level, grade, enchantmentId, deconstructionRecipeId

File: Item_109313917146763.json
Item ID: 109313917146763
Item Name: Ursonis Mortis Poison
Type: Quest
Undefined Fields: subType, level, grade, enchantmentId, deconstructionRecipeId

File: Item_109358883755642.json
Item ID: 109358883755642
Item Name: Head of Orrik Blackwood
Type: Quest
Undefined Fields: subType, level, grade, enchantmentId, deconstructionRecipeId

File: Item_6064628583103266825.json
Item ID: 6064628583103266825
Item Name: Raven Rose
Type: Quest
Undefined Fields: subType, level, grade, enchantmentId, deconstructionRecipeId

File: Item_6064628753953390592.json
Item ID: 6064628753953390592
Item Name: Certificate_Glint_T1
Type: Material
Undefined Fields: deconstructionRecipeId

File: Item_6064628793109446667.json
Item ID: 6064628793109446667
Item Name: Orb of Gleams
Type: Quest
Undefined Fields: subType, icon, level, grade, enchantmentId, deconstructionRecipeId

File: Item_6064628793111281676.json
Item ID: 6064628793111281676
Item Name: Gilded Orb of Gleams
Type: Quest
Undefined Fields: subType, icon, level, grade, enchantmentId, deconstructionRecipeId

File: Item_6064628826886439072.json
Item ID: 6064628826886439072
Item Name: Djinn Gin
Type: Quest
Undefined Fields: subType, level, grade, enchantmentId, deconstructionRecipeId

File: Item_6064628854880010311.json
Item ID: 6064628854880010311
Item Name: "The Battle of Bloom"
Type: Quest
Undefined Fields: level, enchantmentId, deconstructionRecipeId

File: Item_6064628854948102224.json
Item ID: 6064628854948102224
Item Name: The Seal of Pain
Type: Quest
Undefined Fields: level, enchantmentId, deconstructionRecipeId

File: Item_6064628854961012817.json
Item ID: 6064628854961012817
Item Name: The Phylactery of Suffering
Type: Quest
Undefined Fields: subType, level, enchantmentId, deconstructionRecipeId

File: Item_6064628854968352850.json
Item ID: 6064628854968352850
Item Name: The Phylactery of Torment
Type: Quest
Undefined Fields: subType, level, grade, enchantmentId, deconstructionRecipeId

File: Item_6064628854974447699.json
Item ID: 6064628854974447699
Item Name: The Phylactery of Sundering
Type: Quest
Undefined Fields: subType, level, enchantmentId, deconstructionRecipeId

File: Item_6064628855655760027.json
Item ID: 6064628855655760027
Item Name: The Priestess and the Piper
Type: Quest
Undefined Fields: level, enchantmentId, deconstructionRecipeId

File: Item_6064628855688069276.json
Item ID: 6064628855688069276
Item Name: a music sheet
Type: Quest
Undefined Fields: level, enchantmentId, deconstructionRecipeId

File: Item_6064628860654452761.json
Item ID: 6064628860654452761
Item Name: an ornate key
Type: Quest
Undefined Fields: subType, level, enchantmentId, deconstructionRecipeId

File: Item_6064628860742664233.json
Item ID: 6064628860742664233
Item Name: an ancient coin
Type: Quest
Undefined Fields: level, enchantmentId, deconstructionRecipeId

File: Item_6064628889710755851.json
Item ID: 6064628889710755851
Item Name: a captain's key
Type: Quest
Undefined Fields: subType, level, enchantmentId, deconstructionRecipeId

File: Item_6064628933829591053.json
Item ID: 6064628933829591053
Item Name: Skutter Silvertooth's Teeth
Type: Quest
Undefined Fields: subType, level, grade, enchantmentId, deconstructionRecipeId

File: Item_6064628951496392758.json
Item ID: 6064628951496392758
Item Name: a property deed
Type: Quest
Undefined Fields: subType, level, grade, enchantmentId, deconstructionRecipeId

File: Item_6064628951514611768.json
Item ID: 6064628951514611768
Item Name: bog spit
Type: Quest
Undefined Fields: subType, level, grade, enchantmentId, deconstructionRecipeId

File: Item_6064628951535321145.json
Item ID: 6064628951535321145
Item Name: blight killer
Type: Quest
Undefined Fields: subType, level, grade, enchantmentId, deconstructionRecipeId

File: Item_6064628979313672200.json
Item ID: 6064628979313672200
Item Name: The Lover's Rose
Type: Quest
Undefined Fields: subType, level, grade, enchantmentId, deconstructionRecipeId

File: Item_6064628979321405449.json
Item ID: 6064628979321405449
Item Name: The Wife's Rose
Type: Quest
Undefined Fields: subType, level, grade, enchantmentId, deconstructionRecipeId

File: Item_6064629019251900430.json
Item ID: 6064629019251900430
Item Name: The Endless Chest
Type: Quest
Undefined Fields: subType, level, enchantmentId, deconstructionRecipeId

File: Item_6064629024986693664.json
Item ID: 6064629024986693664
Item Name: The Idol of Krux
Type: Equipment
Undefined Fields: subType, level, grade, enchantmentId, deconstructionRecipeId

File: Item_6064629024988200993.json
Item ID: 6064629024988200993
Item Name: The Idol of Ubok
Type: Equipment
Undefined Fields: subType, level, grade, enchantmentId, deconstructionRecipeId

File: Item_6064629025932312675.json
Item ID: 6064629025932312675
Item Name: Aryn's Journal
Type: Equipment
Undefined Fields: subType, level, enchantmentId, deconstructionRecipeId

File: Item_6064629059062202421.json
Item ID: 6064629059062202421
Item Name: The Mother of Maidens
Type: Quest
Undefined Fields: subType, level, grade, enchantmentId, deconstructionRecipeId

File: Item_6064629064745943063.json
Item ID: 6064629064745943063
Item Name: The Carna'Ultimo
Type: Quest
Undefined Fields: subType, level, enchantmentId, deconstructionRecipeId

File: Item_6064629109597274198.json
Item ID: 6064629109597274198
Item Name: Travellers Notes
Type: Quest
Undefined Fields: subType, level, enchantmentId, deconstructionRecipeId

File: Item_6064629126429016068.json
Item ID: 6064629126429016068
Item Name: obsidian gems
Type: Quest
Undefined Fields: subType, level, enchantmentId, deconstructionRecipeId

File: Item_6064629131983388690.json
Item ID: 6064629131983388690
Item Name: Medal of Defense
Type: Quest
Undefined Fields: subType, level, enchantmentId, deconstructionRecipeId

File: Item_6064629131994267667.json
Item ID: 6064629131994267667
Item Name: Medal of Faith
Type: Quest
Undefined Fields: subType, level, enchantmentId, deconstructionRecipeId

File: Item_6064629131997741076.json
Item ID: 6064629131997741076
Item Name: Medal of Intellect
Type: Quest
Undefined Fields: subType, level, enchantmentId, deconstructionRecipeId

File: Item_6064629131999969301.json
Item ID: 6064629131999969301
Item Name: Medal of Equitation
Type: Quest
Undefined Fields: subType, level, enchantmentId, deconstructionRecipeId

File: Item_6064629137674338311.json
Item ID: 6064629137674338311
Item Name: Scourge
Type: Quest
Undefined Fields: subType, level, enchantmentId, deconstructionRecipeId

File: Item_6064629138254200859.json
Item ID: 6064629138254200859
Item Name: Scourge
Type: Quest
Undefined Fields: subType, level, enchantmentId, deconstructionRecipeId

File: Item_6064629147780775936.json
Item ID: 6064629147780775936
Item Name: Certificate_Glint_T2
Type: Material
Undefined Fields: deconstructionRecipeId

File: Item_6064629149383393280.json
Item ID: 6064629149383393280
Item Name: Certificate_Glint_T3
Type: Material
Undefined Fields: deconstructionRecipeId

File: Item_6064629172512817152.json
Item ID: 6064629172512817152
Item Name: QI_0009a_Bones
Type: Quest
Undefined Fields: subType, level, enchantmentId, deconstructionRecipeId

File: Item_6064629172989460485.json
Item ID: 6064629172989460485
Item Name: QI_0009a_Rubbings
Type: Quest
Undefined Fields: subType, level, enchantmentId, deconstructionRecipeId

File: Item_6064629252092264452.json
Item ID: 6064629252092264452
Item Name: Western Larch Seed
Type: Material
Undefined Fields: deconstructionRecipeId

File: Item_6064629252098949126.json
Item ID: 6064629252098949126
Item Name: Eastern Hemlock Seed
Type: Material
Undefined Fields: deconstructionRecipeId

File: Item_6064629285432197200.json
Item ID: 6064629285432197200
Item Name: Kyronic Shield
Type: Quest
Undefined Fields: level, enchantmentId, deconstructionRecipeId

File: Item_6064629286801965307.json
Item ID: 6064629286801965307
Item Name: Standard Tools
Type: Equipment
Undefined Fields: deconstructionRecipeId

File: Item_6064629286803144958.json
Item ID: 6064629286803144958
Item Name: Bricks
Type: Equipment
Undefined Fields: deconstructionRecipeId

File: Item_6064629286804259073.json
Item ID: 6064629286804259073
Item Name: Alchemic Concoction
Type: Equipment
Undefined Fields: deconstructionRecipeId

File: Item_6064629286805438724.json
Item ID: 6064629286805438724
Item Name: Magic Potion
Type: Equipment
Undefined Fields: deconstructionRecipeId

File: Item_6064629286805831941.json
Item ID: 6064629286805831941
Item Name: Construction Materials
Type: Equipment
Undefined Fields: deconstructionRecipeId

File: Item_6064629286806552839.json
Item ID: 6064629286806552839
Item Name: Books
Type: Equipment
Undefined Fields: deconstructionRecipeId

File: Item_6064629286807732490.json
Item ID: 6064629286807732490
Item Name: Standard Weapons
Type: Equipment
Undefined Fields: deconstructionRecipeId

File: Item_6064629286808846605.json
Item ID: 6064629286808846605
Item Name: Travel Rations
Type: Equipment
Undefined Fields: deconstructionRecipeId

File: Item_6064629286809239822.json
Item ID: 6064629286809239822
Item Name: Building Resources
Type: Equipment
Undefined Fields: deconstructionRecipeId

File: Item_6064629286810026256.json
Item ID: 6064629286810026256
Item Name: Silk Textile
Type: Equipment
Undefined Fields: deconstructionRecipeId

File: Item_6064629286810353937.json
Item ID: 6064629286810353937
Item Name: Quality Weapons
Type: Equipment
Undefined Fields: deconstructionRecipeId

File: Item_6064629286811140371.json
Item ID: 6064629286811140371
Item Name: Heavy Armor
Type: Equipment
Undefined Fields: deconstructionRecipeId

File: Item_6064629286811533588.json
Item ID: 6064629286811533588
Item Name: Quality Tools
Type: Equipment
Undefined Fields: deconstructionRecipeId

File: Item_6064629286812320022.json
Item ID: 6064629286812320022
Item Name: Magic Jewelry
Type: Equipment
Undefined Fields: deconstructionRecipeId

File: Item_6064629286813434137.json
Item ID: 6064629286813434137
Item Name: Basic Furniture
Type: Equipment
Undefined Fields: deconstructionRecipeId

File: Item_6064629286814613788.json
Item ID: 6064629286814613788
Item Name: Sturdy Furniture
Type: Equipment
Undefined Fields: deconstructionRecipeId

File: Item_6064629286814941469.json
Item ID: 6064629286814941469
Item Name: High Quality Tools
Type: Equipment
Undefined Fields: deconstructionRecipeId

File: Item_6064629286815727903.json
Item ID: 6064629286815727903
Item Name: Beer
Type: Equipment
Undefined Fields: deconstructionRecipeId

File: Item_6064629286816121120.json
Item ID: 6064629286816121120
Item Name: Medium  Armor
Type: Equipment
Undefined Fields: deconstructionRecipeId

File: Item_6064629286816842018.json
Item ID: 6064629286816842018
Item Name: Preserved Foods
Type: Equipment
Undefined Fields: deconstructionRecipeId

File: Item_6064629286817235235.json
Item ID: 6064629286817235235
Item Name: Alchemic Extract
Type: Equipment
Undefined Fields: deconstructionRecipeId

File: Item_6064629326302543894.json
Item ID: 6064629326302543894
Item Name: Wolf
Type: Material
Undefined Fields: deconstructionRecipeId

File: Item_6064629326308704282.json
Item ID: 6064629326308704282
Item Name: Bear
Type: Material
Undefined Fields: deconstructionRecipeId

File: Item_6064629326308769820.json
Item ID: 6064629326308769820
Item Name: Horse
Type: Material
Undefined Fields: deconstructionRecipeId

File: Item_6064629364277379103.json
Item ID: 6064629364277379103
Item Name: Forward Displacer
Type: Quest
Undefined Fields: subType, level, enchantmentId, deconstructionRecipeId

File: Item_6064629364304904224.json
Item ID: 6064629364304904224
Item Name: Reverse Displacer
Type: Quest
Undefined Fields: subType, level, enchantmentId, deconstructionRecipeId

File: Item_6064629364309164065.json
Item ID: 6064629364309164065
Item Name: Initiator Dial
Type: Quest
Undefined Fields: subType, level, enchantmentId, deconstructionRecipeId

File: Item_6064629364319715363.json
Item ID: 6064629364319715363
Item Name: Codex Key
Type: Quest
Undefined Fields: subType, level, enchantmentId, deconstructionRecipeId

File: Item_6064629375983419498.json
Item ID: 6064629375983419498
Item Name: The Lamp of Malgus
Type: Quest
Undefined Fields: subType, level, enchantmentId, deconstructionRecipeId

File: Item_6064629381492375587.json
Item ID: 6064629381492375587
Item Name: A Map
Type: Quest
Undefined Fields: subType, level, enchantmentId, deconstructionRecipeId

File: Item_6064629381502468132.json
Item ID: 6064629381502468132
Item Name: Foci of Power
Type: Quest
Undefined Fields: subType, level, enchantmentId, deconstructionRecipeId

File: Item_6064629382556287782.json
Item ID: 6064629382556287782
Item Name: Sanctus Resource Bag
Type: Equipment
Undefined Fields: deconstructionRecipeId

File: Item_6064629382625952555.json
Item ID: 6064629382625952555
Item Name: Novice Mining Satchel
Type: Equipment
Undefined Fields: deconstructionRecipeId

File: Item_6064629382626018092.json
Item ID: 6064629382626018092
Item Name: Novice Lumberjacking Satchel
Type: Equipment
Undefined Fields: deconstructionRecipeId

File: Item_6064629382626083629.json
Item ID: 6064629382626083629
Item Name: Novice Herbalism Satchel
Type: Equipment
Undefined Fields: deconstructionRecipeId

File: Item_6064629386941169687.json
Item ID: 6064629386941169687
Item Name: Tinmyzer's Tome of Applied Magic & Mechanarcana
Type: Quest
Undefined Fields: subType, level, enchantmentId, deconstructionRecipeId

File: Item_6064629386951589912.json
Item ID: 6064629386951589912
Item Name: The Kyronic Code of Mending Arts
Type: Quest
Undefined Fields: subType, level, enchantmentId, deconstructionRecipeId

File: Item_6064629386955915289.json
Item ID: 6064629386955915289
Item Name: The Condensed Codex of Verran History
Type: Quest
Undefined Fields: subType, level, enchantmentId, deconstructionRecipeId

File: Item_6064629444505501727.json
Item ID: 6064629444505501727
Item Name: a crude map
Type: Quest
Undefined Fields: subType, level, enchantmentId, deconstructionRecipeId

File: Item_6064629444523655200.json
Item ID: 6064629444523655200
Item Name: sealed note
Type: Quest
Undefined Fields: subType, level, enchantmentId, deconstructionRecipeId

File: Item_6064629449200631817.json
Item ID: 6064629449200631817
Item Name: Ceremonial Dagger
Type: Quest
Undefined Fields: deconstructionRecipeId

File: Item_6064629449226715146.json
Item ID: 6064629449226715146
Item Name: Ceremonial Dagger
Type: Quest
Undefined Fields: deconstructionRecipeId

File: Item_6064629449229074443.json
Item ID: 6064629449229074443
Item Name: Ceremonial Dagger
Type: Quest
Undefined Fields: deconstructionRecipeId

File: Item_6064629449231106060.json
Item ID: 6064629449231106060
Item Name: Ceremonial Dagger
Type: Quest
Undefined Fields: deconstructionRecipeId

File: Item_6064629461062909975.json
Item ID: 6064629461062909975
Item Name: water cask
Type: Quest
Undefined Fields: deconstructionRecipeId

File: Item_6064629466330431549.json
Item ID: 6064629466330431549
Item Name: Crown of Mungle
Type: Quest
Undefined Fields: subType, level, enchantmentId, deconstructionRecipeId

File: Item_6064629495686104365.json
Item ID: 6064629495686104365
Item Name: Branding Iron
Type: Quest
Undefined Fields: deconstructionRecipeId

File: Item_6064629568979730464.json
Item ID: 6064629568979730464
Item Name: a bloody bonnet
Type: Quest
Undefined Fields: level, enchantmentId, deconstructionRecipeId

File: Item_6064629569282965561.json
Item ID: 6064629569282965561
Item Name: A collection of bones
Type: Quest
Undefined Fields: subType, level, enchantmentId, deconstructionRecipeId

File: Item_6064629575238287676.json
Item ID: 6064629575238287676
Item Name: Terrorogore Banner
Type: Quest
Undefined Fields: subType, level, enchantmentId, deconstructionRecipeId

File: Item_6064629576693121037.json
Item ID: 6064629576693121037
Item Name: Lorne's Research Grant
Type: Quest
Undefined Fields: subType, level, enchantmentId, deconstructionRecipeId

File: Item_6064629576770060302.json
Item ID: 6064629576770060302
Item Name: Inedible Meat Chunk
Type: Quest
Undefined Fields: subType, level, enchantmentId, deconstructionRecipeId

File: Item_6064629576834285590.json
Item ID: 6064629576834285590
Item Name: Vial of extracted Herb Essence
Type: Quest
Undefined Fields: subType, level, enchantmentId, deconstructionRecipeId

File: Item_6064629576843919383.json
Item ID: 6064629576843919383
Item Name: Vial of extracted Animal Essence
Type: Quest
Undefined Fields: subType, level, enchantmentId, deconstructionRecipeId

File: Item_6064629620495810655.json
Item ID: 6064629620495810655
Item Name: QI_0009m_JaynasRecipe
Type: Quest
Undefined Fields: subType, level, enchantmentId, deconstructionRecipeId

File: Item_6064629624929845250.json
Item ID: 6064629624929845250
Item Name: QI_0009m_SerumofLight
Type: Quest
Undefined Fields: subType, level, enchantmentId, deconstructionRecipeId

File: Item_6064629624929910787.json
Item ID: 6064629624929910787
Item Name: QI_0009m_DropletofQuicksilver
Type: Quest
Undefined Fields: subType, level, enchantmentId, deconstructionRecipeId

File: Item_6064629624930041860.json
Item ID: 6064629624930041860
Item Name: QI_0009m_BloodofaWitch
Type: Quest
Undefined Fields: subType, level, enchantmentId, deconstructionRecipeId

File: Item_6064629625902989312.json
Item ID: 6064629625902989312
Item Name: QI_0009m_SoothsayersTincture
Type: Quest
Undefined Fields: subType, level, enchantmentId, deconstructionRecipeId

File: Item_6064629642265296920.json
Item ID: 6064629642265296920
Item Name: Strand of Strength
Type: Quest
Undefined Fields: subType, level, enchantmentId, deconstructionRecipeId

File: Item_6064629647447425030.json
Item ID: 6064629647447425030
Item Name: The Vuul'Vodex
Type: Quest
Undefined Fields: subType, level, enchantmentId, deconstructionRecipeId

File: Item_6064629653236482054.json
Item ID: 6064629653236482054
Item Name: The Vuul'Vodex
Type: Quest
Undefined Fields: subType, level, enchantmentId, deconstructionRecipeId

File: Item_6064629688099602785.json
Item ID: 6064629688099602785
Item Name: Embroidered Tabard
Type: Quest
Undefined Fields: deconstructionRecipeId

File: Item_6064629688129487202.json
Item ID: 6064629688129487202
Item Name: Sack of Ravens
Type: Quest
Undefined Fields: deconstructionRecipeId

File: Item_6064629688138531171.json
Item ID: 6064629688138531171
Item Name: Broken Shield
Type: Quest
Undefined Fields: deconstructionRecipeId

File: Item_6064629688142922084.json
Item ID: 6064629688142922084
Item Name: Rotted Fish
Type: Quest
Undefined Fields: deconstructionRecipeId

File: Item_6064629688443732338.json
Item ID: 6064629688443732338
Item Name: Forged Scrolls
Type: Quest
Undefined Fields: subType, level, enchantmentId, deconstructionRecipeId

File: Item_6064629688482136435.json
Item ID: 6064629688482136435
Item Name: Algiz
Type: Quest
Undefined Fields: deconstructionRecipeId

File: Item_6064629688514904437.json
Item ID: 6064629688514904437
Item Name: Isaz
Type: Quest
Undefined Fields: deconstructionRecipeId

File: Item_6064629688520868214.json
Item ID: 6064629688520868214
Item Name: Isaz
Type: Quest
Undefined Fields: deconstructionRecipeId

File: Item_6064629688522965367.json
Item ID: 6064629688522965367
Item Name: Ehwaz
Type: Quest
Undefined Fields: deconstructionRecipeId

File: Item_6064629688525914488.json
Item ID: 6064629688525914488
Item Name: Dagaz
Type: Quest
Undefined Fields: deconstructionRecipeId

File: Item_6064629688529256825.json
Item ID: 6064629688529256825
Item Name: Laguz
Type: Quest
Undefined Fields: deconstructionRecipeId

File: Item_6064629704156446720.json
Item ID: 6064629704156446720
Item Name: Essence Tracker
Type: Quest
Undefined Fields: subType, level, enchantmentId, deconstructionRecipeId

File: Item_6064629721329827854.json
Item ID: 6064629721329827854
Item Name: an obituary
Type: Quest
Undefined Fields: subType, level, enchantmentId, deconstructionRecipeId

File: Item_6064629721957400576.json
Item ID: 6064629721957400576
Item Name: Ashes of the Forgotten
Type: Quest
Undefined Fields: subType, level, enchantmentId, deconstructionRecipeId

File: Item_6064629721991086081.json
Item ID: 6064629721991086081
Item Name: Ashes of Grim Hollow
Type: Quest
Undefined Fields: subType, level, enchantmentId, deconstructionRecipeId

File: Item_6064629722008911874.json
Item ID: 6064629722008911874
Item Name: Ashes of First Flight
Type: Quest
Undefined Fields: subType, level, enchantmentId, deconstructionRecipeId

File: Item_6064629722036895747.json
Item ID: 6064629722036895747
Item Name: Ashes of Lochspire
Type: Quest
Undefined Fields: subType, level, enchantmentId, deconstructionRecipeId

File: Item_6064629722123927618.json
Item ID: 6064629722123927618
Item Name: Tannin
Type: Material
Undefined Fields: deconstructionRecipeId

File: Item_6064629731813752832.json
Item ID: 6064629731813752832
Item Name: Sergia's List
Type: Quest
Undefined Fields: subType, level, enchantmentId, deconstructionRecipeId

File: Item_6064629739436244992.json
Item ID: 6064629739436244992
Item Name: Caravan
Type: Equipment
Undefined Fields: subType, level, enchantmentId, deconstructionRecipeId

File: Item_6064629840785702966.json
Item ID: 6064629840785702966
Item Name: Spore-Bearing Chunk
Type: Quest
Undefined Fields: level, enchantmentId, deconstructionRecipeId

File: Item_6064629851493367815.json
Item ID: 6064629851493367815
Item Name: an ancient key
Type: Quest
Undefined Fields: subType, level, enchantmentId, deconstructionRecipeId

File: Item_6064629856782712835.json
Item ID: 6064629856782712835
Item Name: Certificate_Glint_T4
Type: Material
Undefined Fields: deconstructionRecipeId

File: Item_6064629885885557340.json
Item ID: 6064629885885557340
Item Name: Test Torso
Type: Equipment
Undefined Fields: subType, level, enchantmentId, deconstructionRecipeId

File: Item_6064629896840478720.json
Item ID: 6064629896840478720
Item Name: a note
Type: Quest
Undefined Fields: level, enchantmentId, deconstructionRecipeId

File: Item_6064629937306665072.json
Item ID: 6064629937306665072
Item Name: a gelatinous eye
Type: Quest
Undefined Fields: level, enchantmentId, deconstructionRecipeId

File: Item_6064629937331634289.json
Item ID: 6064629937331634289
Item Name: The Seal of Pain
Type: Quest
Undefined Fields: level, enchantmentId, deconstructionRecipeId

File: Item_6064629959846789203.json
Item ID: 6064629959846789203
Item Name: The Seal of Suffering
Type: Quest
Undefined Fields: level, enchantmentId, deconstructionRecipeId

File: Item_6064629959850655828.json
Item ID: 6064629959850655828
Item Name: The Seal of Sundering
Type: Quest
Undefined Fields: level, enchantmentId, deconstructionRecipeId

File: Item_6064629959857733717.json
Item ID: 6064629959857733717
Item Name: The Seal of Torment
Type: Quest
Undefined Fields: level, enchantmentId, deconstructionRecipeId

File: Item_6064629965571489863.json
Item ID: 6064629965571489863
Item Name: a tattered scroll
Type: Quest
Undefined Fields: level, enchantmentId, deconstructionRecipeId

File: Item_6064629965616447488.json
Item ID: 6064629965616447488
Item Name: Justopolis Wine
Type: Material
Undefined Fields: level, enchantmentId, deconstructionRecipeId

File: Item_6064629965678903296.json
Item ID: 6064629965678903296
Item Name: Test Wheels
Type: Equipment
Undefined Fields: level, enchantmentId, deconstructionRecipeId

File: Item_6064629975872634909.json
Item ID: 6064629975872634909
Item Name: Test Axle
Type: Equipment
Undefined Fields: level, enchantmentId, deconstructionRecipeId

File: Item_6064629975882924065.json
Item ID: 6064629975882924065
Item Name: Test Utility
Type: Equipment
Undefined Fields: level, enchantmentId, deconstructionRecipeId

File: Item_6064629975885217826.json
Item ID: 6064629975885217826
Item Name: Test Armor
Type: Equipment
Undefined Fields: level, deconstructionRecipeId

File: Item_6064630016163643394.json
Item ID: 6064630016163643394
Item Name: Bucktown Wine
Type: Material
Undefined Fields: level, enchantmentId, deconstructionRecipeId

File: Item_6064630016173473793.json
Item ID: 6064630016173473793
Item Name: The Sandals of Holding
Type: Equipment
Undefined Fields: deconstructionRecipeId

File: Item_6064630016257228855.json
Item ID: 6064630016257228855
Item Name: a plunder key
Type: Quest
Undefined Fields: level, enchantmentId, deconstructionRecipeId

File: Item_6064630021735251968.json
Item ID: 6064630021735251968
Item Name: Justopolis Gravy
Type: Material
Undefined Fields: level, enchantmentId, deconstructionRecipeId

File: Item_6064630021735383041.json
Item ID: 6064630021735383041
Item Name: Bucktown Gravy
Type: Material
Undefined Fields: level, enchantmentId, deconstructionRecipeId

File: Item_6064630021735645186.json
Item ID: 6064630021735645186
Item Name: Justopolis Sauce
Type: Material
Undefined Fields: level, enchantmentId, deconstructionRecipeId

File: Item_6064630021735710723.json
Item ID: 6064630021735710723
Item Name: Bucktown Sauce
Type: Material
Undefined Fields: level, enchantmentId, deconstructionRecipeId

File: Item_6064630021735776260.json
Item ID: 6064630021735776260
Item Name: Justopolis Rope
Type: Material
Undefined Fields: level, enchantmentId, deconstructionRecipeId

File: Item_6064630021735841797.json
Item ID: 6064630021735841797
Item Name: Bucktown Rope
Type: Material
Undefined Fields: level, enchantmentId, deconstructionRecipeId

File: Item_6064630043554217984.json
Item ID: 6064630043554217984
Item Name: Test Armor
Type: Equipment
Undefined Fields: level, enchantmentId, deconstructionRecipeId

File: Item_6064630043598323721.json
Item ID: 6064630043598323721
Item Name: Test Axle
Type: Equipment
Undefined Fields: level, enchantmentId, deconstructionRecipeId

File: Item_6064630043612676109.json
Item ID: 6064630043612676109
Item Name: Test Wheels
Type: Equipment
Undefined Fields: level, enchantmentId, deconstructionRecipeId

File: Item_6064630140359934059.json
Item ID: 6064630140359934059
Item Name: Novice Hunting Satchel
Type: Equipment
Undefined Fields: deconstructionRecipeId

File: Item_6064630140366225518.json
Item ID: 6064630140366225518
Item Name: Novice Fishing Satchel
Type: Equipment
Undefined Fields: deconstructionRecipeId

File: Item_6064630169004015691.json
Item ID: 6064630169004015691
Item Name: Stone Tablet
Type: Quest
Undefined Fields: deconstructionRecipeId

File: Item_6064630169027805260.json
Item ID: 6064630169027805260
Item Name: The Bull Ring
Type: Quest
Undefined Fields: level, enchantmentId, deconstructionRecipeId

File: Item_6064630174224089205.json
Item ID: 6064630174224089205
Item Name: Helm of the Horns
Type: Quest
Undefined Fields: deconstructionRecipeId

File: Item_6064630174244995190.json
Item ID: 6064630174244995190
Item Name: Skull of Brayox
Type: Quest
Undefined Fields: deconstructionRecipeId

File: Item_6064630174272323703.json
Item ID: 6064630174272323703
Item Name: Skull of Grunger
Type: Quest
Undefined Fields: deconstructionRecipeId

File: Item_6064630174274551928.json
Item ID: 6064630174274551928
Item Name: Skull of Thunder
Type: Quest
Undefined Fields: deconstructionRecipeId

File: Item_6064630197017968712.json
Item ID: 6064630197017968712
Item Name: The Oubliette
Type: Quest
Undefined Fields: deconstructionRecipeId

File: Item_6064630197031403593.json
Item ID: 6064630197031403593
Item Name: The Bull Roarer
Type: Quest
Undefined Fields: level, enchantmentId, deconstructionRecipeId

File: Item_6064630198037905408.json
Item ID: 6064630198037905408
Item Name: Bandit Trap Components
Type: Quest
Undefined Fields: level, enchantmentId, deconstructionRecipeId

File: Item_6064630203210989568.json
Item ID: 6064630203210989568
Item Name: Geometric Manipulators
Type: Quest
Undefined Fields: level, enchantmentId, deconstructionRecipeId

File: Item_6064630203213021185.json
Item ID: 6064630203213021185
Item Name: Scintillating Sephillion Shard
Type: Quest
Undefined Fields: level, enchantmentId, deconstructionRecipeId

File: Item_6064630209111601432.json
Item ID: 6064630209111601432
Item Name: Shard of Ancient Echo
Type: Quest
Undefined Fields: deconstructionRecipeId

File: Item_6064630209374715966.json
Item ID: 6064630209374715966
Item Name: Old Paperwork
Type: Quest
Undefined Fields: level, enchantmentId, deconstructionRecipeId

File: Item_6064630320951263377.json
Item ID: 6064630320951263377
Item Name: Certificate_Glint_T5
Type: Material
Undefined Fields: deconstructionRecipeId

File: Item_6064630320955654291.json
Item ID: 6064630320955654291
Item Name: Certificate_Glint_T6
Type: Material
Undefined Fields: deconstructionRecipeId

File: Item_6064630326921068555.json
Item ID: 6064630326921068555
Item Name: a scorched scroll
Type: Quest
Undefined Fields: level, enchantmentId, deconstructionRecipeId

File: Item_6064630333517660242.json
Item ID: 6064630333517660242
Item Name: a swiftlet
Type: Quest
Undefined Fields: level, enchantmentId, deconstructionRecipeId

File: Item_6064630355594510347.json
Item ID: 6064630355594510347
Item Name: a sealed scroll
Type: Quest
Undefined Fields: level, enchantmentId, deconstructionRecipeId

File: Item_6064630366451990528.json
Item ID: 6064630366451990528
Item Name: Record of Ullorian the Lost
Type: Quest
Undefined Fields: level, enchantmentId, deconstructionRecipeId

File: Item_6064630366465359873.json
Item ID: 6064630366465359873
Item Name: a map of Briarmoor
Type: Quest
Undefined Fields: level, enchantmentId, deconstructionRecipeId

File: Item_6064630367056887858.json
Item ID: 6064630367056887858
Item Name: a sealed note
Type: Quest
Undefined Fields: level, enchantmentId, deconstructionRecipeId

File: Item_6064630407096303619.json
Item ID: 6064630407096303619
Item Name: EXP Tool Belt
Type: Equipment
Undefined Fields: deconstructionRecipeId

File: Item_6064630407262175400.json
Item ID: 6064630407262175400
Item Name: Star of Ozu
Type: Quest
Undefined Fields: level, enchantmentId, deconstructionRecipeId

File: Item_6064630417660706825.json
Item ID: 6064630417660706825
Item Name: Butter
Type: Material
Undefined Fields: deconstructionRecipeId

File: Item_6064630417660772365.json
Item ID: 6064630417660772365
Item Name: Aelan Spice
Type: Material
Undefined Fields: deconstructionRecipeId

File: Item_6064630417661427783.json
Item ID: 6064630417661427783
Item Name: Slate Basket Mold
Type: Material
Undefined Fields: deconstructionRecipeId

File: Item_6064630417661821033.json
Item ID: 6064630417661821033
Item Name: Raven Skin
Type: Material
Undefined Fields: deconstructionRecipeId

File: Item_6064630417661886571.json
Item ID: 6064630417661886571
Item Name: Spider Carapace
Type: Material
Undefined Fields: deconstructionRecipeId

File: Item_6064630417662607517.json
Item ID: 6064630417662607517
Item Name: Horse Foal
Type: Material
Undefined Fields: deconstructionRecipeId

File: Item_6064630417662607520.json
Item ID: 6064630417662607520
Item Name: Wolf Pup
Type: Material
Undefined Fields: deconstructionRecipeId

File: Item_6064630417662673059.json
Item ID: 6064630417662673059
Item Name: Bear Cub
Type: Material
Undefined Fields: deconstructionRecipeId

File: Item_6064630417663656163.json
Item ID: 6064630417663656163
Item Name: Utility Gadget
Type: Material
Undefined Fields: deconstructionRecipeId

File: Item_6064630417666146652.json
Item ID: 6064630417666146652
Item Name: Silkworm Cocoon
Type: Material
Undefined Fields: deconstructionRecipeId

File: Item_6064630417666146653.json
Item ID: 6064630417666146653
Item Name: Spider Cocoon
Type: Material
Undefined Fields: deconstructionRecipeId

File: Item_6064630417666343268.json
Item ID: 6064630417666343268
Item Name: Chicken Feed
Type: Material
Undefined Fields: deconstructionRecipeId

File: Item_6064630417666343269.json
Item ID: 6064630417666343269
Item Name: Hay
Type: Material
Undefined Fields: deconstructionRecipeId

File: Item_6064630417666343270.json
Item ID: 6064630417666343270
Item Name: Pig Feed
Type: Material
Undefined Fields: deconstructionRecipeId

File: Item_6064630417666408807.json
Item ID: 6064630417666408807
Item Name: Sheep Feed
Type: Material
Undefined Fields: deconstructionRecipeId

File: Item_6064630435504062466.json
Item ID: 6064630435504062466
Item Name: Novice Assorted Lumberjacking Bag
Type: Equipment
Undefined Fields: deconstructionRecipeId

File: Item_6064630443195498682.json
Item ID: 6064630443195498682
Item Name: Silken Neckerchief
Type: Equipment
Undefined Fields: level, enchantmentId, deconstructionRecipeId

File: Item_6064630443794432026.json
Item ID: 6064630443794432026
Item Name: Goblin Scrap 1
Type: Equipment
Undefined Fields: level, enchantmentId, deconstructionRecipeId

File: Item_6064630443810553884.json
Item ID: 6064630443810553884
Item Name: Goblin Scrap 2
Type: Equipment
Undefined Fields: level, enchantmentId, deconstructionRecipeId

File: Item_6064630443813044254.json
Item ID: 6064630443813044254
Item Name: Goblin Scrap 3
Type: Equipment
Undefined Fields: level, enchantmentId, deconstructionRecipeId

File: Item_6064630443816124448.json
Item ID: 6064630443816124448
Item Name: Goblin Scrap 4
Type: Equipment
Undefined Fields: level, enchantmentId, deconstructionRecipeId

File: Item_6064630443818549282.json
Item ID: 6064630443818549282
Item Name: Goblin Scrap 5
Type: Equipment
Undefined Fields: level, enchantmentId, deconstructionRecipeId

File: Item_6064630443821039652.json
Item ID: 6064630443821039652
Item Name: Goblin Scrap 6
Type: Equipment
Undefined Fields: level, enchantmentId, deconstructionRecipeId

File: Item_6064630444676547582.json
Item ID: 6064630444676547582
Item Name: Goblin Correspondance
Type: Quest
Undefined Fields: level, enchantmentId, deconstructionRecipeId

File: Item_6064630475167957014.json
Item ID: 6064630475167957014
Item Name: Kaelar Mining Form
Type: Quest
Undefined Fields: level, enchantmentId, deconstructionRecipeId

File: Item_6064630475182833687.json
Item ID: 6064630475182833687
Item Name: thanacite mining pick
Type: Quest
Undefined Fields: level, enchantmentId, deconstructionRecipeId

File: Item_6064630475205574680.json
Item ID: 6064630475205574680
Item Name: Thanacite Mining Pickaxe
Type: Equipment
Undefined Fields: deconstructionRecipeId

File: Item_6064630475264426021.json
Item ID: 6064630475264426021
Item Name: The Daily Rush
Type: Quest
Undefined Fields: level, enchantmentId, deconstructionRecipeId

File: Item_6064630480592830510.json
Item ID: 6064630480592830510
Item Name: Thanacite License
Type: Quest
Undefined Fields: level, enchantmentId, deconstructionRecipeId

File: Item_6064630480614653999.json
Item ID: 6064630480614653999
Item Name: Thanasite Lisense
Type: Quest
Undefined Fields: level, enchantmentId, deconstructionRecipeId

File: Item_6064630486419570720.json
Item ID: 6064630486419570720
Item Name: a Minotaur Fossil
Type: Quest
Undefined Fields: level, enchantmentId, deconstructionRecipeId

File: Item_6064630497859010574.json
Item ID: 6064630497859010574
Item Name: Novice Bountiful Lumberjacking Bag
Type: Equipment
Undefined Fields: deconstructionRecipeId

File: Item_6064630497859928079.json
Item ID: 6064630497859928079
Item Name: Novice Assorted Mining Bag
Type: Equipment
Undefined Fields: deconstructionRecipeId

File: Item_6064630497859993616.json
Item ID: 6064630497859993616
Item Name: Novice Bountiful Mining Bag
Type: Equipment
Undefined Fields: deconstructionRecipeId

File: Item_6064630514089590892.json
Item ID: 6064630514089590892
Item Name: Minotaur Hoof Boot
Type: Equipment
Undefined Fields: level, enchantmentId, deconstructionRecipeId

File: Item_6064630514107285613.json
Item ID: 6064630514107285613
Item Name: Minotaur Skull
Type: Equipment
Undefined Fields: level, enchantmentId, deconstructionRecipeId

File: Item_6064630514114953326.json
Item ID: 6064630514114953326
Item Name: Minotaur Tablet
Type: Equipment
Undefined Fields: level, enchantmentId, deconstructionRecipeId

File: Item_6064630514122817647.json
Item ID: 6064630514122817647
Item Name: Minotaur Shield of Doombringer
Type: Equipment
Undefined Fields: level, enchantmentId, deconstructionRecipeId

File: Item_6064630514131796080.json
Item ID: 6064630514131796080
Item Name: Minotaur Shield of Firesky
Type: Equipment
Undefined Fields: level, enchantmentId, deconstructionRecipeId

File: Item_6064630514134548593.json
Item ID: 6064630514134548593
Item Name: Minotaur Shield of Koraxis
Type: Equipment
Undefined Fields: level, enchantmentId, deconstructionRecipeId

File: Item_6064630514137497714.json
Item ID: 6064630514137497714
Item Name: Minotaur Shield of Numuk
Type: Equipment
Undefined Fields: level, enchantmentId, deconstructionRecipeId

File: Item_6064630525425418282.json
Item ID: 6064630525425418282
Item Name: Stone Shield
Type: Equipment
Undefined Fields: level, enchantmentId, deconstructionRecipeId

File: Item_6064630525461987372.json
Item ID: 6064630525461987372
Item Name: The Great Unifier
Type: Equipment
Undefined Fields: level, enchantmentId, deconstructionRecipeId

File: Item_6064630531244032059.json
Item ID: 6064630531244032059
Item Name: Knock of Fynnaegal
Type: Equipment
Undefined Fields: level, enchantmentId, deconstructionRecipeId

File: Item_6064630531256287292.json
Item ID: 6064630531256287292
Item Name: Horn of Doom
Type: Equipment
Undefined Fields: level, enchantmentId, deconstructionRecipeId

File: Item_6064630553081217027.json
Item ID: 6064630553081217027
Item Name: Crude Sickle Blade
Type: Equipment
Undefined Fields: level, enchantmentId, deconstructionRecipeId

File: Item_6064630553088229380.json
Item ID: 6064630553088229380
Item Name: Crude Sickle Handle
Type: Equipment
Undefined Fields: level, enchantmentId, deconstructionRecipeId

File: Item_6064630553091768325.json
Item ID: 6064630553091768325
Item Name: Crude Pick Helve
Type: Equipment
Undefined Fields: level, enchantmentId, deconstructionRecipeId

File: Item_6064630553095700486.json
Item ID: 6064630553095700486
Item Name: Crude Pickaxe Head
Type: Equipment
Undefined Fields: level, enchantmentId, deconstructionRecipeId

File: Item_6064630553101664263.json
Item ID: 6064630553101664263
Item Name: Crude Axe Head
Type: Equipment
Undefined Fields: level, enchantmentId, deconstructionRecipeId

File: Item_6064630553103564808.json
Item ID: 6064630553103564808
Item Name: Crude Axe Haft
Type: Equipment
Undefined Fields: level, enchantmentId, deconstructionRecipeId

File: Item_6064630594026669117.json
Item ID: 6064630594026669117
Item Name: The Fabulous Compactor
Type: Quest
Undefined Fields: level, enchantmentId, deconstructionRecipeId

File: Item_6064630594067956798.json
Item ID: 6064630594067956798
Item Name: The Penta-Glaive
Type: Quest
Undefined Fields: level, enchantmentId, deconstructionRecipeId

File: Item_6064630600307441664.json
Item ID: 6064630600307441664
Item Name: UnitTestSubject_Stackable_Material
Type: Equipment
Undefined Fields: level, enchantmentId, deconstructionRecipeId

File: Item_6064630600312029185.json
Item ID: 6064630600312029185
Item Name: UnitTestSubject_NonStackable_Equip
Type: Equipment
Undefined Fields: level, enchantmentId, deconstructionRecipeId

File: Item_6064630603457036288.json
Item ID: 6064630603457036288
Item Name: Novice Guild War Declaration Scroll
Type: Consumable
Undefined Fields: deconstructionRecipeId

File: Item_6064630605328220160.json
Item ID: 6064630605328220160
Item Name: UnitTestSubject_Stackable_Material
Type: Equipment
Undefined Fields: level, enchantmentId, deconstructionRecipeId

File: Item_6064630609867571200.json
Item ID: 6064630609867571200
Item Name: The Mermaids Lure
Type: Quest
Undefined Fields: level, enchantmentId, deconstructionRecipeId

File: Item_6064630613564981576.json
Item ID: 6064630613564981576
Item Name: Pack of Stolen Supplies
Type: Quest
Undefined Fields: level, enchantmentId, deconstructionRecipeId

File: Item_6064630614059385206.json
Item ID: 6064630614059385206
Item Name: Pair of Goblin Ears
Type: Quest
Undefined Fields: level, enchantmentId, deconstructionRecipeId

File: Item_6064630615550132239.json
Item ID: 6064630615550132239
Item Name: Musky Incense
Type: Quest
Undefined Fields: level, enchantmentId, deconstructionRecipeId

File: Item_6064630639305228288.json
Item ID: 6064630639305228288
Item Name: Honorific Bundle
Type: Quest
Undefined Fields: level, enchantmentId, deconstructionRecipeId

File: Item_6064630645517255300.json
Item ID: 6064630645517255300
Item Name: Fat Bearberry
Type: Quest
Undefined Fields: level, deconstructionRecipeId

File: Item_6064630678666674860.json
Item ID: 6064630678666674860
Item Name: Shards of the Star Ward
Type: Quest
Undefined Fields: level, enchantmentId, deconstructionRecipeId

File: Item_6064630684296740892.json
Item ID: 6064630684296740892
Item Name: Thanacite Shard
Type: Quest
Undefined Fields: level, enchantmentId, deconstructionRecipeId

File: Item_6064630797213696000.json
Item ID: 6064630797213696000
Item Name: Moonlight Bloom
Type: Quest
Undefined Fields: deconstructionRecipeId

File: Item_6064630842912800776.json
Item ID: 6064630842912800776
Item Name: Stolen Commodity
Type: Material
Undefined Fields: deconstructionRecipeId

File: Item_6064630967500275744.json
Item ID: 6064630967500275744
Item Name: The Howling Oak
Type: Quest
Undefined Fields: level, enchantmentId, deconstructionRecipeId

File: Item_6064630967511089185.json
Item ID: 6064630967511089185
Item Name: Part of Arlo's Flute
Type: Quest
Undefined Fields: level, enchantmentId, deconstructionRecipeId

File: Item_6064630990418673680.json
Item ID: 6064630990418673680
Item Name: a Vanguard Gem
Type: Quest
Undefined Fields: level, enchantmentId, deconstructionRecipeId

File: Item_6064631000780242948.json
Item ID: 6064631000780242948
Item Name: A Wind Flute
Type: Quest
Undefined Fields: level, deconstructionRecipeId

File: Item_6064631007023661072.json
Item ID: 6064631007023661072
Item Name: Caravan Tools
Type: Quest
Undefined Fields: level, enchantmentId, deconstructionRecipeId

File: Item_6064631007046205458.json
Item ID: 6064631007046205458
Item Name: Map of the Blood Rune
Type: Quest
Undefined Fields: deconstructionRecipeId

File: Item_6064631007076483092.json
Item ID: 6064631007076483092
Item Name: Attack Plans
Type: Quest
Undefined Fields: deconstructionRecipeId

File: Item_6064631007189663766.json
Item ID: 6064631007189663766
Item Name: Lost Scroll
Type: Quest
Undefined Fields: deconstructionRecipeId

File: Item_6064631007296487450.json
Item ID: 6064631007296487450
Item Name: Map of the Sacrifice Rune
Type: Quest
Undefined Fields: deconstructionRecipeId

File: Item_6064631007316672540.json
Item ID: 6064631007316672540
Item Name: Lost Scroll
Type: Quest
Undefined Fields: deconstructionRecipeId

File: Item_6064631007328141342.json
Item ID: 6064631007328141342
Item Name: Lost Treasure Map
Type: Quest
Undefined Fields: deconstructionRecipeId

File: Item_6064631007364907040.json
Item ID: 6064631007364907040
Item Name: Lost Scroll
Type: Quest
Undefined Fields: deconstructionRecipeId

File: Item_6064631007436996644.json
Item ID: 6064631007436996644
Item Name: Lost Scroll
Type: Quest
Undefined Fields: deconstructionRecipeId

File: Item_6064631007449317414.json
Item ID: 6064631007449317414
Item Name: A Rusty Key
Type: Quest
Undefined Fields: level, enchantmentId, deconstructionRecipeId

File: Item_6064631007518195754.json
Item ID: 6064631007518195754
Item Name: An Odd Crystal Shard
Type: Quest
Undefined Fields: level, enchantmentId, deconstructionRecipeId

File: Item_6064631080994209826.json
Item ID: 6064631080994209826
Item Name: TO: Herne's Hunters Hideworks
Type: Quest
Undefined Fields: deconstructionRecipeId

File: Item_6064631081012101155.json
Item ID: 6064631081012101155
Item Name: TO: The Eye of the Needle
Type: Quest
Undefined Fields: level, deconstructionRecipeId

File: Item_6064631081019899941.json
Item ID: 6064631081019899941
Item Name: TO: Candor's Kettle
Type: Quest
Undefined Fields: level, deconstructionRecipeId

File: Item_6064631081022193702.json
Item ID: 6064631081022193702
Item Name: TO: The Royal Rockworks
Type: Quest
Undefined Fields: level, deconstructionRecipeId

File: Item_6064631081025404967.json
Item ID: 6064631081025404967
Item Name: TO: Timberclaw Mill
Type: Quest
Undefined Fields: level, deconstructionRecipeId

File: Item_6064631081127837749.json
Item ID: 6064631081127837749
Item Name: TO: Flame and Formula
Type: Quest
Undefined Fields: level, deconstructionRecipeId

File: Item_6064631081130852406.json
Item ID: 6064631081130852406
Item Name: TO: Seven Stars Vineyard
Type: Quest
Undefined Fields: level, deconstructionRecipeId

File: Item_6064631125008580609.json
Item ID: 6064631125008580609
Item Name: TO: Candor's Kettle, Riverlands
Type: Quest
Undefined Fields: deconstructionRecipeId

File: Item_6064631159636361221.json
Item ID: 6064631159636361221
Item Name: Reassembled Toy Soldier
Type: Quest
Undefined Fields: level, enchantmentId, deconstructionRecipeId

File: Item_6064631159955324935.json
Item ID: 6064631159955324935
Item Name: Toy Soldier Head
Type: Quest
Undefined Fields: level, enchantmentId, deconstructionRecipeId

File: Item_6064631159992549388.json
Item ID: 6064631159992549388
Item Name: Toy Soldier Arms
Type: Quest
Undefined Fields: level, enchantmentId, deconstructionRecipeId

File: Item_6064631159997988877.json
Item ID: 6064631159997988877
Item Name: Toy Soldier Torso
Type: Quest
Undefined Fields: level, enchantmentId, deconstructionRecipeId

File: Item_6064631160000872462.json
Item ID: 6064631160000872462
Item Name: Toy Soldier Legs
Type: Quest
Undefined Fields: level, enchantmentId, deconstructionRecipeId

File: Item_6064631160017125391.json
Item ID: 6064631160017125391
Item Name: A Marred Message
Type: Quest
Undefined Fields: level, enchantmentId, deconstructionRecipeId

File: Item_6064631171444637698.json
Item ID: 6064631171444637698
Item Name: Lost Scroll
Type: Quest
Undefined Fields: deconstructionRecipeId

File: Item_6064631188481441802.json
Item ID: 6064631188481441802
Item Name: TO: Thornmarch Tower
Type: Quest
Undefined Fields: level, enchantmentId, deconstructionRecipeId

File: Item_6064631188653211689.json
Item ID: 6064631188653211689
Item Name: TO: Briarmoor Estates
Type: Quest
Undefined Fields: level, enchantmentId, deconstructionRecipeId

File: Item_6064631188659896362.json
Item ID: 6064631188659896362
Item Name: TO: Nerimeda Crossing
Type: Quest
Undefined Fields: level, enchantmentId, deconstructionRecipeId

File: Item_6064631188663894059.json
Item ID: 6064631188663894059
Item Name: TO: Monolith Grove
Type: Quest
Undefined Fields: level, enchantmentId, deconstructionRecipeId

File: Item_6064631188671954989.json
Item ID: 6064631188671954989
Item Name: TO: Caravan of Curiosities
Type: Quest
Undefined Fields: deconstructionRecipeId

File: Item_6064631188680015919.json
Item ID: 6064631188680015919
Item Name: TO: Carphin Expedition
Type: Quest
Undefined Fields: level, enchantmentId, deconstructionRecipeId

File: Item_6064631188684341296.json
Item ID: 6064631188684341296
Item Name: TO: The Green Scarab
Type: Quest
Undefined Fields: level, enchantmentId, deconstructionRecipeId

File: Item_6064631188688338993.json
Item ID: 6064631188688338993
Item Name: TO: Seven Star Vineyard
Type: Quest
Undefined Fields: deconstructionRecipeId

File: Item_6064631205314166785.json
Item ID: 6064631205314166785
Item Name: Boneyard Guard Bones
Type: Quest
Undefined Fields: deconstructionRecipeId

File: Item_6064631233550942209.json
Item ID: 6064631233550942209
Item Name: Imbued Material
Type: Material
Undefined Fields: deconstructionRecipeId

File: Item_6064631233550942210.json
Item ID: 6064631233550942210
Item Name: Imbued Blood
Type: Material
Undefined Fields: deconstructionRecipeId

File: Item_6064631233994358840.json
Item ID: 6064631233994358840
Item Name: Ocular Skin Handbag
Type: Equipment
Undefined Fields: deconstructionRecipeId

File: Item_6064631272557379586.json
Item ID: 6064631272557379586
Item Name: Rusty Key
Type: Quest
Undefined Fields: deconstructionRecipeId

File: Item_6064631272567341059.json
Item ID: 6064631272567341059
Item Name: Court of Cloaks Coin
Type: Quest
Undefined Fields: deconstructionRecipeId

File: Item_6064631312281960456.json
Item ID: 6064631312281960456
Item Name: Stone Cyclops Eye
Type: Quest
Undefined Fields: level, enchantmentId, deconstructionRecipeId

File: Item_6064631312296968201.json
Item ID: 6064631312296968201
Item Name: Stone Cyclops Eye
Type: Quest
Undefined Fields: level, enchantmentId, deconstructionRecipeId

File: Item_6064631312551444500.json
Item ID: 6064631312551444500
Item Name: The Three Eyed Cyclops
Type: Equipment
Undefined Fields: deconstructionRecipeId

File: Item_6064631357267509251.json
Item ID: 6064631357267509251
Item Name: Lost Scroll
Type: Quest
Undefined Fields: deconstructionRecipeId

File: Item_6064631357284941828.json
Item ID: 6064631357284941828
Item Name: Lost Scroll
Type: Quest
Undefined Fields: deconstructionRecipeId

File: Item_6064631357288349701.json
Item ID: 6064631357288349701
Item Name: Lost Scroll
Type: Quest
Undefined Fields: deconstructionRecipeId

File: Item_6064631357291167750.json
Item ID: 6064631357291167750
Item Name: Lost Scroll
Type: Quest
Undefined Fields: deconstructionRecipeId

File: Item_6064631357294903303.json
Item ID: 6064631357294903303
Item Name: Lost Scroll
Type: Quest
Undefined Fields: deconstructionRecipeId

File: Item_6064631357298114568.json
Item ID: 6064631357298114568
Item Name: Lost Scroll
Type: Quest
Undefined Fields: deconstructionRecipeId

File: Item_6064631363366813764.json
Item ID: 6064631363366813764
Item Name: Statue of Gom
Type: Quest
Undefined Fields: deconstructionRecipeId

File: Item_6064631363391193157.json
Item ID: 6064631363391193157
Item Name: Tower Guard Payroll
Type: Quest
Undefined Fields: level, enchantmentId, deconstructionRecipeId

File: Item_6064631363398336582.json
Item ID: 6064631363398336582
Item Name: Greyshore Starchart
Type: Quest
Undefined Fields: deconstructionRecipeId

File: Item_6064631363406004295.json
Item ID: 6064631363406004295
Item Name: Briarmoor Taxes
Type: Quest
Undefined Fields: level, enchantmentId, deconstructionRecipeId

File: Item_6064631363411771464.json
Item ID: 6064631363411771464
Item Name: Portrait of a Rose
Type: Quest
Undefined Fields: deconstructionRecipeId

File: Item_6064631363418062921.json
Item ID: 6064631363418062921
Item Name: Helm of Stormrazer
Type: Quest
Undefined Fields: deconstructionRecipeId

File: Item_6064631363424157770.json
Item ID: 6064631363424157770
Item Name: The Highwaymen Oath
Type: Quest
Undefined Fields: deconstructionRecipeId

File: Item_6064631363878715468.json
Item ID: 6064631363878715468
Item Name: Scale of Sillasin
Type: Quest
Undefined Fields: deconstructionRecipeId

File: Item_6064631363889528909.json
Item ID: 6064631363889528909
Item Name: The Bellsong Code
Type: Quest
Undefined Fields: level, enchantmentId, deconstructionRecipeId

File: Item_6064631386832896040.json
Item ID: 6064631386832896040
Item Name: Whole Sapnuts
Type: Quest
Undefined Fields: level, enchantmentId, deconstructionRecipeId

File: Item_6064631470686928896.json
Item ID: 6064631470686928896
Item Name: Olekspar
Type: Quest
Undefined Fields: level, enchantmentId, deconstructionRecipeId

File: Item_6064631504639492099.json
Item ID: 6064631504639492099
Item Name: Poorly Written Note
Type: Quest
Undefined Fields: level, deconstructionRecipeId

File: Item_6064631505173807255.json
Item ID: 6064631505173807255
Item Name: Ship's Log
Type: Quest
Undefined Fields: level, deconstructionRecipeId

File: Item_6064631516804153344.json
Item ID: 6064631516804153344
Item Name: Canine Collar
Type: Quest
Undefined Fields: level, enchantmentId, deconstructionRecipeId

File: Item_6064631521224622096.json
Item ID: 6064631521224622096
Item Name: Head of Karnoor
Type: Quest
Undefined Fields: level, enchantmentId, deconstructionRecipeId

File: Item_6064631555272736776.json
Item ID: 6064631555272736776
Item Name: Bloody Key
Type: Equipment
Undefined Fields: level, enchantmentId, deconstructionRecipeId

File: Item_6064631555341025290.json
Item ID: 6064631555341025290
Item Name: Bloody Key
Type: Equipment
Undefined Fields: deconstructionRecipeId

File: Item_6064631555364814860.json
Item ID: 6064631555364814860
Item Name: Carphin Obituary
Type: Equipment
Undefined Fields: level, enchantmentId, deconstructionRecipeId

File: Item_6064631555698589764.json
Item ID: 6064631555698589764
Item Name: Hourglass Ankh
Type: Equipment
Undefined Fields: level, enchantmentId, deconstructionRecipeId

File: Item_6064631590423953487.json
Item ID: 6064631590423953487
Item Name: Imbued Rividium
Type: Quest
Undefined Fields: level, enchantmentId, deconstructionRecipeId

File: Item_6064631595112660992.json
Item ID: 6064631595112660992
Item Name: Faint Rune Etched Bones
Type: Quest
Undefined Fields: deconstructionRecipeId

File: Item_6064631595495129089.json
Item ID: 6064631595495129089
Item Name: Rune Etched Bones
Type: Quest
Undefined Fields: deconstructionRecipeId

File: Item_6064631595499585538.json
Item ID: 6064631595499585538
Item Name: Bright Rune Etched Bones
Type: Quest
Undefined Fields: deconstructionRecipeId

File: Item_6064631595941167121.json
Item ID: 6064631595941167121
Item Name: Rusty Winstead Shield
Type: Quest
Undefined Fields: deconstructionRecipeId

File: Item_6064631596144984097.json
Item ID: 6064631596144984097
Item Name: Shiny Tower and Wolf Shield
Type: Quest
Undefined Fields: deconstructionRecipeId

File: Item_6064631601717381436.json
Item ID: 6064631601717381436
Item Name: War Journal
Type: Quest
Undefined Fields: deconstructionRecipeId

File: Item_6064631635520978944.json
Item ID: 6064631635520978944
Item Name: Raven's Bloody Eye
Type: Quest
Undefined Fields: level, enchantmentId, deconstructionRecipeId

File: Item_6064631635546013697.json
Item ID: 6064631635546013697
Item Name: Damp Note
Type: Quest
Undefined Fields: level, enchantmentId, deconstructionRecipeId

File: Item_6064631635641696258.json
Item ID: 6064631635641696258
Item Name: Enchanted Vessel Sherd
Type: Quest
Undefined Fields: level, enchantmentId, deconstructionRecipeId

File: Item_6064631641184534546.json
Item ID: 6064631641184534546
Item Name: Eye Of Gom
Type: Quest
Undefined Fields: deconstructionRecipeId

File: Item_6064631641241944084.json
Item ID: 6064631641241944084
Item Name: Frayed Root
Type: Quest
Undefined Fields: level, enchantmentId, deconstructionRecipeId

File: Item_6064631641441763355.json
Item ID: 6064631641441763355
Item Name: Arlogian Whistle
Type: Quest
Undefined Fields: deconstructionRecipeId

File: Item_6064631664598122496.json
Item ID: 6064631664598122496
Item Name: Torn Challenge Petition Piece
Type: Misc
Undefined Fields: level, deconstructionRecipeId

File: Item_6064631680475398180.json
Item ID: 6064631680475398180
Item Name: Shackled Prisoner Arm
Type: Quest
Undefined Fields: level, deconstructionRecipeId

File: Item_6064631680493879333.json
Item ID: 6064631680493879333
Item Name: Prisoner Manifest
Type: Quest
Undefined Fields: level, deconstructionRecipeId

File: Item_6064631680504692774.json
Item ID: 6064631680504692774
Item Name: Tattered Note
Type: Quest
Undefined Fields: level, deconstructionRecipeId

File: Item_6064631680759103574.json
Item ID: 6064631680759103574
Item Name: Bandit Note
Type: Quest
Undefined Fields: level, deconstructionRecipeId

File: Item_6064631686863651107.json
Item ID: 6064631686863651107
Item Name: Prisoner Shackle
Type: Quest
Undefined Fields: deconstructionRecipeId

File: Item_6064631703269867825.json
Item ID: 6064631703269867825
Item Name: Splint's Tools
Type: Quest
Undefined Fields: deconstructionRecipeId

File: Item_6064631703282188594.json
Item ID: 6064631703282188594
Item Name: Splint's Vest
Type: Quest
Undefined Fields: level, enchantmentId, deconstructionRecipeId

File: Item_6064631703293198643.json
Item ID: 6064631703293198643
Item Name: Splint's Bar
Type: Quest
Undefined Fields: level, enchantmentId, deconstructionRecipeId

File: Item_6064631703299621172.json
Item ID: 6064631703299621172
Item Name: Splint's Rope
Type: Quest
Undefined Fields: level, enchantmentId, deconstructionRecipeId

File: Item_6064631703324590389.json
Item ID: 6064631703324590389
Item Name: Splint's Gloves
Type: Quest
Undefined Fields: deconstructionRecipeId

File: Item_6064631703329898806.json
Item ID: 6064631703329898806
Item Name: Splint's Pouch
Type: Quest
Undefined Fields: level, enchantmentId, deconstructionRecipeId

File: Item_6064631703600169298.json
Item ID: 6064631703600169298
Item Name: Contraband Key
Type: Quest
Undefined Fields: deconstructionRecipeId

File: Item_6064631709425860724.json
Item ID: 6064631709425860724
Item Name: Deserter Insignia
Type: Quest
Undefined Fields: level, enchantmentId, deconstructionRecipeId

File: Item_6064631719986528372.json
Item ID: 6064631719986528372
Item Name: Ripped Page 1
Type: Quest
Undefined Fields: level, enchantmentId, deconstructionRecipeId

File: Item_6064631720005468277.json
Item ID: 6064631720005468277
Item Name: Worn Binder
Type: Quest
Undefined Fields: level, enchantmentId, deconstructionRecipeId

File: Item_6064631720014250102.json
Item ID: 6064631720014250102
Item Name: Minotaur Hide Word
Type: Quest
Undefined Fields: level, deconstructionRecipeId

File: Item_6064631720381710468.json
Item ID: 6064631720381710468
Item Name: Research Log
Type: Quest
Undefined Fields: level, enchantmentId, deconstructionRecipeId

File: Item_6064631726066040856.json
Item ID: 6064631726066040856
Item Name: Ripped Page 2
Type: Quest
Undefined Fields: level, enchantmentId, deconstructionRecipeId

File: Item_6064631726067286041.json
Item ID: 6064631726067286041
Item Name: Ripped Page 3
Type: Quest
Undefined Fields: level, enchantmentId, deconstructionRecipeId

File: Item_6064631726068662298.json
Item ID: 6064631726068662298
Item Name: Ripped Page 4
Type: Quest
Undefined Fields: level, enchantmentId, deconstructionRecipeId

File: Item_6064631742681907223.json
Item ID: 6064631742681907223
Item Name: The Stone Rose
Type: Quest
Undefined Fields: deconstructionRecipeId

File: Item_6064631746062188550.json
Item ID: 6064631746062188550
Item Name: Unknown
Type: Equipment
Undefined Fields: level, enchantmentId, deconstructionRecipeId

File: Item_6064631746144239636.json
Item ID: 6064631746144239636
Item Name: Salvaged Medical Supplies
Type: Quest
Undefined Fields: level, deconstructionRecipeId

File: Item_6064631746208202780.json
Item ID: 6064631746208202780
Item Name: Salvaged Scrap
Type: Quest
Undefined Fields: level, enchantmentId, deconstructionRecipeId

File: Item_6064631755179360683.json
Item ID: 6064631755179360683
Item Name: Lantern Lamp
Type: Quest
Undefined Fields: level, deconstructionRecipeId

File: Item_6064631759313043456.json
Item ID: 6064631759313043456
Item Name: Old Spyglass
Type: Quest
Undefined Fields: level, deconstructionRecipeId

File: Item_6064631759313240065.json
Item ID: 6064631759313240065
Item Name: Ship's Anchor
Type: Quest
Undefined Fields: deconstructionRecipeId

File: Item_6064631759313436674.json
Item ID: 6064631759313436674
Item Name: Ship's Chart
Type: Quest
Undefined Fields: level, deconstructionRecipeId

File: Item_6064631782179340292.json
Item ID: 6064631782179340292
Item Name: Limestone Basket Mold
Type: Material
Undefined Fields: deconstructionRecipeId

File: Item_6064631782180585477.json
Item ID: 6064631782180585477
Item Name: Wyrdstone Basket Mold
Type: Material
Undefined Fields: deconstructionRecipeId

File: Item_6064631782531335547.json
Item ID: 6064631782531335547
Item Name: Stone Tablet
Type: Quest
Undefined Fields: deconstructionRecipeId

File: Item_6064631793562092141.json
Item ID: 6064631793562092141
Item Name: Glimmering Ash
Type: Quest
Undefined Fields: level, deconstructionRecipeId

File: Item_6064631794079498501.json
Item ID: 6064631794079498501
Item Name: Necklace of Bludthunder
Type: Quest
Undefined Fields: deconstructionRecipeId

File: Item_6064631794204803099.json
Item ID: 6064631794204803099
Item Name: Eye Emblazoned Scroll
Type: Quest
Undefined Fields: deconstructionRecipeId

File: Item_6064631799251664906.json
Item ID: 6064631799251664906
Item Name: Translated Goblin Scroll
Type: Quest
Undefined Fields: deconstructionRecipeId

File: Item_6064631804848243285.json
Item ID: 6064631804848243285
Item Name: The Oubliette
Type: Quest
Undefined Fields: level, deconstructionRecipeId

File: Item_6064631868211527759.json
Item ID: 6064631868211527759
Item Name: Cultist Records
Type: Quest
Undefined Fields: deconstructionRecipeId

File: Item_6064631874140897311.json
Item ID: 6064631874140897311
Item Name: Hymn 7:7
Type: Quest
Undefined Fields: deconstructionRecipeId

File: Item_6064631874215739395.json
Item ID: 6064631874215739395
Item Name: Bear Bone
Type: Material
Undefined Fields: deconstructionRecipeId

File: Item_6064631874260697093.json
Item ID: 6064631874260697093
Item Name: Wolf Bones
Type: Material
Undefined Fields: deconstructionRecipeId

File: Item_6064631874263973894.json
Item ID: 6064631874263973894
Item Name: Raven Bone
Type: Material
Undefined Fields: deconstructionRecipeId

File: Item_6064631874273673223.json
Item ID: 6064631874273673223
Item Name: Bork Bone
Type: Material
Undefined Fields: deconstructionRecipeId

File: Item_6064631874282586120.json
Item ID: 6064631874282586120
Item Name: Skinwalker Bone
Type: Material
Undefined Fields: deconstructionRecipeId

File: Item_6064631874284093449.json
Item ID: 6064631874284093449
Item Name: Raptor Bone
Type: Material
Undefined Fields: deconstructionRecipeId

File: Item_6064631874288287754.json
Item ID: 6064631874288287754
Item Name: Gryphon Bone
Type: Material
Undefined Fields: deconstructionRecipeId

File: Item_6064631874289532939.json
Item ID: 6064631874289532939
Item Name: Wyrmling Bone
Type: Material
Undefined Fields: deconstructionRecipeId

File: Item_6064631874292613132.json
Item ID: 6064631874292613132
Item Name: Wyrmling Scale
Type: Material
Undefined Fields: deconstructionRecipeId

File: Item_6064631874295496717.json
Item ID: 6064631874295496717
Item Name: Raptor Scale
Type: Material
Undefined Fields: deconstructionRecipeId

File: Item_6064631874325315604.json
Item ID: 6064631874325315604
Item Name: Raven Feather
Type: Material
Undefined Fields: deconstructionRecipeId

File: Item_6064631874327150613.json
Item ID: 6064631874327150613
Item Name: Gryphon Feather
Type: Material
Undefined Fields: deconstructionRecipeId

File: Item_6064631874613608856.json
Item ID: 6064631874613608856
Item Name: Seeds of Prosperity
Type: Quest
Undefined Fields: level, deconstructionRecipeId

File: Item_6064631874615771545.json
Item ID: 6064631874615771545
Item Name: Tillerman's Watchful Eye
Type: Quest
Undefined Fields: level, deconstructionRecipeId

File: Item_6064631874616033690.json
Item ID: 6064631874616033690
Item Name: Salt of the Land
Type: Quest
Undefined Fields: level, deconstructionRecipeId

File: Item_6064631874616230299.json
Item ID: 6064631874616230299
Item Name: Essential Water
Type: Quest
Undefined Fields: deconstructionRecipeId

File: Item_6064631874741665832.json
Item ID: 6064631874741665832
Item Name: Site Reconcile
Type: Quest
Undefined Fields: deconstructionRecipeId

File: Item_6064631874773712987.json
Item ID: 6064631874773712987
Item Name: Gleaming Shortsword (Stolen)
Type: Equipment
Undefined Fields: deconstructionRecipeId

File: Item_6064631884219154458.json
Item ID: 6064631884219154458
Item Name: Hymn 7:8
Type: Quest
Undefined Fields: deconstructionRecipeId

File: Item_6064631884220923931.json
Item ID: 6064631884220923931
Item Name: Hymn 7:8 Section 1
Type: Quest
Undefined Fields: deconstructionRecipeId

File: Item_6064631884236062748.json
Item ID: 6064631884236062748
Item Name: Hymn 7:8 Section 2
Type: Quest
Undefined Fields: deconstructionRecipeId

File: Item_6064631884237701149.json
Item ID: 6064631884237701149
Item Name: Hymn 7:8 Section 3
Type: Quest
Undefined Fields: deconstructionRecipeId

File: Item_6064631884239142942.json
Item ID: 6064631884239142942
Item Name: Hymn 7:8 Section 4
Type: Quest
Undefined Fields: deconstructionRecipeId

File: Item_6064631884240453663.json
Item ID: 6064631884240453663
Item Name: Hymn 7:8 Section 5
Type: Quest
Undefined Fields: deconstructionRecipeId

File: Item_6064631884241829920.json
Item ID: 6064631884241829920
Item Name: Hymn 7:8 Section 6
Type: Quest
Undefined Fields: deconstructionRecipeId

File: Item_6064631884243075105.json
Item ID: 6064631884243075105
Item Name: Hymn 7:8 Section 7
Type: Quest
Undefined Fields: deconstructionRecipeId

File: Item_6064631884245237794.json
Item ID: 6064631884245237794
Item Name: Tome Binder
Type: Quest
Undefined Fields: deconstructionRecipeId

File: Item_6064631884259917859.json
Item ID: 6064631884259917859
Item Name: Strange Key
Type: Quest
Undefined Fields: level, deconstructionRecipeId

File: Item_6064631885034225664.json
Item ID: 6064631885034225664
Item Name: Pallas Cat
Type: Material
Undefined Fields: deconstructionRecipeId

File: Item_6064631885041565698.json
Item ID: 6064631885041565698
Item Name: Protectors Pride
Type: Material
Undefined Fields: deconstructionRecipeId

File: Item_6064631885107691521.json
Item ID: 6064631885107691521
Item Name: Skinwalker
Type: Material
Undefined Fields: deconstructionRecipeId

File: Item_6064631885109460994.json
Item ID: 6064631885109460994
Item Name: Terror Bird
Type: Material
Undefined Fields: deconstructionRecipeId

File: Item_6064631885112082435.json
Item ID: 6064631885112082435
Item Name: Tidesnapper
Type: Material
Undefined Fields: deconstructionRecipeId

File: Item_6064631885117915142.json
Item ID: 6064631885117915142
Item Name: Armored Raptor
Type: Material
Undefined Fields: deconstructionRecipeId

File: Item_6064631885143146506.json
Item ID: 6064631885143146506
Item Name: Shatterclaw
Type: Material
Undefined Fields: deconstructionRecipeId

File: Item_6064631885164380170.json
Item ID: 6064631885164380170
Item Name: Jagged Gravestone Rubble
Type: Quest
Undefined Fields: level, deconstructionRecipeId

File: Item_6064631885171916813.json
Item ID: 6064631885171916813
Item Name: Drake of the Canopy
Type: Material
Undefined Fields: deconstructionRecipeId

File: Item_6064631885176832014.json
Item ID: 6064631885176832014
Item Name: Gryphon
Type: Material
Undefined Fields: deconstructionRecipeId

File: Item_6064631885179912207.json
Item ID: 6064631885179912207
Item Name: Wyrmling
Type: Material
Undefined Fields: deconstructionRecipeId

File: Item_6064631885181943824.json
Item ID: 6064631885181943824
Item Name: Dawnbreaker
Type: Material
Undefined Fields: deconstructionRecipeId

File: Item_6064631885184696337.json
Item ID: 6064631885184696337
Item Name: Pridestrider
Type: Material
Undefined Fields: deconstructionRecipeId

File: Item_6064631885196361747.json
Item ID: 6064631885196361747
Item Name: Smooth Gravestone Rubble
Type: Quest
Undefined Fields: level, deconstructionRecipeId

File: Item_6064631885197213716.json
Item ID: 6064631885197213716
Item Name: Fractured Gravestone Rubble
Type: Quest
Undefined Fields: level, deconstructionRecipeId

File: Item_6064631885562773519.json
Item ID: 6064631885562773519
Item Name: Severed Arm
Type: Misc
Undefined Fields: deconstructionRecipeId

File: Item_6064631901944938808.json
Item ID: 6064631901944938808
Item Name: Automation Weapon
Type: Weapon
Undefined Fields: deconstructionRecipeId

File: Item_6064631907500752896.json
Item ID: 6064631907500752896
Item Name: Fate of the Blade Quest Bible
Type: Quest
Undefined Fields: level, deconstructionRecipeId

File: Item_6064631918908014630.json
Item ID: 6064631918908014630
Item Name: Tinkerer's Rosethorn Bracer
Type: Quest
Undefined Fields: deconstructionRecipeId

File: Item_6064631924644380679.json
Item ID: 6064631924644380679
Item Name: Purifier Skull
Type: Quest
Undefined Fields: deconstructionRecipeId

File: Item_6064631925291156255.json
Item ID: 6064631925291156255
Item Name: Tiny Scrap of Parchment
Type: Equipment
Undefined Fields: level, deconstructionRecipeId

File: Item_6064631940665245697.json
Item ID: 6064631940665245697
Item Name: Otter Bone
Type: Material
Undefined Fields: deconstructionRecipeId

File: Item_6064631940698406920.json
Item ID: 6064631940698406920
Item Name: Giant Bullywog Bone
Type: Material
Undefined Fields: deconstructionRecipeId

File: Item_6064631941542576149.json
Item ID: 6064631941542576149
Item Name: Brew Bear
Type: Material
Undefined Fields: deconstructionRecipeId

File: Item_6064631941966069782.json
Item ID: 6064631941966069782
Item Name: Riverdancer Otter
Type: Material
Undefined Fields: deconstructionRecipeId

File: Item_6064631941973016599.json
Item ID: 6064631941973016599
Item Name: Giant Bullywog
Type: Material
Undefined Fields: deconstructionRecipeId

File: Item_6064631942139346985.json
Item ID: 6064631942139346985
Item Name: Skinwalker Pup
Type: Material
Undefined Fields: deconstructionRecipeId

File: Item_6064631942160252970.json
Item ID: 6064631942160252970
Item Name: Pallas Kitten
Type: Material
Undefined Fields: deconstructionRecipeId

File: Item_6064631942165168171.json
Item ID: 6064631942165168171
Item Name: Brew Bear Cub
Type: Material
Undefined Fields: deconstructionRecipeId

File: Item_6064631942167855148.json
Item ID: 6064631942167855148
Item Name: Midnight Mare Foal
Type: Material
Undefined Fields: deconstructionRecipeId

File: Item_6064631942170738733.json
Item ID: 6064631942170738733
Item Name: Protector's Pride Cub
Type: Material
Undefined Fields: deconstructionRecipeId

File: Item_6064631942173491246.json
Item ID: 6064631942173491246
Item Name: Oath Bearer Cub
Type: Material
Undefined Fields: deconstructionRecipeId

File: Item_6064631942187647023.json
Item ID: 6064631942187647023
Item Name: Tidesnapper Hatchling
Type: Material
Undefined Fields: deconstructionRecipeId

File: Item_6064631942199246896.json
Item ID: 6064631942199246896
Item Name: Runic Steed Foal
Type: Material
Undefined Fields: deconstructionRecipeId

File: Item_6064631942201999409.json
Item ID: 6064631942201999409
Item Name: Obsidian Stallion Foal
Type: Material
Undefined Fields: deconstructionRecipeId

File: Item_6064631942205669426.json
Item ID: 6064631942205669426
Item Name: Armored Raptor Nestling
Type: Material
Undefined Fields: deconstructionRecipeId

File: Item_6064631942209601587.json
Item ID: 6064631942209601587
Item Name: Raptor Nestling
Type: Material
Undefined Fields: deconstructionRecipeId

File: Item_6064631942225068087.json
Item ID: 6064631942225068087
Item Name: Shatterclaw Pup
Type: Material
Undefined Fields: deconstructionRecipeId

File: Item_6064631942238699578.json
Item ID: 6064631942238699578
Item Name: Flailrunner Hatchling
Type: Material
Undefined Fields: deconstructionRecipeId

File: Item_6064631942240469051.json
Item ID: 6064631942240469051
Item Name: Drake Of The Canopy Hatchling
Type: Material
Undefined Fields: deconstructionRecipeId

File: Item_6064631942243811388.json
Item ID: 6064631942243811388
Item Name: Gryphon Hatchling
Type: Material
Undefined Fields: deconstructionRecipeId

File: Item_6064631942246498365.json
Item ID: 6064631942246498365
Item Name: Wyrmling Hatchling
Type: Material
Undefined Fields: deconstructionRecipeId

File: Item_6064631942248595518.json
Item ID: 6064631942248595518
Item Name: Dawnbreaker Cub
Type: Material
Undefined Fields: deconstructionRecipeId

File: Item_6064631942251085887.json
Item ID: 6064631942251085887
Item Name: Pridestrider Cub
Type: Material
Undefined Fields: deconstructionRecipeId

File: Item_6064631942252855360.json
Item ID: 6064631942252855360
Item Name: Riverdancer Otter Pup
Type: Material
Undefined Fields: deconstructionRecipeId

File: Item_6064631942256459841.json
Item ID: 6064631942256459841
Item Name: Giant Bullywog Tadpole
Type: Material
Undefined Fields: deconstructionRecipeId

File: Item_6064631942272712772.json
Item ID: 6064631942272712772
Item Name: Raptor
Type: Material
Undefined Fields: deconstructionRecipeId

File: Item_6064631946673651745.json
Item ID: 6064631946673651745
Item Name: Bork
Type: Material
Undefined Fields: deconstructionRecipeId

File: Item_6064631946694819876.json
Item ID: 6064631946694819876
Item Name: Bork Pup
Type: Material
Undefined Fields: deconstructionRecipeId

File: Item_6064631958865051655.json
Item ID: 6064631958865051655
Item Name: Sevrin's Journal
Type: Quest
Undefined Fields: deconstructionRecipeId

File: Item_6064631981434142720.json
Item ID: 6064631981434142720
Item Name: The Most Amazing Thing
Type: Misc
Undefined Fields: level, deconstructionRecipeId

File: Item_6064631985542070452.json
Item ID: 6064631985542070452
Item Name: Windchime Flute
Type: Misc
Undefined Fields: deconstructionRecipeId

File: Item_6064631986920685598.json
Item ID: 6064631986920685598
Item Name: Malted Wheat
Type: Material
Undefined Fields: deconstructionRecipeId

File: Item_6064631986923700255.json
Item ID: 6064631986923700255
Item Name: Malted Barley
Type: Material
Undefined Fields: deconstructionRecipeId

File: Item_6064631986926452768.json
Item ID: 6064631986926452768
Item Name: Malted Corn
Type: Material
Undefined Fields: deconstructionRecipeId

File: Item_6064632019996770304.json
Item ID: 6064632019996770304
Item Name: Enchanted Weapons
Type: Equipment
Undefined Fields: deconstructionRecipeId

File: Item_6064632020002537473.json
Item ID: 6064632020002537473
Item Name: Light Armor
Type: Equipment
Undefined Fields: deconstructionRecipeId

File: Item_6064632020035108866.json
Item ID: 6064632020035108866
Item Name: Enchanted Gemstone
Type: Equipment
Undefined Fields: deconstructionRecipeId

File: Item_6064632020043038723.json
Item ID: 6064632020043038723
Item Name: Magic Talisman
Type: Equipment
Undefined Fields: deconstructionRecipeId

File: Item_6064632020050247684.json
Item ID: 6064632020050247684
Item Name: Arcane Object
Type: Equipment
Undefined Fields: deconstructionRecipeId

File: Item_6064632020069646341.json
Item ID: 6064632020069646341
Item Name: Cotton Textiles
Type: Equipment
Undefined Fields: deconstructionRecipeId

File: Item_6064632020069974022.json
Item ID: 6064632020069974022
Item Name: Linen Textile
Type: Equipment
Undefined Fields: deconstructionRecipeId

File: Item_6064632020086751239.json
Item ID: 6064632020086751239
Item Name: Silver Jewelry
Type: Equipment
Undefined Fields: deconstructionRecipeId

File: Item_6064632020086947848.json
Item ID: 6064632020086947848
Item Name: Trinkets
Type: Equipment
Undefined Fields: deconstructionRecipeId

File: Item_6064632020096712713.json
Item ID: 6064632020096712713
Item Name: Wine
Type: Equipment
Undefined Fields: deconstructionRecipeId

File: Item_6064632020096909322.json
Item ID: 6064632020096909322
Item Name: Distilled Spirits
Type: Equipment
Undefined Fields: deconstructionRecipeId

File: Item_6064632020112179211.json
Item ID: 6064632020112179211
Item Name: Scrolls
Type: Equipment
Undefined Fields: deconstructionRecipeId

File: Item_6064632020112375820.json
Item ID: 6064632020112375820
Item Name: Tomes
Type: Equipment
Undefined Fields: deconstructionRecipeId

File: Item_6064632020154843149.json
Item ID: 6064632020154843149
Item Name: High Quality Furniture
Type: Equipment
Undefined Fields: deconstructionRecipeId

File: Item_6064632020493926414.json
Item ID: 6064632020493926414
Item Name: Exotic Foods
Type: Equipment
Undefined Fields: deconstructionRecipeId

File: Item_6064632037328879644.json
Item ID: 6064632037328879644
Item Name: The Orb of Ultimate Essence
Type: Quest
Undefined Fields: level, deconstructionRecipeId

File: Item_6064632055326441482.json
Item ID: 6064632055326441482
Item Name: Letter of Introduction
Type: Quest
Undefined Fields: level, deconstructionRecipeId

File: Item_6064632055679418374.json
Item ID: 6064632055679418374
Item Name: Unknown
Type: Equipment
Undefined Fields: level, deconstructionRecipeId

File: Item_6064632055679811591.json
Item ID: 6064632055679811591
Item Name: Unsigned Aid Permit
Type: Quest
Undefined Fields: level, deconstructionRecipeId

File: Item_6064632055718871051.json
Item ID: 6064632055718871051
Item Name: Signed Sponsorship Papers
Type: Quest
Undefined Fields: level, deconstructionRecipeId

File: Item_6064632066354577469.json
Item ID: 6064632066354577469
Item Name: Dusty Old Tome
Type: Quest
Undefined Fields: level, deconstructionRecipeId

File: Item_6064632083211616569.json
Item ID: 6064632083211616569
Item Name: Vial of Corrupted Blood
Type: Quest
Undefined Fields: deconstructionRecipeId

File: Item_6064632084360134790.json
Item ID: 6064632084360134790
Item Name: Greyshore Shipping Manifest
Type: Quest
Undefined Fields: deconstructionRecipeId

File: Item_6064632100166696996.json
Item ID: 6064632100166696996
Item Name: Seal of Moorling
Type: Quest
Undefined Fields: deconstructionRecipeId

File: Item_6064632100257398826.json
Item ID: 6064632100257398826
Item Name: Band of Matrimony
Type: Quest
Undefined Fields: deconstructionRecipeId

File: Item_6064632100695638043.json
Item ID: 6064632100695638043
Item Name: Heavy Black Paint
Type: Quest
Undefined Fields: deconstructionRecipeId

File: Item_6064632106314039905.json
Item ID: 6064632106314039905
Item Name: Decrypted Message
Type: Quest
Undefined Fields: deconstructionRecipeId

File: Item_6064632111719972875.json
Item ID: 6064632111719972875
Item Name: Gateway Medallion
Type: Quest
Undefined Fields: level, deconstructionRecipeId

File: Item_6064632144199680000.json
Item ID: 6064632144199680000
Item Name: Ode to Lenya
Type: Quest
Undefined Fields: deconstructionRecipeId

File: Item_6064632190149328899.json
Item ID: 6064632190149328899
Item Name: Blood-Soaked Bandages
Type: Quest
Undefined Fields: deconstructionRecipeId

File: Item_6064632190527602696.json
Item ID: 6064632190527602696
Item Name: Medical Supplies
Type: Quest
Undefined Fields: deconstructionRecipeId

File: Item_6064632196062838786.json
Item ID: 6064632196062838786
Item Name: Xander Strongbox
Type: Quest
Undefined Fields: deconstructionRecipeId

File: Item_6064632196779935710.json
Item ID: 6064632196779935710
Item Name: Goblin Rock Sack
Type: Quest
Undefined Fields: deconstructionRecipeId

File: Item_6064632201737601286.json
Item ID: 6064632201737601286
Item Name: Shaman Ritual Bile
Type: Quest
Undefined Fields: deconstructionRecipeId

File: Item_6064632203848384541.json
Item ID: 6064632203848384541
Item Name: Guild Creation Scroll
Type: Consumable
Undefined Fields: deconstructionRecipeId

File: Item_6064632204035031085.json
Item ID: 6064632204035031085
Item Name: Apprentice Guild War Declaration Scroll
Type: Consumable
Undefined Fields: deconstructionRecipeId

File: Item_6064632204038504494.json
Item ID: 6064632204038504494
Item Name: Journeyman Guild War Declaration Scroll
Type: Consumable
Undefined Fields: deconstructionRecipeId

File: Item_6064632204040077359.json
Item ID: 6064632204040077359
Item Name: Journeyman Guild War Declaration Scroll
Type: Consumable
Undefined Fields: deconstructionRecipeId

File: Item_6064632204040470576.json
Item ID: 6064632204040470576
Item Name: Journeyman Guild War Declaration Scroll
Type: Consumable
Undefined Fields: deconstructionRecipeId

File: Item_6064632218805929067.json
Item ID: 6064632218805929067
Item Name: Unknown
Type: Equipment
Undefined Fields: deconstructionRecipeId

File: Item_6064632218925072391.json
Item ID: 6064632218925072391
Item Name: Journeyman Fishing Bag
Type: Equipment
Undefined Fields: deconstructionRecipeId

File: Item_6064632218940932104.json
Item ID: 6064632218940932104
Item Name: Journeyman Fishing Bag
Type: Equipment
Undefined Fields: deconstructionRecipeId

File: Item_6064632218941784073.json
Item ID: 6064632218941784073
Item Name: Journeyman Fishing Bag
Type: Equipment
Undefined Fields: deconstructionRecipeId

File: Item_6064632218942832651.json
Item ID: 6064632218942832651
Item Name: Journeyman Fishing Bag
Type: Equipment
Undefined Fields: deconstructionRecipeId

File: Item_6064632219079147545.json
Item ID: 6064632219079147545
Item Name: Apprentice Hunting Bag
Type: Equipment
Undefined Fields: deconstructionRecipeId

File: Item_6064632219083866140.json
Item ID: 6064632219083866140
Item Name: Journeyman Hunting Bag
Type: Equipment
Undefined Fields: deconstructionRecipeId

File: Item_6064632219084062749.json
Item ID: 6064632219084062749
Item Name: Journeyman Hunting Bag
Type: Equipment
Undefined Fields: deconstructionRecipeId

File: Item_6064632219084390430.json
Item ID: 6064632219084390430
Item Name: Journeyman Hunting Bag
Type: Equipment
Undefined Fields: deconstructionRecipeId

File: Item_6064632219108704288.json
Item ID: 6064632219108704288
Item Name: Apprentice Lumberjacking Bag
Type: Equipment
Undefined Fields: deconstructionRecipeId

File: Item_6064632219186823170.json
Item ID: 6064632219186823170
Item Name: Apprentice Lumberjacking Bag
Type: Equipment
Undefined Fields: deconstructionRecipeId

File: Item_6064632219226406921.json
Item ID: 6064632219226406921
Item Name: Apprentice Herbalism Bag
Type: Equipment
Undefined Fields: deconstructionRecipeId

File: Item_6064632219226669066.json
Item ID: 6064632219226669066
Item Name: Journeyman Herbalism Bag
Type: Equipment
Undefined Fields: deconstructionRecipeId

File: Item_6064632219238989836.json
Item ID: 6064632219238989836
Item Name: Journeyman Herbalism Bag
Type: Equipment
Undefined Fields: deconstructionRecipeId

File: Item_6064632219240628237.json
Item ID: 6064632219240628237
Item Name: Journeyman Herbalism Bag
Type: Equipment
Undefined Fields: deconstructionRecipeId

File: Item_6064632219240890382.json
Item ID: 6064632219240890382
Item Name: Journeyman Herbalism Bag
Type: Equipment
Undefined Fields: deconstructionRecipeId

File: Item_6064632219241086991.json
Item ID: 6064632219241086991
Item Name: Journeyman Herbalism Bag
Type: Equipment
Undefined Fields: deconstructionRecipeId

File: Item_6064632219337424914.json
Item ID: 6064632219337424914
Item Name: Journeyman Lumberjacking Bag
Type: Equipment
Undefined Fields: deconstructionRecipeId

File: Item_6064632219337752595.json
Item ID: 6064632219337752595
Item Name: Journeyman Lumberjacking Bag
Type: Equipment
Undefined Fields: deconstructionRecipeId

File: Item_6064632219683192902.json
Item ID: 6064632219683192902
Item Name: Galen's Lock Box Key
Type: Quest
Undefined Fields: deconstructionRecipeId

File: Item_6064632224154320897.json
Item ID: 6064632224154320897
Item Name: Deer
Type: Material
Undefined Fields: deconstructionRecipeId

File: Item_6064632224192856069.json
Item ID: 6064632224192856069
Item Name: Riverlands Kirin
Type: Material
Undefined Fields: deconstructionRecipeId

File: Item_6064632224777568275.json
Item ID: 6064632224777568275
Item Name: Map of Warhelm Sites
Type: Quest
Undefined Fields: deconstructionRecipeId

File: Item_6064632225013366824.json
Item ID: 6064632225013366824
Item Name: Galen's Tackle Bag
Type: Equipment
Undefined Fields: deconstructionRecipeId

File: Item_6064632225110622649.json
Item ID: 6064632225110622649
Item Name: Crystal Bundle
Type: Quest
Undefined Fields: deconstructionRecipeId

File: Item_6064632226101133358.json
Item ID: 6064632226101133358
Item Name: Bundled Snowdrop Powder
Type: Quest
Undefined Fields: deconstructionRecipeId

File: Item_6064632229844549655.json
Item ID: 6064632229844549655
Item Name: Mothers Aloe
Type: Quest
Undefined Fields: deconstructionRecipeId

File: Item_6064632229860540440.json
Item ID: 6064632229860540440
Item Name: Cursed Bone Fragments
Type: Misc
Undefined Fields: deconstructionRecipeId

File: Item_6064632229884395545.json
Item ID: 6064632229884395545
Item Name: Oil of Seventh Sight
Type: Quest
Undefined Fields: deconstructionRecipeId

File: Item_6064632229986894424.json
Item ID: 6064632229986894424
Item Name: Crystal Bundle
Type: Quest
Undefined Fields: deconstructionRecipeId

File: Item_6064632230509346915.json
Item ID: 6064632230509346915
Item Name: Tattered Note
Type: Quest
Undefined Fields: deconstructionRecipeId

File: Item_6064632230749953811.json
Item ID: 6064632230749953811
Item Name: Apprentice Crowbar
Type: Equipment
Undefined Fields: deconstructionRecipeId

File: Item_6064632230750084884.json
Item ID: 6064632230750084884
Item Name: Journeyman Crowbar
Type: Equipment
Undefined Fields: deconstructionRecipeId

File: Item_6064632253827383296.json
Item ID: 6064632253827383296
Item Name: Tidebreaker
Type: Material
Undefined Fields: deconstructionRecipeId

File: Item_6064632253908779008.json
Item ID: 6064632253908779008
Item Name: Shoalskipper
Type: Material
Undefined Fields: deconstructionRecipeId

File: Item_6064632254128128000.json
Item ID: 6064632254128128000
Item Name: Verdant Voyager
Type: Material
Undefined Fields: deconstructionRecipeId

File: Item_6064632259417210883.json
Item ID: 6064632259417210883
Item Name: A Strange Key
Type: Quest
Undefined Fields: deconstructionRecipeId

File: Item_6064632259580002314.json
Item ID: 6064632259580002314
Item Name: Sevrin's Locked Journal
Type: Quest
Undefined Fields: deconstructionRecipeId

File: Item_6064632264728054324.json
Item ID: 6064632264728054324
Item Name: Greatest Pyrian Jokes
Type: Quest
Undefined Fields: deconstructionRecipeId

File: Item_6064632265773547524.json
Item ID: 6064632265773547524
Item Name: Wrecked Caravan Crate
Type: Misc
Undefined Fields: deconstructionRecipeId

File: Item_6064632269068699878.json
Item ID: 6064632269068699878
Item Name: Golgoric Choker
Type: Quest
Undefined Fields: deconstructionRecipeId

File: Item_6064632269984631779.json
Item ID: 6064632269984631779
Item Name: Purification Powder
Type: Quest
Undefined Fields: deconstructionRecipeId

File: Item_6064632280988712980.json
Item ID: 6064632280988712980
Item Name: Goblin Ear Tickler
Type: Quest
Undefined Fields: deconstructionRecipeId

File: Item_6064632282730856468.json
Item ID: 6064632282730856468
Item Name: Greyshore Transporters' Bag
Type: Equipment
Undefined Fields: deconstructionRecipeId

File: Item_6064632287061213198.json
Item ID: 6064632287061213198
Item Name: Lumber Storage
Type: Equipment
Undefined Fields: deconstructionRecipeId

File: Item_6064632287126421549.json
Item ID: 6064632287126421549
Item Name: Mining Storage
Type: Equipment
Undefined Fields: deconstructionRecipeId

File: Item_6064632287135858735.json
Item ID: 6064632287135858735
Item Name: Herbalism Storage
Type: Equipment
Undefined Fields: deconstructionRecipeId

File: Item_6064632287140839473.json
Item ID: 6064632287140839473
Item Name: Hunting Storage
Type: Equipment
Undefined Fields: deconstructionRecipeId

File: Item_6064632287155519539.json
Item ID: 6064632287155519539
Item Name: Fishing Storage
Type: Equipment
Undefined Fields: deconstructionRecipeId

File: Item_6064632287180030004.json
Item ID: 6064632287180030004
Item Name: General Storage
Type: Equipment
Undefined Fields: deconstructionRecipeId

File: Item_6064632303656566784.json
Item ID: 6064632303656566784
Item Name: Goblin Explosive
Type: Quest
Undefined Fields: deconstructionRecipeId

File: Item_6064632303668363265.json
Item ID: 6064632303668363265
Item Name: Ancient Splinter
Type: Quest
Undefined Fields: deconstructionRecipeId

File: Item_6064632304019701775.json
Item ID: 6064632304019701775
Item Name: Shining Gateway Medallion
Type: Quest
Undefined Fields: deconstructionRecipeId

File: Item_6064632310909829124.json
Item ID: 6064632310909829124
Item Name: Oozing Goblin Hand
Type: Quest
Undefined Fields: deconstructionRecipeId

File: Item_6064632343828103176.json
Item ID: 6064632343828103176
Item Name: EXPERIMENTAL Novice Guild War Declaration Scroll
Type: Consumable
Undefined Fields: deconstructionRecipeId

File: Item_6064632353697628161.json
Item ID: 6064632353697628161
Item Name: Sealed Message
Type: Quest
Undefined Fields: deconstructionRecipeId

File: Item_6064632353716764676.json
Item ID: 6064632353716764676
Item Name: Unsealed Message
Type: Quest
Undefined Fields: deconstructionRecipeId

File: Item_6064632355600924699.json
Item ID: 6064632355600924699
Item Name: Stale Snowdrop Powder
Type: Material
Undefined Fields: deconstructionRecipeId

File: Item_6064632383594889292.json
Item ID: 6064632383594889292
Item Name: Weathered Scroll
Type: Quest
Undefined Fields: deconstructionRecipeId

File: Item_6064632433513725955.json
Item ID: 6064632433513725955
Item Name: Stuffed Dawnbreaker
Type: Quest
Undefined Fields: deconstructionRecipeId

File: Item_6064632451394830342.json
Item ID: 6064632451394830342
Item Name: Heirloom Hope Chest
Type: Quest
Undefined Fields: deconstructionRecipeId

File: Item_6064632451395026951.json
Item ID: 6064632451395026951
Item Name: Signet Ring
Type: Quest
Undefined Fields: deconstructionRecipeId

File: Item_6064632451395223560.json
Item ID: 6064632451395223560
Item Name: Bundle of Letters
Type: Quest
Undefined Fields: deconstructionRecipeId

File: Item_6064632451610247177.json
Item ID: 6064632451610247177
Item Name: An apricot-wood spicerack
Type: Quest
Undefined Fields: deconstructionRecipeId

File: Item_6064632451610443786.json
Item ID: 6064632451610443786
Item Name: Songs of the Sands
Type: Quest
Undefined Fields: deconstructionRecipeId

File: Item_6064632451610574859.json
Item ID: 6064632451610574859
Item Name: Carven Flute
Type: Quest
Undefined Fields: deconstructionRecipeId

File: Item_6064632451610705932.json
Item ID: 6064632451610705932
Item Name: Silver Vanity Compact
Type: Quest
Undefined Fields: deconstructionRecipeId

File: Item_6064632451833397261.json
Item ID: 6064632451833397261
Item Name: Heartwood Icon of Vyra
Type: Quest
Undefined Fields: deconstructionRecipeId

File: Item_6064632451833528334.json
Item ID: 6064632451833528334
Item Name: Trophy of Performance
Type: Quest
Undefined Fields: deconstructionRecipeId

File: Item_6064632451833724943.json
Item ID: 6064632451833724943
Item Name: Vaelune Snuffbox
Type: Quest
Undefined Fields: deconstructionRecipeId

File: Item_6064632451833856016.json
Item ID: 6064632451833856016
Item Name: Embroidered Pillow
Type: Quest
Undefined Fields: deconstructionRecipeId

File: Item_6064632500964687876.json
Item ID: 6064632500964687876
Item Name: Oath of the Kyronic Order
Type: Misc
Undefined Fields: deconstructionRecipeId

File: Item_6064632507063861281.json
Item ID: 6064632507063861281
Item Name: Court of Cloaks Key
Type: Quest
Undefined Fields: deconstructionRecipeId

File: Item_6064632517858689245.json
Item ID: 6064632517858689245
Item Name: Vaelune Scholar's Notes
Type: Quest
Undefined Fields: deconstructionRecipeId

File: Item_6064632536441356304.json
Item ID: 6064632536441356304
Item Name: Bloody Oil
Type: Quest
Undefined Fields: deconstructionRecipeId

File: Item_6064632536449941521.json
Item ID: 6064632536449941521
Item Name: Chomper's Collar
Type: Quest
Undefined Fields: deconstructionRecipeId

File: Item_6064632557898629146.json
Item ID: 6064632557898629146
Item Name: Star of the Undying
Type: Quest
Undefined Fields: deconstructionRecipeId

File: Item_6064632559213936678.json
Item ID: 6064632559213936678
Item Name: My Pet Rock
Type: Quest
Undefined Fields: deconstructionRecipeId

File: Item_6064632575185911811.json
Item ID: 6064632575185911811
Item Name: Spare Wagon Wheel
Type: Quest
Undefined Fields: deconstructionRecipeId

File: Item_6064632575198101508.json
Item ID: 6064632575198101508
Item Name: Wagon Jack
Type: Quest
Undefined Fields: deconstructionRecipeId

File: Item_6064632575204655109.json
Item ID: 6064632575204655109
Item Name: Wagon Spanner
Type: Quest
Undefined Fields: deconstructionRecipeId

File: Item_6064632580934336514.json
Item ID: 6064632580934336514
Item Name: A (Test) Treasure Map
Type: Misc
Undefined Fields: deconstructionRecipeId

File: Item_6064632580968288242.json
Item ID: 6064632580968288242
Item Name: The Skull of Uulorian
Type: Quest
Undefined Fields: deconstructionRecipeId

File: Item_6064632580996403187.json
Item ID: 6064632580996403187
Item Name: The Skull of Kal'Toka
Type: Quest
Undefined Fields: deconstructionRecipeId

File: Item_6064632581004201972.json
Item ID: 6064632581004201972
Item Name: The Skull of Meldrin
Type: Quest
Undefined Fields: deconstructionRecipeId

File: Item_6064632581013770229.json
Item ID: 6064632581013770229
Item Name: The Skull of Larisia
Type: Quest
Undefined Fields: deconstructionRecipeId

File: Item_6064632581020520438.json
Item ID: 6064632581020520438
Item Name: The Skull of Gruun
Type: Quest
Undefined Fields: deconstructionRecipeId

File: Item_6064632581026877431.json
Item ID: 6064632581026877431
Item Name: The Skull of Moonsunder
Type: Quest
Undefined Fields: deconstructionRecipeId

File: Item_6064632581030612984.json
Item ID: 6064632581030612984
Item Name: The Skull of Varsool
Type: Quest
Undefined Fields: deconstructionRecipeId

File: Item_6064632581038280697.json
Item ID: 6064632581038280697
Item Name: The Skull of Ozzwind
Type: Quest
Undefined Fields: deconstructionRecipeId

File: Item_6064632581044441082.json
Item ID: 6064632581044441082
Item Name: The Skull of Tuu'Toloch
Type: Quest
Undefined Fields: deconstructionRecipeId

File: Item_6064632581054599163.json
Item ID: 6064632581054599163
Item Name: The Skull of Munch
Type: Quest
Undefined Fields: deconstructionRecipeId

File: Item_6064632582865289219.json
Item ID: 6064632582865289219
Item Name: Curio Coin
Type: All
Undefined Fields: deconstructionRecipeId

File: Item_6064632591854207100.json
Item ID: 6064632591854207100
Item Name: Cider Cask
Type: Misc
Undefined Fields: deconstructionRecipeId

File: Item_6064632616196571941.json
Item ID: 6064632616196571941
Item Name: Guild War Scroll of Experience
Type: Consumable
Undefined Fields: deconstructionRecipeId

File: Item_6064632620892880896.json
Item ID: 6064632620892880896
Item Name: Guild War Glint Chest
Type: Consumable
Undefined Fields: deconstructionRecipeId

File: Item_6064632621793083427.json
Item ID: 6064632621793083427
Item Name: Guild War Glint Chest
Type: Consumable
Undefined Fields: deconstructionRecipeId

File: Item_6064632621793280036.json
Item ID: 6064632621793280036
Item Name: Guild War Glint Chest
Type: Consumable
Undefined Fields: deconstructionRecipeId

File: Item_6064632621793411109.json
Item ID: 6064632621793411109
Item Name: Guild War Glint Chest
Type: Consumable
Undefined Fields: deconstructionRecipeId

File: Item_6064632621793607718.json
Item ID: 6064632621793607718
Item Name: Guild War Glint Chest
Type: Consumable
Undefined Fields: deconstructionRecipeId

File: Item_6064632621793804327.json
Item ID: 6064632621793804327
Item Name: Guild War Glint Chest
Type: Consumable
Undefined Fields: deconstructionRecipeId

File: Item_6064632621802848296.json
Item ID: 6064632621802848296
Item Name: Guild War Scroll of Experience
Type: Consumable
Undefined Fields: deconstructionRecipeId

File: Item_6064632621802979369.json
Item ID: 6064632621802979369
Item Name: Guild War Scroll of Experience
Type: Consumable
Undefined Fields: deconstructionRecipeId

File: Item_6064632621803175978.json
Item ID: 6064632621803175978
Item Name: Guild War Scroll of Experience
Type: Consumable
Undefined Fields: deconstructionRecipeId

File: Item_6064632621803241515.json
Item ID: 6064632621803241515
Item Name: Guild War Scroll of Experience
Type: Consumable
Undefined Fields: deconstructionRecipeId

File: Item_6064632621803438124.json
Item ID: 6064632621803438124
Item Name: Guild War Scroll of Experience
Type: Consumable
Undefined Fields: deconstructionRecipeId

File: Item_6064632621876248637.json
Item ID: 6064632621876248637
Item Name: Guild War Consumable Bag
Type: Consumable
Undefined Fields: deconstructionRecipeId

File: Item_6064632621891059774.json
Item ID: 6064632621891059774
Item Name: Guild War Consumable Bag
Type: Consumable
Undefined Fields: deconstructionRecipeId

File: Item_6064632621891321919.json
Item ID: 6064632621891321919
Item Name: Guild War Consumable Bag
Type: Consumable
Undefined Fields: deconstructionRecipeId

File: Item_6064632621891584064.json
Item ID: 6064632621891584064
Item Name: Guild War Consumable Bag
Type: Consumable
Undefined Fields: deconstructionRecipeId

File: Item_6064632621891846209.json
Item ID: 6064632621891846209
Item Name: Guild War Consumable Bag
Type: Consumable
Undefined Fields: deconstructionRecipeId

File: Item_6064632621892042818.json
Item ID: 6064632621892042818
Item Name: Guild War Consumable Bag
Type: Consumable
Undefined Fields: deconstructionRecipeId

File: Item_6064632654774927360.json
Item ID: 6064632654774927360
Item Name: Small Gold Pouch
Type: Equipment
Undefined Fields: deconstructionRecipeId

File: Item_6064632655288402037.json
Item ID: 6064632655288402037
Item Name: Swordsmen Remains
Type: Quest
Undefined Fields: deconstructionRecipeId

File: Item_6064632660669366279.json
Item ID: 6064632660669366279
Item Name: Small Gold Pouch
Type: Equipment
Undefined Fields: deconstructionRecipeId

File: Item_6064632660669562888.json
Item ID: 6064632660669562888
Item Name: Small Gold Pouch
Type: Equipment
Undefined Fields: deconstructionRecipeId

File: Item_6064632660669693961.json
Item ID: 6064632660669693961
Item Name: Small Gold Pouch
Type: Equipment
Undefined Fields: deconstructionRecipeId

File: Item_6064632660669825034.json
Item ID: 6064632660669825034
Item Name: Small Gold Pouch
Type: Equipment
Undefined Fields: deconstructionRecipeId

File: Item_6064632660669956107.json
Item ID: 6064632660669956107
Item Name: Small Gold Pouch
Type: Equipment
Undefined Fields: deconstructionRecipeId

File: Item_6064632660670283788.json
Item ID: 6064632660670283788
Item Name: Small Gold Pouch
Type: Equipment
Undefined Fields: deconstructionRecipeId

File: Item_6064632699348980236.json
Item ID: 6064632699348980236
Item Name: Merchant's Diary
Type: Quest
Undefined Fields: deconstructionRecipeId

File: Item_6064632699354485548.json
Item ID: 6064632699354485548
Item Name: Ashen Flame Orders
Type: Quest
Undefined Fields: deconstructionRecipeId

File: Item_6064632699358614317.json
Item ID: 6064632699358614317
Item Name: Horn of the Great Herd
Type: Quest
Undefined Fields: deconstructionRecipeId

File: Item_6064632699500434222.json
Item ID: 6064632699500434222
Item Name: Ashen Flame Plans
Type: Quest
Undefined Fields: deconstructionRecipeId

File: Item_6064632699939328815.json
Item ID: 6064632699939328815
Item Name: Cursed Horn of the Great Herd
Type: Quest
Undefined Fields: deconstructionRecipeId

File: Item_6064632700239745890.json
Item ID: 6064632700239745890
Item Name: Elixir of Spirits
Type: Quest
Undefined Fields: deconstructionRecipeId

File: Item_6064632700245578595.json
Item ID: 6064632700245578595
Item Name: Deathwhisper Cap
Type: Quest
Undefined Fields: deconstructionRecipeId

File: Item_6064632700246889316.json
Item ID: 6064632700246889316
Item Name: Ebonthread Silk
Type: Quest
Undefined Fields: deconstructionRecipeId

File: Item_6064632700248068965.json
Item ID: 6064632700248068965
Item Name: Solvanna Root
Type: Quest
Undefined Fields: deconstructionRecipeId

File: Item_6064632700248986470.json
Item ID: 6064632700248986470
Item Name: Old Tribal Bone Flute
Type: Quest
Undefined Fields: deconstructionRecipeId

File: Item_6064632700250362727.json
Item ID: 6064632700250362727
Item Name: Rite of Purification
Type: Quest
Undefined Fields: deconstructionRecipeId

File: Item_6064632700272186216.json
Item ID: 6064632700272186216
Item Name: Horn of the Great Herd
Type: Quest
Undefined Fields: deconstructionRecipeId

File: Item_6064632700682176116.json
Item ID: 6064632700682176116
Item Name: Buckler Shot
Type: Misc
Undefined Fields: deconstructionRecipeId

File: Item_6064632706301755899.json
Item ID: 6064632706301755899
Item Name: Cargo Manifest
Type: Quest
Undefined Fields: deconstructionRecipeId

File: Item_6064632706491547653.json
Item ID: 6064632706491547653
Item Name: Pamphlet: 'Our Family Fights!'
Type: Quest
Undefined Fields: deconstructionRecipeId

File: Item_6064632710680739868.json
Item ID: 6064632710680739868
Item Name: Archaeology Tools
Type: Quest
Undefined Fields: deconstructionRecipeId

File: Item_6064632711139229847.json
Item ID: 6064632711139229847
Item Name: Useless Junk
Type: Misc
Undefined Fields: deconstructionRecipeId

File: Item_6064632717785825284.json
Item ID: 6064632717785825284
Item Name: Slagbreaker's Mining Bag
Type: Equipment
Undefined Fields: deconstructionRecipeId

File: Item_6064632745595830510.json
Item ID: 6064632745595830510
Item Name: The Eye of Esh
Type: Quest
Undefined Fields: deconstructionRecipeId

File: Item_6064632750367113226.json
Item ID: 6064632750367113226
Item Name: Dagger of Penance
Type: Misc
Undefined Fields: deconstructionRecipeId

File: Item_6064632756817035298.json
Item ID: 6064632756817035298
Item Name: Recovered Vaelune Artifact
Type: Quest
Undefined Fields: deconstructionRecipeId

File: Item_6064632756821295139.json
Item ID: 6064632756821295139
Item Name: Weathered Hardbound Journal
Type: Quest
Undefined Fields: deconstructionRecipeId

File: Item_6064632767865225265.json
Item ID: 6064632767865225265
Item Name: Stringy Wolf Meat
Type: Quest
Undefined Fields: deconstructionRecipeId

File: Item_6064632774635683852.json
Item ID: 6064632774635683852
Item Name: Key to the Honorsworn
Type: Quest
Undefined Fields: deconstructionRecipeId

File: Item_6064632774665371663.json
Item ID: 6064632774665371663
Item Name: Key to the Honorsworn
Type: Quest
Undefined Fields: deconstructionRecipeId

File: Item_6064632775547813924.json
Item ID: 6064632775547813924
Item Name: Key to the Honorsworn
Type: Quest
Undefined Fields: deconstructionRecipeId

File: Item_6064632775609221157.json
Item ID: 6064632775609221157
Item Name: Key to the Honorsworn
Type: Quest
Undefined Fields: deconstructionRecipeId

File: Item_6064632775615709222.json
Item ID: 6064632775615709222
Item Name: Key to the Honorsworn
Type: Quest
Undefined Fields: deconstructionRecipeId

File: Item_6064632775624556583.json
Item ID: 6064632775624556583
Item Name: Key to the Honorsworn
Type: Quest
Undefined Fields: deconstructionRecipeId

File: Item_6064632780421070849.json
Item ID: 6064632780421070849
Item Name: Siege Banner Pole
Type: Material
Undefined Fields: deconstructionRecipeId

File: Item_6064632784134209536.json
Item ID: 6064632784134209536
Item Name: Spindlevine Seed
Type: Material
Undefined Fields: deconstructionRecipeId

File: Item_6064632784196075521.json
Item ID: 6064632784196075521
Item Name: Daffodil Seed
Type: Material
Undefined Fields: deconstructionRecipeId

File: Item_6064632784199548930.json
Item ID: 6064632784199548930
Item Name: Snowdrop Seed
Type: Material
Undefined Fields: deconstructionRecipeId

File: Item_6064632784205709315.json
Item ID: 6064632784205709315
Item Name: Gloomy Pross Seed
Type: Material
Undefined Fields: deconstructionRecipeId

File: Item_6064632784208265220.json
Item ID: 6064632784208265220
Item Name: Grave Lily Seed
Type: Material
Undefined Fields: deconstructionRecipeId

File: Item_6064632784212983813.json
Item ID: 6064632784212983813
Item Name: Giant Bluebell Seed
Type: Material
Undefined Fields: deconstructionRecipeId

File: Item_6064632784215539718.json
Item ID: 6064632784215539718
Item Name: Weeping Willow Seed
Type: Material
Undefined Fields: deconstructionRecipeId

File: Item_6064632936843051008.json
Item ID: 6064632936843051008
Item Name: Dynasty Beetle
Type: Material
Undefined Fields: deconstructionRecipeId

File: Item_6064632937104670721.json
Item ID: 6064632937104670721
Item Name: Hippo
Type: Material
Undefined Fields: deconstructionRecipeId

File: Item_6064632937134751748.json
Item ID: 6064632937134751748
Item Name: Bonestrider
Type: Material
Undefined Fields: deconstructionRecipeId

File: Item_6064632944241675732.json
Item ID: 6064632944241675732
Item Name: Unknown
Type: Equipment
Undefined Fields: deconstructionRecipeId

File: Item_6064632944245804502.json
Item ID: 6064632944245804502
Item Name: Amber Fossil
Type: Quest
Undefined Fields: deconstructionRecipeId

File: Item_6064632982478066058.json
Item ID: 6064632982478066058
Item Name: Siege Sandals
Type: Material
Undefined Fields: deconstructionRecipeId

File: Item_6064632989547430109.json
Item ID: 6064632989547430109
Item Name: Heartwood Seed
Type: Equipment
Undefined Fields: deconstructionRecipeId

File: Item_6064632989770776680.json
Item ID: 6064632989770776680
Item Name: Scorpion Carapace
Type: Material
Undefined Fields: deconstructionRecipeId

File: Item_6064632989774643305.json
Item ID: 6064632989774643305
Item Name: Giant Beetle Carapace
Type: Material
Undefined Fields: deconstructionRecipeId

File: Item_6064632989780607083.json
Item ID: 6064632989780607083
Item Name: Hippo Bone
Type: Material
Undefined Fields: deconstructionRecipeId

File: Item_6064632989784932461.json
Item ID: 6064632989784932461
Item Name: Daystrider Mule Bone
Type: Material
Undefined Fields: deconstructionRecipeId

File: Item_6064632989793124463.json
Item ID: 6064632989793124463
Item Name: Crocodile Bone
Type: Material
Undefined Fields: deconstructionRecipeId

File: Item_6064632989795680368.json
Item ID: 6064632989795680368
Item Name: Crocodile Scale
Type: Material
Undefined Fields: deconstructionRecipeId

File: Item_6064632991360221252.json
Item ID: 6064632991360221252
Item Name: Poppy Seed
Type: Material
Undefined Fields: deconstructionRecipeId

File: Item_6064632991362842693.json
Item ID: 6064632991362842693
Item Name: Agave Seed
Type: Material
Undefined Fields: deconstructionRecipeId

File: Item_6064632991364939846.json
Item ID: 6064632991364939846
Item Name: Acacia Seed
Type: Material
Undefined Fields: deconstructionRecipeId

File: Item_6064632991366512711.json
Item ID: 6064632991366512711
Item Name: Date Palm Seed
Type: Material
Undefined Fields: deconstructionRecipeId

File: Item_6064632991368740936.json
Item ID: 6064632991368740936
Item Name: Saguaro Cactus Seed
Type: Material
Undefined Fields: deconstructionRecipeId

File: Item_6064632991371100233.json
Item ID: 6064632991371100233
Item Name: Paintbrush Seed
Type: Material
Undefined Fields: deconstructionRecipeId

File: Item_6064633011572178944.json
Item ID: 6064633011572178944
Item Name: Stolen Ingot
Type: Quest
Undefined Fields: deconstructionRecipeId

File: Item_6064633017398329425.json
Item ID: 6064633017398329425
Item Name: Rubbing Parchment
Type: Quest
Undefined Fields: deconstructionRecipeId

File: Item_6064633017421791314.json
Item ID: 6064633017421791314
Item Name: Rubbing of the Pillars of Al'Ashal
Type: Quest
Undefined Fields: deconstructionRecipeId

File: Item_6064633062030573571.json
Item ID: 6064633062030573571
Item Name: Quest Inventory Item
Type: Quest
Undefined Fields: deconstructionRecipeId

File: Item_6064633062080446470.json
Item ID: 6064633062080446470
Item Name: Resource Inventory Item
Type: Material
Undefined Fields: deconstructionRecipeId

File: Item_6064633062088179721.json
Item ID: 6064633062088179721
Item Name: Backpack Inventory Item
Type: Misc
Undefined Fields: deconstructionRecipeId

File: Item_6064633063059358924.json
Item ID: 6064633063059358924
Item Name: XP Juice
Type: Consumable
Undefined Fields: deconstructionRecipeId

File: Item_6064633067028217859.json
Item ID: 6064633067028217859
Item Name: Forgelord's Mining Pouch
Type: Equipment
Undefined Fields: deconstructionRecipeId

File: Item_6064633068387762222.json
Item ID: 6064633068387762222
Item Name: Temporary Reagent
Type: Quest
Undefined Fields: deconstructionRecipeId

