{
	"areaDefinitions": [
		{
			"center":
			{
				"x": 400865.33546890365,
				"y": -125429.84247582592,
				"z": 838.99173330059784
			},
			"extent": 1500,
			"weight": 1
		}
	],
	"minNumSpawns": 3,
	"maxNumSpawns": 3,
	"forceRespawnNumSpawns": 0,
	"guid": "6064632191690539010",
	"name": "PopArea_Wilderness_DenL8_Wolf02",
	"typeId": "5171420"
}