{
	"areaDefinitions": [
		{
			"center":
			{
				"x": 68939.033190754126,
				"y": -43787.297859787359,
				"z": 3914.86174834956
			},
			"extent": 12000,
			"weight": 1
		}
	],
	"minNumSpawns": 6,
	"maxNumSpawns": 12,
	"forceRespawnNumSpawns": 0,
	"guid": "6064631901557227541",
	"name": "PopArea_Gravepeak_East_Wilderness_WolfGryphon",
	"typeId": "5171420"
}