{
	"areaDefinitions": [
		{
			"center":
			{
				"x": -19465.933580855606,
				"y": -66564.820529219927,
				"z": 1776.4378147245206
			},
			"extent": 1000,
			"weight": 1
		}
	],
	"minNumSpawns": 6,
	"maxNumSpawns": 6,
	"forceRespawnNumSpawns": 0,
	"guid": "6064631504907468820",
	"name": "PopArea_Wilderness_Sephillion_North_02_Goblins_02",
	"typeId": "5171420"
}