{
	"areaDefinitions": [
		{
			"center":
			{
				"x": 31717.56270818878,
				"y": 21716.009210688528,
				"z": 7413.1854569159768
			},
			"extent": 10000,
			"weight": 1
		},
		{
			"center":
			{
				"x": 23307.56270818878,
				"y": 38826.009210688528,
				"z": 6793.1854569159768
			},
			"extent": 10000,
			"weight": 1
		},
		{
			"center":
			{
				"x": 9127.5627081887797,
				"y": 57926.009210688528,
				"z": 2293.1854569159768
			},
			"extent": 10000,
			"weight": 1
		}
	],
	"minNumSpawns": 40,
	"maxNumSpawns": 40,
	"forceRespawnNumSpawns": 0,
	"guid": "6064631528428797953",
	"name": "PopulationArea_6064631528428797953",
	"typeId": "5171420"
}