{
	"areaDefinitions": [
		{
			"center":
			{
				"x": 42432.146987000015,
				"y": -50773.505568000022,
				"z": -3907.0223999999998
			},
			"extent": 18000,
			"weight": 1
		}
	],
	"minNumSpawns": 1,
	"maxNumSpawns": 50,
	"forceRespawnNumSpawns": 1,
	"guid": "6064633027402072124",
	"name": "PopArea_RVR_Wilderness_Befallen_Forge_Bullywog_Otter01",
	"typeId": "5171420"
}