{
	"areaDefinitions": [
		{
			"center":
			{
				"x": -2101.8453405268956,
				"y": -5153.0978552734014,
				"z": -179.20223312356393
			},
			"extent": 4000,
			"weight": 1
		}
	],
	"minNumSpawns": 1,
	"maxNumSpawns": 1,
	"forceRespawnNumSpawns": 0,
	"guid": "6064631087013822493",
	"name": "PopulationArea_6064631087013822493",
	"typeId": "5171420"
}