{
	"areaDefinitions": [
		{
			"center":
			{
				"x": -13528.086302923621,
				"y": 79519.365694547538,
				"z": -717.54046307655881
			},
			"extent": 4000,
			"weight": 1
		},
		{
			"center":
			{
				"x": 0,
				"y": 7770,
				"z": 0
			},
			"extent": 0,
			"weight": 1
		}
	],
	"minNumSpawns": 6,
	"maxNumSpawns": 6,
	"forceRespawnNumSpawns": 0,
	"guid": "6064631645510696986",
	"name": "PopArea_WreckageCarphin_Right_Wilderness_HauntCrytalGolem",
	"typeId": "5171420"
}