{
	"areaDefinitions": [
		{
			"center":
			{
				"x": -913243.8540971257,
				"y": 412952.85068440781,
				"z": 12404.954679005634
			},
			"extent": 2000,
			"weight": 1
		}
	],
	"minNumSpawns": 1,
	"maxNumSpawns": 2,
	"forceRespawnNumSpawns": 0,
	"guid": "6064632723460456886",
	"name": "PopulationArea_RVR_CSQ_0112_EotGH_ZinjalasCamp3",
	"typeId": "5171420"
}