{
	"areaDefinitions": [
		{
			"center":
			{
				"x": 12987.262195755844,
				"y": -10221.777866441407,
				"z": -1829.0550532140769
			},
			"extent": 400,
			"weight": 1
		}
	],
	"minNumSpawns": 5,
	"maxNumSpawns": 5,
	"forceRespawnNumSpawns": 0,
	"guid": "6064631368931606584",
	"name": "PopArea_Pool_of_Nerimeda_Bandits_06",
	"typeId": "5171420"
}