{
	"areaDefinitions": [
		{
			"center":
			{
				"x": 34251.823627300793,
				"y": 23901.5013929751,
				"z": -1711.1288045201127
			},
			"extent": 10000,
			"weight": 1
		},
		{
			"center":
			{
				"x": 30976.582492577843,
				"y": 67931.971227746806,
				"z": -2200.8269995349929
			},
			"extent": 8000,
			"weight": 1
		},
		{
			"center":
			{
				"x": 8697.523592318641,
				"y": -4821.9027685960755,
				"z": -1763.7411871179884
			},
			"extent": 9000,
			"weight": 1
		}
	],
	"minNumSpawns": 30,
	"maxNumSpawns": 40,
	"forceRespawnNumSpawns": 1,
	"guid": "6064632111335538716",
	"name": "RVR_New_Aela_Wilds_South_Crossroads",
	"typeId": "5171420"
}