{
	"areaDefinitions": [
		{
			"center":
			{
				"x": 20065.211027430254,
				"y": 5904.6625762832118,
				"z": -207.69685138473506
			},
			"extent": 350,
			"weight": 1
		}
	],
	"minNumSpawns": 5,
	"maxNumSpawns": 5,
	"forceRespawnNumSpawns": 0,
	"guid": "6064631368925642802",
	"name": "PopArea_Pool_of_Nerimeda_Goblins_10",
	"typeId": "5171420"
}