{
	"areaDefinitions": [
		{
			"center":
			{
				"x": 105470.67749300331,
				"y": -92383.487946267356,
				"z": 3804.0337934763184
			},
			"extent": 17000,
			"weight": 1
		}
	],
	"minNumSpawns": 1,
	"maxNumSpawns": 1,
	"forceRespawnNumSpawns": 1,
	"guid": "6064633471553306627",
	"name": "PopulationArea_6064633471553306627",
	"typeId": "5171420"
}