{
	"areaDefinitions": [
		{
			"center":
			{
				"x": -3063.3897891103989,
				"y": 3687.8148736492731,
				"z": -1552.9514001536172
			},
			"extent": 500,
			"weight": 1
		}
	],
	"minNumSpawns": 3,
	"maxNumSpawns": 3,
	"forceRespawnNumSpawns": 0,
	"guid": "6064631646848090143",
	"name": "PopArea_SPH_Platinum_District_Cultists_01",
	"typeId": "5171420"
}