{
	"areaDefinitions": [
		{
			"center":
			{
				"x": -9970.1394528211094,
				"y": 8108.2435772392782,
				"z": -834.46680449121777
			},
			"extent": 2800,
			"weight": 1
		}
	],
	"minNumSpawns": 1,
	"maxNumSpawns": 10,
	"forceRespawnNumSpawns": 0,
	"guid": "6064631554758082562",
	"name": "PopArea_GuardedTomb__Center_Wilderness_Skeleton_Zombie",
	"typeId": "5171420"
}