{
	"areaDefinitions": [
		{
			"center":
			{
				"x": -55740.630935376743,
				"y": -9231.6370680721011,
				"z": -634.77797833055047
			},
			"extent": 16000,
			"weight": 1
		}
	],
	"minNumSpawns": 1,
	"maxNumSpawns": 16,
	"forceRespawnNumSpawns": 0,
	"guid": "6064631782166036510",
	"name": "PopArea_Wilderness_Sephillion_West_Minotaur",
	"typeId": "5171420"
}