{
	"areaDefinitions": [
		{
			"center":
			{
				"x": 9439.310569152236,
				"y": 1069.9970070946729,
				"z": -3513.3338645646545
			},
			"extent": 1000,
			"weight": 1
		}
	],
	"minNumSpawns": 7,
	"maxNumSpawns": 7,
	"forceRespawnNumSpawns": 0,
	"guid": "6064631368930885687",
	"name": "PopArea_Pool_of_Nerimeda_Bandits_05",
	"typeId": "5171420"
}