{
	"areaDefinitions": [
		{
			"center":
			{
				"x": -126940,
				"y": 19430,
				"z": 14547.904397000002
			},
			"extent": 19000,
			"weight": 1
		},
		{
			"center":
			{
				"x": -102380,
				"y": -23290,
				"z": 268.37710910936948
			},
			"extent": 15000,
			"weight": 1
		},
		{
			"center":
			{
				"x": -102380,
				"y": -23290,
				"z": 268.37710900000002
			},
			"extent": 5000,
			"weight": 1
		},
		{
			"center":
			{
				"x": -11670,
				"y": -76180,
				"z": -1838.3609722500005
			},
			"extent": 16000,
			"weight": 1
		}
	],
	"minNumSpawns": 150,
	"maxNumSpawns": 150,
	"forceRespawnNumSpawns": 1,
	"guid": "6064633497477578763",
	"name": "PopArea_Mythbreak02",
	"typeId": "5171420"
}