{
	"areaDefinitions": [
		{
			"center":
			{
				"x": -743400.64819725114,
				"y": 603011.93232303881,
				"z": 12518.100895133084
			},
			"extent": 1000,
			"weight": 1
		},
		{
			"center":
			{
				"x": -738740.64819725114,
				"y": 602301.93232303881,
				"z": 12518.100895133084
			},
			"extent": 1000,
			"weight": 1
		},
		{
			"center":
			{
				"x": -742480.64819725114,
				"y": 597601.93232303881,
				"z": 13859.604884216944
			},
			"extent": 1000,
			"weight": 1
		},
		{
			"center":
			{
				"x": -729960.64819725114,
				"y": 602881.93232303881,
				"z": 12439.092091629664
			},
			"extent": 1000,
			"weight": 1
		}
	],
	"minNumSpawns": 6,
	"maxNumSpawns": 6,
	"forceRespawnNumSpawns": 0,
	"guid": "6064631251345604631",
	"name": "PopArea_Samias_Hope_North_02_Night_Rothounds_02",
	"typeId": "5171420"
}