{
	"areaDefinitions": [
		{
			"center":
			{
				"x": 24680.675911433413,
				"y": -6733.4508100408129,
				"z": 1090.959594676362
			},
			"extent": 250,
			"weight": 1
		}
	],
	"minNumSpawns": 4,
	"maxNumSpawns": 4,
	"forceRespawnNumSpawns": 0,
	"guid": "6064631368941764668",
	"name": "PopArea_Pool_of_Nerimeda_Bandits_10",
	"typeId": "5171420"
}