{
	"areaDefinitions": [
		{
			"center":
			{
				"x": -11673.371834847727,
				"y": -9560.3855969053693,
				"z": -3134.4991085646543
			},
			"extent": 350,
			"weight": 1
		}
	],
	"minNumSpawns": 5,
	"maxNumSpawns": 5,
	"forceRespawnNumSpawns": 0,
	"guid": "6064631368929443893",
	"name": "PopArea_Pool_of_Nerimeda_Bandits_03",
	"typeId": "5171420"
}