{
	"areaDefinitions": [
		{
			"center":
			{
				"x": 26821.815266674617,
				"y": -49910.963293253793,
				"z": 5849.6568750330043
			},
			"extent": 10000,
			"weight": 1
		},
		{
			"center":
			{
				"x": 8851.8152666746173,
				"y": -40920.963293253793,
				"z": 6419.6568750330043
			},
			"extent": 10000,
			"weight": 1
		},
		{
			"center":
			{
				"x": -10968.184733325383,
				"y": -36030.963293253793,
				"z": 6419.6568750330043
			},
			"extent": 10000,
			"weight": 1
		}
	],
	"minNumSpawns": 15,
	"maxNumSpawns": 20,
	"forceRespawnNumSpawns": 0,
	"guid": "6064631556888788992",
	"name": "PopulationArea_6064631556888788992",
	"typeId": "5171420"
}