{
	"areaDefinitions": [
		{
			"center":
			{
				"x": -1784.3046377572464,
				"y": -11995.906554172514,
				"z": -47.434394857256848
			},
			"extent": 250,
			"weight": 1
		}
	],
	"minNumSpawns": 2,
	"maxNumSpawns": 2,
	"forceRespawnNumSpawns": 0,
	"guid": "6064631663841837104",
	"name": "PopArea_SPH_Iron_District_AnimArmor_03",
	"typeId": "5171420"
}