{
	"areaDefinitions": [
		{
			"center":
			{
				"x": -691477.39478237252,
				"y": 646940.47260535508,
				"z": 11501.584323533372
			},
			"extent": 1250,
			"weight": 1
		},
		{
			"center":
			{
				"x": -686997.39478237252,
				"y": 650550.47260535508,
				"z": 11711.584323533372
			},
			"extent": 1250,
			"weight": 1
		},
		{
			"center":
			{
				"x": -684857.39478237252,
				"y": 647960.47260535508,
				"z": 11711.584323533372
			},
			"extent": 1250,
			"weight": 1
		},
		{
			"center":
			{
				"x": -693397.39478237252,
				"y": 649270.47260535508,
				"z": 11771.584323533372
			},
			"extent": 1250,
			"weight": 1
		}
	],
	"minNumSpawns": 5,
	"maxNumSpawns": 5,
	"forceRespawnNumSpawns": 0,
	"guid": "6064631211352326176",
	"name": "PopArea_Samias_Hope_Bandit_Fighter_01",
	"typeId": "5171420"
}