{
	"areaDefinitions": [
		{
			"center":
			{
				"x": 3473.6820005893242,
				"y": -2372.2228905116208,
				"z": 445.62544528886792
			},
			"extent": 2500,
			"weight": 1
		}
	],
	"minNumSpawns": 6,
	"maxNumSpawns": 6,
	"forceRespawnNumSpawns": 0,
	"guid": "6064631980016664580",
	"name": "PopArea_Wilderness_DenL1_Wolf01",
	"typeId": "5171420"
}