{
	"areaDefinitions": [
		{
			"center":
			{
				"x": 5173.7265913370065,
				"y": -7755.9999435985228,
				"z": 867.75684876606283
			},
			"extent": 500,
			"weight": 1
		}
	],
	"minNumSpawns": 2,
	"maxNumSpawns": 2,
	"forceRespawnNumSpawns": 0,
	"guid": "6064631720576483375",
	"name": "PopAreat_SPH_Silver_District_Int_02",
	"typeId": "5171420"
}