{
	"areaDefinitions": [
		{
			"center":
			{
				"x": 12897.611875795876,
				"y": -14638.295952403801,
				"z": -11.119969101022434
			},
			"extent": 1500,
			"weight": 1
		},
		{
			"center":
			{
				"x": 16793.216395289637,
				"y": -14511.743986797868,
				"z": 524.35736555461699
			},
			"extent": 1000,
			"weight": 1
		},
		{
			"center":
			{
				"x": 17805.887237746036,
				"y": -20262.715325551806,
				"z": 911.22098918827396
			},
			"extent": 1000,
			"weight": 1
		},
		{
			"center":
			{
				"x": 15059.748581168707,
				"y": -18335.723796029459,
				"z": 583.58428266569535
			},
			"extent": 1000,
			"weight": 1
		}
	],
	"minNumSpawns": 10,
	"maxNumSpawns": 10,
	"forceRespawnNumSpawns": 1,
	"guid": "6064632429073399834",
	"name": "PopArea_Lionhold_South_Day_Ravens_Wander_03",
	"typeId": "5171420"
}