{
	"areaDefinitions": [
		{
			"center":
			{
				"x": 481386.17838399997,
				"y": -189255.51520899998,
				"z": 5116.1331950000003
			},
			"extent": 1500,
			"weight": 1
		}
	],
	"minNumSpawns": 3,
	"maxNumSpawns": 3,
	"forceRespawnNumSpawns": 0,
	"guid": "6064632191810797573",
	"name": "PopArea_Wilderness_DenL9_Bear02",
	"typeId": "5171420"
}