{
	"areaDefinitions": [
		{
			"center":
			{
				"x": 292.03603474178817,
				"y": -25890.143429112621,
				"z": 6663.6739458460033
			},
			"extent": 6000,
			"weight": 1
		}
	],
	"minNumSpawns": 5,
	"maxNumSpawns": 16,
	"forceRespawnNumSpawns": 2,
	"guid": "6064631606868181154",
	"name": "PopArea_TheSulliedTower_Center_Wilderness_Spiders",
	"typeId": "5171420"
}