{
	"areaDefinitions": [
		{
			"center":
			{
				"x": 5141.9948450818192,
				"y": -2058.7880292033078,
				"z": -18744.606024910085
			},
			"extent": 350,
			"weight": 1
		}
	],
	"minNumSpawns": 3,
	"maxNumSpawns": 3,
	"forceRespawnNumSpawns": 0,
	"guid": "6064631427293642766",
	"name": "PopArea_CSB_Bandits_08",
	"typeId": "5171420"
}