{
	"areaDefinitions": [
		{
			"center":
			{
				"x": -2640.5291478364961,
				"y": -1245.8427359994967,
				"z": -17874.793920829186
			},
			"extent": 500,
			"weight": 1
		}
	],
	"minNumSpawns": 4,
	"maxNumSpawns": 4,
	"forceRespawnNumSpawns": 0,
	"guid": "6064631427420979235",
	"name": "PopArea_CSB_Bandits_15",
	"typeId": "5171420"
}