{
	"areaDefinitions": [
		{
			"center":
			{
				"x": -23691.497781999991,
				"y": 4175.479496999993,
				"z": -610.35546199999953
			},
			"extent": 1000,
			"weight": 1
		}
	],
	"minNumSpawns": 7,
	"maxNumSpawns": 7,
	"forceRespawnNumSpawns": 0,
	"guid": "6064631368800141318",
	"name": "PopArea_Pool_of_Nerimeda_Goblins_02",
	"typeId": "5171420"
}