{
	"areaDefinitions": [
		{
			"center":
			{
				"x": -16353.371834847727,
				"y": -2600.3855969053693,
				"z": -3424.4991085646543
			},
			"extent": 350,
			"weight": 1
		}
	],
	"minNumSpawns": 5,
	"maxNumSpawns": 5,
	"forceRespawnNumSpawns": 0,
	"guid": "6064631368927739956",
	"name": "PopArea_Pool_of_Nerimeda_Bandits_02",
	"typeId": "5171420"
}