{
	"areaDefinitions": [
		{
			"center":
			{
				"x": 92488.278210774297,
				"y": -131012.37554784026,
				"z": 2045.1771874470505
			},
			"extent": 2000,
			"weight": 1
		}
	],
	"minNumSpawns": 6,
	"maxNumSpawns": 6,
	"forceRespawnNumSpawns": 0,
	"guid": "6064631986609979394",
	"name": "PopArea_Wilderness_DenL2_Wolf03",
	"typeId": "5171420"
}