{
	"areaDefinitions": [
		{
			"center":
			{
				"x": -38.799510679207742,
				"y": 3617.8500126797007,
				"z": -908.80668183131638
			},
			"extent": 250,
			"weight": 1
		}
	],
	"minNumSpawns": 3,
	"maxNumSpawns": 3,
	"forceRespawnNumSpawns": 0,
	"guid": "6064631641864798260",
	"name": "PopArea_SPH_Copper_District_Cultists_07",
	"typeId": "5171420"
}