{
	"areaDefinitions": [
		{
			"center":
			{
				"x": 13169.310569152236,
				"y": 12249.997007094673,
				"z": -1813.3338645646545
			},
			"extent": 1000,
			"weight": 1
		}
	],
	"minNumSpawns": 6,
	"maxNumSpawns": 6,
	"forceRespawnNumSpawns": 0,
	"guid": "6064631368924332080",
	"name": "PopArea_Pool_of_Nerimeda_Goblins_08",
	"typeId": "5171420"
}