{
	"areaDefinitions": [
		{
			"center":
			{
				"x": -22012.828040148364,
				"y": -11768.319347321405,
				"z": -1067.0698783919761
			},
			"extent": 1500,
			"weight": 1
		}
	],
	"minNumSpawns": 5,
	"maxNumSpawns": 5,
	"forceRespawnNumSpawns": 0,
	"guid": "6064631368926494771",
	"name": "PopArea_Pool_of_Nerimeda_Bandits_01",
	"typeId": "5171420"
}