{
	"areaDefinitions": [
		{
			"center":
			{
				"x": 14408.4762422723,
				"y": 22283.80249067652,
				"z": 699.27625215580701
			},
			"extent": 6000,
			"weight": 1
		}
	],
	"minNumSpawns": 1,
	"maxNumSpawns": 10,
	"forceRespawnNumSpawns": 0,
	"guid": "6064631782001410068",
	"name": "PopArea_Wilderness_Sephillion_West_Zombie",
	"typeId": "5171420"
}