{
	"areaDefinitions": [
		{
			"center":
			{
				"x": 4475.1757587564643,
				"y": -17472.52603789547,
				"z": -366.28771156674702
			},
			"extent": 750,
			"weight": 1
		}
	],
	"minNumSpawns": 3,
	"maxNumSpawns": 3,
	"forceRespawnNumSpawns": 0,
	"guid": "6064631663866085430",
	"name": "PopArea_SPH_Iron_District_AnimArmor_05",
	"typeId": "5171420"
}