{
	"areaDefinitions": [
		{
			"center":
			{
				"x": -1133.1947595962556,
				"y": 18233.526014154544,
				"z": -1494.0318819290896
			},
			"extent": 2000,
			"weight": 1
		}
	],
	"minNumSpawns": 1,
	"maxNumSpawns": 1,
	"forceRespawnNumSpawns": 0,
	"guid": "6064632387924328448",
	"name": "PopulationArea_6064632387924328448",
	"typeId": "5171420"
}