{
	"areaDefinitions": [
		{
			"center":
			{
				"x": 16088.683486,
				"y": -24151.434587,
				"z": 514.26267099999995
			},
			"extent": 900,
			"weight": 1
		}
	],
	"minNumSpawns": 4,
	"maxNumSpawns": 4,
	"forceRespawnNumSpawns": 0,
	"guid": "6064632302941634575",
	"name": "PopArea_Cave_Briarhome_Wolf02",
	"typeId": "5171420"
}