{
	"areaDefinitions": [
		{
			"center":
			{
				"x": -12995.689430847764,
				"y": 12039.997007094673,
				"z": -2303.3338645646545
			},
			"extent": 1000,
			"weight": 1
		}
	],
	"minNumSpawns": 6,
	"maxNumSpawns": 6,
	"forceRespawnNumSpawns": 0,
	"guid": "6064631368921972781",
	"name": "PopArea_Pool_of_Nerimeda_Goblins_05",
	"typeId": "5171420"
}