{
	"areaDefinitions": [
		{
			"center":
			{
				"x": 487004.37467712502,
				"y": -404462.02840071643,
				"z": -1470.4404610003967
			},
			"extent": 2500,
			"weight": 1
		}
	],
	"minNumSpawns": 6,
	"maxNumSpawns": 6,
	"forceRespawnNumSpawns": 0,
	"guid": "6064631986766938150",
	"name": "PopArea_Wilderness_DenL5_Wolf03",
	"typeId": "5171420"
}