{
	"areaDefinitions": [
		{
			"center":
			{
				"x": -4705.4196900000097,
				"y": 20291.465725000016,
				"z": 186.06169200000113
			},
			"extent": 3000,
			"weight": 1
		}
	],
	"minNumSpawns": 12,
	"maxNumSpawns": 12,
	"forceRespawnNumSpawns": 0,
	"guid": "6064631244768870408",
	"name": "PopArea_Lionhold_South_Bandits_02",
	"typeId": "5171420"
}