{
	"areaDefinitions": [
		{
			"center":
			{
				"x": -49854.502560326422,
				"y": -31850.741993860574,
				"z": 467.62999845349987
			},
			"extent": 3500,
			"weight": 1
		}
	],
	"minNumSpawns": 1,
	"maxNumSpawns": 8,
	"forceRespawnNumSpawns": 0,
	"guid": "6064631635003179011",
	"name": "PopArea_WreckageCarphin_Right_Wilderness_Cultistz",
	"typeId": "5171420"
}