{
	"areaDefinitions": [
		{
			"center":
			{
				"x": -844461.75782250194,
				"y": 588901.63839224726,
				"z": 11818.821524858864
			},
			"extent": 3000,
			"weight": 1
		}
	],
	"minNumSpawns": 5,
	"maxNumSpawns": 5,
	"forceRespawnNumSpawns": 0,
	"guid": "6064631228804825090",
	"name": "PopArea_Lionhold_North_Skeletons_05",
	"typeId": "5171420"
}