{
	"areaDefinitions": [
		{
			"center":
			{
				"x": 2621.1338350630831,
				"y": -1959.0598458324675,
				"z": -18810.687117475944
			},
			"extent": 700,
			"weight": 1
		}
	],
	"minNumSpawns": 4,
	"maxNumSpawns": 4,
	"forceRespawnNumSpawns": 0,
	"guid": "6064632564053835787",
	"name": "PopArea_CSB_Forsaken_Blades_Night_21",
	"typeId": "5171420"
}