{
	"areaDefinitions": [
		{
			"center":
			{
				"x": 1961.865987999714,
				"y": 4558.1149410001235,
				"z": -454.62177899999733
			},
			"extent": 800,
			"weight": 1
		}
	],
	"minNumSpawns": 5,
	"maxNumSpawns": 5,
	"forceRespawnNumSpawns": 0,
	"guid": "6064631244805308432",
	"name": "PopArea_Lionhold_South_Bandits_04",
	"typeId": "5171420"
}