{
	"areaDefinitions": [
		{
			"center":
			{
				"x": 32904.420675691683,
				"y": 407.9214729355881,
				"z": -1131.3694083808768
			},
			"extent": 1000,
			"weight": 1
		},
		{
			"center":
			{
				"x": 34254.864422392217,
				"y": 1551.3937948129606,
				"z": -1572.6236931239364
			},
			"extent": 1000,
			"weight": 1
		},
		{
			"center":
			{
				"x": 32356.076746659121,
				"y": -2180.6374293576228,
				"z": -1630.6592503843367
			},
			"extent": 1000,
			"weight": 1
		},
		{
			"center":
			{
				"x": 34882.678518520785,
				"y": 2269.4377848271979,
				"z": -1497.7503433096736
			},
			"extent": 1000,
			"weight": 1
		}
	],
	"minNumSpawns": 6,
	"maxNumSpawns": 6,
	"forceRespawnNumSpawns": 1,
	"guid": "6064631239745077254",
	"name": "PopArea_Lionhold_South_Day_Rabids_01",
	"typeId": "5171420"
}