{
	"areaDefinitions": [
		{
			"center":
			{
				"x": -742406.41811794054,
				"y": 586331.81188350578,
				"z": 15282.338455029138
			},
			"extent": 1000,
			"weight": 1
		},
		{
			"center":
			{
				"x": -739074.91874579899,
				"y": 586806.46283401735,
				"z": 14050.68674903276
			},
			"extent": 1000,
			"weight": 1
		},
		{
			"center":
			{
				"x": -748324.91874579899,
				"y": 588156.46283401735,
				"z": 15990.68674903276
			},
			"extent": 1000,
			"weight": 1
		}
	],
	"minNumSpawns": 4,
	"maxNumSpawns": 4,
	"forceRespawnNumSpawns": 0,
	"guid": "6064631210994696213",
	"name": "PopArea_Samias_Hope_Rabids_08",
	"typeId": "5171420"
}