{
	"areaDefinitions": [
		{
			"center":
			{
				"x": -747628.6004962842,
				"y": 597882.5004149921,
				"z": 16423.878447154766
			},
			"extent": 1000,
			"weight": 1
		},
		{
			"center":
			{
				"x": -750718.6004962842,
				"y": 602102.5004149921,
				"z": 15914.008552037576
			},
			"extent": 1000,
			"weight": 1
		},
		{
			"center":
			{
				"x": -747798.6004962842,
				"y": 588332.5004149921,
				"z": 15585.523239439917
			},
			"extent": 1000,
			"weight": 1
		}
	],
	"minNumSpawns": 4,
	"maxNumSpawns": 4,
	"forceRespawnNumSpawns": 0,
	"guid": "6064631210846781458",
	"name": "PopArea_Samias_Hope_Rabids_09",
	"typeId": "5171420"
}