{
	"areaDefinitions": [
		{
			"center":
			{
				"x": 18947.554787199013,
				"y": -15934.491585932439,
				"z": -1448.7854061869639
			},
			"extent": 1000,
			"weight": 1
		},
		{
			"center":
			{
				"x": 19951.78177634906,
				"y": -18806.792536477675,
				"z": -1448.7854061869639
			},
			"extent": 750,
			"weight": 1
		},
		{
			"center":
			{
				"x": 21964.210962856654,
				"y": -14721.667841181275,
				"z": -1163.760987441914
			},
			"extent": 1000,
			"weight": 1
		}
	],
	"minNumSpawns": 8,
	"maxNumSpawns": 8,
	"forceRespawnNumSpawns": 1,
	"guid": "6064632428818595854",
	"name": "PopArea_Lionhold_South_Night_Spider_Wander_03",
	"typeId": "5171420"
}