{
	"areaDefinitions": [
		{
			"center":
			{
				"x": -817110.28998824547,
				"y": 569528.44633483258,
				"z": 12311.891960589535
			},
			"extent": 3500,
			"weight": 1
		}
	],
	"minNumSpawns": 5,
	"maxNumSpawns": 5,
	"forceRespawnNumSpawns": 0,
	"guid": "6064631227817918491",
	"name": "PopArea_Lionhold_North_Skeletons_02",
	"typeId": "5171420"
}