{
	"areaDefinitions": [
		{
			"center":
			{
				"x": -10530.289759242325,
				"y": -2801.096025561681,
				"z": -3349.9968510709277
			},
			"extent": 250,
			"weight": 1
		}
	],
	"minNumSpawns": 3,
	"maxNumSpawns": 3,
	"forceRespawnNumSpawns": 0,
	"guid": "6064631663130771477",
	"name": "PopArea_SPH_Platinum_District_Cultists_08",
	"typeId": "5171420"
}