{
	"areaDefinitions": [
		{
			"center":
			{
				"x": -24492.622044057469,
				"y": -2.6101013645529747e-05,
				"z": 134.88685784225345
			},
			"extent": 10000,
			"weight": 1
		}
	],
	"minNumSpawns": 1,
	"maxNumSpawns": 10,
	"forceRespawnNumSpawns": 0,
	"guid": "6064631781873483783",
	"name": "PopArea_Wilderness_Sephillion_West_Goblin",
	"typeId": "5171420"
}