{
	"areaDefinitions": [
		{
			"center":
			{
				"x": -3411.3367372697685,
				"y": -6411.0407218451146,
				"z": -1550.2871014636876
			},
			"extent": 250,
			"weight": 1
		}
	],
	"minNumSpawns": 3,
	"maxNumSpawns": 3,
	"forceRespawnNumSpawns": 0,
	"guid": "6064631663012806658",
	"name": "PopArea_SPH_Platinum_District_Cultists_03",
	"typeId": "5171420"
}