{
	"areaDefinitions": [
		{
			"center":
			{
				"x": -10237.394402135862,
				"y": 74.38316499395296,
				"z": 201.63132430018959
			},
			"extent": 250,
			"weight": 1
		}
	],
	"minNumSpawns": 2,
	"maxNumSpawns": 2,
	"forceRespawnNumSpawns": 0,
	"guid": "6064631642009960522",
	"name": "PopArea_SPH_Gold_District_Cultists_05",
	"typeId": "5171420"
}