{
	"areaDefinitions": [
		{
			"center":
			{
				"x": 3516.0347331830999,
				"y": 9960.8351004266879,
				"z": -1130.0348627009316
			},
			"extent": 3500,
			"weight": 1
		}
	],
	"minNumSpawns": 4,
	"maxNumSpawns": 4,
	"forceRespawnNumSpawns": 0,
	"guid": "6064631477080948751",
	"name": "PopArea_Wilderness_Sephillion_East_Bears_02",
	"typeId": "5171420"
}