{
	"areaDefinitions": [
		{
			"center":
			{
				"x": -825022.79846693657,
				"y": 580664.26717172947,
				"z": 11912.653446239718
			},
			"extent": 3000,
			"weight": 1
		}
	],
	"minNumSpawns": 5,
	"maxNumSpawns": 5,
	"forceRespawnNumSpawns": 0,
	"guid": "6064631250300436491",
	"name": "PopArea_Lionhold_North_Night_Rothounds_04",
	"typeId": "5171420"
}