{
	"areaDefinitions": [
		{
			"center":
			{
				"x": 24128.31253384531,
				"y": 575.22736767819151,
				"z": -1572.5100361588284
			},
			"extent": 1000,
			"weight": 1
		},
		{
			"center":
			{
				"x": 24383.60784683947,
				"y": -4032.9530867177527,
				"z": -1572.5100361588284
			},
			"extent": 1000,
			"weight": 1
		},
		{
			"center":
			{
				"x": 16958.32728444552,
				"y": -5718.4416953788605,
				"z": -157.3267008816656
			},
			"extent": 1000,
			"weight": 1
		},
		{
			"center":
			{
				"x": 32521.440497555654,
				"y": 632.53965748823248,
				"z": -1463.7802141629181
			},
			"extent": 1000,
			"weight": 1
		}
	],
	"minNumSpawns": 6,
	"maxNumSpawns": 6,
	"forceRespawnNumSpawns": 1,
	"guid": "6064631239467859973",
	"name": "PopArea_Lionhold_South_Day_Rabids_Stationary_04",
	"typeId": "5171420"
}