{
	"areaDefinitions": [
		{
			"center":
			{
				"x": -3830.0465201094048,
				"y": -11476.439449503203,
				"z": 607.41588845312253
			},
			"extent": 12000,
			"weight": 1
		}
	],
	"minNumSpawns": 1,
	"maxNumSpawns": 10,
	"forceRespawnNumSpawns": 0,
	"guid": "6064631781838225411",
	"name": "PopArea_Wilderness_Sephillion_West_Wolf",
	"typeId": "5171420"
}