{
	"areaDefinitions": [
		{
			"center":
			{
				"x": -815222.20951462258,
				"y": 566476.69044990919,
				"z": 12791.853225476167
			},
			"extent": 3000,
			"weight": 1
		}
	],
	"minNumSpawns": 5,
	"maxNumSpawns": 5,
	"forceRespawnNumSpawns": 0,
	"guid": "6064631227829714974",
	"name": "PopArea_Lionhold_North_Skeletons_03",
	"typeId": "5171420"
}