{
	"areaDefinitions": [
		{
			"center":
			{
				"x": -804462.90156514465,
				"y": 577043.14333139185,
				"z": 13019.931472720236
			},
			"extent": 3000,
			"weight": 1
		}
	],
	"minNumSpawns": 5,
	"maxNumSpawns": 5,
	"forceRespawnNumSpawns": 0,
	"guid": "6064631250309480462",
	"name": "PopArea_Lionhold_North_Night_Rothounds_05",
	"typeId": "5171420"
}