{
	"areaDefinitions": [
		{
			"center":
			{
				"x": 287409.62623036746,
				"y": -142885.82238506235,
				"z": -1363.9739658609251
			},
			"extent": 3500,
			"weight": 1
		}
	],
	"minNumSpawns": 3,
	"maxNumSpawns": 3,
	"forceRespawnNumSpawns": 0,
	"guid": "6064631986739675163",
	"name": "PopArea_Wilderness_DenL5_Bear02",
	"typeId": "5171420"
}