{
	"areaDefinitions": [
		{
			"center":
			{
				"x": 7210,
				"y": 25110,
				"z": 4880
			},
			"extent": 10000,
			"weight": 1
		},
		{
			"center":
			{
				"x": 43825.907151626656,
				"y": -27325.304963933013,
				"z": 2215.2836555666072
			},
			"extent": 8000,
			"weight": 1
		},
		{
			"center":
			{
				"x": 32515.907151626656,
				"y": -12845.304963933013,
				"z": 1785.2836555666072
			},
			"extent": 8000,
			"weight": 1
		}
	],
	"minNumSpawns": 40,
	"maxNumSpawns": 40,
	"forceRespawnNumSpawns": 0,
	"guid": "6064631528227930123",
	"name": "PopulationArea_6064631528227930123",
	"typeId": "5171420"
}