{
	"areaDefinitions": [
		{
			"center":
			{
				"x": -848740.2066454814,
				"y": 556823.83977157704,
				"z": 14388.80290367212
			},
			"extent": 3000,
			"weight": 1
		}
	],
	"minNumSpawns": 5,
	"maxNumSpawns": 5,
	"forceRespawnNumSpawns": 0,
	"guid": "6064631250392842269",
	"name": "PopArea_Lionhold_North_Night_Rothounds_10",
	"typeId": "5171420"
}