{
	"areaDefinitions": [
		{
			"center":
			{
				"x": 160707.41693777172,
				"y": -30336.77269620169,
				"z": 6879.3631029915105
			},
			"extent": 10000,
			"weight": 1
		}
	],
	"minNumSpawns": 6,
	"maxNumSpawns": 12,
	"forceRespawnNumSpawns": 0,
	"guid": "6064631901819764777",
	"name": "PopArea_Gravepeak_East_Wilderness_Skeleton",
	"typeId": "5171420"
}