{
	"areaDefinitions": [
		{
			"center":
			{
				"x": -912353.59242522856,
				"y": 417812.84753929765,
				"z": 12037.243291935527
			},
			"extent": 2000,
			"weight": 1
		}
	],
	"minNumSpawns": 1,
	"maxNumSpawns": 2,
	"forceRespawnNumSpawns": 0,
	"guid": "6064632723370999931",
	"name": "PopulationArea_RVR_CSQ_0112_EotGH_ZinjalasCamp",
	"typeId": "5171420"
}