{
	"areaDefinitions": [
		{
			"center":
			{
				"x": -843065.75903735729,
				"y": 562644.88819448487,
				"z": 14334.206007647372
			},
			"extent": 3000,
			"weight": 1
		}
	],
	"minNumSpawns": 4,
	"maxNumSpawns": 4,
	"forceRespawnNumSpawns": 0,
	"guid": "6064631250375671834",
	"name": "PopArea_Lionhold_North_Night_Rothounds_09",
	"typeId": "5171420"
}