{
	"areaDefinitions": [
		{
			"center":
			{
				"x": -731321.1452329891,
				"y": 603566.08099999849,
				"z": 12215.455289544247
			},
			"extent": 1000,
			"weight": 1
		},
		{
			"center":
			{
				"x": -727259.13367450133,
				"y": 599962.39256242162,
				"z": 13318.719347285536
			},
			"extent": 1000,
			"weight": 1
		},
		{
			"center":
			{
				"x": -725329.13367450133,
				"y": 593772.39256242162,
				"z": 13763.332865864635
			},
			"extent": 1000,
			"weight": 1
		}
	],
	"minNumSpawns": 5,
	"maxNumSpawns": 5,
	"forceRespawnNumSpawns": 0,
	"guid": "6064632501907947527",
	"name": "PopArea_Samias_Hope_North_02_Day_Deer_01",
	"typeId": "5171420"
}