{
	"areaDefinitions": [
		{
			"center":
			{
				"x": 220766.93015937589,
				"y": 2260.3985842696857,
				"z": -856.54773157679301
			},
			"extent": 10000,
			"weight": 1
		},
		{
			"center":
			{
				"x": 236501.40227242513,
				"y": 3853.6374055077322,
				"z": -1547.4074959525806
			},
			"extent": 7000,
			"weight": 1
		},
		{
			"center":
			{
				"x": 229644.10590900865,
				"y": 17346.428835117607,
				"z": -1088.9809759702384
			},
			"extent": 7000,
			"weight": 1
		}
	],
	"minNumSpawns": 30,
	"maxNumSpawns": 40,
	"forceRespawnNumSpawns": 1,
	"guid": "6064632106613342221",
	"name": "RVR_New_Aela_Coastal_River",
	"typeId": "5171420"
}