{
	"areaDefinitions": [
		{
			"center":
			{
				"x": 31861.449715619441,
				"y": -24362.638091586879,
				"z": 946.3146959863152
			},
			"extent": 7000,
			"weight": 1
		},
		{
			"center":
			{
				"x": 5121.4497156194411,
				"y": -19472.638091586879,
				"z": 946.3146959863152
			},
			"extent": 7000,
			"weight": 1
		},
		{
			"center":
			{
				"x": -12528.550284380559,
				"y": -18092.638091586879,
				"z": 1426.3146959863152
			},
			"extent": 10000,
			"weight": 1
		},
		{
			"center":
			{
				"x": -46528.550284380559,
				"y": -41802.638091586879,
				"z": -968.59389541993733
			},
			"extent": 10000,
			"weight": 1
		}
	],
	"minNumSpawns": 30,
	"maxNumSpawns": 40,
	"forceRespawnNumSpawns": 1,
	"guid": "6064632151003889664",
	"name": "RVR_New_Aela_Eastern_Wilds",
	"typeId": "5171420"
}