{
	"areaDefinitions": [
		{
			"center":
			{
				"x": -1598.8196929999394,
				"y": -364.11424799996894,
				"z": 19.708303999999771
			},
			"extent": 1000,
			"weight": 1
		}
	],
	"minNumSpawns": 5,
	"maxNumSpawns": 6,
	"forceRespawnNumSpawns": 0,
	"guid": "6064631357849796617",
	"name": "PopArea_Baneswood_Cemetary_Bear_02",
	"typeId": "5171420"
}