{
	"areaDefinitions": [
		{
			"center":
			{
				"x": 5171.3311923037982,
				"y": 9095.1731858553248,
				"z": -17865.688747993394
			},
			"extent": 400,
			"weight": 1
		}
	],
	"minNumSpawns": 3,
	"maxNumSpawns": 3,
	"forceRespawnNumSpawns": 0,
	"guid": "6064631427388211229",
	"name": "PopArea_CSB_Bandits_13",
	"typeId": "5171420"
}