{
	"areaDefinitions": [
		{
			"center":
			{
				"x": 90969.719733683392,
				"y": -125036.56861626764,
				"z": 398.428638082205
			},
			"extent": 1500,
			"weight": 1
		}
	],
	"minNumSpawns": 6,
	"maxNumSpawns": 6,
	"forceRespawnNumSpawns": 0,
	"guid": "6064631980479414292",
	"name": "PopArea_Wilderness_DenL2_Wolf01",
	"typeId": "5171420"
}