{
	"areaDefinitions": [
		{
			"center":
			{
				"x": 15271.339636000001,
				"y": -18156.553947,
				"z": 944.05422999999996
			},
			"extent": 800,
			"weight": 1
		}
	],
	"minNumSpawns": 4,
	"maxNumSpawns": 4,
	"forceRespawnNumSpawns": 0,
	"guid": "6064632302924464140",
	"name": "PopArea_Cave_Briarhome_Wolf01",
	"typeId": "5171420"
}