{
	"areaDefinitions": [
		{
			"center":
			{
				"x": 35156.599281953415,
				"y": 7355.4977109883912,
				"z": -1328.562106675332
			},
			"extent": 1200,
			"weight": 1
		},
		{
			"center":
			{
				"x": 19188.852718453505,
				"y": -262.32555423153099,
				"z": -1021.514750637476
			},
			"extent": 1000,
			"weight": 1
		},
		{
			"center":
			{
				"x": 34485.422862126608,
				"y": 4668.7558256686898,
				"z": -1567.4378073757598
			},
			"extent": 1000,
			"weight": 1
		},
		{
			"center":
			{
				"x": 29223.903625676059,
				"y": 3463.0686675054021,
				"z": -1021.514750637476
			},
			"extent": 1000,
			"weight": 1
		}
	],
	"minNumSpawns": 8,
	"maxNumSpawns": 12,
	"forceRespawnNumSpawns": 1,
	"guid": "6064632354554511897",
	"name": "PopArea_Lionhold_South_Night_Ravens_Wander_01",
	"typeId": "5171420"
}