{
	"areaDefinitions": [
		{
			"center":
			{
				"x": -819931.61278867675,
				"y": 590048.94442031393,
				"z": 13125.725971902328
			},
			"extent": 2000,
			"weight": 1
		}
	],
	"minNumSpawns": 3,
	"maxNumSpawns": 3,
	"forceRespawnNumSpawns": 0,
	"guid": "6064631250264260610",
	"name": "PopArea_Lionhold_North_Night_Rothounds_01",
	"typeId": "5171420"
}