{
	"areaDefinitions": [
		{
			"center":
			{
				"x": -574.37078099999997,
				"y": 2540.4760980000001,
				"z": -1044.3589260000001
			},
			"extent": 1000,
			"weight": 1
		}
	],
	"minNumSpawns": 4,
	"maxNumSpawns": 4,
	"forceRespawnNumSpawns": 0,
	"guid": "6064632303525036035",
	"name": "PopArea_Cave_Howling_Rock_Wolf01",
	"typeId": "5171420"
}