{
	"areaDefinitions": [
		{
			"center":
			{
				"x": 622668.69649452774,
				"y": -64331.43880264496,
				"z": 1752.8708596684446
			},
			"extent": 1000,
			"weight": 1
		}
	],
	"minNumSpawns": 3,
	"maxNumSpawns": 3,
	"forceRespawnNumSpawns": 0,
	"guid": "6064632194905997325",
	"name": "PopArea_Wilderness_DenL11_Bear01",
	"typeId": "5171420"
}