{
	"areaDefinitions": [
		{
			"center":
			{
				"x": 21255.640274000005,
				"y": 6460.8438600000227,
				"z": -3102.7252069999995
			},
			"extent": 750,
			"weight": 1
		}
	],
	"minNumSpawns": 4,
	"maxNumSpawns": 4,
	"forceRespawnNumSpawns": 0,
	"guid": "6064631239217119241",
	"name": "PopArea_Lionhold_South_Rabids_05",
	"typeId": "5171420"
}