{
	"areaDefinitions": [
		{
			"center":
			{
				"x": -820826.45588975784,
				"y": 589005.97070245072,
				"z": 13248.573793660384
			},
			"extent": 3000,
			"weight": 1
		}
	],
	"minNumSpawns": 5,
	"maxNumSpawns": 5,
	"forceRespawnNumSpawns": 0,
	"guid": "6064631227552563203",
	"name": "PopArea_Lionhold_North_Goblins_01",
	"typeId": "5171420"
}