{
	"areaDefinitions": [
		{
			"center":
			{
				"x": 2131.8940568430116,
				"y": 29053.629815590568,
				"z": 195.37875786929726
			},
			"extent": 2000,
			"weight": 1
		}
	],
	"minNumSpawns": 7,
	"maxNumSpawns": 7,
	"forceRespawnNumSpawns": 0,
	"guid": "6064631249537597444",
	"name": "PopArea_Lionhold_South_Rabids_Wolves_Mix_01",
	"typeId": "5171420"
}