{
	"areaDefinitions": [
		{
			"center":
			{
				"x": 399181.272214,
				"y": -129529.53515300003,
				"z": 2332.0247930000005
			},
			"extent": 1500,
			"weight": 1
		}
	],
	"minNumSpawns": 3,
	"maxNumSpawns": 3,
	"forceRespawnNumSpawns": 0,
	"guid": "6064632191707381765",
	"name": "PopArea_Wilderness_DenL8_Wolf03",
	"typeId": "5171420"
}