{
	"areaDefinitions": [
		{
			"center":
			{
				"x": -29484.267103589082,
				"y": -27952.209378884058,
				"z": -1612.1161236621556
			},
			"extent": 6000,
			"weight": 1
		}
	],
	"minNumSpawns": 8,
	"maxNumSpawns": 8,
	"forceRespawnNumSpawns": 0,
	"guid": "6064631641910738966",
	"name": "PopArea_WreckageCarphin_Right_Wilderness_CultistCrystalGolem3",
	"typeId": "5171420"
}