{
	"areaDefinitions": [
		{
			"center":
			{
				"x": 7197.1582841521595,
				"y": -72841.836994825047,
				"z": 1144.5168153981322
			},
			"extent": 15000,
			"weight": 1
		}
	],
	"minNumSpawns": 8,
	"maxNumSpawns": 15,
	"forceRespawnNumSpawns": 0,
	"guid": "6064631901487759363",
	"name": "PopArea_Gravepeak_East_Wilderness_WolfRabids",
	"typeId": "5171420"
}