{
	"areaDefinitions": [
		{
			"center":
			{
				"x": 495869.33856455027,
				"y": -397168.00368513947,
				"z": -1584.7420129604689
			},
			"extent": 2500,
			"weight": 1
		}
	],
	"minNumSpawns": 3,
	"maxNumSpawns": 3,
	"forceRespawnNumSpawns": 0,
	"guid": "6064631986765496352",
	"name": "PopArea_Wilderness_DenL5_Wolf01",
	"typeId": "5171420"
}