{
	"areaDefinitions": [
		{
			"center":
			{
				"x": 253810.10443271382,
				"y": 26437.974650635384,
				"z": -1710.1421682126602
			},
			"extent": 10000,
			"weight": 1
		},
		{
			"center":
			{
				"x": 265957.92688708892,
				"y": 41835.651158339344,
				"z": -1663.5472913072463
			},
			"extent": 10000,
			"weight": 1
		},
		{
			"center":
			{
				"x": 244707.92688708892,
				"y": 38495.651158339344,
				"z": 1196.4527086927537
			},
			"extent": 10000,
			"weight": 1
		},
		{
			"center":
			{
				"x": 236057.92688708892,
				"y": 27105.651158339344,
				"z": -1516.2188221666238
			},
			"extent": 5000,
			"weight": 1
		}
	],
	"minNumSpawns": 30,
	"maxNumSpawns": 40,
	"forceRespawnNumSpawns": 1,
	"guid": "6064632110367571972",
	"name": "RVR_New_Aela_Wilds_Coastal_Cliff",
	"typeId": "5171420"
}