{
	"areaDefinitions": [
		{
			"center":
			{
				"x": -16436.692732677329,
				"y": -1491.6210127035156,
				"z": 243.7620197813103
			},
			"extent": 250,
			"weight": 1
		}
	],
	"minNumSpawns": 3,
	"maxNumSpawns": 3,
	"forceRespawnNumSpawns": 0,
	"guid": "6064631663888433212",
	"name": "PopArea_SPH_Copper_District_AnimArmor_01",
	"typeId": "5171420"
}