{
	"areaDefinitions": [
		{
			"center":
			{
				"x": 25707.792832173407,
				"y": -1390.4887334086234,
				"z": -1636.0900722642
			},
			"extent": 1500,
			"weight": 1
		},
		{
			"center":
			{
				"x": 20757.090947703458,
				"y": -4443.282752371626,
				"z": -1283.7274903369034
			},
			"extent": 1500,
			"weight": 1
		},
		{
			"center":
			{
				"x": 21227.661581400782,
				"y": -7972.727146861027,
				"z": -1057.8749241363475
			},
			"extent": 1500,
			"weight": 1
		}
	],
	"minNumSpawns": 5,
	"maxNumSpawns": 5,
	"forceRespawnNumSpawns": 0,
	"guid": "6064632440361713672",
	"name": "PopArea_Lionhold_South_Night_Wolves_Wander_05",
	"typeId": "5171420"
}