{
	"areaDefinitions": [
		{
			"center":
			{
				"x": -832876.65715960786,
				"y": 589067.6693780612,
				"z": 12889.643112812802
			},
			"extent": 3000,
			"weight": 1
		}
	],
	"minNumSpawns": 4,
	"maxNumSpawns": 4,
	"forceRespawnNumSpawns": 0,
	"guid": "6064631228861513742",
	"name": "PopArea_Lionhold_North_Skeletons_07",
	"typeId": "5171420"
}