{
	"areaDefinitions": [
		{
			"center":
			{
				"x": -12982.049195367843,
				"y": -2484.8743526673643,
				"z": -17852.006622483692
			},
			"extent": 500,
			"weight": 1
		}
	],
	"minNumSpawns": 3,
	"maxNumSpawns": 3,
	"forceRespawnNumSpawns": 0,
	"guid": "6064631427320709140",
	"name": "PopArea_CSB_Bandits_10",
	"typeId": "5171420"
}