{
	"areaDefinitions": [
		{
			"center":
			{
				"x": -7622.8869790094905,
				"y": 6344.7778656273149,
				"z": -2897.2101644840986
			},
			"extent": 250,
			"weight": 1
		}
	],
	"minNumSpawns": 2,
	"maxNumSpawns": 2,
	"forceRespawnNumSpawns": 0,
	"guid": "6064631646859624482",
	"name": "PopArea_SPH_Platinum_District_Cultists_02",
	"typeId": "5171420"
}