{
	"areaDefinitions": [
		{
			"center":
			{
				"x": -83390,
				"y": -10830,
				"z": -2422.6917030000004
			},
			"extent": 10000,
			"weight": 1
		},
		{
			"center":
			{
				"x": -65990,
				"y": 36760,
				"z": -2331.7788443085992
			},
			"extent": 12000,
			"weight": 1
		},
		{
			"center":
			{
				"x": -1020,
				"y": 69200,
				"z": -5097.5385096249993
			},
			"extent": 9000,
			"weight": 1
		},
		{
			"center":
			{
				"x": 71670,
				"y": -39680,
				"z": -4244.4519447500024
			},
			"extent": 15000,
			"weight": 1
		}
	],
	"minNumSpawns": 175,
	"maxNumSpawns": 175,
	"forceRespawnNumSpawns": 1,
	"guid": "6064633468704391173",
	"name": "PopArea_VioletGarden02",
	"typeId": "5171420"
}