{
	"areaDefinitions": [
		{
			"center":
			{
				"x": -12604.641305551399,
				"y": -13546.580048145668,
				"z": -2013.691776815589
			},
			"extent": 4000,
			"weight": 1
		}
	],
	"minNumSpawns": 5,
	"maxNumSpawns": 5,
	"forceRespawnNumSpawns": 0,
	"guid": "6064631645360226306",
	"name": "PopArea_WreckageCarphin_Right_Wilderness_HauntArmor",
	"typeId": "5171420"
}