{
	"containedAssets":
	{
		"/Game/ENV/Races/HuKaelar/Props/Banners/Meshes/HuKaelar_Props_N4_Ext_Banners_01.HuKaelar_Props_N4_Ext_Banners_01":
		{
			"instanceData": [
				{
					"transform":
					{
						"rotation":
						{
							"x": -0,
							"y": 0,
							"z": -0.30528882252693779,
							"w": 0.95225980427618384
						},
						"translation":
						{
							"x": 7986.969411,
							"y": -33445.310333000001,
							"z": 152.73440800000026
						},
						"scale3D":
						{
							"x": 0.80000000000000004,
							"y": 0.80000000000000004,
							"z": 0.80000000000000004
						}
					},
					"dataString": "{\"overrideMaterials\":[],\"runtimeVirtualTextures\":[],\"canCharacterStepUpOn\":\"ECB_Yes\"}",
					"type": "StaticMesh"
				},
				{
					"transform":
					{
						"rotation":
						{
							"x": 0,
							"y": -0,
							"z": 0.77711395940477856,
							"w": 0.62935990823870269
						},
						"translation":
						{
							"x": 6254.1743269999997,
							"y": -34705.199999999997,
							"z": 140.73335399999996
						},
						"scale3D":
						{
							"x": 0.80000000000000004,
							"y": 0.80000000000000004,
							"z": 0.80000000000000004
						}
					},
					"dataString": "{\"overrideMaterials\":[],\"runtimeVirtualTextures\":[],\"canCharacterStepUpOn\":\"ECB_Yes\"}",
					"type": "StaticMesh"
				}
			]
		},
		"/Game/ENV/Races/HuKaelar/Node3_4/N3_Village/Meshes/SM_Hu_Kae_N3_Village_Spikedbarricade2.SM_Hu_Kae_N3_Village_Spikedbarricade2":
		{
			"instanceData": [
				{
					"transform":
					{
						"rotation":
						{
							"x": 0.032862622005004297,
							"y": -0.0097679837519584912,
							"z": 0.31011725359586179,
							"w": 0.95007995641974186
						},
						"translation":
						{
							"x": 7829.7251880000003,
							"y": -33479.376371999999,
							"z": 132.47528599999987
						},
						"scale3D":
						{
							"x": 0.80000000000000004,
							"y": 0.80000000000000004,
							"z": 0.80000000000000004
						}
					},
					"dataString": "{\"overrideMaterials\":[],\"runtimeVirtualTextures\":[],\"canCharacterStepUpOn\":\"ECB_Yes\"}",
					"type": "StaticMesh"
				},
				{
					"transform":
					{
						"rotation":
						{
							"x": 0.034069919465144267,
							"y": 0.0038217822100299649,
							"z": 0.65608875205272355,
							"w": 0.75390462526653768
						},
						"translation":
						{
							"x": 7959.4240250000003,
							"y": -33261.500596999998,
							"z": 152.07522100000006
						},
						"scale3D":
						{
							"x": 0.80000000000000004,
							"y": 0.80000000000000004,
							"z": 0.80000000000000004
						}
					},
					"dataString": "{\"overrideMaterials\":[],\"runtimeVirtualTextures\":[],\"canCharacterStepUpOn\":\"ECB_Yes\"}",
					"type": "StaticMesh"
				},
				{
					"transform":
					{
						"rotation":
						{
							"x": 0,
							"y": -0,
							"z": 0.12170439022849748,
							"w": 0.99256639143137892
						},
						"translation":
						{
							"x": 6330.605759,
							"y": -34520.452093,
							"z": 113.50310400000035
						},
						"scale3D":
						{
							"x": 0.80000000000000004,
							"y": 0.80000000000000004,
							"z": 0.80000000000000004
						}
					},
					"dataString": "{\"overrideMaterials\":[],\"runtimeVirtualTextures\":[],\"canCharacterStepUpOn\":\"ECB_Yes\"}",
					"type": "StaticMesh"
				}
			]
		}
	},
	"validCultures": [
		"Kaelar"
	],
	"validNodeTypes": [
		"Scientific"
	],
	"bAllBiomes": false,
	"validBiomes": [
		"Default",
		"AlpineForest",
		"AncientForest",
		"ArcticTundra",
		"Asian",
		"Badlands",
		"Desert",
		"Fjords",
		"Glacier",
		"Grasslands",
		"Iceland",
		"Jungle",
		"MagicalForest",
		"RedwoodForest",
		"Riverlands",
		"Swamp",
		"Taiga",
		"TabletopMountains",
		"Tropics",
		"Volcano",
		"UnderRealm",
		"Highlands"
	],
	"validSeasons": [
		"Spring",
		"Summer",
		"Winter",
		"Fall"
	],
	"nodeLevelMinimum": 3,
	"nodeLevelMaximum": 3,
	"weight": 1,
	"editorOriginBlueprints": [],
	"validGameplayTags":
	{
		"gameplayTags": [],
		"parentTags": []
	},
	"guid": "6064631646494982149",
	"name": "NA_Hu_Kae_N3_Sci_River_C_Cell_08_SetDressing",
	"typeId": "1323521344"
}