{
	"containedAssets":
	{
		"/Game/ENV/Races/HuKaelar/Node3_4/N3_Village/Meshes/Bridges/HuKae_Bridge_End_B.HuKae_Bridge_End_B":
		{
			"instanceData": [
				{
					"transform":
					{
						"rotation":
						{
							"x": 0,
							"y": 0,
							"z": 0.7071067768845225,
							"w": 0.70710678548857264
						},
						"translation":
						{
							"x": 1632.4666688435718,
							"y": 0.00070154890272533521,
							"z": -1.2851022225253246
						},
						"scale3D":
						{
							"x": 1,
							"y": 1,
							"z": 1
						}
					},
					"dataString": "{\"overrideMaterials\":[],\"runtimeVirtualTextures\":[],\"canCharacterStepUpOn\":\"ECB_Yes\"}",
					"type": "StaticMesh"
				}
			]
		},
		"/Game/ENV/Races/HuKaelar/Node3_4/N3_Village/Meshes/Bridges/HuKae_Bridge_End_A.HuKae_Bridge_End_A":
		{
			"instanceData": [
				{
					"transform":
					{
						"rotation":
						{
							"x": 0.00082631224731979838,
							"y": 0.00082631226174181111,
							"z": 0.70710629220890364,
							"w": 0.70710630455023682
						},
						"translation":
						{
							"x": -1636.8760098830135,
							"y": 0.00069983568391762674,
							"z": 1.2850874855492123
						},
						"scale3D":
						{
							"x": 1,
							"y": 1,
							"z": 1
						}
					},
					"dataString": "{\"overrideMaterials\":[],\"runtimeVirtualTextures\":[],\"canCharacterStepUpOn\":\"ECB_Yes\"}",
					"type": "StaticMesh"
				}
			]
		},
		"/Game/ENV/Races/HuKaelar/Node3_4/N3_Village/Meshes/Bridges/HuKae_Bridge_Middle_D.HuKae_Bridge_Middle_D":
		{
			"instanceData": [
				{
					"transform":
					{
						"rotation":
						{
							"x": 0.00082631224731979838,
							"y": 0.00082631226174181111,
							"z": 0.70710629220890364,
							"w": 0.70710630455023682
						},
						"translation":
						{
							"x": -537.18137512525209,
							"y": 0.0006993749993853271,
							"z": -1.2850792344164574
						},
						"scale3D":
						{
							"x": 1,
							"y": 1,
							"z": 1
						}
					},
					"dataString": "{\"overrideMaterials\":[],\"runtimeVirtualTextures\":[],\"canCharacterStepUpOn\":\"ECB_Yes\"}",
					"type": "StaticMesh"
				}
			]
		},
		"/Game/ENV/Races/HuKaelar/Node3_4/N3_Village/Meshes/Bridges/HuKae_Bridge_Middle_E.HuKae_Bridge_Middle_E":
		{
			"instanceData": [
				{
					"transform":
					{
						"rotation":
						{
							"x": 0,
							"y": 0,
							"z": 0.70710677501587682,
							"w": 0.70710678735721832
						},
						"translation":
						{
							"x": 552.2233626522866,
							"y": 0.0006993749993853271,
							"z": -1.2850821775908798
						},
						"scale3D":
						{
							"x": 1,
							"y": 1,
							"z": 1
						}
					},
					"dataString": "{\"overrideMaterials\":[],\"runtimeVirtualTextures\":[],\"canCharacterStepUpOn\":\"ECB_Yes\"}",
					"type": "StaticMesh"
				}
			]
		},
		"/Game/ENV/Races/HuKaelar/Node3_4/N3_Village/Meshes/Bridges/HuKae_Bridge_Middle_F.HuKae_Bridge_Middle_F":
		{
			"instanceData": [
				{
					"transform":
					{
						"rotation":
						{
							"x": 0,
							"y": 0,
							"z": 0.70710677501587682,
							"w": 0.70710678735721832
						},
						"translation":
						{
							"x": 1636.8750340682091,
							"y": 0.0006993749993853271,
							"z": -1.285076752905411
						},
						"scale3D":
						{
							"x": 1,
							"y": 1,
							"z": 1
						}
					},
					"dataString": "{\"overrideMaterials\":[],\"runtimeVirtualTextures\":[],\"canCharacterStepUpOn\":\"ECB_Yes\"}",
					"type": "StaticMesh"
				}
			]
		}
	},
	"validCultures": [
		"Kaelar"
	],
	"validNodeTypes": [
		"Default",
		"Divine",
		"Scientific",
		"Martial",
		"Economic"
	],
	"bAllBiomes": false,
	"validBiomes": [
		"Default",
		"AlpineForest",
		"AncientForest",
		"ArcticTundra",
		"Asian",
		"Badlands",
		"Desert",
		"Fjords",
		"Glacier",
		"Grasslands",
		"Iceland",
		"Jungle",
		"MagicalForest",
		"RedwoodForest",
		"Riverlands",
		"Swamp",
		"Taiga",
		"TabletopMountains",
		"Tropics",
		"Volcano",
		"UnderRealm",
		"Highlands"
	],
	"validSeasons": [
		"Spring",
		"Summer",
		"Winter",
		"Fall"
	],
	"nodeLevelMinimum": 3,
	"nodeLevelMaximum": 3,
	"weight": 1,
	"editorOriginBlueprints": [],
	"validGameplayTags":
	{
		"gameplayTags": [],
		"parentTags": []
	},
	"guid": "6064631811448307717",
	"name": "NA_Hu_Kae_N3_Bridge_Depricated",
	"typeId": "1323521344"
}