{
	"primaryStatIncrease": 0.070000000298023224,
	"secondaryStatIncrease": 0.070000000298023224,
	"goldCost": 10080,
	"goldModifier":
	{
		"expression": "evalformula($#10516612381411113:6064631760903208961$)"
	},
	"successChance": 0.5,
	"failureChances":
	{
		"fAILURE": 0.64999997615814209,
		"fAILURE_LEVEL_LOSS": 0.30000001192092896,
		"fAILURE_LEVEL_LOSS_ALL": 0.05000000074505806
	},
	"gemSlots": 0,
	"bBroadcast": false,
	"guid": "6064631721251373161",
	"name": "Shirt_Level_7",
	"typeId": "10912161337"
}