{
	"primaryStatIncrease": 0.20000000298023224,
	"secondaryStatIncrease": 0.20000000298023224,
	"goldCost": 8640,
	"goldModifier":
	{
		"expression": "evalformula($#10516612381411113:6064631760903208961$)"
	},
	"successChance": 0.0099999997764825821,
	"failureChances":
	{
		"fAILURE": 0.05000000074505806,
		"fAILURE_LEVEL_LOSS": 0.05000000074505806,
		"fAILURE_LEVEL_LOSS_ALL": 0.40000000596046448,
		"fAILURE_BREAK": 0.5
	},
	"gemSlots": 0,
	"bBroadcast": true,
	"guid": "6064631721239118002",
	"name": "Waist_Level_20",
	"typeId": "10912161337"
}