{
	"primaryStatIncrease": 0.18999999761581421,
	"secondaryStatIncrease": 0.18999999761581421,
	"goldCost": 16416,
	"goldModifier":
	{
		"expression": "evalformula($#10516612381411113:6064631760903208961$)"
	},
	"successChance": 0.019999999552965164,
	"failureChances":
	{
		"fAILURE": 0.05000000074505806,
		"fAILURE_LEVEL_LOSS": 0.10000000149011612,
		"fAILURE_LEVEL_LOSS_ALL": 0.34999999403953552,
		"fAILURE_BREAK": 0.5
	},
	"gemSlots": 0,
	"bBroadcast": true,
	"guid": "6064631721238069385",
	"name": "Shoulders_Level_19",
	"typeId": "10912161337"
}