{
	"primaryStatIncrease": 0.090000003576278687,
	"secondaryStatIncrease": 0.090000003576278687,
	"goldCost": 3888,
	"goldModifier":
	{
		"expression": "evalformula($#10516612381411113:6064631760903208961$)"
	},
	"successChance": 0.40000000596046448,
	"failureChances":
	{
		"fAILURE": 0.44999998807907104,
		"fAILURE_LEVEL_LOSS": 0.30000001192092896,
		"fAILURE_LEVEL_LOSS_ALL": 0.20000000298023224,
		"fAILURE_BREAK": 0.05000000074505806
	},
	"gemSlots": 0,
	"bBroadcast": false,
	"guid": "6064631721239052455",
	"name": "Waist_Level_9",
	"typeId": "10912161337"
}