{
	"primaryStatIncrease": 0.15000000596046448,
	"secondaryStatIncrease": 0.15000000596046448,
	"goldCost": 12960,
	"goldModifier":
	{
		"expression": "evalformula($#10516612381411113:6064631760903208961$)"
	},
	"successChance": 0.10000000149011612,
	"failureChances":
	{
		"fAILURE": 0.10000000149011612,
		"fAILURE_LEVEL_LOSS": 0.25,
		"fAILURE_LEVEL_LOSS_ALL": 0.30000001192092896,
		"fAILURE_BREAK": 0.34999999403953552
	},
	"gemSlots": 0,
	"bBroadcast": true,
	"guid": "6064631721250848841",
	"name": "Offhand_Level_15",
	"typeId": "10912161337"
}