Item not found in any reward table: Longbow of Briarhome (undefined)
Item not found in any reward table: Mace of Briarhome (undefined)
Item not found in any reward table: Briarhome Scepter (undefined)
Item not found in any reward table: Shield of Briarhome (undefined)
Item not found in any reward table: Briarhome Shortbow (undefined)
Item not found in any reward table: Briarhome Sword (undefined)
Item not found in any reward table: Briarhome Greatsword (undefined)
Item not found in any reward table: Briarhome Wand (undefined)
Item not found in any reward table: Test Item (undefined)
Item not found in any reward table: The Idol of Krux (undefined)
Item not found in any reward table: The Idol of Ubok (undefined)
Item not found in any reward table: Aryn's Journal (undefined)
Item not found in any reward table: Novice Lumberjacking Axe (undefined)
Item not found in any reward table: Novice Mining Pickaxe (undefined)
Item not found in any reward table: Novice Herbalism Sickle (undefined)
Item not found in any reward table: Grand Master Herbalism Sickle (undefined)
Item not found in any reward table: Master Herbalism Sickle (undefined)
Item not found in any reward table: Apprentice Lumberjacking Axe (undefined)
Item not found in any reward table: Grand Master Lumberjacking Axe (undefined)
Item not found in any reward table: Journeyman Lumberjacking Axe (undefined)
Item not found in any reward table: Master Lumberjacking Axe (undefined)
Item not found in any reward table: Apprentice Mining Mattock (undefined)
Item not found in any reward table: Grand Master Mining Pickaxe (undefined)
Item not found in any reward table: Journeyman Mining Pickaxe (undefined)
Item not found in any reward table: Master Mining Pickaxe (undefined)
Item not found in any reward table: Crude Mining Pickaxe (undefined)
Item not found in any reward table: Sanctus Staff (undefined)
Item not found in any reward table: Staff of Briarhome (undefined)
Item not found in any reward table: Halo-Bound Aegis Hauberk (undefined)
Item not found in any reward table: Halo-Bound Aegis Boots (undefined)
Item not found in any reward table: Halo-Bound Aegis Voiders (undefined)
Item not found in any reward table: Halo-Bound Aegis Gauntlets (undefined)
Item not found in any reward table: Halo-Bound Aegis Coif (undefined)
Item not found in any reward table: Halo-Bound Aegis Chausses (undefined)
Item not found in any reward table: Halo-Bound Aegis Pauldrons (undefined)
Item not found in any reward table: Halo-Bound Aegis Belt (undefined)
Item not found in any reward table: Servant of the Soil Helm (undefined)
Item not found in any reward table: Verdant Oath Longbow (undefined)
Item not found in any reward table: Verdant Oath Shortbow (undefined)
Item not found in any reward table: Briarhome Spear (undefined)
Item not found in any reward table: Verdant Oath Spear (undefined)
Item not found in any reward table: Riverstalker Cloak (undefined)
Item not found in any reward table: Riverstalker Vestment (undefined)
Item not found in any reward table: Riverstalker Treads (undefined)
Item not found in any reward table: Riverstalker Bindings (undefined)
Item not found in any reward table: Riverstalker Grips (undefined)
Item not found in any reward table: Riverstalker Hood (undefined)
Item not found in any reward table: Riverstalker Trousers (undefined)
Item not found in any reward table: Riverstalker Mantle (undefined)
Item not found in any reward table: Riverstalker Sash (undefined)
Item not found in any reward table: Sanctus Skulker Cape (undefined)
Item not found in any reward table: Sanctus Skulker Breastplate (undefined)
Item not found in any reward table: Sanctus Skulker Boots (undefined)
Item not found in any reward table: Sanctus Skulker Bracers (undefined)
Item not found in any reward table: Sanctus Skulker Gauntlets (undefined)
Item not found in any reward table: Sanctus Skulker Helm (undefined)
Item not found in any reward table: Sanctus Skulker Greaves (undefined)
Item not found in any reward table: Sanctus Skulker Pauldrons (undefined)
Item not found in any reward table: Sanctus Skulker Grirdle (undefined)
Item not found in any reward table: Wolfen Maw (undefined)
Item not found in any reward table: Arcane Aegis Cape (undefined)
Item not found in any reward table: Arcane Aegis Breastplate (undefined)
Item not found in any reward table: Arcane Aegis Boots (undefined)
Item not found in any reward table: Arcane Aegis Bracers (undefined)
Item not found in any reward table: Arcane Aegis Gauntlets (undefined)
Item not found in any reward table: Arcane Aegis Helm (undefined)
Item not found in any reward table: Arcane Aegis Greaves (undefined)
Item not found in any reward table: Arcane Aegis Pauldrons (undefined)
Item not found in any reward table: Arcane Aegis Belt (undefined)
Item not found in any reward table: Goblin Mask (undefined)
Item not found in any reward table: Novice Herbalism Satchel (undefined)
Item not found in any reward table: Novice Lumberjacking Satchel (undefined)
Item not found in any reward table: Novice Mining Satchel (undefined)
Item not found in any reward table: Sanctus Resource Bag (undefined)
Item not found in any reward table: Verdant Oath Mace (undefined)
Item not found in any reward table: Troll Club (undefined)
Item not found in any reward table: Verdant Oath Shield (undefined)
Item not found in any reward table: Verdant Oath Sword (undefined)
Item not found in any reward table: Verdant Oath Greatsword (undefined)
Item not found in any reward table: Novice Hunting Bow (undefined)
Item not found in any reward table: Novice Fishing Pole (undefined)
Item not found in any reward table: Flayer's Fleshripper (undefined)
Item not found in any reward table: Howling Wolf Pants (undefined)
Item not found in any reward table: Bear Beast Of Burden (undefined)
Item not found in any reward table: Wolf Beast Of Burden (undefined)
Item not found in any reward table: Brooksteel Wand (undefined)
Item not found in any reward table: Silken Neckerchief (undefined)
Item not found in any reward table: Goblin Scrap 1 (undefined)
Item not found in any reward table: Goblin Scrap 2 (undefined)
Item not found in any reward table: Goblin Scrap 3 (undefined)
Item not found in any reward table: Goblin Scrap 4 (undefined)
Item not found in any reward table: Goblin Scrap 5 (undefined)
Item not found in any reward table: Goblin Scrap 6 (undefined)
Item not found in any reward table: Horse Beast Of Burden (undefined)
Item not found in any reward table: Thornbound Wand (undefined)
Item not found in any reward table: Bronze Wand (undefined)
Item not found in any reward table: Stonebark Wand (undefined)
Item not found in any reward table: Aelan Farming Basket (undefined)
Item not found in any reward table: Aelan Herbalism Basket (undefined)
Item not found in any reward table: Oak Caravan Armor (undefined)
Item not found in any reward table: Ash Caravan Armor (undefined)
Item not found in any reward table: Eastern Hemlock Caravan Armor (undefined)
Item not found in any reward table: Western Larch Caravan Armor (undefined)
Item not found in any reward table: Copper Plated Caravan Armor (undefined)
Item not found in any reward table: Brass Plated Caravan Armor (undefined)
Item not found in any reward table: Zinc Plated Caravan Armor (undefined)
Item not found in any reward table: Bronze Plated Caravan Armor (undefined)
Item not found in any reward table: Tin Plated Caravan Armor (undefined)
Item not found in any reward table: Oak Caravan Carriage (undefined)
Item not found in any reward table: Ash Caravan Chassis (undefined)
Item not found in any reward table: Eastern Hemlock Caravan Chassis (undefined)
Item not found in any reward table: Oak Caravan Chassis (undefined)
Item not found in any reward table: Copper Dagger (undefined)
Item not found in any reward table: Western Larch Caravan Chassis (undefined)
Item not found in any reward table: Brooksteel Mace
 (undefined)
Item not found in any reward table: Brooksteel Shield
 (undefined)
Item not found in any reward table: Brooksteel Spear (undefined)
Item not found in any reward table: Brooksteel Greatsword (undefined)
Item not found in any reward table: Forsaken Blades Mace (undefined)
Item not found in any reward table: Forsaken Blades Shield (undefined)
Item not found in any reward table: Forsaken Blades Greatsword (undefined)
Item not found in any reward table: Ash Caravan Wheels (undefined)
Item not found in any reward table: Oak Caravan Wheels (undefined)
Item not found in any reward table: Western Larch Caravan Wheels (undefined)
Item not found in any reward table: Eastern Hemlock Caravan Wheels (undefined)
Item not found in any reward table: Brass Reinforced Caravan Wheels (undefined)
Item not found in any reward table: Copper Reinforced Caravan Wheels (undefined)
Item not found in any reward table: Zinc Reinforced Caravan Wheels (undefined)
Item not found in any reward table: Brass Reinforced Caravan Chassis (undefined)
Item not found in any reward table: Copper Reinforced Caravan Chassis (undefined)
Item not found in any reward table: Zinc Reinforced Caravan Chassis (undefined)
Item not found in any reward table: Ash Caravan Carriage (undefined)
Item not found in any reward table: Bronze Reinforced Caravan Wheels (undefined)
Item not found in any reward table: Tin Reinforced Caravan Wheels (undefined)
Item not found in any reward table: Bronze Reinforced Caravan Chassis (undefined)
Item not found in any reward table: Tin Reinforced Caravan Chassis (undefined)
Item not found in any reward table: Extra Large Ash Crate (undefined)
Item not found in any reward table: Large Ash Crate (undefined)
Item not found in any reward table: Medium Ash Crate (undefined)
Item not found in any reward table: Small Ash Crate (undefined)
Item not found in any reward table: Extra Large Oak Crate (undefined)
Item not found in any reward table: Extra Large Eastern Hemlock Crate (undefined)
Item not found in any reward table: Large Eastern Hemlock Crate (undefined)
Item not found in any reward table: Medium Eastern Hemlock Crate (undefined)
Item not found in any reward table: Small Eastern Hemlock Crate (undefined)
Item not found in any reward table: Large Oak Crate (undefined)
Item not found in any reward table: Medium Oak Crate (undefined)
Item not found in any reward table: Small Oak Crate (undefined)
Item not found in any reward table: Extra Large Western Larch Crate (undefined)
Item not found in any reward table: Large Western Larch Crate (undefined)
Item not found in any reward table: Medium Western Larch Crate (undefined)
Item not found in any reward table: Small Western Larch Crate (undefined)
Item not found in any reward table: Brooksteel Longbow (undefined)
Item not found in any reward table: Brooksteel Shortbow (undefined)
Item not found in any reward table: Thornbound Longbow (undefined)
Item not found in any reward table: Bronze Longbow (undefined)
Item not found in any reward table: Bronze Shortbow (undefined)
Item not found in any reward table: Thornbound Shortbow (undefined)
Item not found in any reward table: Stonebark Longbow (undefined)
Item not found in any reward table: Stonebark Shortbow (undefined)
Item not found in any reward table: Cloak of the Soulseeker (undefined)
Item not found in any reward table: Tunic of the Soulseeker (undefined)
Item not found in any reward table: Boots of the Soulseeker (undefined)
Item not found in any reward table: Bracers of the Soulseeker (undefined)
Item not found in any reward table: Gloves of the Soulseeker (undefined)
Item not found in any reward table: Helm of the Soulseeker (undefined)
Item not found in any reward table: Greaves of the Soulseeker (undefined)
Item not found in any reward table: Pauldrons of the Soulseeker (undefined)
Item not found in any reward table: Belt of the Soulseeker (undefined)
Item not found in any reward table: Thanacite Mining Pickaxe (undefined)
Item not found in any reward table: Mirewoven Earring (undefined)
Item not found in any reward table: Stillglade Earring (undefined)
Item not found in any reward table: Duskwillow Earring (undefined)
Item not found in any reward table: Mirewoven Necklace (undefined)
Item not found in any reward table: Stillglade Necklace (undefined)
Item not found in any reward table: Duskwillow Necklace (undefined)
Item not found in any reward table: Flowmarked Earring (undefined)
Item not found in any reward table: Flowmarked Necklace (undefined)
Item not found in any reward table: Mirewoven Ring (undefined)
Item not found in any reward table: Stillglade Ring (undefined)
Item not found in any reward table: Duskwillow Ring (undefined)
Item not found in any reward table: Flowmarked Ring (undefined)
Item not found in any reward table: Bronze Hoop Earrings (undefined)
Item not found in any reward table: Kindletraced Earring (undefined)
Item not found in any reward table: Bronze Medallion (undefined)
Item not found in any reward table: Kindletraced Necklace (undefined)
Item not found in any reward table: Bronze Ring (undefined)
Item not found in any reward table: Kindletraced Ring (undefined)
Item not found in any reward table: Howling Wolf Tunic (undefined)
Item not found in any reward table: Howling Wolf Boots (undefined)
Item not found in any reward table: Howling Wolf Bracers (undefined)
Item not found in any reward table: Howling Wolf Gloves (undefined)
Item not found in any reward table: Howling Wolf Helm (undefined)
Item not found in any reward table: Howling Wolf Pauldrons (undefined)
Item not found in any reward table: Howling Wolf Belt (undefined)
Item not found in any reward table: Minotaur Skull (undefined)
Item not found in any reward table: Minotaur Hoof Boot (undefined)
Item not found in any reward table: Minotaur Tablet (undefined)
Item not found in any reward table: Minotaur Shield of Doombringer (undefined)
Item not found in any reward table: Minotaur Shield of Firesky (undefined)
Item not found in any reward table: Minotaur Shield of Koraxis (undefined)
Item not found in any reward table: Minotaur Shield of Numuk (undefined)
Item not found in any reward table: Stone Shield (undefined)
Item not found in any reward table: The Great Unifier (undefined)
Item not found in any reward table: Horn of Doom (undefined)
Item not found in any reward table: Knock of Fynnaegal (undefined)
Item not found in any reward table: Crude Sickle Blade (undefined)
Item not found in any reward table: Crude Sickle Handle (undefined)
Item not found in any reward table: Crude Pickaxe Head (undefined)
Item not found in any reward table: Crude Pick Helve (undefined)
Item not found in any reward table: Crude Axe Head (undefined)
Item not found in any reward table: Crude Axe Haft (undefined)
Item not found in any reward table: Glorybound Greatsword (undefined)
Item not found in any reward table: Forsaken Blades Breastplate (undefined)
Item not found in any reward table: Forsaken Blades Boots (undefined)
Item not found in any reward table: Forsaken Blades Bracers (undefined)
Item not found in any reward table: Forsaken Blades Gloves (undefined)
Item not found in any reward table: Forsaken Blades Helm (undefined)
Item not found in any reward table: Forsaken Blades Pants (undefined)
Item not found in any reward table: Forsaken Blades Pauldrons (undefined)
Item not found in any reward table: Forsaken Blades Belt (undefined)
Item not found in any reward table: Verdant Oath Wand (undefined)
Item not found in any reward table: Verdant Oath Focus (undefined)
Item not found in any reward table: Forsaken Blades Longbow (undefined)
Item not found in any reward table: Forsaken Blades Long Spellbow (undefined)
Item not found in any reward table: Forsaken Blades Shortbow (undefined)
Item not found in any reward table: Forsaken Blades Short Spellbow (undefined)
Item not found in any reward table: Forsaken Blades Wand (undefined)
Item not found in any reward table: Forsaken Blades Focus (undefined)
Item not found in any reward table: Ashen Haunt's Breastplate (undefined)
Item not found in any reward table: Ashen Haunt's Greaves (undefined)
Item not found in any reward table: Ashen Haunt's Bracers (undefined)
Item not found in any reward table: Ashen Haunt's Pauldrons (undefined)
Item not found in any reward table: Ashen Haunt's Belt (undefined)
Item not found in any reward table: Ashen Haunt's Cloak (undefined)
Item not found in any reward table: Ysshokk's Webbed Gloves (undefined)
Item not found in any reward table: Western Larch Caravan Carriage (undefined)
Item not found in any reward table: Eastern Hemlock Caravan Carriage (undefined)
Item not found in any reward table: Copper Reinforced Caravan Carriage (undefined)
Item not found in any reward table: Zinc Reinforced Caravan Carriage (undefined)
Item not found in any reward table: Brass Reinforced Caravan Carriage (undefined)
Item not found in any reward table: Tin Reinforced Caravan Carriage (undefined)
Item not found in any reward table: Bronze Reinforced Caravan Carriage (undefined)
Item not found in any reward table: Academic Aegis Cape (undefined)
Item not found in any reward table: Minotaur Poultice (undefined)
Item not found in any reward table: Lupine Mantle (undefined)
Item not found in any reward table: Bough Warden's Recurve (undefined)
Item not found in any reward table: The Stonemother's Ring (undefined)
Item not found in any reward table: Arbor Etched Tassets (undefined)
Item not found in any reward table: Grove Guard Helmet (undefined)
Item not found in any reward table: Robes of the Annalist (undefined)
Item not found in any reward table: Oakenblade (undefined)
Item not found in any reward table: Commander's Breastplate (undefined)
Item not found in any reward table: Terrorgore Hide Leggings (undefined)
Item not found in any reward table: Stick Choppa (undefined)
Item not found in any reward table: Bonewoven Headdress (undefined)
Item not found in any reward table: Berenserker's Visage (undefined)
Item not found in any reward table: Fishscale Blade (undefined)
Item not found in any reward table: Fish Of Plenty (undefined)
Item not found in any reward table: Embercore Wand (undefined)
Item not found in any reward table: Ring of the Embermage (undefined)
Item not found in any reward table: Snake Rattle Earring (undefined)
Item not found in any reward table: Bandit Captain's Shield (undefined)
Item not found in any reward table: Bearslayer Skin (undefined)
Item not found in any reward table: Archmage's Insight (undefined)
Item not found in any reward table: Morellius's Mad Cap (undefined)
Item not found in any reward table: Silken Slippers of the Scholar (undefined)
Item not found in any reward table: Goblin Skinstripper (undefined)
Item not found in any reward table: Groundskeeper Work Boots (undefined)
Item not found in any reward table: Gloves of the Gravetender (undefined)
Item not found in any reward table: Grizzler Hide Sleeves (undefined)
Item not found in any reward table: Talon-Torn Bracer (undefined)
Item not found in any reward table: Gravedusted Greaves (undefined)
Item not found in any reward table: Moss Covered Pauldrons (undefined)
Item not found in any reward table: Fire-Scarred Chestplate (undefined)
Item not found in any reward table: Skullcap of the Three Moons (undefined)
Item not found in any reward table: Cloak of Ill Omens (undefined)
Item not found in any reward table: Blackfeather Tunic (undefined)
Item not found in any reward table: Talon's Wrack (undefined)
Item not found in any reward table: Gravemarker Bulwark (undefined)
Item not found in any reward table: Maul of Living Stone (undefined)
Item not found in any reward table: Dirgefeather Sigil (undefined)
Item not found in any reward table: Grizzler's Teeth (undefined)
Item not found in any reward table: Ring of the Corvid Lord (undefined)
Item not found in any reward table: Profaned Blade (undefined)
Item not found in any reward table: Mud Caked Prod (undefined)
Item not found in any reward table: Papercut (undefined)
Item not found in any reward table: Monitor Blade (undefined)
Item not found in any reward table: Bone Shard Greatsword (undefined)
Item not found in any reward table: Blade of Shattered Crystal (undefined)
Item not found in any reward table: Knapped Razor (undefined)
Item not found in any reward table: Lens of the Ocule (undefined)
Item not found in any reward table: Book of Scrawlings (undefined)
Item not found in any reward table: Stilled Lexicon (undefined)
Item not found in any reward table: Wand of Allurement (undefined)
Item not found in any reward table: Codified Index (undefined)
Item not found in any reward table: Chewed Wand (undefined)
Item not found in any reward table: Bloodstained Hands (undefined)
Item not found in any reward table: Steward's Breeches (undefined)
Item not found in any reward table: Tearwashed Shawl (undefined)
Item not found in any reward table: Woeful Slippers (undefined)
Item not found in any reward table: Robes of the Financier (undefined)
Item not found in any reward table: Counter's Cuff (undefined)
Item not found in any reward table: Red Frayed Robe (undefined)
Item not found in any reward table: Silkwind Leggings (undefined)
Item not found in any reward table: Gloves of the Undying Scholar (undefined)
Item not found in any reward table: Hood of History (undefined)
Item not found in any reward table: Gravy Stained Apron (undefined)
Item not found in any reward table: Signet Ring (undefined)
Item not found in any reward table: Jun's Curious Pendant (undefined)
Item not found in any reward table: Voidseer's Vigil (undefined)
Item not found in any reward table: Eye of Zom (undefined)
Item not found in any reward table: Ring of Invocation (undefined)
Item not found in any reward table: Salvaged Slag Earring (undefined)
Item not found in any reward table: Whispered Thoughts (undefined)
Item not found in any reward table: Studded Leather Belt (undefined)
Item not found in any reward table: Sweeper's Dusty Shoes (undefined)
Item not found in any reward table: Boots of the Tardy (undefined)
Item not found in any reward table: Flayed Flesh Cape (undefined)
Item not found in any reward table: Ocular Skin Belt (undefined)
Item not found in any reward table: Bracers of the Lifter (undefined)
Item not found in any reward table: Stony Visage (undefined)
Item not found in any reward table: Phantom Sentinel (undefined)
Item not found in any reward table: Librarian's Circlet (undefined)
Item not found in any reward table: Cuffs of the Seeker (undefined)
Item not found in any reward table: The Librarian's Hush (undefined)
Item not found in any reward table: Ocular Skin Handbag (undefined)
Item not found in any reward table: Hourglass Serpemt Ourobori (undefined)
Item not found in any reward table: The Three Eyed Cyclops (undefined)
Item not found in any reward table: Bloody Key (undefined)
Item not found in any reward table: Bloody Key (undefined)
Item not found in any reward table: Carphin Obituary (undefined)
Item not found in any reward table: Hourglass Ankh (undefined)
Item not found in any reward table: Tattered Militia Cloak (undefined)
Item not found in any reward table: Rusty Longsword (undefined)
Item not found in any reward table: Musty Spellbook (undefined)
Item not found in any reward table: Splintered Longbow (undefined)
Item not found in any reward table: Pallas Cat Beast Of Burden (undefined)
Item not found in any reward table: Unadorned Daggers (undefined)
Item not found in any reward table: Rusty Mace (undefined)
Item not found in any reward table: Brew Bear Beast Of Burden (undefined)
Item not found in any reward table: Rusty Scepter (undefined)
Item not found in any reward table: Skinwalker Beast Of Burden (undefined)
Item not found in any reward table: Protector's Pride Beast Of Burden (undefined)
Item not found in any reward table: Oath Bearer Beast Of Burden (undefined)
Item not found in any reward table: Tidesnapper Beast Of Burden (undefined)
Item not found in any reward table: Rusty Shield (undefined)
Item not found in any reward table: Armored Raptor Beast Of Burden (undefined)
Item not found in any reward table: Shell Of The Ancients Beast Of Burden (undefined)
Item not found in any reward table: Flailrunner Beast Of Burden (undefined)
Item not found in any reward table: Terror Bird Beast Of Burden (undefined)
Item not found in any reward table: Rusty Greatsword (undefined)
Item not found in any reward table: Warped Wand (undefined)
Item not found in any reward table: Bloodmother's Sanguine Pearls (undefined)
Item not found in any reward table: Porceilion's Mad Cap (undefined)
Item not found in any reward table: Mismatched Bloody Boots (undefined)
Item not found in any reward table: Goblin's Bone Dangles (undefined)
Item not found in any reward table: The Silvertooth (undefined)
Item not found in any reward table: Hood of the Reaper (undefined)
Item not found in any reward table: Valor's Protector (undefined)
Item not found in any reward table: Gryphon Feather Cape (undefined)
Item not found in any reward table: Windlord Feathered Leggings (undefined)
Item not found in any reward table: Forsaken Commander's Breastplate (undefined)
Item not found in any reward table: Bearmaster's Girdle (undefined)
Item not found in any reward table: Conduit of the Bruin (undefined)
Item not found in any reward table: Ring of the Raptor (undefined)
Item not found in any reward table: Forsaken Blade (undefined)
Item not found in any reward table: Mystic's Leather Pauldrons (undefined)
Item not found in any reward table: Buttressed Shield (undefined)
Item not found in any reward table: Mantle of the Last Sentinel (undefined)
Item not found in any reward table: Sephillion Shard Ring (undefined)
Item not found in any reward table: Bracers of Retribution (undefined)
Item not found in any reward table: Sephillion Shard Scepter (undefined)
Item not found in any reward table: Waterlogged Gloves (undefined)
Item not found in any reward table: Shatterwolf Pauldrons (undefined)
Item not found in any reward table: Mask of the Sighted (undefined)
Item not found in any reward table: Sephillion Shard Necklace (undefined)
Item not found in any reward table: Crystal Cudgel (undefined)
Item not found in any reward table: Trechery's Vessel (undefined)
Item not found in any reward table: Gleaming Shortsword (Stolen) (undefined)
Item not found in any reward table: Tinkerer's Rosethorn Bracer (undefined)
Item not found in any reward table: Tiny Scrap of Parchment (undefined)
Item not found in any reward table: Riverdancer Otter Beast Of Burden (undefined)
Item not found in any reward table: Giant Bullywog Beast Of Burden (undefined)
Item not found in any reward table: Bork Beast Of Burden (undefined)
Item not found in any reward table: Aegis of Soot (undefined)
Item not found in any reward table: Cindersong (undefined)
Item not found in any reward table: Streamsilver Sword (undefined)
Item not found in any reward table: Bladebinders' Montante (undefined)
Item not found in any reward table: Polished Tin Breastplate (undefined)
Item not found in any reward table: Polished Tin Greaves (undefined)
Item not found in any reward table: Polished Tin Bracers (undefined)
Item not found in any reward table: Polished Tin Gloves (undefined)
Item not found in any reward table: Polished Tin Helmet (undefined)
Item not found in any reward table: Polished Tin Leggings (undefined)
Item not found in any reward table: Polished Tin Pauldrons (undefined)
Item not found in any reward table: Polished Tin Belt (undefined)
Item not found in any reward table: Rosarium Guard Cuirass (undefined)
Item not found in any reward table: Rosarium Guard Sabatons (undefined)
Item not found in any reward table: Rosarium Guard Vambraces (undefined)
Item not found in any reward table: Rosarium Guard Gloves (undefined)
Item not found in any reward table: Rosarium Guard Helm (undefined)
Item not found in any reward table: Rosarium Guard Greaves (undefined)
Item not found in any reward table: Rosarium Guard Pauldrons (undefined)
Item not found in any reward table: Rosarium Guard Tassets (undefined)
Item not found in any reward table: Acadira Valarion Breastplate (undefined)
Item not found in any reward table: Acadira Valarion Boots (undefined)
Item not found in any reward table: Acadira Valarion Vambraces (undefined)
Item not found in any reward table: Acadira Valarion Gauntlets (undefined)
Item not found in any reward table: Acadira Valarion Helm (undefined)
Item not found in any reward table: Acadira Valarion Greaves (undefined)
Item not found in any reward table: Acadira Valarion Pauldrons (undefined)
Item not found in any reward table: Acadira Valarion Faulds (undefined)
Item not found in any reward table: Cataphract Of Valor Breastplate (undefined)
Item not found in any reward table: Cataphract Of Valor Greaves (undefined)
Item not found in any reward table: Cataphract Of Valor Vambrace (undefined)
Item not found in any reward table: CataphractOfValor Hands (undefined)
Item not found in any reward table: Cataphract Of Valor Stechhelm (undefined)
Item not found in any reward table: Cataphract Of Valor Cuisses (undefined)
Item not found in any reward table: Cataphract Of Valor Pauldrons (undefined)
Item not found in any reward table: Cataphract Of Valor Faulds (undefined)
Item not found in any reward table: Bear Hide Hood (undefined)
Item not found in any reward table: Bear Hide Garb (undefined)
Item not found in any reward table: Bear Hide Pauldrons (undefined)
Item not found in any reward table: Bear Hide Belt (undefined)
Item not found in any reward table: Bear Hide Bracers (undefined)
Item not found in any reward table: Bear Hide Gloves (undefined)
Item not found in any reward table: Bear Hide Pants (undefined)
Item not found in any reward table: Bear Hide Boots (undefined)
Item not found in any reward table: Rosethorn Helm (undefined)
Item not found in any reward table: Rosethorn Jerkin (undefined)
Item not found in any reward table: Rosethorn Pauldrons (undefined)
Item not found in any reward table: Rosethorn Belt (undefined)
Item not found in any reward table: Rosethorn Bracers (undefined)
Item not found in any reward table: Rosethorn Gloves (undefined)
Item not found in any reward table: Rosethorn Greaves (undefined)
Item not found in any reward table: Rosethorn Boots (undefined)
Item not found in any reward table: Bloodrunner Hood (undefined)
Item not found in any reward table: Bloodrunner Jerkin
 (undefined)
Item not found in any reward table: Bloodrunner Shoulders (undefined)
Item not found in any reward table: Bloodrunner Belt (undefined)
Item not found in any reward table: Bloodrunner Bracers (undefined)
Item not found in any reward table: Bloodrunner Gloves (undefined)
Item not found in any reward table: Bloodrunner Leggings (undefined)
Item not found in any reward table: Bloodrunner Boots (undefined)
Item not found in any reward table: Gear_Armor_Light_RegaliaPlatedHeart_Chest (undefined)
Item not found in any reward table: Dewthread Hood (undefined)
Item not found in any reward table: Dewthread Garb (undefined)
Item not found in any reward table: Dewthread Pauldrons (undefined)
Item not found in any reward table: Dewthread Belt (undefined)
Item not found in any reward table: Dewthread Bracers (undefined)
Item not found in any reward table: Dewthread Gloves (undefined)
Item not found in any reward table: Dewthread Pants (undefined)
Item not found in any reward table: Dewthread Boots (undefined)
Item not found in any reward table: Bloomwarden Hood (undefined)
Item not found in any reward table: Bloomwarden Jerkin (undefined)
Item not found in any reward table: Bloomwarden Shoulders (undefined)
Item not found in any reward table: Bloomwarden Sash (undefined)
Item not found in any reward table: Bloomwarden Bracers (undefined)
Item not found in any reward table: Bloomwarden Gauntlets (undefined)
Item not found in any reward table: Bloomwarden Leggings (undefined)
Item not found in any reward table: Bloomwarden Boots  (undefined)
Item not found in any reward table: Cognoscente Hood (undefined)
Item not found in any reward table: Cognoscente Jerkin (undefined)
Item not found in any reward table: Cognoscente Shoulders (undefined)
Item not found in any reward table: Cognoscente Sash (undefined)
Item not found in any reward table: Cognoscente Bracers (undefined)
Item not found in any reward table: Cognoscente Gloves (undefined)
Item not found in any reward table: Cognoscente Leggings (undefined)
Item not found in any reward table: Cognoscente Boots (undefined)
Item not found in any reward table: Spider Silk Gloves (undefined)
Item not found in any reward table: Spider Silk Garb (undefined)
Item not found in any reward table: Spider Silk Pants (undefined)
Item not found in any reward table: Spider Silk Hat (undefined)
Item not found in any reward table: Cap of the Wreckless (undefined)
Item not found in any reward table: Wreckless Doublet (undefined)
Item not found in any reward table: Wreckless Pantaloons (undefined)
Item not found in any reward table: Cloak of the Crew (undefined)
Item not found in any reward table: Brooksteel Scepter (undefined)
Item not found in any reward table: Brooksteel Sword (undefined)
Item not found in any reward table: Brooksteel Tideslicer (undefined)
Item not found in any reward table: Brooksteel Tiderazor
 (undefined)
Item not found in any reward table: Verdant Oath Scepter (undefined)
Item not found in any reward table: Verdant Oath Vineshard
 (undefined)
Item not found in any reward table: Verdant Oath Thorncleaver (undefined)
Item not found in any reward table: Thornbound Mace (undefined)
Item not found in any reward table: Thornbound Scepter (undefined)
Item not found in any reward table: Thornbound Sword
 (undefined)
Item not found in any reward table: Thornbound Briar-Sword
 (undefined)
Item not found in any reward table: Thornbound Greatsword (undefined)
Item not found in any reward table: hornbound?Briar?Greatsword (undefined)
Item not found in any reward table: Thornbound Scepter (undefined)
Item not found in any reward table: Stonebark Greatsword (undefined)
Item not found in any reward table: Stonebark?Rootwoven?Greatsword (undefined)
Item not found in any reward table: Stonebark Mace (undefined)
Item not found in any reward table: Stonebark Shield (undefined)
Item not found in any reward table: Stonebark Scepter (undefined)
Item not found in any reward table: Stonebark Sword (undefined)
Item not found in any reward table: Stonebark Rootbound Sword (undefined)
Item not found in any reward table: Bronze Mace (undefined)
Item not found in any reward table: Bronze Shield (undefined)
Item not found in any reward table: Bronze Sword (undefined)
Item not found in any reward table: Bronze Scepter (undefined)
Item not found in any reward table: Bronze Greatsword (undefined)
Item not found in any reward table: Bronze Great Spellsword (undefined)
Item not found in any reward table: Forsaken Blades Scepter (undefined)
Item not found in any reward table: Forsaken Blades Sword (undefined)
Item not found in any reward table: Forsaken Blades Spellsword (undefined)
Item not found in any reward table: Forsaken Blades Great Spellsword (undefined)
Item not found in any reward table: Sunfire Sword (undefined)
Item not found in any reward table: Sunfire Solreach Sword (undefined)
Item not found in any reward table: Sunfire Scepter (undefined)
Item not found in any reward table: Sunfire Mace (undefined)
Item not found in any reward table: Sunfire Shield  (undefined)
Item not found in any reward table: Sunfire Dawnflare Greatsword (undefined)
Item not found in any reward table: Sunfire Greatsword (undefined)
Item not found in any reward table: Glorybound Scepter (undefined)
Item not found in any reward table: Glorybound Sword (undefined)
Item not found in any reward table: Glorybound Dawnlit Sword (undefined)
Item not found in any reward table: Glorybound Mace (undefined)
Item not found in any reward table: Glorybound Dawnlit Greatsword
 (undefined)
Item not found in any reward table: Glorybound Shield (undefined)
Item not found in any reward table: Thornstrike Greatsword
 (undefined)
Item not found in any reward table: Thornstrike Briarfang Greatsword
 (undefined)
Item not found in any reward table: Thornstride Mace  (undefined)
Item not found in any reward table: Thornstride Scepter (undefined)
Item not found in any reward table: Thornstride Shield (undefined)
Item not found in any reward table: Thornstrike Briarfang Sword (undefined)
Item not found in any reward table: Thornstrike Sword (undefined)
Item not found in any reward table: Bronze Spellsword (undefined)
Item not found in any reward table: Sword of Steelbloom (undefined)
Item not found in any reward table: Active Mitigation Component (undefined)
Item not found in any reward table: Healing Aura Component (undefined)
Item not found in any reward table: Repulsor Blast Component (undefined)
Item not found in any reward table: Trample Component (undefined)
Item not found in any reward table: Brooksteel Spell Book (undefined)
Item not found in any reward table: Brooksteel Grimoire (undefined)
Item not found in any reward table: Brooksteel Focus (undefined)
Item not found in any reward table: Brooksteel Channelstone (undefined)
Item not found in any reward table: Brooksteel Stormtwig Wand (undefined)
Item not found in any reward table: Verdant Oath Book of Spells (undefined)
Item not found in any reward table: Verdant Oath Grimoire (undefined)
Item not found in any reward table: Verdant Oath Channelstone (undefined)
Item not found in any reward table: Verdant Oath Rootwhisper Wand (undefined)
Item not found in any reward table: Thornbound Codex (undefined)
Item not found in any reward table: Thornbound Briar-Codex (undefined)
Item not found in any reward table: Thornbound Focus (undefined)
Item not found in any reward table: Thornbound?Briar?Wand (undefined)
Item not found in any reward table: Stonebark Focus (undefined)
Item not found in any reward table: Stonebark Rootwoven-Wand (undefined)
Item not found in any reward table: Stonebark Codex (undefined)
Item not found in any reward table: Stonebark Root-Codex (undefined)
Item not found in any reward table: Bronze Focus (undefined)
Item not found in any reward table: Bronze Energy Focus (undefined)
Item not found in any reward table: Bronze Spellbook (undefined)
Item not found in any reward table: Bronze Energy Spellbook (undefined)
Item not found in any reward table: Radiant Bronze Wand (undefined)
Item not found in any reward table: Forsaken Blades Spellbook (undefined)
Item not found in any reward table: Forsaken Blades Energy Spellbook (undefined)
Item not found in any reward table: Lightning Charged Forsaken Blades Wand (undefined)
Item not found in any reward table: Iron Focus (undefined)
Item not found in any reward table: Iron Energy Focus (undefined)
Item not found in any reward table: Sunfire Great Grimoire
 (undefined)
Item not found in any reward table: Sunfire Stonebound Great Grimoire (undefined)
Item not found in any reward table: Sunfire Wand (undefined)
Item not found in any reward table: Sunfire Dawnflare Wand
 (undefined)
Item not found in any reward table: Glorybound Great Grimoire (undefined)
Item not found in any reward table: Glolrybound Frostbound Great Grimoire (undefined)
Item not found in any reward table: Glorybound Focus (undefined)
Item not found in any reward table: Glorybound Wand (undefined)
Item not found in any reward table: Glorybound Frostlit Wand (undefined)
Item not found in any reward table: Thornstrike Focus (undefined)
Item not found in any reward table: Thornstrike Stonebind Focus (undefined)
Item not found in any reward table: Thornstride Great Grimoire  (undefined)
Item not found in any reward table: Thornstride Bramblebound Great Grimoire (undefined)
Item not found in any reward table: Thornstrike Wand
 (undefined)
Item not found in any reward table: Thornstrike Briarfang Wand (undefined)
Item not found in any reward table: Proctor's Focus (undefined)
Item not found in any reward table: Art of Spellcraft (undefined)
Item not found in any reward table: Enchanted Bronze Breastplate (undefined)
Item not found in any reward table: Enchanted Bronze Greaves (undefined)
Item not found in any reward table: Enchanted Bronze Bracers (undefined)
Item not found in any reward table: Enchanted Bronze Gloves (undefined)
Item not found in any reward table: Enchanted Bronze Helmet (undefined)
Item not found in any reward table: Enchanted Bronze Pants (undefined)
Item not found in any reward table: Enchanted Bronze Pauldrons (undefined)
Item not found in any reward table: Enchanted Bronze Belt (undefined)
Item not found in any reward table: Briarhold Breastplate (undefined)
Item not found in any reward table: Briarhold Boots (undefined)
Item not found in any reward table: Briarhold Bracers (undefined)
Item not found in any reward table: Briarhold Gloves (undefined)
Item not found in any reward table: Briarhold Helm (undefined)
Item not found in any reward table: Briarhold Greaves (undefined)
Item not found in any reward table: Briarhold Pauldrons (undefined)
Item not found in any reward table: Briarhold Tassets (undefined)
Item not found in any reward table: Emerald Necklace (undefined)
Item not found in any reward table: Bone Ring (undefined)
Item not found in any reward table: Iron Hoop Earring (undefined)
Item not found in any reward table: Tidewrought Ring (undefined)
Item not found in any reward table: Ashveined Earrings (undefined)
Item not found in any reward table: Ashveined Ring (undefined)
Item not found in any reward table: Rootbound Necklace (undefined)
Item not found in any reward table: Weeping Willow Caravan Armor (undefined)
Item not found in any reward table: Braidwood Caravan Armor (undefined)
Item not found in any reward table: Iron Plated Caravan Armor (undefined)
Item not found in any reward table: Rividium Plated Caravan Armor (undefined)
Item not found in any reward table: Steel Plated Caravan Armor (undefined)
Item not found in any reward table: Weeping Willow Caravan Carriage (undefined)
Item not found in any reward table: Braidwood Caravan Carriage (undefined)
Item not found in any reward table: Iron Reinforced Caravan Carriage (undefined)
Item not found in any reward table: Rividium Reinforced Caravan Carriage (undefined)
Item not found in any reward table: Steel Reinforced Caravan Carriage (undefined)
Item not found in any reward table: Weeping Willow Caravan Chassis (undefined)
Item not found in any reward table: Braidwood Caravan Chassis (undefined)
Item not found in any reward table: Iron Reinforced Caravan Chassis (undefined)
Item not found in any reward table: Rividium Reinforced Caravan Chassis (undefined)
Item not found in any reward table: Steel Reinforced Caravan Chassis (undefined)
Item not found in any reward table: Weeping Willow Caravan Wheels (undefined)
Item not found in any reward table: Braidwood Caravan Wheels (undefined)
Item not found in any reward table: Iron Reinforced Caravan Wheels (undefined)
Item not found in any reward table: Rividium Reinforced Caravan Wheels (undefined)
Item not found in any reward table: Steel Reinforced Caravan Wheels (undefined)
Item not found in any reward table: Small Weeping Willow Crate (undefined)
Item not found in any reward table: Small Braidwood Crate (undefined)
Item not found in any reward table: Small Copper Reinforced Crate (undefined)
Item not found in any reward table: Small Zinc Reinforced Crate (undefined)
Item not found in any reward table: Small Brass Reinforced Crate (undefined)
Item not found in any reward table: Small Tin Reinforced Crate (undefined)
Item not found in any reward table: Small Bronze Reinforced Crate (undefined)
Item not found in any reward table: Small Iron Reinforced Crate (undefined)
Item not found in any reward table: Small Rividium Reinforced Crate (undefined)
Item not found in any reward table: Small Steel Reinforced Crate (undefined)
Item not found in any reward table: Medium Weeping Willow Crate (undefined)
Item not found in any reward table: Medium Braidwood Crate (undefined)
Item not found in any reward table: Medium Copper Reinforced Crate (undefined)
Item not found in any reward table: Medium Zinc Reinforced Crate (undefined)
Item not found in any reward table: Medium Brass Reinforced Crate (undefined)
Item not found in any reward table: Medium Tin Reinforced Crate (undefined)
Item not found in any reward table: Medium Bronze Reinforced Crate (undefined)
Item not found in any reward table: Medium Iron Reinforced Crate (undefined)
Item not found in any reward table: Medium Rividium Reinforced Crate (undefined)
Item not found in any reward table: Medium Steel Reinforced Crate (undefined)
Item not found in any reward table: Large Weeping Willow Crate (undefined)
Item not found in any reward table: Large Braidwood Crate (undefined)
Item not found in any reward table: Large Copper Reinforced Crate (undefined)
Item not found in any reward table: Large Zinc Reinforced Crate (undefined)
Item not found in any reward table: Large Brass Reinforced Crate (undefined)
Item not found in any reward table: Large Tin Reinforced Crate (undefined)
Item not found in any reward table: Large Bronze Reinforced Crate (undefined)
Item not found in any reward table: Large Iron Reinforced Crate (undefined)
Item not found in any reward table: Large Rividium Reinforced Crate (undefined)
Item not found in any reward table: Large Steel Reinforced Crate (undefined)
Item not found in any reward table: Brooksteel Driftbow (undefined)
Item not found in any reward table: Brooksteel Riverbow (undefined)
Item not found in any reward table: Verdant Oath Bloomstring (undefined)
Item not found in any reward table: Verdant Oath Thornbow (undefined)
Item not found in any reward table: Thornbound Bramble-Shortbow (undefined)
Item not found in any reward table: Thornbound Ember-Longbow (undefined)
Item not found in any reward table: Stonebark Verdant Shortbow (undefined)
Item not found in any reward table: Stonebark Verdant Longbow (undefined)
Item not found in any reward table: Bronze Short Spellbow (undefined)
Item not found in any reward table: Bronze Long Spellbow (undefined)
Item not found in any reward table: Sunfire Shortbow (undefined)
Item not found in any reward table: Sunfire Stonebind Shortbow (undefined)
Item not found in any reward table: Sunfire Longbow (undefined)
Item not found in any reward table: Sunfire Stonebind Longbow (undefined)
Item not found in any reward table: Glorybound Shortbow (undefined)
Item not found in any reward table: Glorybound Laurelstring Shortbow (undefined)
Item not found in any reward table: Glorybound Longbow (undefined)
Item not found in any reward table: Glorybound Steadydraw Longbow (undefined)
Item not found in any reward table: Thornstrike Shortbow (undefined)
Item not found in any reward table: Thornstride Hedgebound Shortbow (undefined)
Item not found in any reward table: Thornstrike Longbow (undefined)
Item not found in any reward table: Thornstrike Stonebind Longbow (undefined)
Item not found in any reward table: Emerald Earring (undefined)
Item not found in any reward table: Emerald Ring (undefined)
Item not found in any reward table: Ring of the Drawn Hollow (undefined)
Item not found in any reward table: Bone Earring (undefined)
Item not found in any reward table: Bone Necklace (undefined)
Item not found in any reward table: Halcyonite Earring (undefined)
Item not found in any reward table: Halcyonite Necklace (undefined)
Item not found in any reward table: Halcyonite Ring (undefined)
Item not found in any reward table: Thistleborn Necklace (undefined)
Item not found in any reward table: Thistleborn Ring (undefined)
Item not found in any reward table: Steelbloom Earrings (undefined)
Item not found in any reward table: Steelbloom Necklace (undefined)
Item not found in any reward table: Steelbloom Ring (undefined)
Item not found in any reward table: Briarhold Earrings (undefined)
Item not found in any reward table: Tidewrought Necklace (undefined)
Item not found in any reward table: Glowthreaded Earrings (undefined)
Item not found in any reward table: Glowthreaded Necklace (undefined)
Item not found in any reward table: Glowthreaded  Ring (undefined)
Item not found in any reward table: Ashveined Necklace (undefined)
Item not found in any reward table: Guardian's Honor (undefined)
Item not found in any reward table: Restorer's Reflection (undefined)
Item not found in any reward table: Carphin Alumnus Ring (undefined)
Item not found in any reward table: Rootbound Earring (undefined)
Item not found in any reward table: Rootbound Ring (undefined)
Item not found in any reward table: Deer Beast Of Burden (undefined)
Item not found in any reward table: Kirin Beast Of Burden (undefined)
Item not found in any reward table: Apprentice Hunting Bag (undefined)
Item not found in any reward table: Apprentice Fishing Bag (undefined)
Item not found in any reward table: Apprentice Mining Bag (undefined)
Item not found in any reward table: Apprentice Herbalism Bag (undefined)
Item not found in any reward table: Apprentice Lumberjacking Bag (undefined)
Item not found in any reward table: Journeyman Hunting Bag (undefined)
Item not found in any reward table: Journeyman Hunting Bag (undefined)
Item not found in any reward table: Journeyman Fishing Bag (undefined)
Item not found in any reward table: Journeyman Fishing Bag (undefined)
Item not found in any reward table: Journeymen Mining Bag (undefined)
Item not found in any reward table: Journeymen Mining Bag (undefined)
Item not found in any reward table: Journeyman Herbalism Bag (undefined)
Item not found in any reward table: Journeyman Herbalism Bag (undefined)
Item not found in any reward table: Journeyman Lumberjacking Bag (undefined)
Item not found in any reward table: Journeyman Lumberjacking Bag (undefined)
Item not found in any reward table: Novice Hunting Satchel (undefined)
Item not found in any reward table: Novice Fishing Satchel (undefined)
Item not found in any reward table: Apprentice Hunting Bag (undefined)
Item not found in any reward table: Apprentice Fishing Bag (undefined)
Item not found in any reward table: Apprentice Mining Bag (undefined)
Item not found in any reward table: Apprentice Herbalism Bag (undefined)
Item not found in any reward table: Apprentice Lumberjacking Bag (undefined)
Item not found in any reward table: Journeyman Hunting Bag (undefined)
Item not found in any reward table: Journeyman Hunting Bag (undefined)
Item not found in any reward table: Journeyman Fishing Bag (undefined)
Item not found in any reward table: Journeyman Fishing Bag (undefined)
Item not found in any reward table: Journeymen Mining Bag (undefined)
Item not found in any reward table: Journeymen Mining Bag (undefined)
Item not found in any reward table: Journeyman Herbalism Bag (undefined)
Item not found in any reward table: Journeyman Herbalism Bag (undefined)
Item not found in any reward table: Journeyman Lumberjacking Bag (undefined)
Item not found in any reward table: Journeyman Lumberjacking Bag (undefined)
Item not found in any reward table: Apprentice Hunting Bag (undefined)
Item not found in any reward table: Apprentice Fishing Bag (undefined)
Item not found in any reward table: Apprentice Mining Bag (undefined)
Item not found in any reward table: Apprentice Herbalism Bag (undefined)
Item not found in any reward table: Apprentice Lumberjacking Bag (undefined)
Item not found in any reward table: Journeyman Hunting Bag (undefined)
Item not found in any reward table: Journeyman Fishing Bag (undefined)
Item not found in any reward table: Journeymen Mining Bag (undefined)
Item not found in any reward table: Journeyman Herbalism Bag (undefined)
Item not found in any reward table: Journeyman Lumberjacking Bag (undefined)
Item not found in any reward table: Galen's Tackle Bag (undefined)
Item not found in any reward table: Apprentice Hunter's Leggings (undefined)
Item not found in any reward table: Journeyman Hunter's Skivvies (undefined)
Item not found in any reward table: Apprentice Fisherman's Skivvies (undefined)
Item not found in any reward table: Journeyman Fisherman's Skivvies (undefined)
Item not found in any reward table: Apprentice Lumberjack's Pants (undefined)
Item not found in any reward table: Journeyman Lumberjack's Pants (undefined)
Item not found in any reward table: Apprentice Miner's Skivvies (undefined)
Item not found in any reward table: Journeyman Miner's Skivvies (undefined)
Item not found in any reward table: Apprentice Herbalist Breeches (undefined)
Item not found in any reward table: Journeyman Herbalist's Skivvies (undefined)
Item not found in any reward table: Apprentice Weaponsmith's Skivvies (undefined)
Item not found in any reward table: Journeyman Weaponsmith's Skivvies (undefined)
Item not found in any reward table: Apprentice Armorsmith's Skivvies (undefined)
Item not found in any reward table: Journeyman Armorsmith's Skivvies (undefined)
Item not found in any reward table: Apprentice Arcane Engineer's Skivvies (undefined)
Item not found in any reward table: Journeyman Arcane Engineer's Skivvies (undefined)
Item not found in any reward table: Apprentice Tailor's Pants (undefined)
Item not found in any reward table: Journeyman Tailor's Skivvies (undefined)
Item not found in any reward table: Apprentice Leatherworker's Pants (undefined)
Item not found in any reward table: Journeyman Leatherworker's Skivvies (undefined)
Item not found in any reward table: Apprentice Carpenter's Skivvies (undefined)
Item not found in any reward table: Journeyman Carpenter's Skivvies (undefined)
Item not found in any reward table: Apprentice Jeweler's Skivvies (undefined)
Item not found in any reward table: Journeyman Jeweler's Skivvies (undefined)
Item not found in any reward table: Apprentice Metalworker's Skivvies (undefined)
Item not found in any reward table: Journeyman Metalworker's Skivvies (undefined)
Item not found in any reward table: Apprentice Lumber Miller's Pants (undefined)
Item not found in any reward table: Journeyman Lumber Miller's Skivvies (undefined)
Item not found in any reward table: Apprentice Stonemason's Skivvies (undefined)
Item not found in any reward table: Journeyman Stonemason's Skivvies (undefined)
Item not found in any reward table: Apprentice Tanner's Skivvies (undefined)
Item not found in any reward table: Journeyman Tanner's Skivvies (undefined)
Item not found in any reward table: Apprentice Weaver's Skivvies (undefined)
Item not found in any reward table: Journeyman Weaver's Skivvies (undefined)
Item not found in any reward table: Apprentice Alchemist's Skivvies (undefined)
Item not found in any reward table: Journeyman Alchemist's Skivvies (undefined)
Item not found in any reward table: Apprentice Animal Husbandrist's Skivvies (undefined)
Item not found in any reward table: Journeyman Animal Husbandrist's Skivvies (undefined)
Item not found in any reward table: Apprentice Farmer's Skivvies (undefined)
Item not found in any reward table: Journeyman Farmer's Skivvies (undefined)
Item not found in any reward table: Apprentice Cook's Skivvies (undefined)
Item not found in any reward table: Journeyman Cook's Skivvies (undefined)
Item not found in any reward table: Novice Hunter's Shirt (undefined)
Item not found in any reward table: Apprentice Hunter's Shirt (undefined)
Item not found in any reward table: Journeyman Hunter's Shirt (undefined)
Item not found in any reward table: Novice Fisherman's Shirt (undefined)
Item not found in any reward table: Apprentice Fisherman's Shirt (undefined)
Item not found in any reward table: Journeyman Fisherman's Shirt (undefined)
Item not found in any reward table: Novice Lumberjack's Shirt (undefined)
Item not found in any reward table: Apprentice Lumberjack's Shirt (undefined)
Item not found in any reward table: Journeyman Lumberjack's Shirt (undefined)
Item not found in any reward table: Novice Miner's Shirt (undefined)
Item not found in any reward table: Apprentice Miner's Shirt (undefined)
Item not found in any reward table: Journeyman Miner's Shirt (undefined)
Item not found in any reward table: Novice Herbalist's Shirt (undefined)
Item not found in any reward table: Apprentice Herbalist's Shirt (undefined)
Item not found in any reward table: Journeyman Herbalist's Shirt (undefined)
Item not found in any reward table: Novice Weaponsmith's Shirt (undefined)
Item not found in any reward table: Apprentice Weaponsmith's Shirt (undefined)
Item not found in any reward table: Journeyman Weaponsmith's Shirt (undefined)
Item not found in any reward table: Novice Armorsmith's Shirt (undefined)
Item not found in any reward table: Apprentice Armorsmith's Shirt (undefined)
Item not found in any reward table: Journeyman Armorsmith's Shirt (undefined)
Item not found in any reward table: Novice Arcane Engineer's Shirt (undefined)
Item not found in any reward table: Apprentice Arcane Engineer's Shirt (undefined)
Item not found in any reward table: Journeyman Arcane Engineer's Shirt (undefined)
Item not found in any reward table: Novice Tailor's Shirt (undefined)
Item not found in any reward table: Apprentice Tailor's Shirt (undefined)
Item not found in any reward table: Journeyman Tailor's Shirt (undefined)
Item not found in any reward table: Novice Leatherworker's Shirt (undefined)
Item not found in any reward table: Apprentice Leatherworker's Shirt (undefined)
Item not found in any reward table: Journeyman Leatherworker's Shirt (undefined)
Item not found in any reward table: Novice Carpenter's Shirt (undefined)
Item not found in any reward table: Apprentice Carpenter's Shirt (undefined)
Item not found in any reward table: Journeyman Carpenter's Shirt (undefined)
Item not found in any reward table: Novice Scribe's Shirt (undefined)
Item not found in any reward table: Apprentice Scribe's Shirt (undefined)
Item not found in any reward table: Journeyman Scribe's Shirt (undefined)
Item not found in any reward table: Novice Jeweler's Shirt (undefined)
Item not found in any reward table: Apprentice Jeweler's Shirt (undefined)
Item not found in any reward table: Journeyman Jeweler's Shirt (undefined)
Item not found in any reward table: Novice Metalworker's Shirt (undefined)
Item not found in any reward table: Apprentice Metalworker's Shirt (undefined)
Item not found in any reward table: Journeyman Metalworker's Shirt (undefined)
Item not found in any reward table: Novice Lumber Miller's Shirt (undefined)
Item not found in any reward table: Apprentice Lumber Miller's Shirt (undefined)
Item not found in any reward table: Journeyman Lumber Miller's Shirt (undefined)
Item not found in any reward table: Novice Stonemason's Shirt (undefined)
Item not found in any reward table: Apprentice Stonemason's Shirt (undefined)
Item not found in any reward table: Journeyman Stonemason's Shirt (undefined)
Item not found in any reward table: Novice Tanner's Shirt (undefined)
Item not found in any reward table: Apprentice Tanner's Shirt (undefined)
Item not found in any reward table: Journeyman Tanner's Shirt (undefined)
Item not found in any reward table: Novice Weaver's Shirt (undefined)
Item not found in any reward table: Apprentice Weaver's Shirt (undefined)
Item not found in any reward table: Journeyman Weaver's Shirt (undefined)
Item not found in any reward table: Novice Alchemist's Shirt (undefined)
Item not found in any reward table: Apprentice Alchemist's Shirt (undefined)
Item not found in any reward table: Journeyman Alchemist's Shirt (undefined)
Item not found in any reward table: Novice Animal Husbandrist's Shirt (undefined)
Item not found in any reward table: Apprentice Animal Husbandrist's Shirt (undefined)
Item not found in any reward table: Journeyman Animal Husbandrist's Shirt (undefined)
Item not found in any reward table: Novice Farmer's Shirt (undefined)
Item not found in any reward table: Apprentice Farmer's Shirt (undefined)
Item not found in any reward table: Journeyman Farmer's Shirt (undefined)
Item not found in any reward table: Novice Cook's Shirt (undefined)
Item not found in any reward table: Apprentice Cook's Shirt (undefined)
Item not found in any reward table: Journeyman Cook's Shirt (undefined)
Item not found in any reward table: Journeyman Hunter's Tool Belt (undefined)
Item not found in any reward table: Journeyman Fisherman's Tool Belt (undefined)
Item not found in any reward table: Journeyman Lumberjack's Tool Belt (undefined)
Item not found in any reward table: Journeyman Herbalist's Tool Belt (undefined)
Item not found in any reward table: Journeyman Weaponsmith's Tool Belt (undefined)
Item not found in any reward table: Journeyman Armorsmith's Tool Belt (undefined)
Item not found in any reward table: Journeyman Arcane Engineer's Tool Belt (undefined)
Item not found in any reward table: Journeyman Tailor's Tool Belt (undefined)
Item not found in any reward table: Journeyman Leatherworker's Tool Belt (undefined)
Item not found in any reward table: Journeyman Carpenter's Tool Belt (undefined)
Item not found in any reward table: Journeyman Jeweler's Tool Belt (undefined)
Item not found in any reward table: Journeyman Metalworker's Tool Belt (undefined)
Item not found in any reward table: Journeyman Lumber Miller's Tool Belt (undefined)
Item not found in any reward table: Journeyman Stonemason's Tool Belt (undefined)
Item not found in any reward table: Journeyman Tanner's Tool Belt (undefined)
Item not found in any reward table: Journeyman Weaver's Tool Belt (undefined)
Item not found in any reward table: Journeyman Alchemist's Tool Belt (undefined)
Item not found in any reward table: Journeyman Animal Husbandrist's Tool Belt (undefined)
Item not found in any reward table: Journeyman Farmer's Tool Belt (undefined)
Item not found in any reward table: Journeyman Cook's Tool Belt (undefined)
Item not found in any reward table: Apprentice Mining Pickaxe (undefined)
Item not found in any reward table: Stonebreath Apprentice Pickaxe (undefined)
Item not found in any reward table: Journeyman Mining Pickaxe (undefined)
Item not found in any reward table: Journeyman Mining Pickaxe (undefined)
Item not found in any reward table: Journeyman Mining Pickaxe (undefined)
Item not found in any reward table: Journeyman Mining Pickaxe (undefined)
Item not found in any reward table: Apprentice Herbalism Sickle (undefined)
Item not found in any reward table: The Twilight Crescent (undefined)
Item not found in any reward table: Herbalism Sickle Rarity (undefined)
Item not found in any reward table: Journeyman Herbalism Sickle (undefined)
Item not found in any reward table: Journeyman Herbalism Sickle (undefined)
Item not found in any reward table: Journeyman Herbalism Sickle (undefined)
Item not found in any reward table: Journeyman Herbalism Sickle (undefined)
Item not found in any reward table: Journeyman Herbalism Sickle (undefined)
Item not found in any reward table: Apprentice Lumberjack's Quick-Axe (undefined)
Item not found in any reward table: Apprentice Lumberjack's Quick-Axe (undefined)
Item not found in any reward table: Journeyman Lumberjacking Axe (undefined)
Item not found in any reward table: Journeyman Lumberjacking Axe (undefined)
Item not found in any reward table: Journeyman Lumberjacking Axe (undefined)
Item not found in any reward table: Journeyman Lumberjacking Axe (undefined)
Item not found in any reward table: Appentice Hunting Bow (undefined)
Item not found in any reward table: Appentice Hunting Bow (undefined)
Item not found in any reward table: Appentice Hunting Bow (undefined)
Item not found in any reward table: Journeyman Hunting Bow (undefined)
Item not found in any reward table: Journeyman Hunting Bow (undefined)
Item not found in any reward table: Journeyman Hunting Bow (undefined)
Item not found in any reward table: Journeyman Hunting Bow (undefined)
Item not found in any reward table: Journeyman Hunting Bow (undefined)
Item not found in any reward table: Apprentice Fishing Pole (undefined)
Item not found in any reward table: Apprentice Fishing Pole (undefined)
Item not found in any reward table: Apprentice Fishing Pole (undefined)
Item not found in any reward table: Journeyman Fishing Pole (undefined)
Item not found in any reward table: Journeyman Fishing Pole (undefined)
Item not found in any reward table: Journeyman Fishing Pole (undefined)
Item not found in any reward table: Journeyman Fishing Pole (undefined)
Item not found in any reward table: Journeyman Fishing Pole (undefined)
Item not found in any reward table: Greathollow Breastplate (undefined)
Item not found in any reward table: Greathollow Boots (undefined)
Item not found in any reward table: Greathollow Bracers (undefined)
Item not found in any reward table: Greathollow Gauntlets (undefined)
Item not found in any reward table: Greathollow Helm (undefined)
Item not found in any reward table: Greathollow Greaves (undefined)
Item not found in any reward table: Greathollow Pauldrons (undefined)
Item not found in any reward table: Greathollow Tassets (undefined)
Item not found in any reward table: Brooksteel Dagger (undefined)
Item not found in any reward table: Brooksteel Dirk (undefined)
Item not found in any reward table: Verdant Oath Dagger (undefined)
Item not found in any reward table: Thornbound Dagger (undefined)
Item not found in any reward table: Thornbound Briar-Dagger (undefined)
Item not found in any reward table: Stonebark Dagger (undefined)
Item not found in any reward table: Stonebark Root-Dagger (undefined)
Item not found in any reward table: Bronze Pact Blades (undefined)
Item not found in any reward table: Bronze Baleblades (undefined)
Item not found in any reward table: Sunfire Stonebound Twin Daggers (undefined)
Item not found in any reward table: Sunfire Twin Daggers (undefined)
Item not found in any reward table: Glorybound Twin Daggers (undefined)
Item not found in any reward table: Glorybound Stonebind Twin Daggers (undefined)
Item not found in any reward table: Thornstride Twin Daggers  (undefined)
Item not found in any reward table: Thornstride Stonebond Twin Daggers (undefined)
Item not found in any reward table: Bear Hide Cloak (undefined)
Item not found in any reward table: Howling Wolf Cloak (undefined)
Item not found in any reward table: Hollowshade Cape (undefined)
Item not found in any reward table: Hollowshade Jerkin (undefined)
Item not found in any reward table: Hollowshade Boots (undefined)
Item not found in any reward table: Hollowshade Bracers (undefined)
Item not found in any reward table: Hollowshade Gloves (undefined)
Item not found in any reward table: Hollowshade Helm (undefined)
Item not found in any reward table: Hollowshade Leggings (undefined)
Item not found in any reward table: Hollowshade Shoulders (undefined)
Item not found in any reward table: Hollowshade Belt (undefined)
Item not found in any reward table: Dewthread Cloak (undefined)
Item not found in any reward table: Meadowborn Cape (undefined)
Item not found in any reward table: Meadowborn Jerkin (undefined)
Item not found in any reward table: Meadowborn Boots (undefined)
Item not found in any reward table: Meadowborn Bracers (undefined)
Item not found in any reward table: Meadowborn Gloves (undefined)
Item not found in any reward table: Meadowborn Hood (undefined)
Item not found in any reward table: Meadowborn Leggings (undefined)
Item not found in any reward table: Meadowborn Shoulders (undefined)
Item not found in any reward table: Meadowborn Sash (undefined)
Item not found in any reward table: Cognoscente Cape (undefined)
Item not found in any reward table: Acadira Valarion Cloak (undefined)
Item not found in any reward table: Bloodwrought Athames (undefined)
Item not found in any reward table: Snar's Bone Necklace (undefined)
Item not found in any reward table: Wormwig's Ring (undefined)
Item not found in any reward table: Great Golden Hoop (undefined)
Item not found in any reward table: Desecrated Ring (undefined)
Item not found in any reward table: Commander's Necklace (undefined)
Item not found in any reward table: Plumbweight Earrings (undefined)
Item not found in any reward table: Swiftscreech's Bone Ring (undefined)
Item not found in any reward table: Rock Necklace (undefined)
Item not found in any reward table: Hoarder's Lament (undefined)
Item not found in any reward table: Doomsday Necklace (undefined)
Item not found in any reward table: Bloodied Bone Ring (undefined)
Item not found in any reward table: Shiny Bauble Earring (undefined)
Item not found in any reward table: Lucky Shoes (undefined)
Item not found in any reward table: Briarpaw's Gloves (undefined)
Item not found in any reward table: Servo Focus (undefined)
Item not found in any reward table: Raven Claw Ring (undefined)
Item not found in any reward table: Muckmaw's Greatsword (undefined)
Item not found in any reward table: Bizhbug's Robe (undefined)
Item not found in any reward table: Holy Ring (undefined)
Item not found in any reward table: Radiant Necklace (undefined)
Item not found in any reward table: Scribed Bone Earring (undefined)
Item not found in any reward table: Phantom Sword (undefined)
Item not found in any reward table: Greyshore Transporters' Bag (undefined)
Item not found in any reward table: Crude Lumberjacking Axe (undefined)
Item not found in any reward table: Crude Fishing Pole (undefined)
Item not found in any reward table: Crude Hunting Bow (undefined)
Item not found in any reward table: Mori Satius (undefined)
Item not found in any reward table: Libertas Quaesitor (undefined)
Item not found in any reward table: Aeternum Captivum (undefined)
Item not found in any reward table: Crude Herbalism Sickle (undefined)
Item not found in any reward table: Malevolent Mound's Ring (undefined)
Item not found in any reward table: Timeless Tiller's Bone Ring (undefined)
Item not found in any reward table: Gatekeeper's Earring (undefined)
Item not found in any reward table: Everlasting Sower's Bone Necklace (undefined)
Item not found in any reward table: Small Gold Pouch (undefined)
Item not found in any reward table: Small Gold Pouch (undefined)
Item not found in any reward table: Small Gold Pouch (undefined)
Item not found in any reward table: Small Gold Pouch (undefined)
Item not found in any reward table: Small Gold Pouch (undefined)
Item not found in any reward table: Small Gold Pouch (undefined)
Item not found in any reward table: Blackened Chain Collar (undefined)
Item not found in any reward table: Glittering Spall Ring (undefined)
Item not found in any reward table: Sujoma Pauldrons (undefined)
Item not found in any reward table: Slagbreaker's Mining Pickaxe (undefined)
Item not found in any reward table: Slagbreaker Miner's Shirt (undefined)
Item not found in any reward table: Slagbreaker Miner's Skivvies (undefined)
Item not found in any reward table: Slagbreaker's Mining Tool Belt (undefined)
Item not found in any reward table: Forgelord's Mining Pouch (undefined)
Item not found in any reward table: A Magical Bag Of Mixed Goodies (undefined)
Item not found in any reward table: Insulated Beaithreach Skivvies (undefined)
Item not found in any reward table: Dunzen Smith's Skivvies (undefined)
Item not found in any reward table: Aggrieved Plateshaper's Skivvies (undefined)
Item not found in any reward table: Insulated Braithreach Shirt (undefined)
Item not found in any reward table: Dunzen Smith's Shirt (undefined)
Item not found in any reward table: Aggrieved Plateshaper's Shirt (undefined)
Item not found in any reward table: Dunzen Smith's Tool Belt (undefined)
Item not found in any reward table: Insulated Braithreach Tool Belt (undefined)
Item not found in any reward table: Aggrieved Plateshaper's Tool Belt (undefined)
Item not found in any reward table: Cloak of the Trailbreaker (undefined)
Item not found in any reward table: Hornhexer's Headband (undefined)
Item not found in any reward table: Ancient Dunzen Longsword (undefined)
Item not found in any reward table: Forgelord's Signet (undefined)
Item not found in any reward table: Slagbreaker's Mining Bag (undefined)
Item not found in any reward table: Forgefire Yoke (undefined)
Item not found in any reward table: Igneous Striker (undefined)
Item not found in any reward table: The Brace of Balm (undefined)
Item not found in any reward table: Embertoss (undefined)
Item not found in any reward table: Sorrow's Edge (undefined)
Item not found in any reward table: Forgeguard's Deflector (undefined)
Item not found in any reward table: Braithreach Stompers (undefined)
Item not found in any reward table: Forgescale (undefined)
Item not found in any reward table: Pinion Pen (undefined)
Item not found in any reward table: Rebel's Reward (undefined)
Item not found in any reward table: Horn of the Great Herd (undefined)
Item not found in any reward table: A Magical Bag Of Mixed Goodies (undefined)
Item not found in any reward table: Goblin Patchhide Chest (undefined)
Item not found in any reward table: Amulet of the Whispering Skull (undefined)
Item not found in any reward table: Forgeguard's Cloak (undefined)
Item not found in any reward table: Forgeguard Cuirass (undefined)
Item not found in any reward table: Forgeguard Treads (undefined)
Item not found in any reward table: Forgeguard Vambraces (undefined)
Item not found in any reward table: Forgeguard Gauntlets (undefined)
Item not found in any reward table: Forgeguard Helm (undefined)
Item not found in any reward table: Forgeguard Greaves (undefined)
Item not found in any reward table: Forgeguard Pauldrons (undefined)
Item not found in any reward table: Forgeguard Girdle (undefined)
Item not found in any reward table: Toren Scout Cape (undefined)
Item not found in any reward table: Toren Scout Cuirass (undefined)
Item not found in any reward table: Toren Scout Boots (undefined)
Item not found in any reward table: Toren Scout Bracers (undefined)
Item not found in any reward table: Toren Scout Gloves (undefined)
Item not found in any reward table: Toren Scout Helm (undefined)
Item not found in any reward table: Toren Scout Greaves (undefined)
Item not found in any reward table: Toren Scout Pauldrons (undefined)
Item not found in any reward table: Toren Scout Belt (undefined)
Item not found in any reward table: Toren Administrator Cloak (undefined)
Item not found in any reward table: Toren Administrator Robe (undefined)
Item not found in any reward table: Toren Administrator Boots (undefined)
Item not found in any reward table: Toren Administrator Armbands (undefined)
Item not found in any reward table: Toren Administrator Gloves (undefined)
Item not found in any reward table: Toren Administrator Hood (undefined)
Item not found in any reward table: Toren Administrator Leggings (undefined)
Item not found in any reward table: Toren Administrator Pauldrons (undefined)
Item not found in any reward table: Toren Administrator Belt (undefined)
Item not found in any reward table: Ancient Dunzen Spellbook (undefined)
Item not found in any reward table: Ancient Dunzen Focus (undefined)
Item not found in any reward table: Ancient Dunzen Scepter (undefined)
Item not found in any reward table: Ancient D?nzen Wand (undefined)
Item not found in any reward table: Ancient Dunzen Longbow (undefined)
Item not found in any reward table: Ancient Dunzen Mace (undefined)
Item not found in any reward table: Ancient Dunzen Shield (undefined)
Item not found in any reward table: Ancient D?nzen Shortbow (undefined)
Item not found in any reward table: Ancient Dunzen Sword (undefined)
Item not found in any reward table: Ancient Dunzen Greatsword (undefined)
Item not found in any reward table: Ancient Dunzen Daggers (undefined)
Item not found in any reward table: A Magical Bag Of Mixed Goodies (undefined)
Item not found in any reward table: Purifier Cloak (undefined)
Item not found in any reward table: Purifier Breastplate (undefined)
Item not found in any reward table: Purifier Bracers (undefined)
Item not found in any reward table: Purifier Gloves (undefined)
Item not found in any reward table: Harrowed Stars Ring (undefined)
Item not found in any reward table: Harrowed Stars Necklace (undefined)
Item not found in any reward table: Harrowed Stars Earring (undefined)
Item not found in any reward table: Harrowed Stars Mace (undefined)
Item not found in any reward table: Harrowed Stars Shield (undefined)
Item not found in any reward table: Harrowed Stars Focus (undefined)
Item not found in any reward table: Harrowed Stars Wand (undefined)
Item not found in any reward table: Hippo Beast Of Burden (undefined)
Item not found in any reward table: Daystrider Beast Of Burden (undefined)
Item not found in any reward table: Bonestrider Beast Of Burden (undefined)
Item not found in any reward table: Sandsquall Croc Beast Of Burden (undefined)
Item not found in any reward table: Heartwood Seed (undefined)
Item not found in any reward table: Dustbound Earring (undefined)
Item not found in any reward table: Dustbound Necklace (undefined)
Item not found in any reward table: Snakebite Wand (undefined)
Item not found in any reward table: Sabatons of Gault (undefined)
Item not found in any reward table: Barbotine Fists (undefined)
Item not found in any reward table: Hollowhued Breastplate (undefined)
Item not found in any reward table: Beetleplate Helm (undefined)
Item not found in any reward table: Courser's Signet (undefined)
Item not found in any reward table: Calcified Eyestalk (undefined)
Item not found in any reward table: Bitterquill (undefined)
Item not found in any reward table: Sands' Bastion (undefined)
Item not found in any reward table: Djinnmagi's Folly (undefined)
Item not found in any reward table: Khalidur's Heavy Breastplate (undefined)
Item not found in any reward table: Khalidur's Pauldrons (undefined)
Item not found in any reward table: Dynasty Beetle Beast Of Burden (undefined)
Item not found in any reward table: Dustbound Ring (undefined)
Item not found in any reward table: Lightclaw's Fetters (undefined)
Item not found in any reward table: Test Relic (undefined)
Item not found in any reward table: Scorpion Beast Of Burden (undefined)
Item not found in any reward table: Croctooth Charm (undefined)
Item not found in any reward table: Scarhide Mantle (undefined)
Item not found in any reward table: Reedbed Waders (undefined)
Item not found in any reward table: Sungazer Forearms (undefined)
Item not found in any reward table: Sungazer Head (undefined)
Item not found in any reward table: Scalerunner Beast Of Burden (undefined)
Item not found in any reward table: Horn of Firebrand (undefined)
Item not found in any reward table: Tumok's Totem (undefined)
Item not found in any reward table: Telsaula Stinger (undefined)
Item not found in any reward table: Glintbound Bezoar (undefined)
Item not found in any reward table: Forsaken Daggers (undefined)
Item not found in any reward table: Jackal's Knives (undefined)
Item not found in any reward table: Forsaken Hexblades (undefined)
Item not found in any reward table: Dusklit Revelation (undefined)
Item not found in any reward table: Befallen Anvil (undefined)
Item not found in any reward table: Eskra Owl (undefined)
Item not found in any reward table: Forsaken Sabre (undefined)
Item not found in any reward table: Mouth of Oblivion (undefined)
Item not found in any reward table: Beastwarden's Prod (undefined)
Item not found in any reward table: Dustpaw Warhide (undefined)
Item not found in any reward table: Sandy Bulwark (undefined)
Item not found in any reward table: Hardend Chitin Armor (undefined)
Item not found in any reward table: Ragebringer Stone (undefined)
Item not found in any reward table: Amulet of Zarran (undefined)
Item not found in any reward table: Varek's Silk Slippers (undefined)
Item not found in any reward table: Branch of the Kesatal (undefined)
Item not found in any reward table: Bloodletter's Cloak (undefined)
Item not found in any reward table: Captain Threnody's Mariner Belt (undefined)
Item not found in any reward table: Brine Briches (undefined)
Item not found in any reward table: Deepwater Cuirass (undefined)
Item not found in any reward table: Prowler's Pearl (undefined)
Item not found in any reward table: Conservator's Gloves (undefined)
Item not found in any reward table: Deadman's Spaulders (undefined)
Item not found in any reward table: Infernal Hammer (undefined)
Item not found in any reward table: Cognocker Bracers (undefined)
Item not found in any reward table: Flamedancer (undefined)
Item not found in any reward table: The Furnace Anvil (undefined)
Item not found in any reward table: Malgorach's Heart (undefined)
Item not found in any reward table: Fire Beetle Eye (undefined)
Item not found in any reward table: Ventcore Ring (undefined)
Item not found in any reward table: Lungs of the Abyss (undefined)
Item not found in any reward table: Crushbone Hammer (undefined)
Item not found in any reward table: Tidewarden's Compass (undefined)
Item not found in any reward table: Flickering Flame (undefined)
Item not found in any reward table: The Coral Rampart (undefined)
Item not found in any reward table: The Infernal Fists (undefined)
Item not found in any reward table: Twinblaze Wand (undefined)
Item not found in any reward table: Dun'mor Helm (undefined)
Item not found in any reward table: Necromancer's Guide to Puppetry (undefined)
Item not found in any reward table: A Magical Bag Of Mixed Goodies (undefined)
Item not found in any reward table: A Magical Bag Of Mixed Goodies (undefined)
Item not found in any reward table: A Magical Bag Of Mixed Goodies (undefined)
Item not found in any reward table: Stockade Sack (undefined)
Item not found in any reward table: The Shield of Tura'Madu (undefined)
Item not found in any reward table: The Token of the Pack (undefined)
Item not found in any reward table: Belt of the Wolfguard (undefined)
Item not found in any reward table: Arlogian Collar (undefined)
Item not found in any reward table: Light Star (undefined)
Item not found in any reward table: Al'Ashal's Cloak (undefined)
Item not found in any reward table: Deconstruction Kit (undefined)
Item not found in any reward table: Crab Beast Of Burden (undefined)
Item not found in any reward table: Alligator Beast Of Burden (undefined)
Item not found in any reward table: Adventurer's Shortbow (undefined)
Item not found in any reward table: Codex of Seafire (undefined)
Item not found in any reward table: Doomthunder (undefined)
Item not found in any reward table: Fists of the Turik (undefined)
Item not found in any reward table: Small Acacia Crate (undefined)
Item not found in any reward table: Medium Acacia Crate (undefined)
Item not found in any reward table: Large Acacia Crate (undefined)
Item not found in any reward table: Small Date Palm Crate (undefined)
Item not found in any reward table: Medium Date Palm Crate (undefined)
Item not found in any reward table: Large Date Palm Crate (undefined)
Item not found in any reward table: Small Joshua Tree Crate (undefined)
Item not found in any reward table: Medium Joshua Tree Crate (undefined)
Item not found in any reward table: Large JoshuaTree Crate (undefined)
Item not found in any reward table: Small Dragon Tree Crate (undefined)
Item not found in any reward table: Medium Dragon Tree Crate (undefined)
Item not found in any reward table: Large Dragon Tree Crate (undefined)
Item not found in any reward table: Small Coconut Crate (undefined)
Item not found in any reward table: Medium Coconut Crate (undefined)
Item not found in any reward table: Large Coconut Crate (undefined)
Item not found in any reward table: Small Plumeria Crate (undefined)
Item not found in any reward table: Medium Plumeria Crate (undefined)
Item not found in any reward table: Large Plumeria Crate (undefined)
Item not found in any reward table: Acacia Caravan Armor (undefined)
Item not found in any reward table: Acacia Caravan Carriage (undefined)
Item not found in any reward table: Acacia Caravan Chassis (undefined)
Item not found in any reward table: Acacia Caravan Wheels (undefined)
Item not found in any reward table: Date Palm Caravan Armor (undefined)
Item not found in any reward table: Date Palm Caravan Carriage (undefined)
Item not found in any reward table: Date Palm Caravan Chassis (undefined)
Item not found in any reward table: Date Palm Caravan Wheels (undefined)
Item not found in any reward table: Joshua Tree Caravan Armor (undefined)
Item not found in any reward table: Joshua Tree Caravan Carriage (undefined)
Item not found in any reward table: Joshua Tree Caravan Chassis (undefined)
Item not found in any reward table: Joshua Tree Caravan Wheels (undefined)
Item not found in any reward table: Dragon Tree Caravan Armor (undefined)
Item not found in any reward table: Dragon Tree Caravan Carriage (undefined)
Item not found in any reward table: Dragon Tree Caravan Chassis (undefined)
Item not found in any reward table: Dragon Tree Caravan Wheels (undefined)
Item not found in any reward table: Coconut Caravan Armor (undefined)
Item not found in any reward table: Coconut Caravan Carriage (undefined)
Item not found in any reward table: Coconut Caravan Chassis (undefined)
Item not found in any reward table: Coconut Caravan Wheels (undefined)
Item not found in any reward table: Plumeria Caravan Armor (undefined)
Item not found in any reward table: Plumeria Caravan Carriage (undefined)
Item not found in any reward table: Plumeria Caravan Chassis (undefined)
Item not found in any reward table: Plumeria Caravan Wheels (undefined)
Item not found in any reward table: Ankle-Biter Boots (undefined)
Item not found in any reward table: Bloomthorn Blades (undefined)
Item not found in any reward table: Vinemail Vest (undefined)
Item not found in any reward table: Brinebeard Boots (undefined)
Item not found in any reward table: Keelhaul Tricorne (undefined)
Item not found in any reward table: Barnacle Buckler (undefined)
Item not found in any reward table: Death Pearl (undefined)
Item not found in any reward table: Horticulturalist Gloves (undefined)
Item not found in any reward table: Warden Shillelagh (undefined)
Item not found in any reward table: Stonehide Scale (undefined)
Item not found in any reward table: Basilisk Skin Tunic (undefined)
Item not found in any reward table: Bone Shard Greatsword (undefined)
Item not found in any reward table: Minereaver Twin Daggers (undefined)
Item not found in any reward table: Spindlerealm Amulet (undefined)
Item not found in any reward table: Iron Wing Hood (undefined)
Item not found in any reward table: Iron Wing Breastplate (undefined)
Item not found in any reward table: Iron Wing Guantlets (undefined)
Item not found in any reward table: Iron Wing Shroud (undefined)
Item not found in any reward table: Hammer of Kuu'Shuu (undefined)
Item not found in any reward table: Blood Hoop (undefined)
Item not found in any reward table: The Mirror Helm (undefined)
Item not found in any reward table: The Hawk Bow (undefined)
Item not found in any reward table: Breaching Pickaxe (undefined)
Item not found in any reward table: Sparkveil Cape (undefined)
Item not found in any reward table: Sparkveil Jerkin (undefined)
Item not found in any reward table: Sparkveil Boots (undefined)
Item not found in any reward table: Sparkveil Bracers (undefined)
Item not found in any reward table: Sparkveil Gloves
 (undefined)
Item not found in any reward table: Sparkveil Hood
 (undefined)
Item not found in any reward table: Sparkveil Leggings (undefined)
Item not found in any reward table: Sparkveil Shoulders (undefined)
Item not found in any reward table: Sparkveil Sash (undefined)
Item not found in any reward table: Small Practice Crate (undefined)
Item not found in any reward table: Glimmering Geode Beast Of Burden (undefined)
Item not found in any reward table: Heart of Golgora (undefined)
Item not found in any reward table: Test Crate (undefined)
Item not found in any reward table: Voidbreak Mining Pickaxe (undefined)
Item not found in any reward table: Mining Construction Supplies (undefined)
Item not found in any reward table: Lumberjacking Construction Supplies (undefined)
Item not found in any reward table: Herbalism Construction Supplies (undefined)
Item not found in any reward table: Hunting Construction Supplies (undefined)
Item not found in any reward table: Fishing Construction Supplies (undefined)
Item not found in any reward table: Tanning Construction Supplies (undefined)
Item not found in any reward table: Cooking Construction Supplies (undefined)
Item not found in any reward table: Alchemy Construction Supplies (undefined)
Item not found in any reward table: Weaving Construction Supplies (undefined)
Item not found in any reward table: Animal Husbandry Construction Supplies (undefined)
Item not found in any reward table: Farming Construction Supplies (undefined)
Item not found in any reward table: Lumbermilling Construction Supplies (undefined)
Item not found in any reward table: Metalworking Construction Supplies (undefined)
Item not found in any reward table: Stonemason Construction Supplies (undefined)
Item not found in any reward table: Thornway Accord Vestment (undefined)
Item not found in any reward table: Thornway Accord Treads (undefined)
Item not found in any reward table: Thornway Accord Bindings (undefined)
Item not found in any reward table: Thornway Accord Grips (undefined)
Item not found in any reward table: Thornway Accord Hood (undefined)
Item not found in any reward table: Thornway Accord Trousers (undefined)
Item not found in any reward table: Thornway Accord Mantle (undefined)
Item not found in any reward table: Thornway Accord Sash (undefined)
Item not found in any reward table: Thornway Accord Cloak (undefined)
Item not found in any reward table: Verdant Yoke Cuirass (undefined)
Item not found in any reward table: Verdant Yoke Treads (undefined)
Item not found in any reward table: Verdant Yoke Vambraces (undefined)
Item not found in any reward table: Verdant Yoke Grips (undefined)
Item not found in any reward table: Verdant Yoke Helm (undefined)
Item not found in any reward table: Verdant Yoke Greaves (undefined)
Item not found in any reward table: Verdant Yoke Mantle (undefined)
Item not found in any reward table: Verdant Yoke Girdle (undefined)
Item not found in any reward table: Verdant Yoke Cloak (undefined)
Item not found in any reward table: Thistlemaw Vestment (undefined)
Item not found in any reward table: Thistlemaw Treads (undefined)
Item not found in any reward table: Thistlemaw Bindings (undefined)
Item not found in any reward table: Thistlemaw Grips (undefined)
Item not found in any reward table: Thistlemaw Hood (undefined)
Item not found in any reward table: Thistlemaw Trousers (undefined)
Item not found in any reward table: Thistlemaw Mantle (undefined)
Item not found in any reward table: Thistlemaw Sash (undefined)
Item not found in any reward table: Thistlemaw Cloak (undefined)
Item not found in any reward table: Glenwarden Cuirass (undefined)
Item not found in any reward table: Glenwarden Sabatons (undefined)
Item not found in any reward table: Glenwarden Bracers (undefined)
Item not found in any reward table: Glenwarden Gauntlets (undefined)
Item not found in any reward table: Glenwarden Helm (undefined)
Item not found in any reward table: Glenwarden Greaves (undefined)
Item not found in any reward table: Glenwarden Pauldrons (undefined)
Item not found in any reward table: Glenwarden Girdle (undefined)
Item not found in any reward table: Glenwarden Backplate
 (undefined)
Item not found in any reward table: Brinetread Jerkin (undefined)
Item not found in any reward table: Brinetread Boots (undefined)
Item not found in any reward table: Brinetread Bracers (undefined)
Item not found in any reward table: Brinetread Gloves (undefined)
Item not found in any reward table: Brinetread Helm (undefined)
Item not found in any reward table: Brinetread Leggings (undefined)
Item not found in any reward table: Brinetread Shoulders (undefined)
Item not found in any reward table: Brinetread Belt (undefined)
Item not found in any reward table: Brinetread Cape (undefined)
Item not found in any reward table: Brightgrove Jerkin (undefined)
Item not found in any reward table: Brightgrove Boots (undefined)
Item not found in any reward table: Brightgrove Bracers (undefined)
Item not found in any reward table: Brightgrove Leggings (undefined)
Item not found in any reward table: Brightgrove Hood (undefined)
Item not found in any reward table: Brightgrove Trousers (undefined)
Item not found in any reward table: Brightgrove Shoulders (undefined)
Item not found in any reward table: Brightgrove Sash (undefined)
Item not found in any reward table: Brightgrove Cape
 (undefined)
Item not found in any reward table: Thistledown Jerkin (undefined)
Item not found in any reward table: Thistledown Boots (undefined)
Item not found in any reward table: Thistledown Bracers (undefined)
Item not found in any reward table: Thistledown Gloves (undefined)
Item not found in any reward table: Thistledown Hood (undefined)
Item not found in any reward table: Thistledown Leggings (undefined)
Item not found in any reward table: Thistledown Shoulders (undefined)
Item not found in any reward table: Thistledown Sash (undefined)
Item not found in any reward table: Thistledown Cape (undefined)
Item not found in any reward table: Stoneglen Cuirass (undefined)
Item not found in any reward table: Stoneglen Sabatons (undefined)
Item not found in any reward table: Stoneglen Vambraces (undefined)
Item not found in any reward table: Stoneglen Gauntlets (undefined)
Item not found in any reward table: Stoneglen Helm (undefined)
Item not found in any reward table: Stoneglen Greaves (undefined)
Item not found in any reward table: Stoneglen Pauldrons (undefined)
Item not found in any reward table: Stoneglen Girdle (undefined)
Item not found in any reward table: Stoneglen Cape (undefined)
Item not found in any reward table: Brooksteel Hatchet (undefined)
Item not found in any reward table: Brooksteel Hand Axe (undefined)
Item not found in any reward table: Brooksteel Great Axe (undefined)
Item not found in any reward table: Brooksteel Deepcleaver (undefined)
Item not found in any reward table: Brooksteel Great Mace (undefined)
Item not found in any reward table: Brooksteel Tideram (undefined)
Item not found in any reward table: Brooksteel Rapier (undefined)
Item not found in any reward table: Brooksteel Riversting (undefined)
Item not found in any reward table: Brooksteel Riverpoint (undefined)
Item not found in any reward table: Verdant Oath Hand Axe (undefined)
Item not found in any reward table: Verdant Oath Wildcutter (undefined)
Item not found in any reward table: Verdant Oath Great Axe (undefined)
Item not found in any reward table: Verdant Oath Heartcleaver (undefined)
Item not found in any reward table: Sanctus Dagger (undefined)
Item not found in any reward table: Verdant Oath Great Mace (undefined)
Item not found in any reward table: Verdant Oath Bloomcrusher (undefined)
Item not found in any reward table: Verdant Oath Rapier (undefined)
Item not found in any reward table: Verdant Oath Thornlash (undefined)
Item not found in any reward table: Verdant Oath Bloomspire (undefined)
Item not found in any reward table: Mistwood Hand Axe (undefined)
Item not found in any reward table: Mistwood Grovecleaver (undefined)
Item not found in any reward table: Mistwood Great Axe (undefined)
Item not found in any reward table: Mistwood Hollowfang (undefined)
Item not found in any reward table: Mistwood Tome of Spells (undefined)
Item not found in any reward table: Mistwood Book of Magic (undefined)
Item not found in any reward table: Mistwood Dagger (undefined)
Item not found in any reward table: Mistwood Dirk
 (undefined)
Item not found in any reward table: Mistwood Focus (undefined)
Item not found in any reward table: Mistwood Channelstone (undefined)
Item not found in any reward table: Mistwood Longbow (undefined)
Item not found in any reward table: Mistwood Veilbow (undefined)
Item not found in any reward table: Mistwood Mace (undefined)
Item not found in any reward table: Mistwood Great Mace (undefined)
Item not found in any reward table: Mistwood Grovehammer (undefined)
Item not found in any reward table: Mistwood Rapier
 (undefined)
Item not found in any reward table: Mistwood Thornpoint (undefined)
Item not found in any reward table: Mistwood Scepter (undefined)
Item not found in any reward table: Mistwood Shield (undefined)
Item not found in any reward table: Mistwood Shortbow (undefined)
Item not found in any reward table: Mistwood Hollowbow (undefined)
Item not found in any reward table: Mistwood Spear
 (undefined)
Item not found in any reward table: Mistwood Gloamspear
 (undefined)
Item not found in any reward table: Mistwood Sword (undefined)
Item not found in any reward table: Mistwood Nightpetal (undefined)
Item not found in any reward table: Mistwood Greatsword (undefined)
Item not found in any reward table: Mistwood Moonreaver (undefined)
Item not found in any reward table: Mistwood Wand (undefined)
Item not found in any reward table: Mistwood Murkbranch Wand (undefined)
Item not found in any reward table: Thornbound Axe (undefined)
Item not found in any reward table: Thornbound Briar Axe (undefined)
Item not found in any reward table: Thornbound Great Axe (undefined)
Item not found in any reward table: Thornbound Briar Great Axe
 (undefined)
Item not found in any reward table: Thornbound Great Mace (undefined)
Item not found in any reward table: Thornbound Great Briar-Mace (undefined)
Item not found in any reward table: Thornbound Rapier (undefined)
Item not found in any reward table: Thornbound Briar-Rapier (undefined)
Item not found in any reward table: Thornbound Spear (undefined)
Item not found in any reward table: Thornbound Briar-Spear (undefined)
Item not found in any reward table: Silverglade Axe (undefined)
Item not found in any reward table: SilvergladeMag Axe (undefined)
Item not found in any reward table: Silverglade Axe (undefined)
Item not found in any reward table: SilvergladeMag Axe (undefined)
Item not found in any reward table: Silverglade Mace (undefined)
Item not found in any reward table: SilvergladeMag Mace (undefined)
Item not found in any reward table: Silverglade Rapier (undefined)
Item not found in any reward table: SilvergladeMag Rapier (undefined)
Item not found in any reward table: Silverglade Spear (undefined)
Item not found in any reward table: SilvergladeMag Spear (undefined)
Item not found in any reward table: Volcrist Axe (undefined)
Item not found in any reward table: VolcristMag Axe (undefined)
Item not found in any reward table: Volcrist Axe (undefined)
Item not found in any reward table: VolcristMag Axe (undefined)
Item not found in any reward table: Volcrist Book (undefined)
Item not found in any reward table: VolcristPhy Book (undefined)
Item not found in any reward table: Volcrist Dagger (undefined)
Item not found in any reward table: VolcristMag Dagger (undefined)
Item not found in any reward table: Volcrist Focus (undefined)
Item not found in any reward table: VolcristPhy Focus (undefined)
Item not found in any reward table: Volcrist Longbow (undefined)
Item not found in any reward table: VolcristMag Longbow (undefined)
Item not found in any reward table: Volcrist Mace (undefined)
Item not found in any reward table: Volcrist Mace (undefined)
Item not found in any reward table: VolcristMag Mace (undefined)
Item not found in any reward table: Volcrist Rapier (undefined)
Item not found in any reward table: VolcristMag Rapier (undefined)
Item not found in any reward table: Volcrist Scepter (undefined)
Item not found in any reward table: Volcrist Shield (undefined)
Item not found in any reward table: Volcrist Shortbow (undefined)
Item not found in any reward table: VolcristMag Shortbow (undefined)
Item not found in any reward table: Volcrist Spear (undefined)
Item not found in any reward table: VolcristMag Spear (undefined)
Item not found in any reward table: Volcrist Sword (undefined)
Item not found in any reward table: VolcristMag Sword (undefined)
Item not found in any reward table: Volcrist Sword (undefined)
Item not found in any reward table: VolcristMag Sword (undefined)
Item not found in any reward table: Volcrist Wand (undefined)
Item not found in any reward table: VolcristPhy Wand (undefined)
Item not found in any reward table: Flameheart Axe (undefined)
Item not found in any reward table: Flameheart Stonegrip Axe  (undefined)
Item not found in any reward table: Flameheart Great Axe (undefined)
Item not found in any reward table: Flameheart Stonegrip Axe (undefined)
Item not found in any reward table: Flameheart Great Grimoire (undefined)
Item not found in any reward table: Flameheart Hearthbound Great Grimoire (undefined)
Item not found in any reward table: Flameheart Twin Daggers (undefined)
Item not found in any reward table: Flameheart Stonegrip Twin Daggers (undefined)
Item not found in any reward table: Flameheart Focus (undefined)
Item not found in any reward table: Flameheart Stonegrip Focus (undefined)
Item not found in any reward table: Flameheart Longbow (undefined)
Item not found in any reward table: Flameheart Emberstring Longbow (undefined)
Item not found in any reward table: Flameheart Mace (undefined)
Item not found in any reward table: Flameheart Great Mace (undefined)
Item not found in any reward table: Flameheart Cinderborn Great Mace (undefined)
Item not found in any reward table: Flameheart Rapier (undefined)
Item not found in any reward table: Flameheart Cinderslip Rapier (undefined)
Item not found in any reward table: Flameheart Scepter (undefined)
Item not found in any reward table: Flameheart Shield (undefined)
Item not found in any reward table: Flameheart Shortbow (undefined)
Item not found in any reward table: Flameheart Cinderline Shortbow (undefined)
Item not found in any reward table: Flameheart Spear (undefined)
Item not found in any reward table: Flameheart Emberwake Spear (undefined)
Item not found in any reward table: Flameheart Sword (undefined)
Item not found in any reward table: Flameheart Emberwake Sword (undefined)
Item not found in any reward table: Flameheart Greatsword (undefined)
Item not found in any reward table: Flameheart Emberfang Greatsword (undefined)
Item not found in any reward table: Flameheart Wand (undefined)
Item not found in any reward table: Flameheart Emberfang Wand (undefined)
Item not found in any reward table: Pyrebrand Axe  (undefined)
Item not found in any reward table: Pyrebrand Stonegrip Axe (undefined)
Item not found in any reward table: Pyrebrand Great Axe (undefined)
Item not found in any reward table: Pyrebrand Stonegrip Great Axe (undefined)
Item not found in any reward table: Pyrebrand Great Grimoire (undefined)
Item not found in any reward table: Pyrebrand Cinderforged Great Grimoire (undefined)
Item not found in any reward table: Pyrebrand Twin Daggers (undefined)
Item not found in any reward table: Pyrebrand Stonegrip Twin Daggers (undefined)
Item not found in any reward table: Pyrebrand Focus (undefined)
Item not found in any reward table: Pyrebrand Stonegrip Focus (undefined)
Item not found in any reward table: Pyrebrand Longbow (undefined)
Item not found in any reward table: Pyrebrand Emberstring Longbow (undefined)
Item not found in any reward table: Pyrebrand Mace (undefined)
Item not found in any reward table: Pyrebrand Great Mace (undefined)
Item not found in any reward table: Pyrebrand Hearthbound Great Mace (undefined)
Item not found in any reward table: Pyrebrand Rapier (undefined)
Item not found in any reward table: Pyrebrand Emberline Rapier (undefined)
Item not found in any reward table: Pyrebrand Scepter (undefined)
Item not found in any reward table: Pyrebrand Shield (undefined)
Item not found in any reward table: Pyrebrand Shortbow (undefined)
Item not found in any reward table: Pyrebrand Embercrest Shortbow (undefined)
Item not found in any reward table: Pyrebrand Spear (undefined)
Item not found in any reward table: Pyrebrand Ashfang Spear (undefined)
Item not found in any reward table: Pyrebrand Sword (undefined)
Item not found in any reward table: Pyrebrand Ashfang Sword (undefined)
Item not found in any reward table: Nightreaver Greatsword (undefined)
Item not found in any reward table: Pyrebrand Greatsword (undefined)
Item not found in any reward table: Pyrebrand Wand (undefined)
Item not found in any reward table: Pyrebrand Emberfang Wand
 (undefined)
Item not found in any reward table: Thornstride Axe (undefined)
Item not found in any reward table: Thornstride Stonebind Axe (undefined)
Item not found in any reward table: Thornstride Great Axe (undefined)
Item not found in any reward table: Thornstride Stonebind Great Axe (undefined)
Item not found in any reward table: Thornstride Great Mace (undefined)
Item not found in any reward table: Thornstride Hedgerow Great Mace (undefined)
Item not found in any reward table: Thornstride Rapier (undefined)
Item not found in any reward table: Thornstride Hedgepoint Rapier (undefined)
Item not found in any reward table: Thornstride Spear (undefined)
Item not found in any reward table: Thornstride Briarfang Spear (undefined)
Item not found in any reward table: Deepweld Axe (undefined)
Item not found in any reward table: Deepweld Stonegrip Axe (undefined)
Item not found in any reward table: Deepweld Great Axe (undefined)
Item not found in any reward table: Deepweld  Stonegrip Great Axe (undefined)
Item not found in any reward table: Deepweld Great Grimoire (undefined)
Item not found in any reward table: Deepweld Bedrock Great Grimoire (undefined)
Item not found in any reward table: Deepweld Twin Daggers (undefined)
Item not found in any reward table: Deepweld Ember Twin Daggers (undefined)
Item not found in any reward table: Deepweld Focus (undefined)
Item not found in any reward table: Deepweld Stonegrip Focus (undefined)
Item not found in any reward table: Deepweld Longbow (undefined)
Item not found in any reward table: Deepweld Stonepiercer Longbow (undefined)
Item not found in any reward table: Deepweld Mace (undefined)
Item not found in any reward table: Deepweld Great Mace (undefined)
Item not found in any reward table: Deepweld Bedrock Great Mace (undefined)
Item not found in any reward table: Deepweld Rapier (undefined)
Item not found in any reward table: Deepweld Tidecut Rapier (undefined)
Item not found in any reward table: Deepweld Scepter (undefined)
Item not found in any reward table: Deepweld Shield (undefined)
Item not found in any reward table: Deepweld Shortbow (undefined)
Item not found in any reward table: Deepweld Hearthstring Shortbow (undefined)
Item not found in any reward table: Deepweld Spear (undefined)
Item not found in any reward table: Deepweld Stormforged Spear (undefined)
Item not found in any reward table: Deepweld Sword (undefined)
Item not found in any reward table: Deepweld Stormforged Sword (undefined)
Item not found in any reward table: Deepweld Greatsword (undefined)
Item not found in any reward table: Deepweld Hollowforge Greatsword (undefined)
Item not found in any reward table: Deepweld Wand (undefined)
Item not found in any reward table: Deepweld Hollowforge Wand (undefined)
Item not found in any reward table: Glorybound Axe (undefined)
Item not found in any reward table: Glorybound Stonebind Axe (undefined)
Item not found in any reward table: Glorybound Great Axe (undefined)
Item not found in any reward table: Glorybound Stonebind Axe (undefined)
Item not found in any reward table: Glorybound Great Mace (undefined)
Item not found in any reward table: Glorybound Laurelbound Great Mace (undefined)
Item not found in any reward table: Glorybound Rapier (undefined)
Item not found in any reward table: Glorybound Laurelpoint Rapier (undefined)
Item not found in any reward table: Glorybound Spear (undefined)
Item not found in any reward table: Glorybound Dawnlit Spear (undefined)
Item not found in any reward table: Sunfire Axe (undefined)
Item not found in any reward table: Sunfire Stonebind Axe (undefined)
Item not found in any reward table: Sunfire Great Axe (undefined)
Item not found in any reward table: Sunfire Stonebind Great Axe (undefined)
Item not found in any reward table: Sunfire Great Mace (undefined)
Item not found in any reward table: Sunfire Dawnbound Great Mace (undefined)
Item not found in any reward table: Sunfire Rapier (undefined)
Item not found in any reward table: Sunfire Dawnline Rapier (undefined)
Item not found in any reward table: Sunfire Spear (undefined)
Item not found in any reward table: Sunfire Solreach Spear (undefined)
Item not found in any reward table: Runeweld Hand Axe (undefined)
Item not found in any reward table: Runeweld Echo-Axe (undefined)
Item not found in any reward table: Runeweld Great Axe (undefined)
Item not found in any reward table: Runeweld Spellhew (undefined)
Item not found in any reward table: Runeweld Spell Book (undefined)
Item not found in any reward table: Runeweld Codex (undefined)
Item not found in any reward table: Runeweld Dagger (undefined)
Item not found in any reward table: Runeweld Dirk (undefined)
Item not found in any reward table: Runeweld Focus (undefined)
Item not found in any reward table: Runeweld Channelstone (undefined)
Item not found in any reward table: Runeweld Longbow (undefined)
Item not found in any reward table: Runeweld Sigilbow (undefined)
Item not found in any reward table: Runeweld Mace (undefined)
Item not found in any reward table: Runeweld Great Mace (undefined)
Item not found in any reward table: Runeweld Sigilhammer (undefined)
Item not found in any reward table: Runeweld Rapier (undefined)
Item not found in any reward table: Runeweld Spellpiercer (undefined)
Item not found in any reward table: Runeweld Scepter (undefined)
Item not found in any reward table: Runeweld Shield (undefined)
Item not found in any reward table: Runeweld Shortbow (undefined)
Item not found in any reward table: Runeweld Whisperbow (undefined)
Item not found in any reward table: Runeweld Spear (undefined)
Item not found in any reward table: Runeweld Spelldrake (undefined)
Item not found in any reward table: Runeweld Sword (undefined)
Item not found in any reward table: Runeweld Spellcarver (undefined)
Item not found in any reward table: Runeweld Greatsword (undefined)
Item not found in any reward table: Runeweld Sigilcleave (undefined)
Item not found in any reward table: Runeweld Wand (undefined)
Item not found in any reward table: Runeweld Glyphkindle Wand (undefined)
Item not found in any reward table: Ironhearth Hand Axe (undefined)
Item not found in any reward table: Ironhearth Miner's axe (undefined)
Item not found in any reward table: Ironhearth Great Axe (undefined)
Item not found in any reward table: Ironhearth Faultreaver (undefined)
Item not found in any reward table: Ironhearth Spell Book (undefined)
Item not found in any reward table: Ironhearth Grimoire (undefined)
Item not found in any reward table: Ironhearth Dagger (undefined)
Item not found in any reward table: Ironhearth Dirk (undefined)
Item not found in any reward table: Ironhearth Focus (undefined)
Item not found in any reward table: Ironhearth Channelstone (undefined)
Item not found in any reward table: Ironhearth Longbow (undefined)
Item not found in any reward table: Ironhearth Emberbow (undefined)
Item not found in any reward table: Ironhearth Mace (undefined)
Item not found in any reward table: Ironhearth Great Mace (undefined)
Item not found in any reward table: Ironhearth Tremorhead (undefined)
Item not found in any reward table: Ironhearth Rapier (undefined)
Item not found in any reward table: Ironhearth Threadpiercer (undefined)
Item not found in any reward table: Ironhearth Scepter (undefined)
Item not found in any reward table: Ironhearth Shield
 (undefined)
Item not found in any reward table: Ironhearth Shortbow (undefined)
Item not found in any reward table: Ironhearth Flintbow (undefined)
Item not found in any reward table: Ironhearth Spear (undefined)
Item not found in any reward table: Ironhearth Worldspike (undefined)
Item not found in any reward table: Ironhearth Sword (undefined)
Item not found in any reward table: Ironhearth Emberbrand (undefined)
Item not found in any reward table: Ironhearth Greatsword (undefined)
Item not found in any reward table: Ironhearth Magmashear (undefined)
Item not found in any reward table: Ironhearth Wand (undefined)
Item not found in any reward table: Ironhearth Forgebrand Wand (undefined)
Item not found in any reward table: Stoneforge Hand Axe (undefined)
Item not found in any reward table: Stoneforge Emberbite
 (undefined)
Item not found in any reward table: Stoneforge Great Axe (undefined)
Item not found in any reward table: Stoneforge Grudgecarver (undefined)
Item not found in any reward table: Stoneforge Spell Book (undefined)
Item not found in any reward table: Stoneforge Grimoire (undefined)
Item not found in any reward table: Stoneforge Dagger (undefined)
Item not found in any reward table: Stoneforge Dirk (undefined)
Item not found in any reward table: Stoneforge Focus (undefined)
Item not found in any reward table: Stoneforge Channelstone (undefined)
Item not found in any reward table: Stoneforge Longbow (undefined)
Item not found in any reward table: Stoneforge Linebow (undefined)
Item not found in any reward table: Stoneforge Mace
 (undefined)
Item not found in any reward table: Stoneforge Great Mace (undefined)
Item not found in any reward table: Stoneforge Oathbreaker (undefined)
Item not found in any reward table: Stoneforge Rapier (undefined)
Item not found in any reward table: Stoneforge Edgemind (undefined)
Item not found in any reward table: Stoneforge Scepter (undefined)
Item not found in any reward table: Stoneforge Shield (undefined)
Item not found in any reward table: Stoneforge Shortbow
 (undefined)
Item not found in any reward table: Stoneforge Linecaster (undefined)
Item not found in any reward table: Stoneforge Spear (undefined)
Item not found in any reward table: Stoneforge Pinnacle (undefined)
Item not found in any reward table: Stoneforge Sword (undefined)
Item not found in any reward table: Stoneforge Edgekeeper (undefined)
Item not found in any reward table: Stoneforge Greatsword (undefined)
Item not found in any reward table: Stoneforge Vindicator (undefined)
Item not found in any reward table: Stoneforge Wand (undefined)
Item not found in any reward table: Stoneforge Gravemark Wand (undefined)
Item not found in any reward table: Forsaken Axe (undefined)
Item not found in any reward table: ForsakenMag Axe (undefined)
Item not found in any reward table: Forsaken Axe (undefined)
Item not found in any reward table: ForsakenMag Axe (undefined)
Item not found in any reward table: Forsaken Mace (undefined)
Item not found in any reward table: ForsakenMag Mace (undefined)
Item not found in any reward table: Forsaken Rapier (undefined)
Item not found in any reward table: Forsaken Spear (undefined)
Item not found in any reward table: ForsakenMag Spear (undefined)
Item not found in any reward table: Ashbrand Axe (undefined)
Item not found in any reward table: Ashbrand Ember-Axe (undefined)
Item not found in any reward table: Ashbrand Great Axe (undefined)
Item not found in any reward table: Ashbrand  Great Ember-Axe (undefined)
Item not found in any reward table: Ashbrand Great Mace (undefined)
Item not found in any reward table: Ashbrand Great Ember-Mace (undefined)
Item not found in any reward table: Ashbrand Rapier (undefined)
Item not found in any reward table: Ashbrand Ember-Rapier (undefined)
Item not found in any reward table: Ashbrand Spear (undefined)
Item not found in any reward table: Ashbrand Ember-Spear (undefined)
Item not found in any reward table: Moltenbrand Axe (undefined)
Item not found in any reward table: MoltenbrandMag Axe (undefined)
Item not found in any reward table: Moltenbrand Axe (undefined)
Item not found in any reward table: MoltenbrandMag Axe (undefined)
Item not found in any reward table: Moltenbrand Book (undefined)
Item not found in any reward table: MoltenbrandPhy Book (undefined)
Item not found in any reward table: Moltenbrand Dagger (undefined)
Item not found in any reward table: MoltenbrandMag Dagger (undefined)
Item not found in any reward table: Moltenbrand Focus (undefined)
Item not found in any reward table: MoltenbrandPhy Focus (undefined)
Item not found in any reward table: Moltenbrand Longbow (undefined)
Item not found in any reward table: MoltenbrandMag Longbow (undefined)
Item not found in any reward table: Moltenbrand Mace (undefined)
Item not found in any reward table: Moltenbrand Mace (undefined)
Item not found in any reward table: MoltenbrandMag Mace (undefined)
Item not found in any reward table: Moltenbrand Rapier (undefined)
Item not found in any reward table: MoltenbrandMag Rapier (undefined)
Item not found in any reward table: Moltenbrand Scepter (undefined)
Item not found in any reward table: Moltenbrand Shield (undefined)
Item not found in any reward table: Moltenbrand Shortbow (undefined)
Item not found in any reward table: MoltenbrandMag Shortbow (undefined)
Item not found in any reward table: Moltenbrand Spear (undefined)
Item not found in any reward table: MoltenbrandMag Spear (undefined)
Item not found in any reward table: Moltenbrand Sword (undefined)
Item not found in any reward table: MoltenbrandMag Sword (undefined)
Item not found in any reward table: Moltenbrand Sword (undefined)
Item not found in any reward table: MoltenbrandMag Sword (undefined)
Item not found in any reward table: Moltenbrand Wand (undefined)
Item not found in any reward table: MoltenbrandPhy Wand (undefined)
Item not found in any reward table: Coalhewn Jerkin (undefined)
Item not found in any reward table: Coalhewn Boots (undefined)
Item not found in any reward table: Coalhewn Bracers (undefined)
Item not found in any reward table: Coalhewn Gloves (undefined)
Item not found in any reward table: Coalhewn Helm (undefined)
Item not found in any reward table: Coalhewn Leggings (undefined)
Item not found in any reward table: Coalhewn Shoulders (undefined)
Item not found in any reward table: Coalhewn Belt (undefined)
Item not found in any reward table: Coalhewn Cape (undefined)
Item not found in any reward table: Slagwalker Cuirass (undefined)
Item not found in any reward table: Slagwalker Boots (undefined)
Item not found in any reward table: Slagwalker Bracers (undefined)
Item not found in any reward table: Slagwalker Gauntlets (undefined)
Item not found in any reward table: Slagwalker Helm (undefined)
Item not found in any reward table: Slagwalker Greaves (undefined)
Item not found in any reward table: Slagwalker Pauldrons (undefined)
Item not found in any reward table: Slagwalker Belt (undefined)
Item not found in any reward table: Slagwalker Cape (undefined)
Item not found in any reward table: Cindermarch Jerkin (undefined)
Item not found in any reward table: Cindermarch Boots (undefined)
Item not found in any reward table: Cindermarch Bracers (undefined)
Item not found in any reward table: Cindermarch Gloves (undefined)
Item not found in any reward table: Cindermarch Helm (undefined)
Item not found in any reward table: Cindermarch Leggings (undefined)
Item not found in any reward table: Cindermarch Pauldrons (undefined)
Item not found in any reward table: Cindermarch Belt (undefined)
Item not found in any reward table: Cindermarch Cape (undefined)
Item not found in any reward table: Hallowmark Vestment (undefined)
Item not found in any reward table: Hallowmark Treads (undefined)
Item not found in any reward table: Hallowmark Bindings (undefined)
Item not found in any reward table: Hallowmark Grips (undefined)
Item not found in any reward table: Hallowmark Cowl (undefined)
Item not found in any reward table: Hallowmark Trousers (undefined)
Item not found in any reward table: Hallowmark Mantle (undefined)
Item not found in any reward table: Hallowmark Sash (undefined)
Item not found in any reward table: Hallowmark Cloak (undefined)
Item not found in any reward table: Oathdelve Vestment (undefined)
Item not found in any reward table: Oathdelve Treads (undefined)
Item not found in any reward table: Oathdelve Bindings (undefined)
Item not found in any reward table: Oathdelve Grips (undefined)
Item not found in any reward table: Oathdelve Cowl (undefined)
Item not found in any reward table: Oathdelve Trousers (undefined)
Item not found in any reward table: Oathdelve Mantle (undefined)
Item not found in any reward table: Oathdelve Sash (undefined)
Item not found in any reward table: Oathdelve Cloak (undefined)
Item not found in any reward table: Stonechant Vestment (undefined)
Item not found in any reward table: Stonechant Treads (undefined)
Item not found in any reward table: Stonechant Bindings (undefined)
Item not found in any reward table: Stonechant Grips (undefined)
Item not found in any reward table: Stonechant Cowl (undefined)
Item not found in any reward table: Stonechant Trousers (undefined)
Item not found in any reward table: Stonechant Mantle (undefined)
Item not found in any reward table: Stonechant Sash (undefined)
Item not found in any reward table: Stonechant Cloak (undefined)
Item not found in any reward table: Coalspire Chest (undefined)
Item not found in any reward table: Coalspire Feet (undefined)
Item not found in any reward table: Coalspire Forearms (undefined)
Item not found in any reward table: Coalspire Hands (undefined)
Item not found in any reward table: Coalspire Head (undefined)
Item not found in any reward table: Coalspire Legs (undefined)
Item not found in any reward table: Coalspire Shoulders (undefined)
Item not found in any reward table: Coalspire Waist (undefined)
Item not found in any reward table: Coalspire Back (undefined)
Item not found in any reward table: Ashmantle Chest (undefined)
Item not found in any reward table: Ashmantle Feet (undefined)
Item not found in any reward table: Ashmantle Forearms (undefined)
Item not found in any reward table: Ashmantle Hands (undefined)
Item not found in any reward table: Ashmantle Head (undefined)
Item not found in any reward table: Ashmantle Legs (undefined)
Item not found in any reward table: Ashmantle Shoulders (undefined)
Item not found in any reward table: Ashmantle Waist (undefined)
Item not found in any reward table: Ashmantle Back (undefined)
Item not found in any reward table: Suncleft Choir Breastplate (undefined)
Item not found in any reward table: Suncleft Choir Boots (undefined)
Item not found in any reward table: Suncleft Choir Bracers (undefined)
Item not found in any reward table: Suncleft Choir Gloves (undefined)
Item not found in any reward table: Suncleft Choir Helm (undefined)
Item not found in any reward table: Suncleft Choir Leggings (undefined)
Item not found in any reward table: Suncleft Choir Spaulders (undefined)
Item not found in any reward table: Suncleft Choir Belt (undefined)
Item not found in any reward table: Suncleft Choir Cape (undefined)
Item not found in any reward table: Ashveil Jerkin (undefined)
Item not found in any reward table: Ashveil Boots (undefined)
Item not found in any reward table: Ashveil Bracers (undefined)
Item not found in any reward table: Ashveil Gauntlets (undefined)
Item not found in any reward table: Ashveil Hood (undefined)
Item not found in any reward table: Ashveil Leggings (undefined)
Item not found in any reward table: Ashveil Shoulders (undefined)
Item not found in any reward table: Ashveil Sash (undefined)
Item not found in any reward table: Ashveil Cape (undefined)
Item not found in any reward table: Glimmersoot Jerkin (undefined)
Item not found in any reward table: Glimmersoot Boots (undefined)
Item not found in any reward table: Glimmersoot Bracers (undefined)
Item not found in any reward table: Glimmersoot Gloves (undefined)
Item not found in any reward table: Glimmersoot Hood (undefined)
Item not found in any reward table: Glimmersoot Leggings (undefined)
Item not found in any reward table: Glimmersoot Shoulders (undefined)
Item not found in any reward table: Glimmersoot Sash (undefined)
Item not found in any reward table: Glimmersoot Cape (undefined)
Item not found in any reward table: Ashwoke Vestment (undefined)
Item not found in any reward table: Ashwoke Treads (undefined)
Item not found in any reward table: Ashwoke Cuffs (undefined)
Item not found in any reward table: Ashwoke Grips (undefined)
Item not found in any reward table: Ashwoke Hood (undefined)
Item not found in any reward table: Ashwoke Legwraps (undefined)
Item not found in any reward table: Ashwoke Mantle (undefined)
Item not found in any reward table: Ashwoke Sash (undefined)
Item not found in any reward table: Runebreath Vestment (undefined)
Item not found in any reward table: Runebreath Treads (undefined)
Item not found in any reward table: Runebreath Bindings (undefined)
Item not found in any reward table: Runebreath Grips (undefined)
Item not found in any reward table: Runebreath Cowl (undefined)
Item not found in any reward table: Runebreath Trousers (undefined)
Item not found in any reward table: Runebreath Mantle (undefined)
Item not found in any reward table: Runebreath Sash (undefined)
Item not found in any reward table: Runebreath Cloak (undefined)
Item not found in any reward table: Emberwake Vestment (undefined)
Item not found in any reward table: Emberwake Treads (undefined)
Item not found in any reward table: Emberwake Bindings (undefined)
Item not found in any reward table: Emberwake Grips (undefined)
Item not found in any reward table: Emberwake Cowl (undefined)
Item not found in any reward table: Emberwake Trousers (undefined)
Item not found in any reward table: Emberwake Mantle (undefined)
Item not found in any reward table: Emberwake Sash (undefined)
Item not found in any reward table: Emberwake Hood (undefined)
Item not found in any reward table: Smokereed Chest (undefined)
Item not found in any reward table: Smokereed Feet (undefined)
Item not found in any reward table: Smokereed Forearms (undefined)
Item not found in any reward table: Smokereed Hands (undefined)
Item not found in any reward table: Smokereed Head (undefined)
Item not found in any reward table: Smokereed Legs (undefined)
Item not found in any reward table: Smokereed Shoulders (undefined)
Item not found in any reward table: Smokereed Waist (undefined)
Item not found in any reward table: Smokereed Back (undefined)
Item not found in any reward table: Cindertouch Chest (undefined)
Item not found in any reward table: Cindertouch Feet (undefined)
Item not found in any reward table: Cindertouch Forearms (undefined)
Item not found in any reward table: Cindertouch Hands (undefined)
Item not found in any reward table: Cindertouch Head (undefined)
Item not found in any reward table: Cindertouch Legs (undefined)
Item not found in any reward table: Cindertouch Shoulders (undefined)
Item not found in any reward table: Cindertouch Waist (undefined)
Item not found in any reward table: Cindertouch Back (undefined)
Item not found in any reward table: Deepward Bastion Cuirass (undefined)
Item not found in any reward table: Deepward Bastion Sabatons (undefined)
Item not found in any reward table: Deepward Bastion Bracers (undefined)
Item not found in any reward table: Deepward Bastion Gauntlets (undefined)
Item not found in any reward table: Deepward Bastion Helm (undefined)
Item not found in any reward table: Deepward Bastion Greaves (undefined)
Item not found in any reward table: Deepward Bastion Pauldrons (undefined)
Item not found in any reward table: Deepward Bastion Girdle (undefined)
Item not found in any reward table: Deepward Bastion Backplate (undefined)
Item not found in any reward table: Anvilguard Breastplate (undefined)
Item not found in any reward table: Anvilguard Boots (undefined)
Item not found in any reward table: Anvilguard Bracers (undefined)
Item not found in any reward table: Anvilguard Gauntlets (undefined)
Item not found in any reward table: Anvilguard Helm (undefined)
Item not found in any reward table: Anvilguard Greaves (undefined)
Item not found in any reward table: Anvilguard Pauldrons (undefined)
Item not found in any reward table: Anvilguard Girdle (undefined)
Item not found in any reward table: Anvilguard Cape (undefined)
Item not found in any reward table: Ironwake Cuirass (undefined)
Item not found in any reward table: Ironwake Boots (undefined)
Item not found in any reward table: Ironwake Bracers (undefined)
Item not found in any reward table: Ironwake Gauntlets (undefined)
Item not found in any reward table: Ironwake Helm (undefined)
Item not found in any reward table: Ironwake Greaves (undefined)
Item not found in any reward table: Ironwake Pauldrons (undefined)
Item not found in any reward table: Ironwake Girdle (undefined)
Item not found in any reward table: Ironwake Cape (undefined)
Item not found in any reward table: Moltruin Cuirass (undefined)
Item not found in any reward table: Moltruin Sabatons (undefined)
Item not found in any reward table: Moltruin Bracers (undefined)
Item not found in any reward table: Moltruin Gauntlets (undefined)
Item not found in any reward table: Moltruin Helm (undefined)
Item not found in any reward table: Moltruin Greaves (undefined)
Item not found in any reward table: Moltruin Pauldrons (undefined)
Item not found in any reward table: Moltruin Girdle (undefined)
Item not found in any reward table: Moltruin Cape (undefined)
Item not found in any reward table: Crownbreaker Breastplate (undefined)
Item not found in any reward table: Crownbreaker Sabatons (undefined)
Item not found in any reward table: Crownbreaker Bracers (undefined)
Item not found in any reward table: Crownbreaker Gauntlets (undefined)
Item not found in any reward table: Crownbreaker Helm (undefined)
Item not found in any reward table: Crownbreaker Greaves (undefined)
Item not found in any reward table: Crownbreaker Pauldrons (undefined)
Item not found in any reward table: Crownbreaker Girdle (undefined)
Item not found in any reward table: Crownbreaker Backplate (undefined)
Item not found in any reward table: Undermarch Wardplate (undefined)
Item not found in any reward table: Undermarch Boots
 (undefined)
Item not found in any reward table: Undermarch Vambraces (undefined)
Item not found in any reward table: Undermarch Gauntlets (undefined)
Item not found in any reward table: Undermarch Vaulthelm (undefined)
Item not found in any reward table: Undermarch Greaves (undefined)
Item not found in any reward table: Undermarch Shoulders (undefined)
Item not found in any reward table: Undermarch Girding Chain (undefined)
Item not found in any reward table: Undermarch Watcher?s Cloak
 (undefined)
Item not found in any reward table: Luminous Concord Breastplate (undefined)
Item not found in any reward table: Luminous Concord Sabatons (undefined)
Item not found in any reward table: Luminous Concord Vambraces (undefined)
Item not found in any reward table: Luminous Concord Gauntlets (undefined)
Item not found in any reward table: Luminous Concord Burbute (undefined)
Item not found in any reward table: Luminous Concord Greaves (undefined)
Item not found in any reward table: Luminous Concord Spaulders (undefined)
Item not found in any reward table: Luminous Concord Faulds (undefined)
Item not found in any reward table: Luminous Concord Backplate (undefined)
Item not found in any reward table: Stonevein Chest (undefined)
Item not found in any reward table: Stonevein Feet (undefined)
Item not found in any reward table: Stonevein Forearms (undefined)
Item not found in any reward table: Stonevein Hands (undefined)
Item not found in any reward table: Stonevein Head (undefined)
Item not found in any reward table: Stonevein Legs (undefined)
Item not found in any reward table: Stonevein Shoulders (undefined)
Item not found in any reward table: Stonevein Waist (undefined)
Item not found in any reward table: Stonevein Back (undefined)
Item not found in any reward table: Forgewarden Chest (undefined)
Item not found in any reward table: Forgewarden Feet (undefined)
Item not found in any reward table: Forgewarden Forearms (undefined)
Item not found in any reward table: Forgewarden Hands (undefined)
Item not found in any reward table: Forgewarden Head (undefined)
Item not found in any reward table: Forgewarden Legs (undefined)
Item not found in any reward table: Forgewarden Shoulders (undefined)
Item not found in any reward table: Forgewarden Waist (undefined)
Item not found in any reward table: Forgewarden Back (undefined)
Item not found in any reward table: Ward of the Sevenfold Light Hauberk (undefined)
Item not found in any reward table: Ward of the Sevenfold Light Boots (undefined)
Item not found in any reward table: Ward of the Sevenfold Light Bracers (undefined)
Item not found in any reward table: Ward of the Sevenfold Light Gloves (undefined)
Item not found in any reward table: Ward of the Sevenfold Light Hood (undefined)
Item not found in any reward table: Ward of the Sevenfold Light Leggings (undefined)
Item not found in any reward table: Ward of the Sevenfold Light Spaulders (undefined)
Item not found in any reward table: Ward of the Sevenfold Light Girdle (undefined)
Item not found in any reward table: Ward of the Sevenfold Light Cape (undefined)
Item not found in any reward table: Fireveined Earring (undefined)
Item not found in any reward table: Fireveined Ring (undefined)
Item not found in any reward table: Fireveined Necklace (undefined)
Item not found in any reward table: Forgebound Earring (undefined)
Item not found in any reward table: Forgebound Ring (undefined)
Item not found in any reward table: Forgebound Necklace (undefined)
Item not found in any reward table: Glimmerbound Earring (undefined)
Item not found in any reward table: Glimmerbound Ring (undefined)
Item not found in any reward table: Glimmerbound Necklace (undefined)
Item not found in any reward table: Cindertouched Earring (undefined)
Item not found in any reward table: Cindertouched Ring (undefined)
Item not found in any reward table: Cindertouched Necklace (undefined)
Item not found in any reward table: Seabright Axe (undefined)
Item not found in any reward table: Seabright Tideshaper Axe (undefined)
Item not found in any reward table: Seabright Great Axe (undefined)
Item not found in any reward table: Seabright Tideshaper Great Axe (undefined)
Item not found in any reward table: Seabright Great Grimoire (undefined)
Item not found in any reward table: Seabright Tidefast Great Grimoire (undefined)
Item not found in any reward table: Seabright Twin Daggers (undefined)
Item not found in any reward table: Seabright Tideshaper Twin Daggers  (undefined)
Item not found in any reward table: Seabright Focus (undefined)
Item not found in any reward table: Seabright Tideshaper Focus (undefined)
Item not found in any reward table: Seabright Longbow (undefined)
Item not found in any reward table: Seabright Tideshaper Longbow (undefined)
Item not found in any reward table: Seabright Mace (undefined)
Item not found in any reward table: Seabright Great Mace (undefined)
Item not found in any reward table: Seabright Tideglow Great Mace (undefined)
Item not found in any reward table: Seabright Rapier (undefined)
Item not found in any reward table: Seabright Sprayline Rapier (undefined)
Item not found in any reward table: Seabright Scepter (undefined)
Item not found in any reward table: Seabright Shield (undefined)
Item not found in any reward table: Seabright Shortbow (undefined)
Item not found in any reward table: Seabright Tideglint Shortbow (undefined)
Item not found in any reward table: Seabright Spear (undefined)
Item not found in any reward table: Seabright Tideforged Spear (undefined)
Item not found in any reward table: Seabright Sword (undefined)
Item not found in any reward table: Seabright Tideforged Sword (undefined)
Item not found in any reward table: Seabright Greatsword
 (undefined)
Item not found in any reward table: Seabright Tideforged Greatsword
 (undefined)
Item not found in any reward table: Seabright Wand (undefined)
Item not found in any reward table: Seabright Tideforged Wand
 (undefined)
Item not found in any reward table: Deepwake Axe (undefined)
Item not found in any reward table: DeepwakeMag Axe (undefined)
Item not found in any reward table: Deepwake Axe (undefined)
Item not found in any reward table: DeepwakeMag Axe (undefined)
Item not found in any reward table: Deepwake Book (undefined)
Item not found in any reward table: DeepwakePhy Book (undefined)
Item not found in any reward table: Deepwake Dagger (undefined)
Item not found in any reward table: DeepwakeMag Dagger (undefined)
Item not found in any reward table: Deepwake Focus (undefined)
Item not found in any reward table: DeepwakePhy Focus (undefined)
Item not found in any reward table: Deepwake Longbow (undefined)
Item not found in any reward table: DeepwakeMag Longbow (undefined)
Item not found in any reward table: Deepwake 1H Mace (undefined)
Item not found in any reward table: Deepwake Mace (undefined)
Item not found in any reward table: DeepwakeMag Mace (undefined)
Item not found in any reward table: Deepwake Rapier (undefined)
Item not found in any reward table: DeepwakeMag Rapier (undefined)
Item not found in any reward table: Deepwake Scepter (undefined)
Item not found in any reward table: Deepwake Shield (undefined)
Item not found in any reward table: Deepwake Shortbow (undefined)
Item not found in any reward table: DeepwakeMag Shortbow (undefined)
Item not found in any reward table: Deepwake Spear (undefined)
Item not found in any reward table: DeepwakeMag Spear (undefined)
Item not found in any reward table: Deepwake Sword (undefined)
Item not found in any reward table: DeepwakeMag Sword (undefined)
Item not found in any reward table: Deepwake Sword (undefined)
Item not found in any reward table: DeepwakeMag Sword (undefined)
Item not found in any reward table: Deepwake Wand (undefined)
Item not found in any reward table: DeepwakePhy Wand (undefined)
Item not found in any reward table: Tideforged Axe (undefined)
Item not found in any reward table: TideforgedMag Axe (undefined)
Item not found in any reward table: Tideforged Axe (undefined)
Item not found in any reward table: TideforgedMag Axe (undefined)
Item not found in any reward table: Tideforged Book (undefined)
Item not found in any reward table: Tideforged Dagger (undefined)
Item not found in any reward table: Tideforged Focus (undefined)
Item not found in any reward table: Tideforged Longbow (undefined)
Item not found in any reward table: Tideforged Mace (undefined)
Item not found in any reward table: Tideforged Mace (undefined)
Item not found in any reward table: TideforgedMag Mace (undefined)
Item not found in any reward table: Tideforged Rapier (undefined)
Item not found in any reward table: TideforgedMag Rapier (undefined)
Item not found in any reward table: Tideforged Scepter (undefined)
Item not found in any reward table: Tideforged Shield (undefined)
Item not found in any reward table: Tideforged Shortbow (undefined)
Item not found in any reward table: Tideforged Spear (undefined)
Item not found in any reward table: TideforgedMag Spear (undefined)
Item not found in any reward table: Tideforged Sword (undefined)
Item not found in any reward table: Tideforged Sword (undefined)
Item not found in any reward table: Tideforged Wand (undefined)
Item not found in any reward table: Coralblade Axe (undefined)
Item not found in any reward table: Coralblade Maelstrom-Axe (undefined)
Item not found in any reward table: Coralblade Great Axe (undefined)
Item not found in any reward table: Coralblade Great Maelstrom-Axe (undefined)
Item not found in any reward table: Coralblade Codex (undefined)
Item not found in any reward table: Coralblade Maelstrom-Codex (undefined)
Item not found in any reward table: Coralblade Dagger (undefined)
Item not found in any reward table: Coralblade Maelstrom-Dagger (undefined)
Item not found in any reward table: Coralblade Focus (undefined)
Item not found in any reward table: Coralblade Maelstrom-Focus (undefined)
Item not found in any reward table: Coralblade Longbow (undefined)
Item not found in any reward table: Coralblade Maelstrom Rapier (undefined)
Item not found in any reward table: Coralblade Mace (undefined)
Item not found in any reward table: Coralblade Great Mace (undefined)
Item not found in any reward table: Coralblade Great Maelstrom-Mace (undefined)
Item not found in any reward table: Coralblade Rapier (undefined)
Item not found in any reward table: Coralblade Scepter (undefined)
Item not found in any reward table: Coralblade Shield (undefined)
Item not found in any reward table: Coralblade Shortbow (undefined)
Item not found in any reward table: Coralblade Reef-Shortbow (undefined)
Item not found in any reward table: Coralblade Spear (undefined)
Item not found in any reward table: Coralblade Maelstrom-Spear (undefined)
Item not found in any reward table: Coralblade Sword (undefined)
Item not found in any reward table: Coralblade Maelstrom-Sword (undefined)
Item not found in any reward table: Coralblade Greatsword (undefined)
Item not found in any reward table: Coralblade?Maelstrom?Greatsword (undefined)
Item not found in any reward table: Coralblade Wand (undefined)
Item not found in any reward table: Coralblade?Maelstrom?Wand (undefined)
Item not found in any reward table: Wavecutter Axe  (undefined)
Item not found in any reward table: Wavecutter Tideshaper Axe (undefined)
Item not found in any reward table: Wavecutter Great Axe (undefined)
Item not found in any reward table: Wavecutter Tideshaper Great Axe (undefined)
Item not found in any reward table: Wavecutter Great Grimoire (undefined)
Item not found in any reward table: Wavecutter Breakwater Great Grimoire (undefined)
Item not found in any reward table: Wavecutter Twin Daggers (undefined)
Item not found in any reward table: Wavecutter Tideshaper Twin Daggers (undefined)
Item not found in any reward table: Wavecutter Focus (undefined)
Item not found in any reward table: Wavecutter Tideshaper Focus (undefined)
Item not found in any reward table: Wavecutter Longbow (undefined)
Item not found in any reward table: Wavecutter Spraystring Longbow (undefined)
Item not found in any reward table: Wavecutter Mace (undefined)
Item not found in any reward table: Wavecutter Great Mace (undefined)
Item not found in any reward table: Wavecutter Tidesurge Great Mace (undefined)
Item not found in any reward table: Wavecutter Rapier (undefined)
Item not found in any reward table: Wavecutter Breakline Rapier (undefined)
Item not found in any reward table: Wavecutter Scepter (undefined)
Item not found in any reward table: Wavecutter Shield (undefined)
Item not found in any reward table: Wavecutter Shortbow (undefined)
Item not found in any reward table: Wavecutter Spraystring Shortbow (undefined)
Item not found in any reward table: Wavecutter Spear (undefined)
Item not found in any reward table: Wavecutter Seaedge Spear (undefined)
Item not found in any reward table: Wavecutter Sword (undefined)
Item not found in any reward table: Wavecutter Stormwake Sword (undefined)
Item not found in any reward table: Stormcurrent Greatsword (undefined)
Item not found in any reward table: Stormcurrent Tidefang Greatsword
 (undefined)
Item not found in any reward table: Wavecutter Wand
 (undefined)
Item not found in any reward table: Wavecutter Stormwake Wand
 (undefined)
Item not found in any reward table: Stormcurrent Axe (undefined)
Item not found in any reward table: Stormcurrent Tideshaper Axe (undefined)
Item not found in any reward table: Stormcurrent Great Axe (undefined)
Item not found in any reward table: Stormcurrent Tideshaper Great Axe (undefined)
Item not found in any reward table: Stormcurrent Great Grimoire (undefined)
Item not found in any reward table: Stormcurrent Galeheld Great Grimoire (undefined)
Item not found in any reward table: Stormcurrent Twin Daggers (undefined)
Item not found in any reward table: Stormcurrent Tideshaper Twin Daggers (undefined)
Item not found in any reward table: Stormcurrent Focus (undefined)
Item not found in any reward table: Stormcurrent Tideshaper Focus (undefined)
Item not found in any reward table: Stormcurrent Longbow (undefined)
Item not found in any reward table: Stormcurrent Squallstring Longbow (undefined)
Item not found in any reward table: Stormcurrent Mace (undefined)
Item not found in any reward table: Stormcurrent Great Mace (undefined)
Item not found in any reward table: Stormcurrent Galecrest Great Mace (undefined)
Item not found in any reward table: Stormcurrent Rapier (undefined)
Item not found in any reward table: Stormcurrent Squallpoint Rapier (undefined)
Item not found in any reward table: Stormcurrent Scepter (undefined)
Item not found in any reward table: Stormcurrent Shield (undefined)
Item not found in any reward table: Stormcurrent Shortbow (undefined)
Item not found in any reward table: Stormcurrent Squallcrest Shortbow (undefined)
Item not found in any reward table: Stormcurrent Spear (undefined)
Item not found in any reward table: Stormcurrent Wavecaller Spear (undefined)
Item not found in any reward table: Stormcurrent Sword (undefined)
Item not found in any reward table: Stormcurrent Tidefang Sword (undefined)
Item not found in any reward table: Sunscorch Greatsword (undefined)
Item not found in any reward table: Sunscorch Dawnflare Greatsword
 (undefined)
Item not found in any reward table: Stormcurrent Wand (undefined)
Item not found in any reward table: Stormcurrent Tidefang Wand
 (undefined)
Item not found in any reward table: Tidepiercer Cuisass (undefined)
Item not found in any reward table: Tidepiercer Boots (undefined)
Item not found in any reward table: Tidepiercer Bracers (undefined)
Item not found in any reward table: Tidepiercer Gloves (undefined)
Item not found in any reward table: Tidepiercer Helm (undefined)
Item not found in any reward table: Tidepiercer Greaves (undefined)
Item not found in any reward table: Tidepiercer Pauldrons (undefined)
Item not found in any reward table: Tidepiercer Belt (undefined)
Item not found in any reward table: Tidepiercer Cape (undefined)
Item not found in any reward table: Wavebound Breastplate (undefined)
Item not found in any reward table: Wavebound Boots (undefined)
Item not found in any reward table: Wavebound Bracers (undefined)
Item not found in any reward table: Wavebound Gloves (undefined)
Item not found in any reward table: Wavebound Helm (undefined)
Item not found in any reward table: Wavebound Greaves (undefined)
Item not found in any reward table: Wavebound Pauldrons (undefined)
Item not found in any reward table: Wavebound Belt (undefined)
Item not found in any reward table: Wavebound Cape (undefined)
Item not found in any reward table: Salthewn Chest (undefined)
Item not found in any reward table: Salthewn Feet (undefined)
Item not found in any reward table: Salthewn Forearms (undefined)
Item not found in any reward table: Salthewn Hands (undefined)
Item not found in any reward table: Salthewn Head (undefined)
Item not found in any reward table: Salthewn Legs (undefined)
Item not found in any reward table: Salthewn Shoulders (undefined)
Item not found in any reward table: Salthewn Waist (undefined)
Item not found in any reward table: Salthewn Back (undefined)
Item not found in any reward table: Driftwake Chest (undefined)
Item not found in any reward table: Driftwake Feet (undefined)
Item not found in any reward table: Driftwake Forearms (undefined)
Item not found in any reward table: Driftwake Hands (undefined)
Item not found in any reward table: Driftwake Head (undefined)
Item not found in any reward table: Driftwake Legs (undefined)
Item not found in any reward table: Driftwake Shoulders (undefined)
Item not found in any reward table: Driftwake Waist (undefined)
Item not found in any reward table: Driftwake Back (undefined)
Item not found in any reward table: Starlight Creed Chestplate (undefined)
Item not found in any reward table: Starlight Creed Boots (undefined)
Item not found in any reward table: Starlight Creed Bracers (undefined)
Item not found in any reward table: Starlight Creed Gauntlets (undefined)
Item not found in any reward table: Starlight Creed Helm (undefined)
Item not found in any reward table: Starlight Creed Leggings (undefined)
Item not found in any reward table: Starlight Creed Pauldrons (undefined)
Item not found in any reward table: Starlight Creed Girdle (undefined)
Item not found in any reward table: Starlight Creed Cape (undefined)
Item not found in any reward table: Seawisp Cuirass (undefined)
Item not found in any reward table: Seawisp Boots (undefined)
Item not found in any reward table: Seawisp Bracers (undefined)
Item not found in any reward table: Seawisp Gloves (undefined)
Item not found in any reward table: Seawisp Hood (undefined)
Item not found in any reward table: Seawisp Leggings (undefined)
Item not found in any reward table: Seawisp Pauldrons (undefined)
Item not found in any reward table: Seawisp Faulds (undefined)
Item not found in any reward table: Seawisp Cape (undefined)
Item not found in any reward table: Mistglean Chest (undefined)
Item not found in any reward table: Mistglean Feet (undefined)
Item not found in any reward table: Mistglean Forearms (undefined)
Item not found in any reward table: Mistglean Hands (undefined)
Item not found in any reward table: Mistglean Head (undefined)
Item not found in any reward table: Mistglean Legs (undefined)
Item not found in any reward table: Mistglean Shoulders (undefined)
Item not found in any reward table: Mistglean Waist (undefined)
Item not found in any reward table: Mistglean Back (undefined)
Item not found in any reward table: Seafoam Jerkin (undefined)
Item not found in any reward table: Seafoam Boots (undefined)
Item not found in any reward table: Seafoam Bracers (undefined)
Item not found in any reward table: Seafoam Gloves (undefined)
Item not found in any reward table: Seafoam Hood (undefined)
Item not found in any reward table: Seafoam Leggings (undefined)
Item not found in any reward table: Seafoam Shoulders (undefined)
Item not found in any reward table: Seafoam Sash (undefined)
Item not found in any reward table: Seafoam Cape (undefined)
Item not found in any reward table: Mistfletch Chest (undefined)
Item not found in any reward table: Mistfletch Feet (undefined)
Item not found in any reward table: Mistfletch Forearms (undefined)
Item not found in any reward table: Mistfletch Hands (undefined)
Item not found in any reward table: Mistfletch Head (undefined)
Item not found in any reward table: Mistfletch Legs (undefined)
Item not found in any reward table: Mistfletch Shoulders (undefined)
Item not found in any reward table: Mistfletch Waist (undefined)
Item not found in any reward table: Mistfletch Back (undefined)
Item not found in any reward table: Kelpthread Chest (undefined)
Item not found in any reward table: Kelpthread Feet (undefined)
Item not found in any reward table: Kelpthread Forearms (undefined)
Item not found in any reward table: Kelpthread Hands (undefined)
Item not found in any reward table: Kelpthread Head (undefined)
Item not found in any reward table: Kelpthread Legs (undefined)
Item not found in any reward table: Kelpthread Shoulders (undefined)
Item not found in any reward table: Kelpthread Waist (undefined)
Item not found in any reward table: Kelpthread Back (undefined)
Item not found in any reward table: Unfallen Rainment Tunic (undefined)
Item not found in any reward table: Unfallen Rainment Boots (undefined)
Item not found in any reward table: Unfallen Rainment Armwraps (undefined)
Item not found in any reward table: Unfallen Rainment Gloves (undefined)
Item not found in any reward table: Unfallen Rainment Hood (undefined)
Item not found in any reward table: Unfallen Rainment Leggings (undefined)
Item not found in any reward table: Unfallen Rainment Spaulders (undefined)
Item not found in any reward table: Unfallen Rainment Belt (undefined)
Item not found in any reward table: Unfallen Rainment Cape (undefined)
Item not found in any reward table: Reefguard Cuirass (undefined)
Item not found in any reward table: Reefguard Treads (undefined)
Item not found in any reward table: Reefguard Bracers (undefined)
Item not found in any reward table: Reefguard Gauntlets (undefined)
Item not found in any reward table: Reefguard Helm (undefined)
Item not found in any reward table: Reefguard Greaves (undefined)
Item not found in any reward table: Reefguard Pauldrons (undefined)
Item not found in any reward table: Reefguard Tassets (undefined)
Item not found in any reward table: Reefguard Cape (undefined)
Item not found in any reward table: Coralhold Cuirass (undefined)
Item not found in any reward table: Coralhold Sabatons (undefined)
Item not found in any reward table: Coralhold Bracers (undefined)
Item not found in any reward table: Coralhold Gauntlets (undefined)
Item not found in any reward table: Coralhold Helm (undefined)
Item not found in any reward table: Coralhold Greaves (undefined)
Item not found in any reward table: Coralhold Pauldrons (undefined)
Item not found in any reward table: Coralhold Faulds (undefined)
Item not found in any reward table: Coralhold Cape (undefined)
Item not found in any reward table: Brineplate Cuirass (undefined)
Item not found in any reward table: Brineplate Treads (undefined)
Item not found in any reward table: Brineplate Bracers (undefined)
Item not found in any reward table: Brineplate Gauntlet (undefined)
Item not found in any reward table: Brineplate Helm (undefined)
Item not found in any reward table: Brineplate Greaves (undefined)
Item not found in any reward table: Brineplate Pauldrons (undefined)
Item not found in any reward table: Brienplate Tassets (undefined)
Item not found in any reward table: Brineplate Cape (undefined)
Item not found in any reward table: Maelhold Chest (undefined)
Item not found in any reward table: Maelhold Feet (undefined)
Item not found in any reward table: Maelhold Forearms (undefined)
Item not found in any reward table: Maelhold Hands (undefined)
Item not found in any reward table: Maelhold Head (undefined)
Item not found in any reward table: Maelhold Legs (undefined)
Item not found in any reward table: Maelhold Shoulders (undefined)
Item not found in any reward table: Maelhold Waist (undefined)
Item not found in any reward table: Maelhold Back (undefined)
Item not found in any reward table: Tidecarved Chest (undefined)
Item not found in any reward table: Tidecarved Feet (undefined)
Item not found in any reward table: Tidecarved Forearms (undefined)
Item not found in any reward table: Tidecarved Hands (undefined)
Item not found in any reward table: Tidecarved Head (undefined)
Item not found in any reward table: Tidecarved Legs (undefined)
Item not found in any reward table: Tidecarved Shoulders (undefined)
Item not found in any reward table: Tidecarved Waist (undefined)
Item not found in any reward table: Tidecarved Back (undefined)
Item not found in any reward table: Stormcanon Cuirass (undefined)
Item not found in any reward table: Stormcanon Boots (undefined)
Item not found in any reward table: Stormcanon Bracers (undefined)
Item not found in any reward table: Stormcanon Gages (undefined)
Item not found in any reward table: Stormcanon Helmet (undefined)
Item not found in any reward table: Stormcanon Greaves (undefined)
Item not found in any reward table: Stormcanon Pauldrons (undefined)
Item not found in any reward table: Stormcanon Girdle (undefined)
Item not found in any reward table: Stormcanon Cape (undefined)
Item not found in any reward table: Wavedtossed Earring (undefined)
Item not found in any reward table: Wavetossed Ring (undefined)
Item not found in any reward table: Wavetossed Necklace (undefined)
Item not found in any reward table: Foamcast Earring (undefined)
Item not found in any reward table: Foamcast Ring (undefined)
Item not found in any reward table: Foamcast Necklace (undefined)
Item not found in any reward table: Driftwrought Earring (undefined)
Item not found in any reward table: Driftwrought Ring (undefined)
Item not found in any reward table: Driftwrought Necklace (undefined)
Item not found in any reward table: Brinebound Earring (undefined)
Item not found in any reward table: Brinebound Ring (undefined)
Item not found in any reward table: Brinebound Necklace (undefined)
Item not found in any reward table: Saltwoven Earring (undefined)
Item not found in any reward table: Saltwoven Ring (undefined)
Item not found in any reward table: Saltwoven Necklace (undefined)
Item not found in any reward table: Glassveil Axe (undefined)
Item not found in any reward table: Glassveil Sunwrought Axe (undefined)
Item not found in any reward table: Glassveil Great Axe (undefined)
Item not found in any reward table: Glassveil Sunwrought Great Axe (undefined)
Item not found in any reward table: Glassveil Great Grimoire (undefined)
Item not found in any reward table: Glassveil Sunshard Great Grimoire (undefined)
Item not found in any reward table: Glassveil Twin Daggers (undefined)
Item not found in any reward table: Glassveil Sunwrought Twin Daggers (undefined)
Item not found in any reward table: Glassveil Focus (undefined)
Item not found in any reward table: Glassveil Sunwrought Focus (undefined)
Item not found in any reward table: Glassveil Longbow (undefined)
Item not found in any reward table: Glassveil Sunshard Longbow (undefined)
Item not found in any reward table: Glassveil Mace (undefined)
Item not found in any reward table: Glassveil Great Mace (undefined)
Item not found in any reward table: Glassveil Sunshard Great Mace (undefined)
Item not found in any reward table: Glassveil Rapier (undefined)
Item not found in any reward table: Glassveil Sunshard Rapier (undefined)
Item not found in any reward table: Glassveil Scepter (undefined)
Item not found in any reward table: Glassveil Shield (undefined)
Item not found in any reward table: Glassveil Shortbow (undefined)
Item not found in any reward table: Glassveil Sunshard Shortbow (undefined)
Item not found in any reward table: Glassveil Spear (undefined)
Item not found in any reward table: Glassveil Mirage Spear (undefined)
Item not found in any reward table: Glassveil Sword (undefined)
Item not found in any reward table: Glassveil Mirage Sword (undefined)
Item not found in any reward table: Glassveil Greatsword (undefined)
Item not found in any reward table: Glassveil Shardfang Greatsword (undefined)
Item not found in any reward table: Glassveil Wand
 (undefined)
Item not found in any reward table: Glassveil Shardfang Wand
 (undefined)
Item not found in any reward table: Mirageborn Axe (undefined)
Item not found in any reward table: Mirageborn Sunwrought Axe (undefined)
Item not found in any reward table: Mirageborn Great Axe (undefined)
Item not found in any reward table: Mirageborn Sunwrought Axe (undefined)
Item not found in any reward table: Mirageborn Great Grimoire (undefined)
Item not found in any reward table: Mirageborn Hazeheld Great Grimoire (undefined)
Item not found in any reward table: Mirageborn Twin Daggers (undefined)
Item not found in any reward table: Mirageborn Sunwrought Twin Daggers (undefined)
Item not found in any reward table: Mirageborn Focus (undefined)
Item not found in any reward table: Mirageborn Sunwrought Focus (undefined)
Item not found in any reward table: Mirageborn Longbow (undefined)
Item not found in any reward table: Mirageborn Sunwrought Longbow (undefined)
Item not found in any reward table: Mirageborn Mace (undefined)
Item not found in any reward table: Mirageborn Great Mace (undefined)
Item not found in any reward table: Mirageborn Sandwrought Great Mace (undefined)
Item not found in any reward table: Mirageborn Rapier (undefined)
Item not found in any reward table: Mirageborn Hazeedge Rapier (undefined)
Item not found in any reward table: Mirageborn Scepter (undefined)
Item not found in any reward table: Mirageborn Shield (undefined)
Item not found in any reward table: Mirageborn Shortbow (undefined)
Item not found in any reward table: Mirageborn Hazecrest Shortbow (undefined)
Item not found in any reward table: Mirageborn Spear (undefined)
Item not found in any reward table: Mirageborn Veilstroke Spear (undefined)
Item not found in any reward table: Mirageborn Sword (undefined)
Item not found in any reward table: Mirageborn Veilstroke Sword (undefined)
Item not found in any reward table: Mirageborn Greatsword (undefined)
Item not found in any reward table: Mirageborn Sandveil Greatsword
 (undefined)
Item not found in any reward table: Mirageborn Wand (undefined)
Item not found in any reward table: Mirageborn Sandveil Wand (undefined)
Item not found in any reward table: Sunscorch Axe (undefined)
Item not found in any reward table: Sunscorch Sunwrought Axe (undefined)
Item not found in any reward table: Sunscorch Great Axe (undefined)
Item not found in any reward table: Sunscorch Sunwrought Great Axe (undefined)
Item not found in any reward table: Sunscorch Great Grimoire (undefined)
Item not found in any reward table: Sunscorch Noonbound Great Grimoire (undefined)
Item not found in any reward table: Sunscorch Twin Daggers (undefined)
Item not found in any reward table: Sunscorch Sunwrought Twin Daggers (undefined)
Item not found in any reward table: Sunscorch Focus (undefined)
Item not found in any reward table: Sunscorch Sunwrought Focus (undefined)
Item not found in any reward table: Sunscorch Longbow (undefined)
Item not found in any reward table: Sunscorch Emberglass Longbow (undefined)
Item not found in any reward table: Sunscorch Mace (undefined)
Item not found in any reward table: Sunscorch Great Mace (undefined)
Item not found in any reward table: Sunscorch Emberglass Great Mace (undefined)
Item not found in any reward table: Sunscorch Rapier (undefined)
Item not found in any reward table: Sunscorch Emberglass Rapier (undefined)
Item not found in any reward table: Sunscorch Scepter (undefined)
Item not found in any reward table: Sunscorch Shield (undefined)
Item not found in any reward table: Sunscorch Shortbow (undefined)
Item not found in any reward table: Sunscorch Emberglass Shortbow (undefined)
Item not found in any reward table: Sunscorch Spear (undefined)
Item not found in any reward table: Sunscorch Heatspire Spear (undefined)
Item not found in any reward table: Sunscorch Sword (undefined)
Item not found in any reward table: Sunscorch Dawnflare Sword (undefined)
Item not found in any reward table: Wavecutter Greatsword (undefined)
Item not found in any reward table: Wavecutter Stormwake Greatsword
 (undefined)
Item not found in any reward table: Sunscorch Wand
 (undefined)
Item not found in any reward table: Sunscorch Dawnflare Wand
 (undefined)
Item not found in any reward table: Scourglass Axe (undefined)
Item not found in any reward table: ScourglassMag Axe (undefined)
Item not found in any reward table: Scourglass Axe (undefined)
Item not found in any reward table: ScourglassMag Axe (undefined)
Item not found in any reward table: Scourglass Book (undefined)
Item not found in any reward table: ScourglassPhy Book (undefined)
Item not found in any reward table: Scourglass Dagger (undefined)
Item not found in any reward table: ScourglassMag Dagger (undefined)
Item not found in any reward table: Scourglass Focus (undefined)
Item not found in any reward table: ScourglassPhy Focus (undefined)
Item not found in any reward table: Scourglass Longbow (undefined)
Item not found in any reward table: ScourglassMag Longbow (undefined)
Item not found in any reward table: Scourglass Mace (undefined)
Item not found in any reward table: Scourglass Mace (undefined)
Item not found in any reward table: ScourglassMag Mace (undefined)
Item not found in any reward table: Scourglass Rapier (undefined)
Item not found in any reward table: ScourglassMag Rapier (undefined)
Item not found in any reward table: Scourglass Scepter (undefined)
Item not found in any reward table: Scourglass Shield (undefined)
Item not found in any reward table: Scourglass Shortbow (undefined)
Item not found in any reward table: ScourglassMag Shortbow (undefined)
Item not found in any reward table: Scourglass Spear (undefined)
Item not found in any reward table: ScourglassMag Spear (undefined)
Item not found in any reward table: Scourglass Sword (undefined)
Item not found in any reward table: ScourglassMag Sword (undefined)
Item not found in any reward table: Scourglass Sword (undefined)
Item not found in any reward table: ScourglassMag Sword (undefined)
Item not found in any reward table: Scourglass Wand (undefined)
Item not found in any reward table: ScourglassPhy Wand (undefined)
Item not found in any reward table: Dunereach Axe (undefined)
Item not found in any reward table: DunereachMag Axe (undefined)
Item not found in any reward table: Dunereach Axe (undefined)
Item not found in any reward table: DunereachMag Axe (undefined)
Item not found in any reward table: Dunereach Book (undefined)
Item not found in any reward table: DunereachPhy Book (undefined)
Item not found in any reward table: Dunereach Dagger (undefined)
Item not found in any reward table: DunereachMag Dagger (undefined)
Item not found in any reward table: Dunereach Focus (undefined)
Item not found in any reward table: DunereachPhy Focus (undefined)
Item not found in any reward table: Dunereach Longbow (undefined)
Item not found in any reward table: DunereachMag Longbow (undefined)
Item not found in any reward table: Dunereach Mace (undefined)
Item not found in any reward table: Dunereach Mace (undefined)
Item not found in any reward table: DunereachMag Mace (undefined)
Item not found in any reward table: Dunereach Rapier (undefined)
Item not found in any reward table: DunereachMag Rapier (undefined)
Item not found in any reward table: Dunereach Scepter (undefined)
Item not found in any reward table: Dunereach Shield (undefined)
Item not found in any reward table: Dunereach Shortbow (undefined)
Item not found in any reward table: DunereachMag Shortbow (undefined)
Item not found in any reward table: Dunereach Spear (undefined)
Item not found in any reward table: DunereachMag Spear (undefined)
Item not found in any reward table: Dunereach Sword (undefined)
Item not found in any reward table: DunereachMag Sword (undefined)
Item not found in any reward table: Dunereach Sword (undefined)
Item not found in any reward table: DunereachMag Sword (undefined)
Item not found in any reward table: Dunereach Wand (undefined)
Item not found in any reward table: DunereachPhy Wand (undefined)
Item not found in any reward table: Sandcarved Axe (undefined)
Item not found in any reward table: Sandcarved Djinn-Touched Axe
 (undefined)
Item not found in any reward table: Sandcarved Great Axe (undefined)
Item not found in any reward table: Sandcarved Djinn-Touched Great Axe  (undefined)
Item not found in any reward table: Sandcarved Codex (undefined)
Item not found in any reward table: Sandcarved Djinn-Touched Codex (undefined)
Item not found in any reward table: Sandcarved Dagger (undefined)
Item not found in any reward table: Sandcarved Djinn-Touched Dagger (undefined)
Item not found in any reward table: Sandcarved Focus (undefined)
Item not found in any reward table: Sandcarved Djinn-Touched Focus (undefined)
Item not found in any reward table: Sandcarved Longbow (undefined)
Item not found in any reward table: Sandcarved Djinn-Touched Longbow (undefined)
Item not found in any reward table: Sandcarved Mace (undefined)
Item not found in any reward table: Sandcarved Great Mace (undefined)
Item not found in any reward table: Sandcarved Great Djinn-Touched Mace (undefined)
Item not found in any reward table: Sandcarved Rapier (undefined)
Item not found in any reward table: Sandcarved Djinn-Touched Rapier (undefined)
Item not found in any reward table: Sandcarved Scepter (undefined)
Item not found in any reward table: Sandcarved Shield (undefined)
Item not found in any reward table: Sandcarved Shortbow (undefined)
Item not found in any reward table: Sandcarved Djinn-Touched Shortbow (undefined)
Item not found in any reward table: Sandcarved Spear (undefined)
Item not found in any reward table: Sandcarved Djinn-Touched Spear (undefined)
Item not found in any reward table: Sandcarved Sword (undefined)
Item not found in any reward table: Sandcarved Djinn-Touched Sword (undefined)
Item not found in any reward table: Sandcarved Greatsword (undefined)
Item not found in any reward table: Sandcarved?Djinn?Touched?Greatsword (undefined)
Item not found in any reward table: Sandcarved Wand (undefined)
Item not found in any reward table: Sandcarved?Djinn?Touched?Wand (undefined)
Item not found in any reward table: Scorchmantle Cuirass (undefined)
Item not found in any reward table: Scorchmantle Boots (undefined)
Item not found in any reward table: Scorchmantle Bracers (undefined)
Item not found in any reward table: Scorchmantle Gauntlets (undefined)
Item not found in any reward table: Scorchmantle Helm (undefined)
Item not found in any reward table: Scorchmantle Greaves (undefined)
Item not found in any reward table: Scorchmantle Pauldrons (undefined)
Item not found in any reward table: Scorchmantle Belt (undefined)
Item not found in any reward table: Scorchmantle Cape (undefined)
Item not found in any reward table: Dunecoil Jerkin (undefined)
Item not found in any reward table: Dunecoil Boots (undefined)
Item not found in any reward table: Dunecoil Bracers (undefined)
Item not found in any reward table: Dunecoil Gloves (undefined)
Item not found in any reward table: Dunecoil Helm (undefined)
Item not found in any reward table: Dunecoil Leggings (undefined)
Item not found in any reward table: Dunecoil Shoulders (undefined)
Item not found in any reward table: Dunecoil Belt (undefined)
Item not found in any reward table: Dunecoil Cape (undefined)
Item not found in any reward table: Gritmantle Jerkin (undefined)
Item not found in any reward table: Gritmantle Boots (undefined)
Item not found in any reward table: Gritmantle Bracers (undefined)
Item not found in any reward table: Gritmantle Gloves (undefined)
Item not found in any reward table: Gritmantle Helm (undefined)
Item not found in any reward table: Gritmantle Leggings (undefined)
Item not found in any reward table: Gritmantle Shoulders (undefined)
Item not found in any reward table: Gritmantle Belt (undefined)
Item not found in any reward table: Gritmantle Cape (undefined)
Item not found in any reward table: Sandspire Chest (undefined)
Item not found in any reward table: Sandspire Feet (undefined)
Item not found in any reward table: Sandspire Forearms (undefined)
Item not found in any reward table: Sandspire Hands (undefined)
Item not found in any reward table: Sandspire Head (undefined)
Item not found in any reward table: Sandspire Legs (undefined)
Item not found in any reward table: Sandspire Shoulders (undefined)
Item not found in any reward table: Sandspire Waist (undefined)
Item not found in any reward table: Sandspire Back (undefined)
Item not found in any reward table: Windworn Chest (undefined)
Item not found in any reward table: Windworn Feet (undefined)
Item not found in any reward table: Windworn Forearms (undefined)
Item not found in any reward table: Windworn Hands (undefined)
Item not found in any reward table: Windworn Head (undefined)
Item not found in any reward table: Windworn Legs (undefined)
Item not found in any reward table: Windworn Shoulders (undefined)
Item not found in any reward table: Windworn Waist (undefined)
Item not found in any reward table: Windworn Back (undefined)
Item not found in any reward table: Scorchwander Breastplate (undefined)
Item not found in any reward table: Scorchwander Boots (undefined)
Item not found in any reward table: Scorchwander Bracers (undefined)
Item not found in any reward table: Scorchwander Gloves (undefined)
Item not found in any reward table: Scorchwander Helm (undefined)
Item not found in any reward table: Scorchwander Leggings (undefined)
Item not found in any reward table: Scorchwander  Pauldrons (undefined)
Item not found in any reward table: Scorchwander Belt (undefined)
Item not found in any reward table: Scorchwander Backplate (undefined)
Item not found in any reward table: Duneflare Jerkin (undefined)
Item not found in any reward table: Duneflare Boots (undefined)
Item not found in any reward table: Duneflare Bracers (undefined)
Item not found in any reward table: Duneflare Gloves (undefined)
Item not found in any reward table: Duneflare Hood (undefined)
Item not found in any reward table: Duneflare Leggings (undefined)
Item not found in any reward table: Duneflare Shoulders (undefined)
Item not found in any reward table: Duneflare Sash (undefined)
Item not found in any reward table: Duneflare Cape (undefined)
Item not found in any reward table: Veilsand Jerkin (undefined)
Item not found in any reward table: Veilsand Boots (undefined)
Item not found in any reward table: Veilsand Bracers (undefined)
Item not found in any reward table: Veilsand Gloves (undefined)
Item not found in any reward table: Veilsand Hood (undefined)
Item not found in any reward table: Veilsand Leggings (undefined)
Item not found in any reward table: Veilsand Shoulders (undefined)
Item not found in any reward table: Veilsand Sash (undefined)
Item not found in any reward table: Veilsand Cape (undefined)
Item not found in any reward table: Dustwhisper Jerkin (undefined)
Item not found in any reward table: Dustwhisper Boots (undefined)
Item not found in any reward table: Dustwhisper Bracers (undefined)
Item not found in any reward table: Dustwhisper Gloves (undefined)
Item not found in any reward table: Dustwhisper Hood (undefined)
Item not found in any reward table: Dustwhisper Leggings (undefined)
Item not found in any reward table: Dustwhisper Shoulders (undefined)
Item not found in any reward table: Dustwhisper Sash (undefined)
Item not found in any reward table: Dustwhisper Cape (undefined)
Item not found in any reward table: Mirrowend Chest (undefined)
Item not found in any reward table: Mirrowend Feet (undefined)
Item not found in any reward table: Mirrowend Forearms (undefined)
Item not found in any reward table: Mirrowend Hands (undefined)
Item not found in any reward table: Mirrowend Head (undefined)
Item not found in any reward table: Mirrowend Legs (undefined)
Item not found in any reward table: Mirrowend Shoulders (undefined)
Item not found in any reward table: Mirrowend Waist (undefined)
Item not found in any reward table: Mirrowend Back (undefined)
Item not found in any reward table: Windskein Chest (undefined)
Item not found in any reward table: Windskein Feet (undefined)
Item not found in any reward table: Windskein Forearms (undefined)
Item not found in any reward table: Windskein Hands (undefined)
Item not found in any reward table: Windskein Head (undefined)
Item not found in any reward table: Windskein Legs (undefined)
Item not found in any reward table: Windskein Shoulders (undefined)
Item not found in any reward table: Windskein Waist (undefined)
Item not found in any reward table: Windskein Back (undefined)
Item not found in any reward table: Shell of the Sanctifier Brigandine (undefined)
Item not found in any reward table: Shell of the Sanctifier Boots (undefined)
Item not found in any reward table: Shell of the Sanctifier Bracers (undefined)
Item not found in any reward table: Shell of the Sanctifier Gloves (undefined)
Item not found in any reward table: Shell of the Sanctifier Coif (undefined)
Item not found in any reward table: Shell of the Sanctifier Leggings (undefined)
Item not found in any reward table: Shell of the Sanctifier Spaulders (undefined)
Item not found in any reward table: Shell of the Sanctifier Belt (undefined)
Item not found in any reward table: Shell of the Sanctifier Cape (undefined)
Item not found in any reward table: Sandbastion Cuirass (undefined)
Item not found in any reward table: Sandbastion Boots (undefined)
Item not found in any reward table: Sandbastion Bracers (undefined)
Item not found in any reward table: Sandbastion Gauntlets (undefined)
Item not found in any reward table: Sandbastion Helm (undefined)
Item not found in any reward table: Sandbastion Greaves (undefined)
Item not found in any reward table: Sandbastion Pauldrons (undefined)
Item not found in any reward table: Sandbastion Tassets (undefined)
Item not found in any reward table: Sandbastion Cloak (undefined)
Item not found in any reward table: Scaldplate Breastplate (undefined)
Item not found in any reward table: Scaldplate Sabatons (undefined)
Item not found in any reward table: Scaldplate Bracers (undefined)
Item not found in any reward table: Scaldplate Gauntlets (undefined)
Item not found in any reward table: Scaldplate Helm (undefined)
Item not found in any reward table: Scaldplate Greaves (undefined)
Item not found in any reward table: Scaldplate Pauldrons (undefined)
Item not found in any reward table: Scaldplate Faulds (undefined)
Item not found in any reward table: Scaldplate Cape (undefined)
Item not found in any reward table: Sunbastion Cuirass (undefined)
Item not found in any reward table: Sunbastion Boots (undefined)
Item not found in any reward table: Sunbastion Bracers (undefined)
Item not found in any reward table: Sunbastion Gauntlets (undefined)
Item not found in any reward table: Sunbastion Helm (undefined)
Item not found in any reward table: Sunbastion Greaves (undefined)
Item not found in any reward table: Sunbastion Pauldrons (undefined)
Item not found in any reward table: Sunbastion Tassets (undefined)
Item not found in any reward table: Sunbastion Cape (undefined)
Item not found in any reward table: Sunscale Chest (undefined)
Item not found in any reward table: Sunscale Feet (undefined)
Item not found in any reward table: Sunscale Forearms (undefined)
Item not found in any reward table: Sunscale Hands (undefined)
Item not found in any reward table: Sunscale Head (undefined)
Item not found in any reward table: Sunscale Legs (undefined)
Item not found in any reward table: Sunscale Shoulders (undefined)
Item not found in any reward table: Sunscale Waist (undefined)
Item not found in any reward table: Sunscale Back (undefined)
Item not found in any reward table: Duneguard Chest (undefined)
Item not found in any reward table: Duneguard Feet (undefined)
Item not found in any reward table: Duneguard Forearms (undefined)
Item not found in any reward table: Duneguard Hands (undefined)
Item not found in any reward table: Duneguard Head (undefined)
Item not found in any reward table: Duneguard Legs (undefined)
Item not found in any reward table: Duneguard Shoulders (undefined)
Item not found in any reward table: Duneguard Waist (undefined)
Item not found in any reward table: Duneguard Back (undefined)
Item not found in any reward table: Sunwrought Chestplate (undefined)
Item not found in any reward table: Sunwrought Sabatons (undefined)
Item not found in any reward table: Sunwrought Vambraces (undefined)
Item not found in any reward table: Sunwrought Gloves (undefined)
Item not found in any reward table: Sunwrought Helm (undefined)
Item not found in any reward table: Sunwrought Greaves (undefined)
Item not found in any reward table: Sunwrought Gardbracers (undefined)
Item not found in any reward table: Sunwrought Faulds (undefined)
Item not found in any reward table: Sunwrought Backplate (undefined)
Item not found in any reward table: Djinnblessed Earring (undefined)
Item not found in any reward table: Djinnblessed Ring (undefined)
Item not found in any reward table: Djinnblessed Necklace (undefined)
Item not found in any reward table: Duneburied Earring (undefined)
Item not found in any reward table: Duneburied Ring (undefined)
Item not found in any reward table: Duneburied Necklace (undefined)
Item not found in any reward table: Scorchbound Earrings (undefined)
Item not found in any reward table: Scorchbound Ring (undefined)
Item not found in any reward table: Scorchbound Necklace (undefined)
Item not found in any reward table: Sunscorched Earring (undefined)
Item not found in any reward table: Sunscorched Ring (undefined)
Item not found in any reward table: Sunscorched Necklace (undefined)
Item not found in any reward table: Windswept Earring (undefined)
Item not found in any reward table: Windswept Ring (undefined)
Item not found in any reward table: Windswept Necklace (undefined)
Item not found in any reward table: Dreadwake Axe (undefined)
Item not found in any reward table: Dreadwake Gloomfang Axe (undefined)
Item not found in any reward table: Dreadwake Great Axe (undefined)
Item not found in any reward table: Dreadwake Gloomfang Great Axe (undefined)
Item not found in any reward table: Dreadwake Great Grimoire (undefined)
Item not found in any reward table: Dreadwake Gloam Great Grimoire (undefined)
Item not found in any reward table: Dreadwake Twin Daggers (undefined)
Item not found in any reward table: Dreadwake Gloomfang Twin Daggers (undefined)
Item not found in any reward table: Dreadwake Focus (undefined)
Item not found in any reward table: Dreadwake Gloomfang Focus (undefined)
Item not found in any reward table: Dreadwake Longbow (undefined)
Item not found in any reward table: Dreadwake Undertow Longbow (undefined)
Item not found in any reward table: Dreadwake Mace (undefined)
Item not found in any reward table: Dreadwake Great Mace (undefined)
Item not found in any reward table: Dreadwake Undertow Great Mace (undefined)
Item not found in any reward table: Dreadwake Rapier (undefined)
Item not found in any reward table: Dreadwake Veilpoint Rapier (undefined)
Item not found in any reward table: Dreadwake Scepter (undefined)
Item not found in any reward table: Dreadwake Shield (undefined)
Item not found in any reward table: Dreadwake Shortbow (undefined)
Item not found in any reward table: Dreadwake Veilstring Shortbow (undefined)
Item not found in any reward table: Dreadwake Spear (undefined)
Item not found in any reward table: Dreadwake Abyssal Spear (undefined)
Item not found in any reward table: Dreadwake Sword (undefined)
Item not found in any reward table: Dreadwake Abyssal Sword (undefined)
Item not found in any reward table: Dreadwake Greatsword (undefined)
Item not found in any reward table: Dreadwake Maelgrim Greatsword (undefined)
Item not found in any reward table: Dreadwake Wand (undefined)
Item not found in any reward table: Dreadwake Maelgrim Wand
 (undefined)
Item not found in any reward table: Nightreaver Axe (undefined)
Item not found in any reward table: Nightreaver Gloomfang Axe (undefined)
Item not found in any reward table: Nightreaver Great Axe (undefined)
Item not found in any reward table: Nightreaver Gloomfang Great Axe (undefined)
Item not found in any reward table: Nightreaver Great Grimoire (undefined)
Item not found in any reward table: Nightreaver Veilbound Great Grimoire (undefined)
Item not found in any reward table: Nightreaver Twin Daggers (undefined)
Item not found in any reward table: Nightreaver Gloomfang Twin Daggers (undefined)
Item not found in any reward table: Nightreaver Focus (undefined)
Item not found in any reward table: Nightreaver Gloomfang Focus (undefined)
Item not found in any reward table: Nightreaver Longbow (undefined)
Item not found in any reward table: Nightreaver Gloomstring Longbow (undefined)
Item not found in any reward table: Nightreaver Mace (undefined)
Item not found in any reward table: Nightreaver Great Mace (undefined)
Item not found in any reward table: Nightreaver Veilbound Great Mace (undefined)
Item not found in any reward table: Nightreaver Rapier (undefined)
Item not found in any reward table: Nightreaver Gloamedge Rapier (undefined)
Item not found in any reward table: Nightreaver Scepter (undefined)
Item not found in any reward table: Nightreaver Shield (undefined)
Item not found in any reward table: Nightreaver Shortbow (undefined)
Item not found in any reward table: Nightreaver Gloomstring Shortbow (undefined)
Item not found in any reward table: Nightreaver Spear (undefined)
Item not found in any reward table: Nightreaver Moonfang Spear (undefined)
Item not found in any reward table: Nightreaver Sword (undefined)
Item not found in any reward table: Nightreaver Moonfang Sword (undefined)
Item not found in any reward table: Nightreaver Greatsword (undefined)
Item not found in any reward table: Nightreaver Gloomfang Greatsword (undefined)
Item not found in any reward table: Nightreaver Wand (undefined)
Item not found in any reward table: Nightreaver Duskfang Wand
 (undefined)
Item not found in any reward table: Shadowfang Axe (undefined)
Item not found in any reward table: Shadowfang Gloomfang Axe (undefined)
Item not found in any reward table: Shadowfang Great Axe (undefined)
Item not found in any reward table: Shadowfang Gloomfang Great Axe (undefined)
Item not found in any reward table: Shadowfang Great Grimoire  (undefined)
Item not found in any reward table: Shadowfang Nightglass Great Grimoire (undefined)
Item not found in any reward table: Shadowfang Twin Daggers (undefined)
Item not found in any reward table: Shadowfang Gloomfang Twin Daggers (undefined)
Item not found in any reward table: Shadowfang Focus (undefined)
Item not found in any reward table: Shadowfang Gloomfang Focus (undefined)
Item not found in any reward table: Shadowfang Longbow (undefined)
Item not found in any reward table: Shadowfang Murkstring Longbow (undefined)
Item not found in any reward table: Shadowfang Mace (undefined)
Item not found in any reward table: Shadowfang Great Mace (undefined)
Item not found in any reward table: Shadowfang Nightglass Great Mace (undefined)
Item not found in any reward table: Shadowfang Rapier (undefined)
Item not found in any reward table: Shadowfang Murkpoint Rapier (undefined)
Item not found in any reward table: Shadowfang Scepter (undefined)
Item not found in any reward table: Shadowfang Shield (undefined)
Item not found in any reward table: Shadowfang Shortbow (undefined)
Item not found in any reward table: Shadowfang Murkline Shortbow (undefined)
Item not found in any reward table: Shadowfang Spear (undefined)
Item not found in any reward table: Shadowfang Gloomfang Spear (undefined)
Item not found in any reward table: Shadowfang Sword (undefined)
Item not found in any reward table: Shadowfang Gloomfang Sword (undefined)
Item not found in any reward table: Shadowfang Gloomfang Greatsword
 (undefined)
Item not found in any reward table: Shadowfang Wand (undefined)
Item not found in any reward table: Shadowfang Gloomfang Wand
 (undefined)
Item not found in any reward table: Duskhunter Jerkin (undefined)
Item not found in any reward table: Duskhunter Boots (undefined)
Item not found in any reward table: Duskhunter Bracers (undefined)
Item not found in any reward table: Duskhunter Gloves (undefined)
Item not found in any reward table: Duskhunter Helm (undefined)
Item not found in any reward table: Duskhunter Leggings (undefined)
Item not found in any reward table: Duskhunter Shoulders (undefined)
Item not found in any reward table: Duskhunter Belt (undefined)
Item not found in any reward table: Duskhunter Cape (undefined)
Item not found in any reward table: Gloomraider Jerkin (undefined)
Item not found in any reward table: Gloomraider Boots (undefined)
Item not found in any reward table: Gloomraider Bracers (undefined)
Item not found in any reward table: Gloomraider Gloves (undefined)
Item not found in any reward table: Gloomraider Helm (undefined)
Item not found in any reward table: Gloomraider Leggings (undefined)
Item not found in any reward table: Gloomraider Shoulders (undefined)
Item not found in any reward table: Gloomraider Belt (undefined)
Item not found in any reward table: Gloomraider Cape (undefined)
Item not found in any reward table: Veilrender Cuisass (undefined)
Item not found in any reward table: Veilrender Sabatons (undefined)
Item not found in any reward table: Veilrender Bracers (undefined)
Item not found in any reward table: Veilrender Gloves (undefined)
Item not found in any reward table: Veilrender Helm (undefined)
Item not found in any reward table: Veilrender Greaves (undefined)
Item not found in any reward table: Veilrender Spaulders (undefined)
Item not found in any reward table: Veilrender Belt (undefined)
Item not found in any reward table: Veilrender Cape (undefined)
Item not found in any reward table: Nightwhisper Jerkin (undefined)
Item not found in any reward table: Nightwhisper Boots (undefined)
Item not found in any reward table: Nightwhisper Bracers (undefined)
Item not found in any reward table: Nightwhisper Gloves (undefined)
Item not found in any reward table: Nightwhisper Hood (undefined)
Item not found in any reward table: Nightwhisper Leggings (undefined)
Item not found in any reward table: Nightwhisper Shoulders (undefined)
Item not found in any reward table: Nightwhisper Sash (undefined)
Item not found in any reward table: Nightwhisper Cloak (undefined)
Item not found in any reward table: Wraithskin Jerkin (undefined)
Item not found in any reward table: Wraithskin Boots (undefined)
Item not found in any reward table: Wraithskin Bracers (undefined)
Item not found in any reward table: Wraithskin Gloves (undefined)
Item not found in any reward table: Wraithskin Hood (undefined)
Item not found in any reward table: Wraithskin Leggings (undefined)
Item not found in any reward table: Wraithskin Pauldrons (undefined)
Item not found in any reward table: Wraithskin Tassets (undefined)
Item not found in any reward table: Wraithskin Cape (undefined)
Item not found in any reward table: Shadeweft Jerkin (undefined)
Item not found in any reward table: Shadeweft Boots (undefined)
Item not found in any reward table: Shadeweft Bracers (undefined)
Item not found in any reward table: Shadeweft Gloves (undefined)
Item not found in any reward table: Shadeweft Hood (undefined)
Item not found in any reward table: Shadeweft Leggings (undefined)
Item not found in any reward table: Shadeweft Shoulders (undefined)
Item not found in any reward table: Shadeweft Sash (undefined)
Item not found in any reward table: Shadeweft Cape (undefined)
Item not found in any reward table: Tombplate Cuirass (undefined)
Item not found in any reward table: Tombplate Boots (undefined)
Item not found in any reward table: Tombplate Bracers (undefined)
Item not found in any reward table: Tombplate Gauntlets (undefined)
Item not found in any reward table: Tombplate Helm (undefined)
Item not found in any reward table: Tombplate Greaves (undefined)
Item not found in any reward table: Tombplate Pauldrons (undefined)
Item not found in any reward table: Tombplate Faulds (undefined)
Item not found in any reward table: Tombplate Cloak (undefined)
Item not found in any reward table: Cryptward Cuirass (undefined)
Item not found in any reward table: Cryptward Sabatons (undefined)
Item not found in any reward table: Cryptward Bracers (undefined)
Item not found in any reward table: Cryptward Glovews (undefined)
Item not found in any reward table: Cryptward Helm (undefined)
Item not found in any reward table: Cryptward Greaves (undefined)
Item not found in any reward table: Cryptward Pauldrons (undefined)
Item not found in any reward table: Cryptward Faulds (undefined)
Item not found in any reward table: Cryptward Cape (undefined)
Item not found in any reward table: Graveplate Breastplate (undefined)
Item not found in any reward table: Graveplate Boots (undefined)
Item not found in any reward table: Graveplate Bracers (undefined)
Item not found in any reward table: Graveplate Gauntlets (undefined)
Item not found in any reward table: Graveplate Helm (undefined)
Item not found in any reward table: Graveplate Greaves (undefined)
Item not found in any reward table: Graveplate Pauldrons (undefined)
Item not found in any reward table: Graveplate Faulds (undefined)
Item not found in any reward table: Graveplate Cape (undefined)
Item not found in any reward table: Shadebound Earrings (undefined)
Item not found in any reward table: Shadebound Ring (undefined)
Item not found in any reward table: Shadebound Necklace (undefined)
Item not found in any reward table: Hollowbound Earring (undefined)
Item not found in any reward table: Hollowbound Ring (undefined)
Item not found in any reward table: Hollowbound Necklace (undefined)
Item not found in any reward table: Veilpierced Earring (undefined)
Item not found in any reward table: Veilpierced Ring (undefined)
Item not found in any reward table: Veilpierced Necklace (undefined)
Item not found in any reward table: Recipe: Stormcurrent 1H Axe (undefined)
Item not found in any reward table: Recipe: StormcurrentMag 1H Axe (undefined)
Item not found in any reward table: Recipe: Stormcurrent 2H Axe (undefined)
Item not found in any reward table: Recipe: StormcurrentMag 2H Axe (undefined)
Item not found in any reward table: Recipe: Stormcurrent 2H Book (undefined)
Item not found in any reward table: Recipe: StormcurrentPhy 2H Book (undefined)
Item not found in any reward table: Recipe: Stormcurrent 2H Dagger (undefined)
Item not found in any reward table: Recipe: StormcurrentMag 2H Dagger (undefined)
Item not found in any reward table: Recipe: Stormcurrent OH Focus (undefined)
Item not found in any reward table: Recipe: StormcurrentPhy OH Focus (undefined)
Item not found in any reward table: Recipe: Stormcurrent 2H Longbow (undefined)
Item not found in any reward table: Recipe: StormcurrentMag 2H Longbow (undefined)
Item not found in any reward table: Recipe: Stormcurrent 1H Mace (undefined)
Item not found in any reward table: Recipe: Stormcurrent 2H Mace (undefined)
Item not found in any reward table: Recipe: StormcurrentMag 2H Mace (undefined)
Item not found in any reward table: Recipe: Stormcurrent 1H Rapier (undefined)
Item not found in any reward table: Recipe: StormcurrentMag 1H Rapier (undefined)
Item not found in any reward table: Recipe: Stormcurrent 1H Scepter (undefined)
Item not found in any reward table: Recipe: Stormcurrent OH Shield (undefined)
Item not found in any reward table: Recipe: Stormcurrent 2H Shortbow (undefined)
Item not found in any reward table: Recipe: StormcurrentMag 2H Shortbow (undefined)
Item not found in any reward table: Recipe: Stormcurrent 2H Spear (undefined)
Item not found in any reward table: Recipe: StormcurrentMag 2H Spear (undefined)
Item not found in any reward table: Recipe: Stormcurrent 1H Sword (undefined)
Item not found in any reward table: Recipe: StormcurrentMag 1H Sword (undefined)
Item not found in any reward table: Recipe: Stormcurrent 2H Sword (undefined)
Item not found in any reward table: Recipe: StormcurrentMag 2H Sword (undefined)
Item not found in any reward table: Recipe: Stormcurrent 1H Wand (undefined)
Item not found in any reward table: Recipe: StormcurrentPhy 1H Wand (undefined)
Item not found in any reward table: Recipe: Wavecutter 1H Axe (undefined)
Item not found in any reward table: Recipe: WavecutterMag 1H Axe (undefined)
Item not found in any reward table: Recipe: Wavecutter 2H Axe (undefined)
Item not found in any reward table: Recipe: WavecutterMag 2H Axe (undefined)
Item not found in any reward table: Recipe: Wavecutter 2H Book (undefined)
Item not found in any reward table: Recipe: WavecutterPhy 2H Book (undefined)
Item not found in any reward table: Recipe: Wavecutter 2H Dagger (undefined)
Item not found in any reward table: Recipe: WavecutterMag 2H Dagger (undefined)
Item not found in any reward table: Recipe: Wavecutter OH Focus (undefined)
Item not found in any reward table: Recipe: WavecutterPhy OH Focus (undefined)
Item not found in any reward table: Recipe: Wavecutter 2H Longbow (undefined)
Item not found in any reward table: Recipe: WavecutterMag 2H Longbow (undefined)
Item not found in any reward table: Recipe: Wavecutter 1H Mace (undefined)
Item not found in any reward table: Recipe: Wavecutter 2H Mace (undefined)
Item not found in any reward table: Recipe: WavecutterMag 2H Mace (undefined)
Item not found in any reward table: Recipe: Wavecutter 1H Rapier (undefined)
Item not found in any reward table: Recipe: WavecutterMag 1H Rapier (undefined)
Item not found in any reward table: Recipe: Wavecutter 1H Scepter (undefined)
Item not found in any reward table: Recipe: Wavecutter OH Shield (undefined)
Item not found in any reward table: Recipe: Wavecutter 2H Shortbow (undefined)
Item not found in any reward table: Recipe: WavecutterMag 2H Shortbow (undefined)
Item not found in any reward table: Recipe: Wavecutter 2H Spear (undefined)
Item not found in any reward table: Recipe: WavecutterMag 2H Spear (undefined)
Item not found in any reward table: Recipe: Wavecutter 1H Sword (undefined)
Item not found in any reward table: Recipe: WavecutterMag 1H Sword (undefined)
Item not found in any reward table: Recipe: Wavecutter 2H Sword (undefined)
Item not found in any reward table: Recipe: WavecutterMag 2H Sword (undefined)
Item not found in any reward table: Recipe: Wavecutter 1H Wand (undefined)
Item not found in any reward table: Recipe: WavecutterPhy 1H Wand (undefined)
Item not found in any reward table: Recipe: Seabright 1H Axe (undefined)
Item not found in any reward table: Recipe: SeabrightMag 1H Axe (undefined)
Item not found in any reward table: Recipe: Seabright 2H Axe (undefined)
Item not found in any reward table: Recipe: SeabrightMag 2H Axe (undefined)
Item not found in any reward table: Recipe: Seabright 2H Book (undefined)
Item not found in any reward table: Recipe: SeabrightPhy 2H Book (undefined)
Item not found in any reward table: Recipe: Seabright 2H Dagger (undefined)
Item not found in any reward table: Recipe: SeabrightMag 2H Dagger (undefined)
Item not found in any reward table: Recipe: Seabright OH Focus (undefined)
Item not found in any reward table: Recipe: SeabrightPhy OH Focus (undefined)
Item not found in any reward table: Recipe: Seabright 2H Longbow (undefined)
Item not found in any reward table: Recipe: SeabrightMag 2H Longbow (undefined)
Item not found in any reward table: Recipe: Seabright 1H Mace (undefined)
Item not found in any reward table: Recipe: Seabright 2H Mace (undefined)
Item not found in any reward table: Recipe: SeabrightMag 2H Mace (undefined)
Item not found in any reward table: Recipe: Seabright 1H Rapier (undefined)
Item not found in any reward table: Recipe: SeabrightMag 1H Rapier (undefined)
Item not found in any reward table: Recipe: Seabright 1H Scepter (undefined)
Item not found in any reward table: Recipe: Seabright OH Shield (undefined)
Item not found in any reward table: Recipe: Seabright 2H Shortbow (undefined)
Item not found in any reward table: Recipe: SeabrightMag 2H Shortbow (undefined)
Item not found in any reward table: Recipe: Seabright 2H Spear (undefined)
Item not found in any reward table: Recipe: SeabrightMag 2H Spear (undefined)
Item not found in any reward table: Recipe: Seabright 1H Sword (undefined)
Item not found in any reward table: Recipe: SeabrightMag 1H Sword (undefined)
Item not found in any reward table: Recipe: Seabright 2H Sword (undefined)
Item not found in any reward table: Recipe: SeabrightMag 2H Sword (undefined)
Item not found in any reward table: Recipe: Seabright 1H Wand (undefined)
Item not found in any reward table: Recipe: SeabrightPhy 1H Wand (undefined)
Item not found in any reward table: Recipe: Deepwake 1H Axe (undefined)
Item not found in any reward table: Recipe: DeepwakeMag 1H Axe (undefined)
Item not found in any reward table: Recipe: Deepwake 2H Axe (undefined)
Item not found in any reward table: Recipe: DeepwakeMag 2H Axe (undefined)
Item not found in any reward table: Recipe: Deepwake 2H Book (undefined)
Item not found in any reward table: Recipe: DeepwakePhy 2H Book (undefined)
Item not found in any reward table: Recipe: Deepwake 2H Dagger (undefined)
Item not found in any reward table: Recipe: DeepwakeMag 2H Dagger (undefined)
Item not found in any reward table: Recipe: Deepwake OH Focus (undefined)
Item not found in any reward table: Recipe: DeepwakePhy OH Focus (undefined)
Item not found in any reward table: Recipe: Deepwake 2H Longbow (undefined)
Item not found in any reward table: Recipe: DeepwakeMag 2H Longbow (undefined)
Item not found in any reward table: Recipe: Deepwake 1H Mace (undefined)
Item not found in any reward table: Recipe: Deepwake 2H Mace (undefined)
Item not found in any reward table: Recipe: DeepwakeMag 2H Mace (undefined)
Item not found in any reward table: Recipe: Deepwake 1H Rapier (undefined)
Item not found in any reward table: Recipe: DeepwakeMag 1H Rapier (undefined)
Item not found in any reward table: Recipe: Deepwake 1H Scepter (undefined)
Item not found in any reward table: Recipe: Deepwake OH Shield (undefined)
Item not found in any reward table: Recipe: Deepwake 2H Shortbow (undefined)
Item not found in any reward table: Recipe: DeepwakeMag 2H Shortbow (undefined)
Item not found in any reward table: Recipe: Deepwake 2H Spear (undefined)
Item not found in any reward table: Recipe: DeepwakeMag 2H Spear (undefined)
Item not found in any reward table: Recipe: Deepwake 1H Sword (undefined)
Item not found in any reward table: Recipe: DeepwakeMag 1H Sword (undefined)
Item not found in any reward table: Recipe: Deepwake 2H Sword (undefined)
Item not found in any reward table: Recipe: DeepwakeMag 2H Sword (undefined)
Item not found in any reward table: Recipe: Deepwake 1H Wand (undefined)
Item not found in any reward table: Recipe: DeepwakePhy 1H Wand (undefined)
Item not found in any reward table: Recipe: Tideforged 1H Axe (undefined)
Item not found in any reward table: Recipe: TideforgedMag 1H Axe (undefined)
Item not found in any reward table: Recipe: Tideforged 2H Axe (undefined)
Item not found in any reward table: Recipe: TideforgedMag 2H Axe (undefined)
Item not found in any reward table: Recipe: Tideforged 2H Book (undefined)
Item not found in any reward table: Recipe: Tideforged 2H Dagger (undefined)
Item not found in any reward table: Recipe: Tideforged OH Focus (undefined)
Item not found in any reward table: Recipe: Tideforged 2H Longbow (undefined)
Item not found in any reward table: Recipe: Tideforged 1H Mace (undefined)
Item not found in any reward table: Recipe: Tideforged 2H Mace (undefined)
Item not found in any reward table: Recipe: Tideforged 1H Rapier (undefined)
Item not found in any reward table: Recipe: TideforgedMag 1H Rapier (undefined)
Item not found in any reward table: Recipe: Tideforged 1H Scepter (undefined)
Item not found in any reward table: Recipe: Tideforged OH Shield (undefined)
Item not found in any reward table: Recipe: Tideforged 2H Shortbow (undefined)
Item not found in any reward table: Recipe: Tideforged 2H Spear (undefined)
Item not found in any reward table: Recipe: TideforgedMag 2H Spear (undefined)
Item not found in any reward table: Recipe: Tideforged 1H Sword (undefined)
Item not found in any reward table: Recipe: Tideforged 2H Sword (undefined)
Item not found in any reward table: Recipe: Tideforged 1H Wand (undefined)
Item not found in any reward table: Recipe: Coralblade 1H Axe (undefined)
Item not found in any reward table: Recipe: CoralbladeMag 1H Axe (undefined)
Item not found in any reward table: Recipe: Coralblade 2H Axe (undefined)
Item not found in any reward table: Recipe: CoralbladeMag 2H Axe (undefined)
Item not found in any reward table: Recipe: Coralblade 2H Book (undefined)
Item not found in any reward table: Recipe: CoralbladePhy 2H Book (undefined)
Item not found in any reward table: Recipe: Coralblade 2H Dagger (undefined)
Item not found in any reward table: Recipe: CoralbladeMag 2H Dagger (undefined)
Item not found in any reward table: Recipe: Coralblade OH Focus (undefined)
Item not found in any reward table: Recipe: CoralbladePhy OH Focus (undefined)
Item not found in any reward table: Recipe: Coralblade 2H Longbow (undefined)
Item not found in any reward table: Recipe: CoralbladeMag 2H Longbow (undefined)
Item not found in any reward table: Recipe: Coralblade 1H Mace (undefined)
Item not found in any reward table: Recipe: Coralblade 2H Mace (undefined)
Item not found in any reward table: Recipe: CoralbladeMag 2H Mace (undefined)
Item not found in any reward table: Recipe: Coralblade 1H Rapier (undefined)
Item not found in any reward table: Recipe: CoralbladeMag 1H Rapier (undefined)
Item not found in any reward table: Recipe: Coralblade 1H Scepter (undefined)
Item not found in any reward table: Recipe: Coralblade OH Shield (undefined)
Item not found in any reward table: Recipe: Coralblade 2H Shortbow (undefined)
Item not found in any reward table: Recipe: CoralbladeMag 2H Shortbow (undefined)
Item not found in any reward table: Recipe: Coralblade 2H Spear (undefined)
Item not found in any reward table: Recipe: CoralbladeMag 2H Spear (undefined)
Item not found in any reward table: Recipe: Coralblade 1H Sword (undefined)
Item not found in any reward table: Recipe: CoralbladeMag 1H Sword (undefined)
Item not found in any reward table: Recipe: Coralblade 2H Sword (undefined)
Item not found in any reward table: Recipe: CoralbladeMag 2H Sword (undefined)
Item not found in any reward table: Recipe: Coralblade 1H Wand (undefined)
Item not found in any reward table: Recipe: CoralbladePhy 1H Wand (undefined)
Item not found in any reward table: Recipe: Wavebound Chest (undefined)
Item not found in any reward table: Recipe: Wavebound Feet (undefined)
Item not found in any reward table: Recipe: Wavebound Forearms (undefined)
Item not found in any reward table: Recipe: Wavebound Hands (undefined)
Item not found in any reward table: Recipe: Wavebound Head (undefined)
Item not found in any reward table: Recipe: Wavebound Legs (undefined)
Item not found in any reward table: Recipe: Wavebound Shoulders (undefined)
Item not found in any reward table: Recipe: Wavebound Waist (undefined)
Item not found in any reward table: Recipe: Wavebound Back (undefined)
Item not found in any reward table: Recipe: Brinetread Chest (undefined)
Item not found in any reward table: Recipe: Brinetread Feet (undefined)
Item not found in any reward table: Recipe: Brinetread Forearms (undefined)
Item not found in any reward table: Recipe: Brinetread Hands (undefined)
Item not found in any reward table: Recipe: Brinetread Head (undefined)
Item not found in any reward table: Recipe: Brinetread Legs (undefined)
Item not found in any reward table: Recipe: Brinetread Shoulders (undefined)
Item not found in any reward table: Recipe: Brinetread Waist (undefined)
Item not found in any reward table: Recipe: Brinetread Back (undefined)
Item not found in any reward table: Recipe: Salthewn Chest (undefined)
Item not found in any reward table: Recipe: Salthewn Feet (undefined)
Item not found in any reward table: Recipe: Salthewn Forearms (undefined)
Item not found in any reward table: Recipe: Salthewn Hands (undefined)
Item not found in any reward table: Recipe: Salthewn Head (undefined)
Item not found in any reward table: Recipe: Salthewn Legs (undefined)
Item not found in any reward table: Recipe: Salthewn Shoulders (undefined)
Item not found in any reward table: Recipe: Salthewn Waist (undefined)
Item not found in any reward table: Recipe: Salthewn Back (undefined)
Item not found in any reward table: Recipe: Driftwake Chest (undefined)
Item not found in any reward table: Recipe: Driftwake Feet (undefined)
Item not found in any reward table: Recipe: Driftwake Forearms (undefined)
Item not found in any reward table: Recipe: Driftwake Hands (undefined)
Item not found in any reward table: Recipe: Driftwake Head (undefined)
Item not found in any reward table: Recipe: Driftwake Legs (undefined)
Item not found in any reward table: Recipe: Driftwake Shoulders (undefined)
Item not found in any reward table: Recipe: Driftwake Waist (undefined)
Item not found in any reward table: Recipe: Driftwake Back (undefined)
Item not found in any reward table: Recipe: StarlightCreed Chest (undefined)
Item not found in any reward table: Recipe: StarlightCreed Feet (undefined)
Item not found in any reward table: Recipe: StarlightCreed Forearms (undefined)
Item not found in any reward table: Recipe: StarlightCreed Hands (undefined)
Item not found in any reward table: Recipe: StarlightCreed Head (undefined)
Item not found in any reward table: Recipe: StarlightCreed Legs (undefined)
Item not found in any reward table: Recipe: StarlightCreed Shoulders (undefined)
Item not found in any reward table: Recipe: StarlightCreed Waist (undefined)
Item not found in any reward table: Recipe: StarlightCreed Back (undefined)
Item not found in any reward table: Recipe: Seawisp Chest (undefined)
Item not found in any reward table: Recipe: Seawisp Feet (undefined)
Item not found in any reward table: Recipe: Seawisp Forearms (undefined)
Item not found in any reward table: Recipe: Seawisp Hands (undefined)
Item not found in any reward table: Recipe: Seawisp Head (undefined)
Item not found in any reward table: Recipe: Seawisp Legs (undefined)
Item not found in any reward table: Recipe: Seawisp Shoulders (undefined)
Item not found in any reward table: Recipe: Seawisp Waist (undefined)
Item not found in any reward table: Recipe: Seawisp Back (undefined)
Item not found in any reward table: Recipe: Mistglean Chest (undefined)
Item not found in any reward table: Recipe: Mistglean Feet (undefined)
Item not found in any reward table: Recipe: Mistglean Forearms (undefined)
Item not found in any reward table: Recipe: Mistglean Hands (undefined)
Item not found in any reward table: Recipe: Mistglean Head (undefined)
Item not found in any reward table: Recipe: Mistglean Legs (undefined)
Item not found in any reward table: Recipe: Mistglean Shoulders (undefined)
Item not found in any reward table: Recipe: Mistglean Waist (undefined)
Item not found in any reward table: Recipe: Mistglean Back (undefined)
Item not found in any reward table: Recipe: Seafoam Chest (undefined)
Item not found in any reward table: Recipe: Seafoam Feet (undefined)
Item not found in any reward table: Recipe: Seafoam Forearms (undefined)
Item not found in any reward table: Recipe: Seafoam Hands (undefined)
Item not found in any reward table: Recipe: Seafoam Head (undefined)
Item not found in any reward table: Recipe: Seafoam Legs (undefined)
Item not found in any reward table: Recipe: Seafoam Shoulders (undefined)
Item not found in any reward table: Recipe: Seafoam Waist (undefined)
Item not found in any reward table: Recipe: Seafoam Back (undefined)
Item not found in any reward table: Recipe: Mistfletch Chest (undefined)
Item not found in any reward table: Recipe: Mistfletch Feet (undefined)
Item not found in any reward table: Recipe: Mistfletch Forearms (undefined)
Item not found in any reward table: Recipe: Mistfletch Hands (undefined)
Item not found in any reward table: Recipe: Mistfletch Head (undefined)
Item not found in any reward table: Recipe: Mistfletch Legs (undefined)
Item not found in any reward table: Recipe: Mistfletch Shoulders (undefined)
Item not found in any reward table: Recipe: Mistfletch Waist (undefined)
Item not found in any reward table: Recipe: Mistfletch Back (undefined)
Item not found in any reward table: Recipe: Kelpthread Chest (undefined)
Item not found in any reward table: Recipe: Kelpthread Feet (undefined)
Item not found in any reward table: Recipe: Kelpthread Forearms (undefined)
Item not found in any reward table: Recipe: Kelpthread Hands (undefined)
Item not found in any reward table: Recipe: Kelpthread Head (undefined)
Item not found in any reward table: Recipe: Kelpthread Legs (undefined)
Item not found in any reward table: Recipe: Kelpthread Shoulders (undefined)
Item not found in any reward table: Recipe: Kelpthread Waist (undefined)
Item not found in any reward table: Recipe: Kelpthread Back (undefined)
Item not found in any reward table: Recipe: UnfallenRainment Chest (undefined)
Item not found in any reward table: Recipe: UnfallenRainment Feet (undefined)
Item not found in any reward table: Recipe: UnfallenRainment Forearms (undefined)
Item not found in any reward table: Recipe: UnfallenRainment Hands (undefined)
Item not found in any reward table: Recipe: UnfallenRainment Head (undefined)
Item not found in any reward table: Recipe: UnfallenRainment Legs (undefined)
Item not found in any reward table: Recipe: UnfallenRainment Shoulders (undefined)
Item not found in any reward table: Recipe: UnfallenRainment Waist (undefined)
Item not found in any reward table: Recipe: Reefguard Chest (undefined)
Item not found in any reward table: Recipe: Reefguard Feet (undefined)
Item not found in any reward table: Recipe: Reefguard Forearms (undefined)
Item not found in any reward table: Recipe: Reefguard Hands (undefined)
Item not found in any reward table: Recipe: Reefguard Head (undefined)
Item not found in any reward table: Recipe: Reefguard Legs (undefined)
Item not found in any reward table: Recipe: Reefguard Shoulders (undefined)
Item not found in any reward table: Recipe: Reefguard Waist (undefined)
Item not found in any reward table: Recipe: Reefguard Back (undefined)
Item not found in any reward table: Recipe: Coralhold Chest (undefined)
Item not found in any reward table: Recipe: Coralhold Feet (undefined)
Item not found in any reward table: Recipe: Coralhold Forearms (undefined)
Item not found in any reward table: Recipe: Coralhold Hands (undefined)
Item not found in any reward table: Recipe: Coralhold Head (undefined)
Item not found in any reward table: Recipe: Coralhold Legs (undefined)
Item not found in any reward table: Recipe: Coralhold Shoulders (undefined)
Item not found in any reward table: Recipe: Coralhold Waist (undefined)
Item not found in any reward table: Recipe: Coralhold Back (undefined)
Item not found in any reward table: Recipe: Brineplate Chest (undefined)
Item not found in any reward table: Recipe: Brineplate Feet (undefined)
Item not found in any reward table: Recipe: Brineplate Forearms (undefined)
Item not found in any reward table: Recipe: Brineplate Hands (undefined)
Item not found in any reward table: Recipe: Brineplate Head (undefined)
Item not found in any reward table: Recipe: Brineplate Legs (undefined)
Item not found in any reward table: Recipe: Brineplate Shoulders (undefined)
Item not found in any reward table: Recipe: Brineplate Waist (undefined)
Item not found in any reward table: Recipe: Brineplate Back (undefined)
Item not found in any reward table: Recipe: Maelhold Chest (undefined)
Item not found in any reward table: Recipe: Maelhold Feet (undefined)
Item not found in any reward table: Recipe: Maelhold Forearms (undefined)
Item not found in any reward table: Recipe: Maelhold Hands (undefined)
Item not found in any reward table: Recipe: Maelhold Head (undefined)
Item not found in any reward table: Recipe: Maelhold Legs (undefined)
Item not found in any reward table: Recipe: Maelhold Shoulders (undefined)
Item not found in any reward table: Recipe: Maelhold Waist (undefined)
Item not found in any reward table: Recipe: Maelhold Back (undefined)
Item not found in any reward table: Recipe: Tidecarved Chest (undefined)
Item not found in any reward table: Recipe: Tidecarved Feet (undefined)
Item not found in any reward table: Recipe: Tidecarved Forearms (undefined)
Item not found in any reward table: Recipe: Tidecarved Hands (undefined)
Item not found in any reward table: Recipe: Tidecarved Head (undefined)
Item not found in any reward table: Recipe: Tidecarved Legs (undefined)
Item not found in any reward table: Recipe: Tidecarved Shoulders (undefined)
Item not found in any reward table: Recipe: Tidecarved Waist (undefined)
Item not found in any reward table: Recipe: Tidecarved Back (undefined)
Item not found in any reward table: Recipe: Stormcanon Chest (undefined)
Item not found in any reward table: Recipe: Stormcanon Feet (undefined)
Item not found in any reward table: Recipe: Stormcanon Forearms (undefined)
Item not found in any reward table: Recipe: Stormcanon Hands (undefined)
Item not found in any reward table: Recipe: Stormcanon Head (undefined)
Item not found in any reward table: Recipe: Stormcanon Legs (undefined)
Item not found in any reward table: Recipe: Stormcanon Shoulders (undefined)
Item not found in any reward table: Recipe: Stormcanon Waist (undefined)
Item not found in any reward table: Recipe: Stormcanon Back (undefined)
Item not found in any reward table: Recipe: Wavetossed Earring (undefined)
Item not found in any reward table: Recipe: Wavetossed Ring (undefined)
Item not found in any reward table: Recipe: Wavetossed Necklace (undefined)
Item not found in any reward table: Recipe: Foamcast Earring (undefined)
Item not found in any reward table: Recipe: Foamcast Ring (undefined)
Item not found in any reward table: Recipe: Foamcast Necklace (undefined)
Item not found in any reward table: Recipe: Driftwrought Earring (undefined)
Item not found in any reward table: Recipe: Driftwrought Ring (undefined)
Item not found in any reward table: Recipe: Driftwrought Necklace (undefined)
Item not found in any reward table: Recipe: Brinebound Earring (undefined)
Item not found in any reward table: Recipe: Brinebound Ring (undefined)
Item not found in any reward table: Recipe: Brinebound Necklace (undefined)
Item not found in any reward table: Recipe: Saltwoven Earring (undefined)
Item not found in any reward table: Recipe: Saltwoven Ring (undefined)
Item not found in any reward table: Recipe: Saltwoven Necklace (undefined)
Item not found in any reward table: Recipe: Glassveil 1H Axe (undefined)
Item not found in any reward table: Recipe: GlassveilMag 1H Axe (undefined)
Item not found in any reward table: Recipe: Glassveil 2H Axe (undefined)
Item not found in any reward table: Recipe: Glassveil 2H Book (undefined)
Item not found in any reward table: Recipe: GlassveilPhy 2H Book (undefined)
Item not found in any reward table: Recipe: Glassveil 2H Dagger (undefined)
Item not found in any reward table: Recipe: GlassveilMag 2H Dagger (undefined)
Item not found in any reward table: Recipe: Glassveil OH Focus (undefined)
Item not found in any reward table: Recipe: GlassveilPhy OH Focus (undefined)
Item not found in any reward table: Recipe: Glassveil 2H Longbow (undefined)
Item not found in any reward table: Recipe: GlassveilMag 2H Longbow (undefined)
Item not found in any reward table: Recipe: Glassveil 1H Mace (undefined)
Item not found in any reward table: Recipe: Glassveil 2H Mace (undefined)
Item not found in any reward table: Recipe: GlassveilMag 2H Mace (undefined)
Item not found in any reward table: Recipe: Glassveil 1H Rapier (undefined)
Item not found in any reward table: Recipe: GlassveilMag 1H Rapier (undefined)
Item not found in any reward table: Recipe: Glassveil 1H Scepter (undefined)
Item not found in any reward table: Recipe: Glassveil OH Shield (undefined)
Item not found in any reward table: Recipe: Glassveil 2H Shortbow (undefined)
Item not found in any reward table: Recipe: GlassveilMag 2H Shortbow (undefined)
Item not found in any reward table: Recipe: Glassveil 2H Spear (undefined)
Item not found in any reward table: Recipe: GlassveilMag 2H Spear (undefined)
Item not found in any reward table: Recipe: Glassveil 1H Sword (undefined)
Item not found in any reward table: Recipe: GlassveilMag 1H Sword (undefined)
Item not found in any reward table: Recipe: Glassveil 2H Sword (undefined)
Item not found in any reward table: Recipe: GlassveilMag 2H Sword (undefined)
Item not found in any reward table: Recipe: Glassveil 1H Wand (undefined)
Item not found in any reward table: Recipe: GlassveilPhy 1H Wand (undefined)
Item not found in any reward table: Recipe: Mirageborn 1H Axe (undefined)
Item not found in any reward table: Recipe: MiragebornMag 1H Axe (undefined)
Item not found in any reward table: Recipe: Mirageborn 2H Axe (undefined)
Item not found in any reward table: Recipe: MiragebornMag 2H Axe (undefined)
Item not found in any reward table: Recipe: Mirageborn 2H Book (undefined)
Item not found in any reward table: Recipe: MiragebornPhy 2H Book (undefined)
Item not found in any reward table: Recipe: Mirageborn 2H Dagger (undefined)
Item not found in any reward table: Recipe: MiragebornMag 2H Dagger (undefined)
Item not found in any reward table: Recipe: Mirageborn OH Focus (undefined)
Item not found in any reward table: Recipe: MiragebornPhy OH Focus (undefined)
Item not found in any reward table: Recipe: Mirageborn 2H Longbow (undefined)
Item not found in any reward table: Recipe: MiragebornMag 2H Longbow (undefined)
Item not found in any reward table: Recipe: Mirageborn 1H Mace (undefined)
Item not found in any reward table: Recipe: Mirageborn 2H Mace (undefined)
Item not found in any reward table: Recipe: MiragebornMag 2H Mace (undefined)
Item not found in any reward table: Recipe: Mirageborn 1H Rapier (undefined)
Item not found in any reward table: Recipe: MiragebornMag 1H Rapier (undefined)
Item not found in any reward table: Recipe: Mirageborn 1H Scepter (undefined)
Item not found in any reward table: Recipe: Mirageborn OH Shield (undefined)
Item not found in any reward table: Recipe: Mirageborn 2H Shortbow (undefined)
Item not found in any reward table: Recipe: MiragebornMag 2H Shortbow (undefined)
Item not found in any reward table: Recipe: Mirageborn 2H Spear (undefined)
Item not found in any reward table: Recipe: MiragebornMag 2H Spear (undefined)
Item not found in any reward table: Recipe: Mirageborn 1H Sword (undefined)
Item not found in any reward table: Recipe: MiragebornMag 1H Sword (undefined)
Item not found in any reward table: Recipe: Mirageborn 2H Sword (undefined)
Item not found in any reward table: Recipe: MiragebornMag 2H Sword (undefined)
Item not found in any reward table: Recipe: Mirageborn 1H Wand (undefined)
Item not found in any reward table: Recipe: MiragebornPhy 1H Wand (undefined)
Item not found in any reward table: Recipe: Sunscorch 1H Axe (undefined)
Item not found in any reward table: Recipe: SunscorchMag 1H Axe (undefined)
Item not found in any reward table: Recipe: Sunscorch 2H Axe (undefined)
Item not found in any reward table: Recipe: SunscorchMag 2H Axe (undefined)
Item not found in any reward table: Recipe: Sunscorch 2H Book (undefined)
Item not found in any reward table: Recipe: SunscorchPhy 2H Book (undefined)
Item not found in any reward table: Recipe: Sunscorch 2H Dagger (undefined)
Item not found in any reward table: Recipe: SunscorchMag 2H Dagger (undefined)
Item not found in any reward table: Recipe: Sunscorch OH Focus (undefined)
Item not found in any reward table: Recipe: SunscorchPhy OH Focus (undefined)
Item not found in any reward table: Recipe: Sunscorch 2H Longbow (undefined)
Item not found in any reward table: Recipe: SunscorchMag 2H Longbow (undefined)
Item not found in any reward table: Recipe: Sunscorch 1H Mace (undefined)
Item not found in any reward table: Recipe: Sunscorch 2H Mace (undefined)
Item not found in any reward table: Recipe: SunscorchMag 2H Mace (undefined)
Item not found in any reward table: Recipe: Sunscorch 1H Rapier (undefined)
Item not found in any reward table: Recipe: SunscorchMag 1H Rapier (undefined)
Item not found in any reward table: Recipe: Sunscorch 1H Scepter (undefined)
Item not found in any reward table: Recipe: Sunscorch OH Shield (undefined)
Item not found in any reward table: Recipe: Sunscorch 2H Shortbow (undefined)
Item not found in any reward table: Recipe: SunscorchMag 2H Shortbow (undefined)
Item not found in any reward table: Recipe: Sunscorch 2H Spear (undefined)
Item not found in any reward table: Recipe: SunscorchMag 2H Spear (undefined)
Item not found in any reward table: Recipe: Sunscorch 1H Sword (undefined)
Item not found in any reward table: Recipe: SunscorchMag 1H Sword (undefined)
Item not found in any reward table: Recipe: Sunscorch 2H Sword (undefined)
Item not found in any reward table: Recipe: SunscorchMag 2H Sword (undefined)
Item not found in any reward table: Recipe: Sunscorch 1H Wand (undefined)
Item not found in any reward table: Recipe: SunscorchPhy 1H Wand (undefined)
Item not found in any reward table: Recipe: Scourglass 1H Axe (undefined)
Item not found in any reward table: Recipe: ScourglassMag 1H Axe (undefined)
Item not found in any reward table: Recipe: Scourglass 2H Axe (undefined)
Item not found in any reward table: Recipe: ScourglassMag 2H Axe (undefined)
Item not found in any reward table: Recipe: Scourglass 2H Book (undefined)
Item not found in any reward table: Recipe: ScourglassPhy 2H Book (undefined)
Item not found in any reward table: Recipe: Scourglass 2H Dagger (undefined)
Item not found in any reward table: Recipe: ScourglassMag 2H Dagger (undefined)
Item not found in any reward table: Recipe: Scourglass OH Focus (undefined)
Item not found in any reward table: Recipe: ScourglassPhy OH Focus (undefined)
Item not found in any reward table: Recipe: Scourglass 2H Longbow (undefined)
Item not found in any reward table: Recipe: ScourglassMag 2H Longbow (undefined)
Item not found in any reward table: Recipe: Scourglass 1H Mace (undefined)
Item not found in any reward table: Recipe: Scourglass 2H Mace (undefined)
Item not found in any reward table: Recipe: ScourglassMag 2H Mace (undefined)
Item not found in any reward table: Recipe: Scourglass 1H Rapier (undefined)
Item not found in any reward table: Recipe: ScourglassMag 1H Rapier (undefined)
Item not found in any reward table: Recipe: Scourglass 1H Scepter (undefined)
Item not found in any reward table: Recipe: Scourglass OH Shield (undefined)
Item not found in any reward table: Recipe: Scourglass 2H Shortbow (undefined)
Item not found in any reward table: Recipe: ScourglassMag 2H Shortbow (undefined)
Item not found in any reward table: Recipe: Scourglass 2H Spear (undefined)
Item not found in any reward table: Recipe: ScourglassMag 2H Spear (undefined)
Item not found in any reward table: Recipe: Scourglass 1H Sword (undefined)
Item not found in any reward table: Recipe: ScourglassMag 1H Sword (undefined)
Item not found in any reward table: Recipe: Scourglass 2H Sword (undefined)
Item not found in any reward table: Recipe: ScourglassMag 2H Sword (undefined)
Item not found in any reward table: Recipe: Scourglass 1H Wand (undefined)
Item not found in any reward table: Recipe: ScourglassPhy 1H Wand (undefined)
Item not found in any reward table: Recipe: Dunereach 1H Axe (undefined)
Item not found in any reward table: Recipe: DunereachMag 1H Axe (undefined)
Item not found in any reward table: Recipe: Dunereach 2H Axe (undefined)
Item not found in any reward table: Recipe: DunereachMag 2H Axe (undefined)
Item not found in any reward table: Recipe: Dunereach 2H Book (undefined)
Item not found in any reward table: Recipe: DunereachPhy 2H Book (undefined)
Item not found in any reward table: Recipe: Dunereach 2H Dagger (undefined)
Item not found in any reward table: Recipe: DunereachMag 2H Dagger (undefined)
Item not found in any reward table: Recipe: Dunereach OH Focus (undefined)
Item not found in any reward table: Recipe: DunereachPhy OH Focus (undefined)
Item not found in any reward table: Recipe: Dunereach 2H Longbow (undefined)
Item not found in any reward table: Recipe: DunereachMag 2H Longbow (undefined)
Item not found in any reward table: Recipe: Dunereach 1H Mace (undefined)
Item not found in any reward table: Recipe: Dunereach 2H Mace (undefined)
Item not found in any reward table: Recipe: DunereachMag 2H Mace (undefined)
Item not found in any reward table: Recipe: Dunereach 1H Rapier (undefined)
Item not found in any reward table: Recipe: DunereachMag 1H Rapier (undefined)
Item not found in any reward table: Recipe: Dunereach 1H Scepter (undefined)
Item not found in any reward table: Recipe: Dunereach OH Shield (undefined)
Item not found in any reward table: Recipe: Dunereach 2H Shortbow (undefined)
Item not found in any reward table: Recipe: DunereachMag 2H Shortbow (undefined)
Item not found in any reward table: Recipe: Dunereach 2H Spear (undefined)
Item not found in any reward table: Recipe: DunereachMag 2H Spear (undefined)
Item not found in any reward table: Recipe: Dunereach 1H Sword (undefined)
Item not found in any reward table: Recipe: DunereachMag 1H Sword (undefined)
Item not found in any reward table: Recipe: Dunereach 2H Sword (undefined)
Item not found in any reward table: Recipe: DunereachMag 2H Sword (undefined)
Item not found in any reward table: Recipe: Dunereach 1H Wand (undefined)
Item not found in any reward table: Recipe: DunereachPhy 1H Wand (undefined)
Item not found in any reward table: Recipe: Sandcarved 1H Axe (undefined)
Item not found in any reward table: Recipe: SandcarvedMag 1H Axe (undefined)
Item not found in any reward table: Recipe: Sandcarved 2H Axe (undefined)
Item not found in any reward table: Recipe: SandcarvedMag 2H Axe (undefined)
Item not found in any reward table: Recipe: Sandcarved 2H Book (undefined)
Item not found in any reward table: Recipe: SandcarvedPhy 2H Book (undefined)
Item not found in any reward table: Recipe: Sandcarved 2H Dagger (undefined)
Item not found in any reward table: Recipe: SandcarvedMag 2H Dagger (undefined)
Item not found in any reward table: Recipe: Sandcarved OH Focus (undefined)
Item not found in any reward table: Recipe: SandcarvedPhy OH Focus (undefined)
Item not found in any reward table: Recipe: Sandcarved 2H Longbow (undefined)
Item not found in any reward table: Recipe: SandcarvedMag 2H Longbow (undefined)
Item not found in any reward table: Recipe: Sandcarved 1H Mace (undefined)
Item not found in any reward table: Recipe: Sandcarved 2H Mace (undefined)
Item not found in any reward table: Recipe: SandcarvedMag 2H Mace (undefined)
Item not found in any reward table: Recipe: Sandcarved 1H Rapier (undefined)
Item not found in any reward table: Recipe: SandcarvedMag 1H Rapier (undefined)
Item not found in any reward table: Recipe: Sandcarved 1H Scepter (undefined)
Item not found in any reward table: Recipe: Sandcarved OH Shield (undefined)
Item not found in any reward table: Recipe: Sandcarved 2H Shortbow (undefined)
Item not found in any reward table: Recipe: SandcarvedMag 2H Shortbow (undefined)
Item not found in any reward table: Recipe: Sandcarved 2H Spear (undefined)
Item not found in any reward table: Recipe: SandcarvedMag 2H Spear (undefined)
Item not found in any reward table: Recipe: Sandcarved 1H Sword (undefined)
Item not found in any reward table: Recipe: SandcarvedMag 1H Sword (undefined)
Item not found in any reward table: Recipe: Sandcarved 2H Sword (undefined)
Item not found in any reward table: Recipe: SandcarvedMag 2H Sword (undefined)
Item not found in any reward table: Recipe: Sandcarved 1H Wand (undefined)
Item not found in any reward table: Recipe: SandcarvedPhy 1H Wand (undefined)
Item not found in any reward table: Recipe: Scorchmantle Chest (undefined)
Item not found in any reward table: Recipe: Scorchmantle Feet (undefined)
Item not found in any reward table: Recipe: Scorchmantle Forearms (undefined)
Item not found in any reward table: Recipe: Scorchmantle Hands (undefined)
Item not found in any reward table: Recipe: Scorchmantle Head (undefined)
Item not found in any reward table: Recipe: Scorchmantle Legs (undefined)
Item not found in any reward table: Recipe: Scorchmantle Shoulders (undefined)
Item not found in any reward table: Recipe: Scorchmantle Waist (undefined)
Item not found in any reward table: Recipe: Scorchmantle Back (undefined)
Item not found in any reward table: Recipe: Dunecoil Chest (undefined)
Item not found in any reward table: Recipe: Dunecoil Feet (undefined)
Item not found in any reward table: Recipe: Dunecoil Forearms (undefined)
Item not found in any reward table: Recipe: Dunecoil Hands (undefined)
Item not found in any reward table: Recipe: Dunecoil Head (undefined)
Item not found in any reward table: Recipe: Dunecoil Legs (undefined)
Item not found in any reward table: Recipe: Dunecoil Shoulders (undefined)
Item not found in any reward table: Recipe: Dunecoil Waist (undefined)
Item not found in any reward table: Recipe: Dunecoil Back (undefined)
Item not found in any reward table: Recipe: Gritmantle Chest (undefined)
Item not found in any reward table: Recipe: Gritmantle Feet (undefined)
Item not found in any reward table: Recipe: Gritmantle Forearms (undefined)
Item not found in any reward table: Recipe: Gritmantle Hands (undefined)
Item not found in any reward table: Recipe: Gritmantle Head (undefined)
Item not found in any reward table: Recipe: Gritmantle Legs (undefined)
Item not found in any reward table: Recipe: Gritmantle Shoulders (undefined)
Item not found in any reward table: Recipe: Gritmantle Waist (undefined)
Item not found in any reward table: Recipe: Gritmantle Back (undefined)
Item not found in any reward table: Recipe: Sandspire Chest (undefined)
Item not found in any reward table: Recipe: Sandspire Feet (undefined)
Item not found in any reward table: Recipe: Sandspire Forearms (undefined)
Item not found in any reward table: Recipe: Sandspire Hands (undefined)
Item not found in any reward table: Recipe: Sandspire Head (undefined)
Item not found in any reward table: Recipe: Sandspire Legs (undefined)
Item not found in any reward table: Recipe: Sandspire Shoulders (undefined)
Item not found in any reward table: Recipe: Sandspire Waist (undefined)
Item not found in any reward table: Recipe: Sandspire Back (undefined)
Item not found in any reward table: Recipe: Scorchwander Chest (undefined)
Item not found in any reward table: Recipe: Scorchwander Feet (undefined)
Item not found in any reward table: Recipe: Scorchwander Forearms (undefined)
Item not found in any reward table: Recipe: Scorchwander Hands (undefined)
Item not found in any reward table: Recipe: Scorchwander Head (undefined)
Item not found in any reward table: Recipe: Scorchwander Legs (undefined)
Item not found in any reward table: Recipe: Scorchwander Shoulders (undefined)
Item not found in any reward table: Recipe: Scorchwander Waist (undefined)
Item not found in any reward table: Recipe: Scorchwander Back (undefined)
Item not found in any reward table: Recipe: Duneflare Chest (undefined)
Item not found in any reward table: Recipe: Duneflare Feet (undefined)
Item not found in any reward table: Recipe: Duneflare Forearms (undefined)
Item not found in any reward table: Recipe: Duneflare Hands (undefined)
Item not found in any reward table: Recipe: Duneflare Head (undefined)
Item not found in any reward table: Recipe: Duneflare Legs (undefined)
Item not found in any reward table: Recipe: Duneflare Shoulders (undefined)
Item not found in any reward table: Recipe: Duneflare Waist (undefined)
Item not found in any reward table: Recipe: Duneflare Back (undefined)
Item not found in any reward table: Recipe: Veilsand Chest (undefined)
Item not found in any reward table: Recipe: Veilsand Feet (undefined)
Item not found in any reward table: Recipe: Veilsand Forearms (undefined)
Item not found in any reward table: Recipe: Veilsand Hands (undefined)
Item not found in any reward table: Recipe: Veilsand Head (undefined)
Item not found in any reward table: Recipe: Veilsand Legs (undefined)
Item not found in any reward table: Recipe: Veilsand Shoulders (undefined)
Item not found in any reward table: Recipe: Veilsand Waist (undefined)
Item not found in any reward table: Recipe: Veilsand Back (undefined)
Item not found in any reward table: Recipe: Dustwhisper Chest (undefined)
Item not found in any reward table: Recipe: Dustwhisper Feet (undefined)
Item not found in any reward table: Recipe: Dustwhisper Forearms (undefined)
Item not found in any reward table: Recipe: Dustwhisper Hands (undefined)
Item not found in any reward table: Recipe: Dustwhisper Head (undefined)
Item not found in any reward table: Recipe: Dustwhisper Legs (undefined)
Item not found in any reward table: Recipe: Dustwhisper Shoulders (undefined)
Item not found in any reward table: Recipe: Dustwhisper Waist (undefined)
Item not found in any reward table: Recipe: Dustwhisper Back (undefined)
Item not found in any reward table: Recipe: Mirrowend Chest (undefined)
Item not found in any reward table: Recipe: Mirrowend Feet (undefined)
Item not found in any reward table: Recipe: Mirrowend Forearms (undefined)
Item not found in any reward table: Recipe: Mirrowend Hands (undefined)
Item not found in any reward table: Recipe: Mirrowend Head (undefined)
Item not found in any reward table: Recipe: Mirrowend Legs (undefined)
Item not found in any reward table: Recipe: Mirrowend Shoulders (undefined)
Item not found in any reward table: Recipe: Mirrowend Waist (undefined)
Item not found in any reward table: Recipe: Mirrowend Back (undefined)
Item not found in any reward table: Recipe: Windskein Chest (undefined)
Item not found in any reward table: Recipe: Windskein Feet (undefined)
Item not found in any reward table: Recipe: Windskein Forearms (undefined)
Item not found in any reward table: Recipe: Windskein Hands (undefined)
Item not found in any reward table: Recipe: Windskein Head (undefined)
Item not found in any reward table: Recipe: Windskein Legs (undefined)
Item not found in any reward table: Recipe: Windskein Shoulders (undefined)
Item not found in any reward table: Recipe: Windskein Waist (undefined)
Item not found in any reward table: Recipe: Windskein Back (undefined)
Item not found in any reward table: Recipe: ShelloftheSanctifier Chest (undefined)
Item not found in any reward table: Recipe: ShelloftheSanctifier Feet (undefined)
Item not found in any reward table: Recipe: ShelloftheSanctifier Forearms (undefined)
Item not found in any reward table: Recipe: ShelloftheSanctifier Hands (undefined)
Item not found in any reward table: Recipe: ShelloftheSanctifier Head (undefined)
Item not found in any reward table: Recipe: ShelloftheSanctifier Legs (undefined)
Item not found in any reward table: Recipe: ShelloftheSanctifier Shoulders (undefined)
Item not found in any reward table: Recipe: ShelloftheSanctifier Waist (undefined)
Item not found in any reward table: Recipe: ShelloftheSanctifier Back (undefined)
Item not found in any reward table: Recipe: Sandbastion Chest (undefined)
Item not found in any reward table: Recipe: Sandbastion Feet (undefined)
Item not found in any reward table: Recipe: Sandbastion Forearms (undefined)
Item not found in any reward table: Recipe: Sandbastion Hands (undefined)
Item not found in any reward table: Recipe: Sandbastion Head (undefined)
Item not found in any reward table: Recipe: Sandbastion Legs (undefined)
Item not found in any reward table: Recipe: Sandbastion Shoulders (undefined)
Item not found in any reward table: Recipe: Sandbastion Waist (undefined)
Item not found in any reward table: Recipe: Sandbastion Back (undefined)
Item not found in any reward table: Recipe: Scaldplate Chest (undefined)
Item not found in any reward table: Recipe: Scaldplate Feet (undefined)
Item not found in any reward table: Recipe: Scaldplate Forearms (undefined)
Item not found in any reward table: Recipe: Scaldplate Hands (undefined)
Item not found in any reward table: Recipe: Scaldplate Head (undefined)
Item not found in any reward table: Recipe: Scaldplate Legs (undefined)
Item not found in any reward table: Recipe: Scaldplate Shoulders (undefined)
Item not found in any reward table: Recipe: Scaldplate Waist (undefined)
Item not found in any reward table: Recipe: Scaldplate Back (undefined)
Item not found in any reward table: Recipe: Sunbastion Chest (undefined)
Item not found in any reward table: Recipe: Sunbastion Feet (undefined)
Item not found in any reward table: Recipe: Sunbastion Forearms (undefined)
Item not found in any reward table: Recipe: Sunbastion Hands (undefined)
Item not found in any reward table: Recipe: Sunbastion Head (undefined)
Item not found in any reward table: Recipe: Sunbastion Legs (undefined)
Item not found in any reward table: Recipe: Sunbastion Shoulders (undefined)
Item not found in any reward table: Recipe: Sunbastion Waist (undefined)
Item not found in any reward table: Recipe: Sunbastion Back (undefined)
Item not found in any reward table: Recipe: Sunscale Chest (undefined)
Item not found in any reward table: Recipe: Sunscale Feet (undefined)
Item not found in any reward table: Recipe: Sunscale Forearms (undefined)
Item not found in any reward table: Recipe: Sunscale Hands (undefined)
Item not found in any reward table: Recipe: Sunscale Head (undefined)
Item not found in any reward table: Recipe: Sunscale Legs (undefined)
Item not found in any reward table: Recipe: Sunscale Waist (undefined)
Item not found in any reward table: Recipe: Sunscale Back (undefined)
Item not found in any reward table: Recipe: Duneguard Chest (undefined)
Item not found in any reward table: Recipe: Duneguard Feet (undefined)
Item not found in any reward table: Recipe: Duneguard Forearms (undefined)
Item not found in any reward table: Recipe: Duneguard Hands (undefined)
Item not found in any reward table: Recipe: Duneguard Head (undefined)
Item not found in any reward table: Recipe: Duneguard Legs (undefined)
Item not found in any reward table: Recipe: Duneguard Shoulders (undefined)
Item not found in any reward table: Recipe: Duneguard Waist (undefined)
Item not found in any reward table: Recipe: Duneguard Back (undefined)
Item not found in any reward table: Recipe: Sunwrought Chest (undefined)
Item not found in any reward table: Recipe: Sunwrought Feet (undefined)
Item not found in any reward table: Recipe: Sunwrought Forearms (undefined)
Item not found in any reward table: Recipe: Sunwrought Hands (undefined)
Item not found in any reward table: Recipe: Sunwrought Head (undefined)
Item not found in any reward table: Recipe: Sunwrought Legs (undefined)
Item not found in any reward table: Recipe: Sunwrought Shoulders (undefined)
Item not found in any reward table: Recipe: Sunwrought Waist (undefined)
Item not found in any reward table: Recipe: Sunwrought Back (undefined)
Item not found in any reward table: Recipe: Djinnblessed Earring (undefined)
Item not found in any reward table: Recipe: Djinnblessed Ring (undefined)
Item not found in any reward table: Recipe: Djinnblessed Necklace (undefined)
Item not found in any reward table: Recipe: Duneburied Earring (undefined)
Item not found in any reward table: Recipe: Duneburied Ring (undefined)
Item not found in any reward table: Recipe: Duneburied Necklace (undefined)
Item not found in any reward table: Recipe: Scorchbound Earring (undefined)
Item not found in any reward table: Recipe: Scorchbound Ring (undefined)
Item not found in any reward table: Recipe: Scorchbound Necklace (undefined)
Item not found in any reward table: Recipe: Sunscorched Earring (undefined)
Item not found in any reward table: Recipe: Sunscorched Ring (undefined)
Item not found in any reward table: Recipe: Sunscorched Necklace (undefined)
Item not found in any reward table: Recipe: Windswept Earring (undefined)
Item not found in any reward table: Recipe: Windswept Rring (undefined)
Item not found in any reward table: Recipe: Windswept Necklace (undefined)
Item not found in any reward table: Recipe: Thornstride 1H Axe (undefined)
Item not found in any reward table: Recipe: ThornstrideMag 1H Axe (undefined)
Item not found in any reward table: Recipe: Thornstride 2H Axe (undefined)
Item not found in any reward table: Recipe: ThornstrideMag 2H Axe (undefined)
Item not found in any reward table: Recipe: Thornstride 2H Mace (undefined)
Item not found in any reward table: Recipe: ThornstrideMag 2H Mace (undefined)
Item not found in any reward table: Recipe: Thornstride 1H Rapier (undefined)
Item not found in any reward table: Recipe: ThornstrideMag 1H Rapier (undefined)
Item not found in any reward table: Recipe: Thornstride 2H Spear (undefined)
Item not found in any reward table: Recipe: ThornstrideMag 2H Spear (undefined)
Item not found in any reward table: Recipe: Glorybound 1H Axe (undefined)
Item not found in any reward table: Recipe: GloryboundMag 1H Axe (undefined)
Item not found in any reward table: Recipe: Glorybound 2H Axe (undefined)
Item not found in any reward table: Recipe: GloryboundMag 2H Axe (undefined)
Item not found in any reward table: Recipe: Glorybound 2H Mace (undefined)
Item not found in any reward table: Recipe: GloryboundMag 2H Mace (undefined)
Item not found in any reward table: Recipe: Glorybound 1H Rapier (undefined)
Item not found in any reward table: Recipe: GloryboundMag 1H Rapier (undefined)
Item not found in any reward table: Recipe: Glorybound 2H Spear (undefined)
Item not found in any reward table: Recipe: GloryboundMag 2H Spear (undefined)
Item not found in any reward table: Recipe: Sunfire 1H Axe (undefined)
Item not found in any reward table: Recipe: SunfireMag 1H Axe (undefined)
Item not found in any reward table: Recipe: Sunfire 2H Axe (undefined)
Item not found in any reward table: Recipe: SunfireMag 2H Axe (undefined)
Item not found in any reward table: Recipe: Iron Spellbook (undefined)
Item not found in any reward table: Recipe: Iron Energy Spellbook (undefined)
Item not found in any reward table: Recipe: Wrought Iron Pigstickers (undefined)
Item not found in any reward table: Recipe: Wrought Iron Bindblade (undefined)
Item not found in any reward table: Recipe: Iron Focus (undefined)
Item not found in any reward table: Recipe: Iron Energy Focus (undefined)
Item not found in any reward table: Recipe: Iron Longbow (undefined)
Item not found in any reward table: Recipe: Iron Long Spellbow (undefined)
Item not found in any reward table: Recipe: Iron Mace (undefined)
Item not found in any reward table: Recipe: Sunfire 2H Mace (undefined)
Item not found in any reward table: Recipe: SunfireMag 2H Mace (undefined)
Item not found in any reward table: Recipe: Sunfire 1H Rapier (undefined)
Item not found in any reward table: Recipe: SunfireMag 1H Rapier (undefined)
Item not found in any reward table: Recipe: Iron Scepter (undefined)
Item not found in any reward table: Recipe: Iron Shield (undefined)
Item not found in any reward table: Recipe: Iron Shortbow (undefined)
Item not found in any reward table: Recipe: Iron Short Spellbow (undefined)
Item not found in any reward table: Recipe: Sunfire 2H Spear (undefined)
Item not found in any reward table: Recipe: SunfireMag 2H Spear (undefined)
Item not found in any reward table: Recipe: Iron Sword (undefined)
Item not found in any reward table: Recipe: Iron Spellsword (undefined)
Item not found in any reward table: Recipe: Iron Greatsword (undefined)
Item not found in any reward table: Recipe: Iron Great Spellsword (undefined)
Item not found in any reward table: Recipe: Iron Wand (undefined)
Item not found in any reward table: Recipe: VerdantOath 1H Axe (undefined)
Item not found in any reward table: Recipe: VerdantOathMag 1H Axe (undefined)
Item not found in any reward table: Recipe: VerdantOath 2H Axe (undefined)
Item not found in any reward table: Recipe: VerdantOathMag 2H Axe (undefined)
Item not found in any reward table: Recipe: VerdantOath 2H Mace (undefined)
Item not found in any reward table: Recipe: VerdantOathMag 2H Mace (undefined)
Item not found in any reward table: Recipe: VerdantOath 1H Rapier (undefined)
Item not found in any reward table: Recipe: VerdantOathMag 1H Rapier (undefined)
Item not found in any reward table: Recipe: Mistwood 1H Axe (undefined)
Item not found in any reward table: Recipe: MistwoodMag 1H Axe (undefined)
Item not found in any reward table: Recipe: Mistwood 2H Axe (undefined)
Item not found in any reward table: Recipe: MistwoodMag 2H Axe (undefined)
Item not found in any reward table: Recipe: Mistwood 2H Book (undefined)
Item not found in any reward table: Recipe: MistwoodPhy 2H Book (undefined)
Item not found in any reward table: Recipe: Mistwood 2H Dagger (undefined)
Item not found in any reward table: Recipe: MistwoodMag 2H Dagger (undefined)
Item not found in any reward table: Recipe: Mistwood OH Focus (undefined)
Item not found in any reward table: Recipe: MistwoodPhy OH Focus (undefined)
Item not found in any reward table: Recipe: Mistwood 2H Longbow (undefined)
Item not found in any reward table: Recipe: MistwoodMag 2H Longbow (undefined)
Item not found in any reward table: Recipe: Mistwood 1H Mace (undefined)
Item not found in any reward table: Recipe: Mistwood 2H Mace (undefined)
Item not found in any reward table: Recipe: MistwoodMag 2H Mace (undefined)
Item not found in any reward table: Recipe: Mistwood 1H Rapier (undefined)
Item not found in any reward table: Recipe: MistwoodMag 1H Rapier (undefined)
Item not found in any reward table: Recipe: Mistwood 1H Scepter (undefined)
Item not found in any reward table: Recipe: Mistwood OH Shield (undefined)
Item not found in any reward table: Recipe: Mistwood 2H Shortbow (undefined)
Item not found in any reward table: Recipe: MistwoodMag 2H Shortbow (undefined)
Item not found in any reward table: Recipe: Mistwood 2H Spear (undefined)
Item not found in any reward table: Recipe: MistwoodMag 2H Spear (undefined)
Item not found in any reward table: Recipe: Mistwood 1H Sword (undefined)
Item not found in any reward table: Recipe: MistwoodMag 1H Sword (undefined)
Item not found in any reward table: Recipe: Mistwood 2H Sword (undefined)
Item not found in any reward table: Recipe: MistwoodMag 2H Sword (undefined)
Item not found in any reward table: Recipe: Mistwood 1H Wand (undefined)
Item not found in any reward table: Recipe: MistwoodPhy 1H Wand (undefined)
Item not found in any reward table: Recipe: Brooksteel 1H Axe (undefined)
Item not found in any reward table: Recipe: BrooksteelMag 1H Axe (undefined)
Item not found in any reward table: Recipe: Brooksteel 2H Axe (undefined)
Item not found in any reward table: Recipe: BrooksteelMag 2H Axe (undefined)
Item not found in any reward table: Recipe: Copper Spellbook (undefined)
Item not found in any reward table: Recipe: Copper Energy Spellbook (undefined)
Item not found in any reward table: Recipe: Copper Daggers (undefined)
Item not found in any reward table: Recipe: Copper Spelldaggers (undefined)
Item not found in any reward table: Recipe: Copper Focus (undefined)
Item not found in any reward table: Recipe: Copper Energy Focus (undefined)
Item not found in any reward table: Recipe: Copper Longbow (undefined)
Item not found in any reward table: Recipe: Copper Long Spellbow (undefined)
Item not found in any reward table: Recipe: Copper Mace (undefined)
Item not found in any reward table: Recipe: Big Copper Mace (undefined)
Item not found in any reward table: Recipe: Big Copper Mace (undefined)
Item not found in any reward table: Recipe: Brooksteel 1H Rapier (undefined)
Item not found in any reward table: Recipe: BrooksteelMag 1H Rapier (undefined)
Item not found in any reward table: Recipe: Copper Scepter (undefined)
Item not found in any reward table: Recipe: Copper Shield (undefined)
Item not found in any reward table: Recipe: Copper Shortbow (undefined)
Item not found in any reward table: Recipe: Copper Short Spellbow (undefined)
Item not found in any reward table: Recipe: Big Copper Spear (undefined)
Item not found in any reward table: Recipe: Big Copper Spear (undefined)
Item not found in any reward table: Recipe: Copper Sword (undefined)
Item not found in any reward table: Recipe: Copper Spellsword (undefined)
Item not found in any reward table: Recipe: Copper Greatsword (undefined)
Item not found in any reward table: Recipe: Copper Great Spellsword (undefined)
Item not found in any reward table: Recipe: Copper Wand (undefined)
Item not found in any reward table: Recipe: Forsaken 1H Axe (undefined)
Item not found in any reward table: Recipe: ForsakenMag 1H Axe (undefined)
Item not found in any reward table: Recipe: Forsaken 2H Axe (undefined)
Item not found in any reward table: Recipe: ForsakenMag 2H Axe (undefined)
Item not found in any reward table: Recipe: Forsaken 2H Mace (undefined)
Item not found in any reward table: Recipe: ForsakenMag 2H Mace (undefined)
Item not found in any reward table: Recipe: Forsaken 1H Rapier (undefined)
Item not found in any reward table: Recipe: ForsakenMag 1H Rapier (undefined)
Item not found in any reward table: Recipe: Silverglade 1H Axe (undefined)
Item not found in any reward table: Recipe: SilvergladeMag 1H Axe (undefined)
Item not found in any reward table: Recipe: Silverglade 2H Axe (undefined)
Item not found in any reward table: Recipe: SilvergladeMag 2H Axe (undefined)
Item not found in any reward table: Recipe: Silverglade 2H Mace (undefined)
Item not found in any reward table: Recipe: SilvergladeMag 2H Mace (undefined)
Item not found in any reward table: Recipe: Silverglade 1H Rapier (undefined)
Item not found in any reward table: Recipe: SilvergladeMag 1H Rapier (undefined)
Item not found in any reward table: Recipe: Silverglade 2H Spear (undefined)
Item not found in any reward table: Recipe: SilvergladeMag 2H Spear (undefined)
Item not found in any reward table: Recipe: Thornbound 1H Axe (undefined)
Item not found in any reward table: Recipe: ThornboundMag 1H Axe (undefined)
Item not found in any reward table: Recipe: Thornbound 2H Axe (undefined)
Item not found in any reward table: Recipe: ThornboundMag 2H Axe (undefined)
Item not found in any reward table: Recipe: Thornbound 2H Mace (undefined)
Item not found in any reward table: Recipe: ThornboundMag 2H Mace (undefined)
Item not found in any reward table: Recipe: Thornbound 1H Rapier (undefined)
Item not found in any reward table: Recipe: ThornboundMag 1H Rapier (undefined)
Item not found in any reward table: Recipe: Thornbound 2H Spear (undefined)
Item not found in any reward table: Recipe: ThornboundMag 2H Spear (undefined)
Item not found in any reward table: Recipe: Hollowshade Chest (undefined)
Item not found in any reward table: Recipe: Hollowshade Feet (undefined)
Item not found in any reward table: Recipe: Hollowshade Forearms (undefined)
Item not found in any reward table: Recipe: Hollowshade Hands (undefined)
Item not found in any reward table: Recipe: Hollowshade Head (undefined)
Item not found in any reward table: Recipe: Hollowshade Legs (undefined)
Item not found in any reward table: Recipe: Hollowshade Shoulders (undefined)
Item not found in any reward table: Recipe: Hollowshade Waist (undefined)
Item not found in any reward table: Recipe: Hollowshade Back (undefined)
Item not found in any reward table: Recipe: VerdantYoke Chest (undefined)
Item not found in any reward table: Recipe: VerdantYoke Feet (undefined)
Item not found in any reward table: Recipe: VerdantYoke Forearms (undefined)
Item not found in any reward table: Recipe: VerdantYoke Hands (undefined)
Item not found in any reward table: Recipe: VerdantYoke Head (undefined)
Item not found in any reward table: Recipe: VerdantYoke Legs (undefined)
Item not found in any reward table: Recipe: VerdantYoke Shoulders (undefined)
Item not found in any reward table: Recipe: VerdantYoke Waist (undefined)
Item not found in any reward table: Recipe: VerdantYoke Back (undefined)
Item not found in any reward table: Recipe: ThornwayAccord Chest (undefined)
Item not found in any reward table: Recipe: ThornwayAccord Feet (undefined)
Item not found in any reward table: Recipe: ThornwayAccord Forearms (undefined)
Item not found in any reward table: Recipe: ThornwayAccord Hands (undefined)
Item not found in any reward table: Recipe: ThornwayAccord Head (undefined)
Item not found in any reward table: Recipe: ThornwayAccord Legs (undefined)
Item not found in any reward table: Recipe: ThornwayAccord Shoulders (undefined)
Item not found in any reward table: Recipe: ThornwayAccord Waist (undefined)
Item not found in any reward table: Recipe: ThornwayAccord Back (undefined)
Item not found in any reward table: Recipe: Windworn Chest (undefined)
Item not found in any reward table: Recipe: Windworn Feet (undefined)
Item not found in any reward table: Recipe: Windworn Forearms (undefined)
Item not found in any reward table: Recipe: Windworn Hands (undefined)
Item not found in any reward table: Recipe: Windworn Head (undefined)
Item not found in any reward table: Recipe: Windworn Legs (undefined)
Item not found in any reward table: Recipe: Windworn Shoulders (undefined)
Item not found in any reward table: Recipe: Windworn Waist (undefined)
Item not found in any reward table: Recipe: Windworn Back (undefined)
Item not found in any reward table: Recipe: Brightgrove Chest (undefined)
Item not found in any reward table: Recipe: Brightgrove Feet (undefined)
Item not found in any reward table: Recipe: Brightgrove Forearms (undefined)
Item not found in any reward table: Recipe: Brightgrove Hands (undefined)
Item not found in any reward table: Recipe: Brightgrove Head (undefined)
Item not found in any reward table: Recipe: Brightgrove Legs (undefined)
Item not found in any reward table: Recipe: Brightgrove Shoulders (undefined)
Item not found in any reward table: Recipe: Brightgrove Waist (undefined)
Item not found in any reward table: Recipe: Brightgrove Back (undefined)
Item not found in any reward table: Recipe: Thistledown Chest (undefined)
Item not found in any reward table: Recipe: Thistledown Feet (undefined)
Item not found in any reward table: Recipe: Thistledown Forearms (undefined)
Item not found in any reward table: Recipe: Thistledown Hands (undefined)
Item not found in any reward table: Recipe: Thistledown Head (undefined)
Item not found in any reward table: Recipe: Thistledown Legs (undefined)
Item not found in any reward table: Recipe: Thistledown Shoulders (undefined)
Item not found in any reward table: Recipe: Thistledown Waist (undefined)
Item not found in any reward table: Recipe: Thistledown Back (undefined)
Item not found in any reward table: Recipe: Spindlehemp Garb (undefined)
Item not found in any reward table: Recipe: Spindlehemp Boots (undefined)
Item not found in any reward table: Recipe: Spindlehemp Pants (undefined)
Item not found in any reward table: Recipe: Thistlemaw Chest (undefined)
Item not found in any reward table: Recipe: Thistlemaw Feet (undefined)
Item not found in any reward table: Recipe: Thistlemaw Forearms (undefined)
Item not found in any reward table: Recipe: Thistlemaw Hands (undefined)
Item not found in any reward table: Recipe: Thistlemaw Head (undefined)
Item not found in any reward table: Recipe: Thistlemaw Legs (undefined)
Item not found in any reward table: Recipe: Thistlemaw Shoulders (undefined)
Item not found in any reward table: Recipe: Thistlemaw Waist (undefined)
Item not found in any reward table: Recipe: Thistlemaw Back (undefined)
Item not found in any reward table: Recipe: Stoneglen Chest (undefined)
Item not found in any reward table: Recipe: Stoneglen Feet (undefined)
Item not found in any reward table: Recipe: Stoneglen Forearms (undefined)
Item not found in any reward table: Recipe: Stoneglen Hands (undefined)
Item not found in any reward table: Recipe: Stoneglen Head (undefined)
Item not found in any reward table: Recipe: Stoneglen Legs (undefined)
Item not found in any reward table: Recipe: Stoneglen Shoulders (undefined)
Item not found in any reward table: Recipe: Stoneglen Waist (undefined)
Item not found in any reward table: Recipe: Stoneglen Back (undefined)
Item not found in any reward table: Recipe: Glenwarden Chest (undefined)
Item not found in any reward table: Recipe: Glenwarden Feet (undefined)
Item not found in any reward table: Recipe: Glenwarden Forearms (undefined)
Item not found in any reward table: Recipe: Glenwarden Hands (undefined)
Item not found in any reward table: Recipe: Glenwarden Head (undefined)
Item not found in any reward table: Recipe: Glenwarden Legs (undefined)
Item not found in any reward table: Recipe: Glenwarden Shoulders (undefined)
Item not found in any reward table: Recipe: Glenwarden Waist (undefined)
Item not found in any reward table: Recipe: Glenwarden Back (undefined)
Item not found in any reward table: Recipe: Iron Hoop Earring (undefined)
Item not found in any reward table: Recipe: Iron Ring (undefined)
Item not found in any reward table: Recipe: Iron Chain Necklace (undefined)
Item not found in any reward table: Recipe: Copper Hoop Earrings (undefined)
Item not found in any reward table: Recipe: Copper Ring (undefined)
Item not found in any reward table: Recipe: Copper Necklace (undefined)
Item not found in any reward table: Recipe: Dreadwake 1H Axe (undefined)
Item not found in any reward table: Recipe: DreadwakeMag 1H Axe (undefined)
Item not found in any reward table: Recipe: Dreadwake 2H Axe (undefined)
Item not found in any reward table: Recipe: DreadwakeMag 2H Axe (undefined)
Item not found in any reward table: Recipe: Dreadwake 2H Book (undefined)
Item not found in any reward table: Recipe: DreadwakePhy 2H Book (undefined)
Item not found in any reward table: Recipe: Dreadwake 2H Dagger (undefined)
Item not found in any reward table: Recipe: DreadwakeMag 2H Dagger (undefined)
Item not found in any reward table: Recipe: Dreadwake OH Focus (undefined)
Item not found in any reward table: Recipe: DreadwakePhy OH Focus (undefined)
Item not found in any reward table: Recipe: Dreadwake 2H Longbow (undefined)
Item not found in any reward table: Recipe: DreadwakeMag 2H Longbow (undefined)
Item not found in any reward table: Recipe: Dreadwake 1H Mace (undefined)
Item not found in any reward table: Recipe: Dreadwake 2H Mace (undefined)
Item not found in any reward table: Recipe: DreadwakeMag 2H Mace (undefined)
Item not found in any reward table: Recipe: Dreadwake 1H Rapier (undefined)
Item not found in any reward table: Recipe: DreadwakeMag 1H Rapier (undefined)
Item not found in any reward table: Recipe: Dreadwake 1H Scepter (undefined)
Item not found in any reward table: Recipe: Dreadwake OH Shield (undefined)
Item not found in any reward table: Recipe: Dreadwake 2H Shortbow (undefined)
Item not found in any reward table: Recipe: DreadwakeMag 2H Shortbow (undefined)
Item not found in any reward table: Recipe: Dreadwake 2H Spear (undefined)
Item not found in any reward table: Recipe: DreadwakeMag 2H Spear (undefined)
Item not found in any reward table: Recipe: Dreadwake 1H Sword (undefined)
Item not found in any reward table: Recipe: DreadwakeMag 1H Sword (undefined)
Item not found in any reward table: Recipe: Dreadwake 2H Sword (undefined)
Item not found in any reward table: Recipe: DreadwakeMag 2H Sword (undefined)
Item not found in any reward table: Recipe: Dreadwake 1H Wand (undefined)
Item not found in any reward table: Recipe: DreadwakePhy 1H Wand (undefined)
Item not found in any reward table: Recipe: Nightreaver 1H Axe (undefined)
Item not found in any reward table: Recipe: NightreaverMag 1H Axe (undefined)
Item not found in any reward table: Recipe: Nightreaver 2H Axe (undefined)
Item not found in any reward table: Recipe: NightreaverMag 2H Axe (undefined)
Item not found in any reward table: Recipe: Nightreaver 2H Book (undefined)
Item not found in any reward table: Recipe: NightreaverPhy 2H Book (undefined)
Item not found in any reward table: Recipe: Nightreaver 2H Dagger (undefined)
Item not found in any reward table: Recipe: NightreaverMag 2H Dagger (undefined)
Item not found in any reward table: Recipe: Nightreaver OH Focus (undefined)
Item not found in any reward table: Recipe: NightreaverPhy OH Focus (undefined)
Item not found in any reward table: Recipe: Nightreaver 2H Longbow (undefined)
Item not found in any reward table: Recipe: NightreaverMag 2H Longbow (undefined)
Item not found in any reward table: Recipe: Nightreaver 1H Mace (undefined)
Item not found in any reward table: Recipe: Nightreaver 2H Mace (undefined)
Item not found in any reward table: Recipe: NightreaverMag 2H Mace (undefined)
Item not found in any reward table: Recipe: Nightreaver 1H Rapier (undefined)
Item not found in any reward table: Recipe: NightreaverMag 1H Rapier (undefined)
Item not found in any reward table: Recipe: Nightreaver 1H Scepter (undefined)
Item not found in any reward table: Recipe: Nightreaver OH Shield (undefined)
Item not found in any reward table: Recipe: Nightreaver 2H Shortbow (undefined)
Item not found in any reward table: Recipe: NightreaverMag 2H Shortbow (undefined)
Item not found in any reward table: Recipe: Nightreaver 2H Spear (undefined)
Item not found in any reward table: Recipe: NightreaverMag 2H Spear (undefined)
Item not found in any reward table: Recipe: Nightreaver 1H Sword (undefined)
Item not found in any reward table: Recipe: NightreaverMag 1H Sword (undefined)
Item not found in any reward table: Recipe: Nightreaver 2H Sword (undefined)
Item not found in any reward table: Recipe: NightreaverMag 2H Sword (undefined)
Item not found in any reward table: Recipe: Nightreaver 1H Wand (undefined)
Item not found in any reward table: Recipe: NightreaverPhy 1H Wand (undefined)
Item not found in any reward table: Recipe: Shadowfang 1H Axe (undefined)
Item not found in any reward table: Recipe: ShadowfangMag 1H Axe (undefined)
Item not found in any reward table: Recipe: Shadowfang 2H Axe (undefined)
Item not found in any reward table: Recipe: ShadowfangMag 2H Axe (undefined)
Item not found in any reward table: Recipe: Shadowfang 2H Book (undefined)
Item not found in any reward table: Recipe: ShadowfangPhy 2H Book (undefined)
Item not found in any reward table: Recipe: Shadowfang 2H Dagger (undefined)
Item not found in any reward table: Recipe: ShadowfangMag 2H Dagger (undefined)
Item not found in any reward table: Recipe: Shadowfang OH Focus (undefined)
Item not found in any reward table: Recipe: ShadowfangPhy OH Focus (undefined)
Item not found in any reward table: Recipe: Shadowfang 2H Longbow (undefined)
Item not found in any reward table: Recipe: ShadowfangMag 2H Longbow (undefined)
Item not found in any reward table: Recipe: Shadowfang 1H Mace (undefined)
Item not found in any reward table: Recipe: Shadowfang 2H Mace (undefined)
Item not found in any reward table: Recipe: ShadowfangMag 2H Mace (undefined)
Item not found in any reward table: Recipe: Shadowfang 1H Rapier (undefined)
Item not found in any reward table: Recipe: ShadowfangMag 1H Rapier (undefined)
Item not found in any reward table: Recipe: Shadowfang 1H Scepter (undefined)
Item not found in any reward table: Recipe: Shadowfang OH Shield (undefined)
Item not found in any reward table: Recipe: Shadowfang 2H Shortbow (undefined)
Item not found in any reward table: Recipe: ShadowfangMag 2H Shortbow (undefined)
Item not found in any reward table: Recipe: Shadowfang 2H Spear (undefined)
Item not found in any reward table: Recipe: ShadowfangMag 2H Spear (undefined)
Item not found in any reward table: Recipe: Shadowfang 1H Sword (undefined)
Item not found in any reward table: Recipe: ShadowfangMag 1H Sword (undefined)
Item not found in any reward table: Recipe: ShadowfangMag 2H Sword (undefined)
Item not found in any reward table: Recipe: Shadowfang 1H Wand (undefined)
Item not found in any reward table: Recipe: ShadowfangPhy 1H Wand (undefined)
Item not found in any reward table: Recipe: Duskhunter Chest (undefined)
Item not found in any reward table: Recipe: Duskhunter Feet (undefined)
Item not found in any reward table: Recipe: Duskhunter Forearms (undefined)
Item not found in any reward table: Recipe: Duskhunter Hands (undefined)
Item not found in any reward table: Recipe: Duskhunter Head (undefined)
Item not found in any reward table: Recipe: Duskhunter Legs (undefined)
Item not found in any reward table: Recipe: Duskhunter Shoulders (undefined)
Item not found in any reward table: Recipe: Duskhunter Waist (undefined)
Item not found in any reward table: Recipe: Duskhunter Back (undefined)
Item not found in any reward table: Recipe: Gloomraider Chest (undefined)
Item not found in any reward table: Recipe: Gloomraider Feet (undefined)
Item not found in any reward table: Recipe: Gloomraider Forearms (undefined)
Item not found in any reward table: Recipe: Gloomraider Hands (undefined)
Item not found in any reward table: Recipe: Gloomraider Head (undefined)
Item not found in any reward table: Recipe: Gloomraider Legs (undefined)
Item not found in any reward table: Recipe: Gloomraider Shoulders (undefined)
Item not found in any reward table: Recipe: Gloomraider Waist (undefined)
Item not found in any reward table: Recipe: Gloomraider Back (undefined)
Item not found in any reward table: Recipe: Veilrender Chest (undefined)
Item not found in any reward table: Recipe: Veilrender Feet (undefined)
Item not found in any reward table: Recipe: Veilrender Forearms (undefined)
Item not found in any reward table: Recipe: Veilrender Hands (undefined)
Item not found in any reward table: Recipe: Veilrender Head (undefined)
Item not found in any reward table: Recipe: Veilrender Legs (undefined)
Item not found in any reward table: Recipe: Veilrender Shoulders (undefined)
Item not found in any reward table: Recipe: Veilrender Waist (undefined)
Item not found in any reward table: Recipe: Veilrender Back (undefined)
Item not found in any reward table: Recipe: Nightwhisper Chest (undefined)
Item not found in any reward table: Recipe: Nightwhisper Feet (undefined)
Item not found in any reward table: Recipe: Nightwhisper Forearms (undefined)
Item not found in any reward table: Recipe: Nightwhisper Hands (undefined)
Item not found in any reward table: Recipe: Nightwhisper Head (undefined)
Item not found in any reward table: Recipe: Nightwhisper Legs (undefined)
Item not found in any reward table: Recipe: Nightwhisper Shoulders (undefined)
Item not found in any reward table: Recipe: Nightwhisper Waist (undefined)
Item not found in any reward table: Recipe: Nightwhisper Back (undefined)
Item not found in any reward table: Recipe: Wraithskin Chest (undefined)
Item not found in any reward table: Recipe: Wraithskin Feet (undefined)
Item not found in any reward table: Recipe: Wraithskin Forearms (undefined)
Item not found in any reward table: Recipe: Wraithskin Hands (undefined)
Item not found in any reward table: Recipe: Wraithskin Head (undefined)
Item not found in any reward table: Recipe: Wraithskin Legs (undefined)
Item not found in any reward table: Recipe: Wraithskin Shoulders (undefined)
Item not found in any reward table: Recipe: Wraithskin Waist (undefined)
Item not found in any reward table: Recipe: Wraithskin Back (undefined)
Item not found in any reward table: Recipe: Shadeweft Chest (undefined)
Item not found in any reward table: Recipe: Shadeweft Feet (undefined)
Item not found in any reward table: Recipe: Shadeweft Forearms (undefined)
Item not found in any reward table: Recipe: Shadeweft Hands (undefined)
Item not found in any reward table: Recipe: Shadeweft Head (undefined)
Item not found in any reward table: Recipe: Shadeweft Legs (undefined)
Item not found in any reward table: Recipe: Shadeweft Shoulders (undefined)
Item not found in any reward table: Recipe: Shadeweft Waist (undefined)
Item not found in any reward table: Recipe: Shadeweft Back (undefined)
Item not found in any reward table: Recipe: Tombplate Chest (undefined)
Item not found in any reward table: Recipe: Tombplate Feet (undefined)
Item not found in any reward table: Recipe: Tombplate Forearms (undefined)
Item not found in any reward table: Recipe: Tombplate Hands (undefined)
Item not found in any reward table: Recipe: Tombplate Head (undefined)
Item not found in any reward table: Recipe: Tombplate Legs (undefined)
Item not found in any reward table: Recipe: Tombplate Shoulders (undefined)
Item not found in any reward table: Recipe: Tombplate Waist (undefined)
Item not found in any reward table: Recipe: Tombplate Back (undefined)
Item not found in any reward table: Recipe: Cryptward Chest (undefined)
Item not found in any reward table: Recipe: Cryptward Feet (undefined)
Item not found in any reward table: Recipe: Cryptward Forearms (undefined)
Item not found in any reward table: Recipe: Cryptward Hands (undefined)
Item not found in any reward table: Recipe: Cryptward Head (undefined)
Item not found in any reward table: Recipe: Cryptward Legs (undefined)
Item not found in any reward table: Recipe: Cryptward Shoulders (undefined)
Item not found in any reward table: Recipe: Cryptward Waist (undefined)
Item not found in any reward table: Recipe: Cryptward Back (undefined)
Item not found in any reward table: Recipe: Graveplate Chest (undefined)
Item not found in any reward table: Recipe: Graveplate Feet (undefined)
Item not found in any reward table: Recipe: Graveplate Forearms (undefined)
Item not found in any reward table: Recipe: Graveplate Hands (undefined)
Item not found in any reward table: Recipe: Graveplate Head (undefined)
Item not found in any reward table: Recipe: Graveplate Legs (undefined)
Item not found in any reward table: Recipe: Graveplate Shoulders (undefined)
Item not found in any reward table: Recipe: Graveplate Waist (undefined)
Item not found in any reward table: Recipe: Graveplate Back (undefined)
Item not found in any reward table: Recipe: Shadebound Earring (undefined)
Item not found in any reward table: Recipe: Shadebound Ring (undefined)
Item not found in any reward table: Recipe: Shadebound Necklace (undefined)
Item not found in any reward table: Recipe: Hollowbound Earring (undefined)
Item not found in any reward table: Recipe: Hollowbound Ring (undefined)
Item not found in any reward table: Recipe: Hollowbound Necklace (undefined)
Item not found in any reward table: Recipe: Veilpierced Earring (undefined)
Item not found in any reward table: Recipe: Veilpierced Ring (undefined)
Item not found in any reward table: Recipe: Veilpierced Necklace (undefined)
Item not found in any reward table: Recipe: Deepweld 1H Axe (undefined)
Item not found in any reward table: Recipe: DeepweldMag 1H Axe (undefined)
Item not found in any reward table: Recipe: Deepweld 2H Axe (undefined)
Item not found in any reward table: Recipe: DeepweldMag 2H Axe (undefined)
Item not found in any reward table: Recipe: Deepweld 2H Book (undefined)
Item not found in any reward table: Recipe: DeepweldPhy 2H Book (undefined)
Item not found in any reward table: Recipe: Deepweld 2H Dagger (undefined)
Item not found in any reward table: Recipe: DeepweldMag 2H Dagger (undefined)
Item not found in any reward table: Recipe: Deepweld OH Focus (undefined)
Item not found in any reward table: Recipe: DeepweldPhy OH Focus (undefined)
Item not found in any reward table: Recipe: Deepweld 2H Longbow (undefined)
Item not found in any reward table: Recipe: DeepweldMag 2H Longbow (undefined)
Item not found in any reward table: Recipe: Deepweld 1H Mace (undefined)
Item not found in any reward table: Recipe: Deepweld 2H Mace (undefined)
Item not found in any reward table: Recipe: DeepweldMag 2H Mace (undefined)
Item not found in any reward table: Recipe: Deepweld 1H Rapier (undefined)
Item not found in any reward table: Recipe: DeepweldMag 1H Rapier (undefined)
Item not found in any reward table: Recipe: Deepweld 1H Scepter (undefined)
Item not found in any reward table: Recipe: Deepweld OH Shield (undefined)
Item not found in any reward table: Recipe: Deepweld 2H Shortbow (undefined)
Item not found in any reward table: Recipe: DeepweldMag 2H Shortbow (undefined)
Item not found in any reward table: Recipe: Deepweld 2H Spear (undefined)
Item not found in any reward table: Recipe: DeepweldMag 2H Spear (undefined)
Item not found in any reward table: Recipe: Deepweld 1H Sword (undefined)
Item not found in any reward table: Recipe: DeepweldMag 1H Sword (undefined)
Item not found in any reward table: Recipe: Deepweld 2H Sword (undefined)
Item not found in any reward table: Recipe: DeepweldMag 2H Sword (undefined)
Item not found in any reward table: Recipe: Deepweld 1H Wand (undefined)
Item not found in any reward table: Recipe: DeepweldPhy 1H Wand (undefined)
Item not found in any reward table: Recipe: Pyrebrand 1H Axe (undefined)
Item not found in any reward table: Recipe: PyrebrandMag 1H Axe (undefined)
Item not found in any reward table: Recipe: Pyrebrand 2H Axe (undefined)
Item not found in any reward table: Recipe: PyrebrandMag 2H Axe (undefined)
Item not found in any reward table: Recipe: Pyrebrand 2H Book (undefined)
Item not found in any reward table: Recipe: PyrebrandPhy 2H Book (undefined)
Item not found in any reward table: Recipe: Pyrebrand 2H Dagger (undefined)
Item not found in any reward table: Recipe: PyrebrandMag 2H Dagger (undefined)
Item not found in any reward table: Recipe: Pyrebrand OH Focus (undefined)
Item not found in any reward table: Recipe: PyrebrandPhy OH Focus (undefined)
Item not found in any reward table: Recipe: Pyrebrand 2H Longbow (undefined)
Item not found in any reward table: Recipe: PyrebrandMag 2H Longbow (undefined)
Item not found in any reward table: Recipe: Pyrebrand 1H Mace (undefined)
Item not found in any reward table: Recipe: Pyrebrand 2H Mace (undefined)
Item not found in any reward table: Recipe: PyrebrandMag 2H Mace (undefined)
Item not found in any reward table: Recipe: Pyrebrand 1H Rapier (undefined)
Item not found in any reward table: Recipe: PyrebrandMag 1H Rapier (undefined)
Item not found in any reward table: Recipe: Pyrebrand 1H Scepter (undefined)
Item not found in any reward table: Recipe: Pyrebrand OH Shield (undefined)
Item not found in any reward table: Recipe: Pyrebrand 2H Shortbow (undefined)
Item not found in any reward table: Recipe: PyrebrandMag 2H Shortbow (undefined)
Item not found in any reward table: Recipe: Pyrebrand 2H Spear (undefined)
Item not found in any reward table: Recipe: PyrebrandMag 2H Spear (undefined)
Item not found in any reward table: Recipe: Pyrebrand 1H Sword (undefined)
Item not found in any reward table: Recipe: PyrebrandMag 2H Sword (undefined)
Item not found in any reward table: Recipe: Pyrebrand 2H Sword (undefined)
Item not found in any reward table: Recipe: Pyrebrand 1H Wand (undefined)
Item not found in any reward table: Recipe: PyrebrandPhy 1H Wand (undefined)
Item not found in any reward table: Recipe: Flameheart 1H Axe (undefined)
Item not found in any reward table: Recipe: FlameheartMag 1H Axe (undefined)
Item not found in any reward table: Recipe: Flameheart 2H Axe (undefined)
Item not found in any reward table: Recipe: FlameheartMag 2H Axe (undefined)
Item not found in any reward table: Recipe: Flameheart 2H Book (undefined)
Item not found in any reward table: Recipe: FlameheartPhy 2H Book (undefined)
Item not found in any reward table: Recipe: FlameheartMag 2H Dagger (undefined)
Item not found in any reward table: Recipe: Flameheart OH Focus (undefined)
Item not found in any reward table: Recipe: FlameheartPhy OH Focus (undefined)
Item not found in any reward table: Recipe: Flameheart 2H Longbow (undefined)
Item not found in any reward table: Recipe: FlameheartMag 2H Longbow (undefined)
Item not found in any reward table: Recipe: Flameheart 1H Mace (undefined)
Item not found in any reward table: Recipe: Flameheart 2H Mace (undefined)
Item not found in any reward table: Recipe: FlameheartMag 2H Mace (undefined)
Item not found in any reward table: Recipe: Flameheart 1H Rapier (undefined)
Item not found in any reward table: Recipe: FlameheartMag 1H Rapier (undefined)
Item not found in any reward table: Recipe: Flameheart 1H Scepter (undefined)
Item not found in any reward table: Recipe: Flameheart OH Shield (undefined)
Item not found in any reward table: Recipe: Flameheart 2H Shortbow (undefined)
Item not found in any reward table: Recipe: FlameheartMag 2H Shortbow (undefined)
Item not found in any reward table: Recipe: Flameheart 2H Spear (undefined)
Item not found in any reward table: Recipe: FlameheartMag 2H Spear (undefined)
Item not found in any reward table: Recipe: Flameheart 1H Sword (undefined)
Item not found in any reward table: Recipe: FlameheartMag 1H Sword (undefined)
Item not found in any reward table: Recipe: Flameheart 2H Sword (undefined)
Item not found in any reward table: Recipe: FlameheartMag 2H Sword (undefined)
Item not found in any reward table: Recipe: Flameheart 1H Wand (undefined)
Item not found in any reward table: Recipe: FlameheartPhy 1H Wand (undefined)
Item not found in any reward table: Recipe: Runeweld 1H Axe (undefined)
Item not found in any reward table: Recipe: RuneweldMag 1H Axe (undefined)
Item not found in any reward table: Recipe: Runeweld 2H Axe (undefined)
Item not found in any reward table: Recipe: RuneweldMag 2H Axe (undefined)
Item not found in any reward table: Recipe: Runeweld 2H Book (undefined)
Item not found in any reward table: Recipe: RuneweldPhy 2H Book (undefined)
Item not found in any reward table: Recipe: Runeweld 2H Dagger (undefined)
Item not found in any reward table: Recipe: RuneweldMag 2H Dagger (undefined)
Item not found in any reward table: Recipe: Runeweld OH Focus (undefined)
Item not found in any reward table: Recipe: RuneweldPhy OH Focus (undefined)
Item not found in any reward table: Recipe: Runeweld 2H Longbow (undefined)
Item not found in any reward table: Recipe: RuneweldMag 2H Longbow (undefined)
Item not found in any reward table: Recipe: Runeweld 1H Mace (undefined)
Item not found in any reward table: Recipe: Runeweld 2H Mace (undefined)
Item not found in any reward table: Recipe: RuneweldMag 2H Mace (undefined)
Item not found in any reward table: Recipe: Runeweld 1H Rapier (undefined)
Item not found in any reward table: Recipe: RuneweldMag 1H Rapier (undefined)
Item not found in any reward table: Recipe: Runeweld 1H Scepter (undefined)
Item not found in any reward table: Recipe: Runeweld OH Shield (undefined)
Item not found in any reward table: Recipe: Runeweld 2H Shortbow (undefined)
Item not found in any reward table: Recipe: RuneweldMag 2H Shortbow (undefined)
Item not found in any reward table: Recipe: Runeweld 2H Spear (undefined)
Item not found in any reward table: Recipe: RuneweldMag 2H Spear (undefined)
Item not found in any reward table: Recipe: Runeweld 1H Sword (undefined)
Item not found in any reward table: Recipe: RuneweldMag 1H Sword (undefined)
Item not found in any reward table: Recipe: Runeweld 2H Sword (undefined)
Item not found in any reward table: Recipe: RuneweldMag 2H Sword (undefined)
Item not found in any reward table: Recipe: Runeweld 1H Wand (undefined)
Item not found in any reward table: Recipe: RuneweldPhy 1H Wand (undefined)
Item not found in any reward table: Recipe: Stoneforge 1H Axe (undefined)
Item not found in any reward table: Recipe: StoneforgeMag 1H Axe (undefined)
Item not found in any reward table: Recipe: Stoneforge 2H Axe (undefined)
Item not found in any reward table: Recipe: StoneforgeMag 2H Axe (undefined)
Item not found in any reward table: Recipe: Stoneforge 2H Book (undefined)
Item not found in any reward table: Recipe: StoneforgePhy 2H Book (undefined)
Item not found in any reward table: Recipe: Stoneforge 2H Dagger (undefined)
Item not found in any reward table: Recipe: StoneforgeMag 2H Dagger (undefined)
Item not found in any reward table: Recipe: Stoneforge OH Focus (undefined)
Item not found in any reward table: Recipe: StoneforgePhy OH Focus (undefined)
Item not found in any reward table: Recipe: Stoneforge 2H Longbow (undefined)
Item not found in any reward table: Recipe: StoneforgeMag 2H Longbow (undefined)
Item not found in any reward table: Recipe: Stoneforge 1H Mace (undefined)
Item not found in any reward table: Recipe: Stoneforge 2H Mace (undefined)
Item not found in any reward table: Recipe: StoneforgeMag 2H Mace (undefined)
Item not found in any reward table: Recipe: Stoneforge 1H Rapier (undefined)
Item not found in any reward table: Recipe: StoneforgeMag 1H Rapier (undefined)
Item not found in any reward table: Recipe: Stoneforge 1H Scepter (undefined)
Item not found in any reward table: Recipe: Stoneforge OH Shield (undefined)
Item not found in any reward table: Recipe: Stoneforge 2H Shortbow (undefined)
Item not found in any reward table: Recipe: StoneforgeMag 2H Shortbow (undefined)
Item not found in any reward table: Recipe: Stoneforge 2H Spear (undefined)
Item not found in any reward table: Recipe: StoneforgeMag 2H Spear (undefined)
Item not found in any reward table: Recipe: Stoneforge 1H Sword (undefined)
Item not found in any reward table: Recipe: StoneforgeMag 1H Sword (undefined)
Item not found in any reward table: Recipe: Stoneforge 2H Sword (undefined)
Item not found in any reward table: Recipe: StoneforgeMag 2H Sword (undefined)
Item not found in any reward table: Recipe: Stoneforge 1H Wand (undefined)
Item not found in any reward table: Recipe: StoneforgePhy 1H Wand (undefined)
Item not found in any reward table: Recipe: Ironhearth 1H Axe (undefined)
Item not found in any reward table: Recipe: IronhearthMag 1H Axe (undefined)
Item not found in any reward table: Recipe: Ironhearth 2H Axe (undefined)
Item not found in any reward table: Recipe: IronhearthMag 2H Axe (undefined)
Item not found in any reward table: Recipe: Ironhearth 2H Book (undefined)
Item not found in any reward table: Recipe: IronhearthPhy 2H Book (undefined)
Item not found in any reward table: Recipe: Ironhearth 2H Dagger (undefined)
Item not found in any reward table: Recipe: IronhearthMag 2H Dagger (undefined)
Item not found in any reward table: Recipe: Ironhearth OH Focus (undefined)
Item not found in any reward table: Recipe: IronhearthPhy OH Focus (undefined)
Item not found in any reward table: Recipe: Ironhearth 2H Longbow (undefined)
Item not found in any reward table: Recipe: IronhearthMag 2H Longbow (undefined)
Item not found in any reward table: Recipe: Ironhearth 1H Mace (undefined)
Item not found in any reward table: Recipe: Ironhearth 2H Mace (undefined)
Item not found in any reward table: Recipe: IronhearthMag 2H Mace (undefined)
Item not found in any reward table: Recipe: Ironhearth 1H Rapier (undefined)
Item not found in any reward table: Recipe: IronhearthMag 1H Rapier (undefined)
Item not found in any reward table: Recipe: Ironhearth 1H Scepter (undefined)
Item not found in any reward table: Recipe: Ironhearth OH Shield (undefined)
Item not found in any reward table: Recipe: Ironhearth 2H Shortbow (undefined)
Item not found in any reward table: Recipe: IronhearthMag 2H Shortbow (undefined)
Item not found in any reward table: Recipe: Ironhearth 2H Spear (undefined)
Item not found in any reward table: Recipe: IronhearthMag 2H Spear (undefined)
Item not found in any reward table: Recipe: Ironhearth 1H Sword (undefined)
Item not found in any reward table: Recipe: IronhearthMag 1H Sword (undefined)
Item not found in any reward table: Recipe: Ironhearth 2H Sword (undefined)
Item not found in any reward table: Recipe: IronhearthMag 2H Sword (undefined)
Item not found in any reward table: Recipe: Ironhearth 1H Wand (undefined)
Item not found in any reward table: Recipe: IronhearthPhy 1H Wand (undefined)
Item not found in any reward table: Recipe: Volcrist 1H Axe (undefined)
Item not found in any reward table: Recipe: VolcristMag 1H Axe (undefined)
Item not found in any reward table: Recipe: Volcrist 2H Axe (undefined)
Item not found in any reward table: Recipe: VolcristMag 2H Axe (undefined)
Item not found in any reward table: Recipe: Volcrist 2H Book (undefined)
Item not found in any reward table: Recipe: VolcristPhy 2H Book (undefined)
Item not found in any reward table: Recipe: Volcrist 2H Dagger (undefined)
Item not found in any reward table: Recipe: VolcristMag 2H Dagger (undefined)
Item not found in any reward table: Recipe: Volcrist OH Focus (undefined)
Item not found in any reward table: Recipe: VolcristPhy OH Focus (undefined)
Item not found in any reward table: Recipe: Volcrist 2H Longbow (undefined)
Item not found in any reward table: Recipe: VolcristMag 2H Longbow (undefined)
Item not found in any reward table: Recipe: Volcrist 1H Mace (undefined)
Item not found in any reward table: Recipe: Volcrist 2H Mace (undefined)
Item not found in any reward table: Recipe: VolcristMag 2H Mace (undefined)
Item not found in any reward table: Recipe: Volcrist 1H Rapier (undefined)
Item not found in any reward table: Recipe: VolcristMag 1H Rapier (undefined)
Item not found in any reward table: Recipe: Volcrist 1H Scepter (undefined)
Item not found in any reward table: Recipe: Volcrist 2H Shortbow (undefined)
Item not found in any reward table: Recipe: VolcristMag 2H Shortbow (undefined)
Item not found in any reward table: Recipe: Volcrist 2H Spear (undefined)
Item not found in any reward table: Recipe: VolcristMag 2H Spear (undefined)
Item not found in any reward table: Recipe: Volcrist 1H Sword (undefined)
Item not found in any reward table: Recipe: VolcristMag 1H Sword (undefined)
Item not found in any reward table: Recipe: Volcrist 2H Sword (undefined)
Item not found in any reward table: Recipe: VolcristMag 2H Sword (undefined)
Item not found in any reward table: Recipe: Volcrist 1H Wand (undefined)
Item not found in any reward table: Recipe: VolcristPhy 1H Wand (undefined)
Item not found in any reward table: Recipe: Moltenbrand 1H Axe (undefined)
Item not found in any reward table: Recipe: MoltenbrandMag 1H Axe (undefined)
Item not found in any reward table: Recipe: Moltenbrand 2H Axe (undefined)
Item not found in any reward table: Recipe: MoltenbrandMag 2H Axe (undefined)
Item not found in any reward table: Recipe: Moltenbrand 2H Book (undefined)
Item not found in any reward table: Recipe: MoltenbrandPhy 2H Book (undefined)
Item not found in any reward table: Recipe: Moltenbrand 2H Dagger (undefined)
Item not found in any reward table: Recipe: MoltenbrandMag 2H Dagger (undefined)
Item not found in any reward table: Recipe: Moltenbrand OH Focus (undefined)
Item not found in any reward table: Recipe: MoltenbrandPhy OH Focus (undefined)
Item not found in any reward table: Recipe: Moltenbrand 2H Longbow (undefined)
Item not found in any reward table: Recipe: MoltenbrandMag 2H Longbow (undefined)
Item not found in any reward table: Recipe: Moltenbrand 1H Mace (undefined)
Item not found in any reward table: Recipe: Moltenbrand 2H Mace (undefined)
Item not found in any reward table: Recipe: MoltenbrandMag 2H Mace (undefined)
Item not found in any reward table: Recipe: Moltenbrand 1H Rapier (undefined)
Item not found in any reward table: Recipe: MoltenbrandMag 1H Rapier (undefined)
Item not found in any reward table: Recipe: Moltenbrand 1H Scepter (undefined)
Item not found in any reward table: Recipe: Moltenbrand OH Shield (undefined)
Item not found in any reward table: Recipe: Moltenbrand 2H Shortbow (undefined)
Item not found in any reward table: Recipe: MoltenbrandMag 2H Shortbow (undefined)
Item not found in any reward table: Recipe: Moltenbrand 2H Spear (undefined)
Item not found in any reward table: Recipe: MoltenbrandMag 2H Spear (undefined)
Item not found in any reward table: Recipe: Moltenbrand 1H Sword (undefined)
Item not found in any reward table: Recipe: MoltenbrandMag 1H Sword (undefined)
Item not found in any reward table: Recipe: Moltenbrand 2H Sword (undefined)
Item not found in any reward table: Recipe: MoltenbrandMag 2H Sword (undefined)
Item not found in any reward table: Recipe: Moltenbrand 1H Wand (undefined)
Item not found in any reward table: Recipe: MoltenbrandPhy 1H Wand (undefined)
Item not found in any reward table: Recipe: Ashbrand 1H Axe (undefined)
Item not found in any reward table: Recipe: AshbrandMag 1H Axe (undefined)
Item not found in any reward table: Recipe: Ashbrand 2H Axe (undefined)
Item not found in any reward table: Recipe: AshbrandMag 2H Axe (undefined)
Item not found in any reward table: Recipe: Tin Spellbook (undefined)
Item not found in any reward table: Recipe: Tin Energy Spellbook (undefined)
Item not found in any reward table: Recipe: Tin Defenders' Blades (undefined)
Item not found in any reward table: Recipe: Tin Churchknives (undefined)
Item not found in any reward table: Recipe: Tin Focus (undefined)
Item not found in any reward table: Recipe: Tin Longbow (undefined)
Item not found in any reward table: Recipe: Tin Long Spellbow (undefined)
Item not found in any reward table: Recipe: Tin Mace (undefined)
Item not found in any reward table: Recipe: Ashbrand 2H Mace (undefined)
Item not found in any reward table: Recipe: AshbrandMag 2H Mace (undefined)
Item not found in any reward table: Recipe: Ashbrand 1H Rapier (undefined)
Item not found in any reward table: Recipe: AshbrandMag 1H Rapier (undefined)
Item not found in any reward table: Recipe: Tin Scepter (undefined)
Item not found in any reward table: Recipe: Tin Shield (undefined)
Item not found in any reward table: Recipe: Tin Shortbow (undefined)
Item not found in any reward table: Recipe: Tin Short Spellbow (undefined)
Item not found in any reward table: Recipe: Ashbrand 2H Spear (undefined)
Item not found in any reward table: Recipe: AshbrandMag 2H Spear (undefined)
Item not found in any reward table: Recipe: Tin Sword (undefined)
Item not found in any reward table: Recipe: Tin Spellsword (undefined)
Item not found in any reward table: Recipe: Tin Greatsword (undefined)
Item not found in any reward table: Recipe: Tin Great Spellsword (undefined)
Item not found in any reward table: Recipe: Tin Wand (undefined)
Item not found in any reward table: Recipe: Coalhewn Chest (undefined)
Item not found in any reward table: Recipe: Coalhewn Feet (undefined)
Item not found in any reward table: Recipe: Coalhewn Forearms (undefined)
Item not found in any reward table: Recipe: Coalhewn Hands (undefined)
Item not found in any reward table: Recipe: Coalhewn Head (undefined)
Item not found in any reward table: Recipe: Coalhewn Legs (undefined)
Item not found in any reward table: Recipe: Coalhewn Shoulders (undefined)
Item not found in any reward table: Recipe: Coalhewn Waist (undefined)
Item not found in any reward table: Recipe: Coalhewn Back (undefined)
Item not found in any reward table: Recipe: Slagwalker Chest (undefined)
Item not found in any reward table: Recipe: Slagwalker Feet (undefined)
Item not found in any reward table: Recipe: Slagwalker Forearms (undefined)
Item not found in any reward table: Recipe: Slagwalker Hands (undefined)
Item not found in any reward table: Recipe: Slagwalker Head (undefined)
Item not found in any reward table: Recipe: Slagwalker Legs (undefined)
Item not found in any reward table: Recipe: Slagwalker Shoulders (undefined)
Item not found in any reward table: Recipe: Slagwalker Waist (undefined)
Item not found in any reward table: Recipe: Slagwalker Back (undefined)
Item not found in any reward table: Recipe: Cindermarch Chest (undefined)
Item not found in any reward table: Recipe: Cindermarch Feet (undefined)
Item not found in any reward table: Recipe: Cindermarch Forearms (undefined)
Item not found in any reward table: Recipe: Cindermarch Hands (undefined)
Item not found in any reward table: Recipe: Cindermarch Head (undefined)
Item not found in any reward table: Recipe: Cindermarch Legs (undefined)
Item not found in any reward table: Recipe: Cindermarch Shoulders (undefined)
Item not found in any reward table: Recipe: Cindermarch Waist (undefined)
Item not found in any reward table: Recipe: Cindermarch Back (undefined)
Item not found in any reward table: Recipe: Hallowmark Chest (undefined)
Item not found in any reward table: Recipe: Hallowmark Feet (undefined)
Item not found in any reward table: Recipe: Hallowmark Forearms (undefined)
Item not found in any reward table: Recipe: Hallowmark Hands (undefined)
Item not found in any reward table: Recipe: Hallowmark Head (undefined)
Item not found in any reward table: Recipe: Hallowmark Legs (undefined)
Item not found in any reward table: Recipe: Hallowmark Shoulders (undefined)
Item not found in any reward table: Recipe: Hallowmark Waist (undefined)
Item not found in any reward table: Recipe: Hallowmark Back (undefined)
Item not found in any reward table: Recipe: Oathdelve Chest (undefined)
Item not found in any reward table: Recipe: Oathdelve Feet (undefined)
Item not found in any reward table: Recipe: Oathdelve Forearms (undefined)
Item not found in any reward table: Recipe: Oathdelve Hands (undefined)
Item not found in any reward table: Recipe: Oathdelve Head (undefined)
Item not found in any reward table: Recipe: Oathdelve Legs (undefined)
Item not found in any reward table: Recipe: Oathdelve Shoulders (undefined)
Item not found in any reward table: Recipe: Oathdelve Waist (undefined)
Item not found in any reward table: Recipe: Oathdelve Back (undefined)
Item not found in any reward table: Recipe: Stonechant Chest (undefined)
Item not found in any reward table: Recipe: Stonechant Feet (undefined)
Item not found in any reward table: Recipe: Stonechant Forearms (undefined)
Item not found in any reward table: Recipe: Stonechant Hands (undefined)
Item not found in any reward table: Recipe: Stonechant Head (undefined)
Item not found in any reward table: Recipe: Stonechant Legs (undefined)
Item not found in any reward table: Recipe: Stonechant Shoulders (undefined)
Item not found in any reward table: Recipe: Stonechant Waist (undefined)
Item not found in any reward table: Recipe: Stonechant Back (undefined)
Item not found in any reward table: Recipe: Coalspire Chest (undefined)
Item not found in any reward table: Recipe: Coalspire Feet (undefined)
Item not found in any reward table: Recipe: Coalspire Forearms (undefined)
Item not found in any reward table: Recipe: Coalspire Hands (undefined)
Item not found in any reward table: Recipe: Coalspire Head (undefined)
Item not found in any reward table: Recipe: Coalspire Legs (undefined)
Item not found in any reward table: Recipe: Coalspire Shoulders (undefined)
Item not found in any reward table: Recipe: Coalspire Waist (undefined)
Item not found in any reward table: Recipe: Coalspire Back (undefined)
Item not found in any reward table: Recipe: Ashmantle Chest (undefined)
Item not found in any reward table: Recipe: Ashmantle Feet (undefined)
Item not found in any reward table: Recipe: Ashmantle Forearms (undefined)
Item not found in any reward table: Recipe: Ashmantle Hands (undefined)
Item not found in any reward table: Recipe: Ashmantle Head (undefined)
Item not found in any reward table: Recipe: Ashmantle Legs (undefined)
Item not found in any reward table: Recipe: Ashmantle Shoulders (undefined)
Item not found in any reward table: Recipe: Ashmantle Waist (undefined)
Item not found in any reward table: Recipe: Ashmantle Back (undefined)
Item not found in any reward table: Recipe: SuncleftChoir Chest (undefined)
Item not found in any reward table: Recipe: SuncleftChoir Feet (undefined)
Item not found in any reward table: Recipe: SuncleftChoir Forearms (undefined)
Item not found in any reward table: Recipe: SuncleftChoir Hands (undefined)
Item not found in any reward table: Recipe: SuncleftChoir Head (undefined)
Item not found in any reward table: Recipe: SuncleftChoir Legs (undefined)
Item not found in any reward table: Recipe: SuncleftChoir Shoulders (undefined)
Item not found in any reward table: Recipe: SuncleftChoir Waist (undefined)
Item not found in any reward table: Recipe: SuncleftChoir Back (undefined)
Item not found in any reward table: Recipe: Ashveil Chest (undefined)
Item not found in any reward table: Recipe: Ashveil Feet (undefined)
Item not found in any reward table: Recipe: Ashveil Forearms (undefined)
Item not found in any reward table: Recipe: Ashveil Hands (undefined)
Item not found in any reward table: Recipe: Ashveil Head (undefined)
Item not found in any reward table: Recipe: Ashveil Legs (undefined)
Item not found in any reward table: Recipe: Ashveil Shoulders (undefined)
Item not found in any reward table: Recipe: Ashveil Waist (undefined)
Item not found in any reward table: Recipe: Ashveil Back (undefined)
Item not found in any reward table: Recipe: Glimmersoot Chest (undefined)
Item not found in any reward table: Recipe: Glimmersoot Feet (undefined)
Item not found in any reward table: Recipe: Glimmersoot Forearms (undefined)
Item not found in any reward table: Recipe: Glimmersoot Hands (undefined)
Item not found in any reward table: Recipe: Glimmersoot Head (undefined)
Item not found in any reward table: Recipe: Glimmersoot Legs (undefined)
Item not found in any reward table: Recipe: Glimmersoot Shoulders (undefined)
Item not found in any reward table: Recipe: Glimmersoot Waist (undefined)
Item not found in any reward table: Recipe: Glimmersoot Back (undefined)
Item not found in any reward table: Recipe: Heart's Bloom Plate (undefined)
Item not found in any reward table: Recipe: Silken Striders (undefined)
Item not found in any reward table: Recipe: Lily Vambraces (undefined)
Item not found in any reward table: Recipe: Grasp of Remembrance (undefined)
Item not found in any reward table: Recipe: Veil of Memories (undefined)
Item not found in any reward table: Recipe: Roots of Ancestors (undefined)
Item not found in any reward table: Recipe: Petalbound Mantle (undefined)
Item not found in any reward table: Recipe: Girdle of the Blossomed (undefined)
Item not found in any reward table: Recipe: Arcane Petal Cape (undefined)
Item not found in any reward table: Recipe: Ashwoke Chest (undefined)
Item not found in any reward table: Recipe: Ashwoke Feet (undefined)
Item not found in any reward table: Recipe: Ashwoke Forearms (undefined)
Item not found in any reward table: Recipe: Ashwoke Hands (undefined)
Item not found in any reward table: Recipe: Ashwoke Head (undefined)
Item not found in any reward table: Recipe: Ashwoke Legs (undefined)
Item not found in any reward table: Recipe: Ashwoke Shoulders (undefined)
Item not found in any reward table: Recipe: Ashwoke Waist (undefined)
Item not found in any reward table: Recipe: Ashwoke Back (undefined)
Item not found in any reward table: Recipe: Runebreath Chest (undefined)
Item not found in any reward table: Recipe: Runebreath Feet (undefined)
Item not found in any reward table: Recipe: Runebreath Forearms (undefined)
Item not found in any reward table: Recipe: Runebreath Hands (undefined)
Item not found in any reward table: Recipe: Runebreath Head (undefined)
Item not found in any reward table: Recipe: Runebreath Legs (undefined)
Item not found in any reward table: Recipe: Runebreath Shoulders (undefined)
Item not found in any reward table: Recipe: Runebreath Waist (undefined)
Item not found in any reward table: Recipe: Runebreath Back (undefined)
Item not found in any reward table: Recipe: Emberwake Chest (undefined)
Item not found in any reward table: Recipe: Emberwake Feet (undefined)
Item not found in any reward table: Recipe: Emberwake Forearms (undefined)
Item not found in any reward table: Recipe: Emberwake Hands (undefined)
Item not found in any reward table: Recipe: Emberwake Head (undefined)
Item not found in any reward table: Recipe: Emberwake Legs (undefined)
Item not found in any reward table: Recipe: Emberwake Shoulders (undefined)
Item not found in any reward table: Recipe: Emberwake Waist (undefined)
Item not found in any reward table: Recipe: Emberwake Back (undefined)
Item not found in any reward table: Recipe: Smokereed Chest (undefined)
Item not found in any reward table: Recipe: Smokereed Feet (undefined)
Item not found in any reward table: Recipe: Smokereed Forearms (undefined)
Item not found in any reward table: Recipe: Smokereed Hands (undefined)
Item not found in any reward table: Recipe: Smokereed Head (undefined)
Item not found in any reward table: Recipe: Smokereed Legs (undefined)
Item not found in any reward table: Recipe: Smokereed Shoulders (undefined)
Item not found in any reward table: Recipe: Smokereed Waist (undefined)
Item not found in any reward table: Recipe: Smokereed Back (undefined)
Item not found in any reward table: Recipe: Cindertouch Chest (undefined)
Item not found in any reward table: Recipe: Cindertouch Feet (undefined)
Item not found in any reward table: Recipe: Cindertouch Forearms (undefined)
Item not found in any reward table: Recipe: Cindertouch Hands (undefined)
Item not found in any reward table: Recipe: Cindertouch Head (undefined)
Item not found in any reward table: Recipe: Cindertouch Legs (undefined)
Item not found in any reward table: Recipe: Cindertouch Shoulders (undefined)
Item not found in any reward table: Recipe: Cindertouch Waist (undefined)
Item not found in any reward table: Recipe: Cindertouch Back (undefined)
Item not found in any reward table: Recipe: WardoftheSevenfoldLight Chest (undefined)
Item not found in any reward table: Recipe: WardoftheSevenfoldLight Feet (undefined)
Item not found in any reward table: Recipe: WardoftheSevenfoldLight Forearms (undefined)
Item not found in any reward table: Recipe: WardoftheSevenfoldLight Hands (undefined)
Item not found in any reward table: Recipe: WardoftheSevenfoldLight Head (undefined)
Item not found in any reward table: Recipe: WardoftheSevenfoldLight Legs (undefined)
Item not found in any reward table: Recipe: WardoftheSevenfoldLight Shoulders (undefined)
Item not found in any reward table: Recipe: WardoftheSevenfoldLight Waist (undefined)
Item not found in any reward table: Recipe: WardoftheSevenfoldLight Back (undefined)
Item not found in any reward table: Recipe: Anvilguard Chest (undefined)
Item not found in any reward table: Recipe: Anvilguard Feet (undefined)
Item not found in any reward table: Recipe: Anvilguard Forearms (undefined)
Item not found in any reward table: Recipe: Anvilguard Hands (undefined)
Item not found in any reward table: Recipe: Anvilguard Head (undefined)
Item not found in any reward table: Recipe: Anvilguard Legs (undefined)
Item not found in any reward table: Recipe: Anvilguard Shoulders (undefined)
Item not found in any reward table: Recipe: Anvilguard Waist (undefined)
Item not found in any reward table: Recipe: Anvilguard Back (undefined)
Item not found in any reward table: Recipe: Ironwake Chest (undefined)
Item not found in any reward table: Recipe: Ironwake Feet (undefined)
Item not found in any reward table: Recipe: Ironwake Forearms (undefined)
Item not found in any reward table: Recipe: Ironwake Hands (undefined)
Item not found in any reward table: Recipe: Ironwake Head (undefined)
Item not found in any reward table: Recipe: Ironwake Legs (undefined)
Item not found in any reward table: Recipe: Ironwake Shoulders (undefined)
Item not found in any reward table: Recipe: Ironwake Waist (undefined)
Item not found in any reward table: Recipe: Ironwake Back (undefined)
Item not found in any reward table: Recipe: Moltruin Chest (undefined)
Item not found in any reward table: Recipe: Moltruin Feet (undefined)
Item not found in any reward table: Recipe: Moltruin Forearms (undefined)
Item not found in any reward table: Recipe: Moltruin Hands (undefined)
Item not found in any reward table: Recipe: Moltruin Head (undefined)
Item not found in any reward table: Recipe: Moltruin Legs (undefined)
Item not found in any reward table: Recipe: Moltruin Shoulders (undefined)
Item not found in any reward table: Recipe: Moltruin Waist (undefined)
Item not found in any reward table: Recipe: Moltruin Back (undefined)
Item not found in any reward table: Recipe: Crownbreaker Chest (undefined)
Item not found in any reward table: Recipe: Crownbreaker Feet (undefined)
Item not found in any reward table: Recipe: Crownbreaker Forearms (undefined)
Item not found in any reward table: Recipe: Crownbreaker Hands (undefined)
Item not found in any reward table: Recipe: Crownbreaker Head (undefined)
Item not found in any reward table: Recipe: Crownbreaker Legs (undefined)
Item not found in any reward table: Recipe: Crownbreaker Shoulders (undefined)
Item not found in any reward table: Recipe: Crownbreaker Waist (undefined)
Item not found in any reward table: Recipe: Crownbreaker Back (undefined)
Item not found in any reward table: Recipe: Undermarch Chest (undefined)
Item not found in any reward table: Recipe: Undermarch Feet (undefined)
Item not found in any reward table: Recipe: Undermarch Forearms (undefined)
Item not found in any reward table: Recipe: Undermarch Hands (undefined)
Item not found in any reward table: Recipe: Undermarch Head (undefined)
Item not found in any reward table: Recipe: Undermarch Legs (undefined)
Item not found in any reward table: Recipe: Undermarch Shoulders (undefined)
Item not found in any reward table: Recipe: Undermarch Waist (undefined)
Item not found in any reward table: Recipe: Undermarch Back (undefined)
Item not found in any reward table: Recipe: DeepwardBastion Chest (undefined)
Item not found in any reward table: Recipe: DeepwardBastion Feet (undefined)
Item not found in any reward table: Recipe: DeepwardBastion Forearms (undefined)
Item not found in any reward table: Recipe: DeepwardBastion Hands (undefined)
Item not found in any reward table: Recipe: DeepwardBastion Head (undefined)
Item not found in any reward table: Recipe: DeepwardBastion Legs (undefined)
Item not found in any reward table: Recipe: DeepwardBastion Shoulders (undefined)
Item not found in any reward table: Recipe: DeepwardBastion Waist (undefined)
Item not found in any reward table: Recipe: DeepwardBastion Back (undefined)
Item not found in any reward table: Recipe: Stonevein Chest (undefined)
Item not found in any reward table: Recipe: Stonevein Feet (undefined)
Item not found in any reward table: Recipe: Stonevein Forearms (undefined)
Item not found in any reward table: Recipe: Stonevein Hands (undefined)
Item not found in any reward table: Recipe: Stonevein Head (undefined)
Item not found in any reward table: Recipe: Stonevein Legs (undefined)
Item not found in any reward table: Recipe: Stonevein Shoulders (undefined)
Item not found in any reward table: Recipe: Stonevein Waist (undefined)
Item not found in any reward table: Recipe: Stonevein Back (undefined)
Item not found in any reward table: Recipe: Forgewarden Chest (undefined)
Item not found in any reward table: Recipe: Forgewarden Feet (undefined)
Item not found in any reward table: Recipe: Forgewarden Forearms (undefined)
Item not found in any reward table: Recipe: Forgewarden Hands (undefined)
Item not found in any reward table: Recipe: Forgewarden Head (undefined)
Item not found in any reward table: Recipe: Forgewarden Legs (undefined)
Item not found in any reward table: Recipe: Forgewarden Shoulders (undefined)
Item not found in any reward table: Recipe: Forgewarden Waist (undefined)
Item not found in any reward table: Recipe: Forgewarden Back (undefined)
Item not found in any reward table: Recipe: LuminousConcord Chest (undefined)
Item not found in any reward table: Recipe: LuminousConcord Feet (undefined)
Item not found in any reward table: Recipe: LuminousConcord Forearms (undefined)
Item not found in any reward table: Recipe: LuminousConcord Hands (undefined)
Item not found in any reward table: Recipe: LuminousConcord Head (undefined)
Item not found in any reward table: Recipe: LuminousConcord Legs (undefined)
Item not found in any reward table: Recipe: LuminousConcord Shoulders (undefined)
Item not found in any reward table: Recipe: LuminousConcord Waist (undefined)
Item not found in any reward table: Recipe: LuminousConcord Back (undefined)
Item not found in any reward table: Recipe: Steel Hoop Earring (undefined)
Item not found in any reward table: Recipe: Steel Chain Necklace (undefined)
Item not found in any reward table: Recipe: Fireveined Earring (undefined)
Item not found in any reward table: Recipe: Fireveined Ring (undefined)
Item not found in any reward table: Recipe: Fireveined Necklace (undefined)
Item not found in any reward table: Recipe: Forgebound Earring (undefined)
Item not found in any reward table: Recipe: Forgebound Ring (undefined)
Item not found in any reward table: Recipe: Forgebound Necklace (undefined)
Item not found in any reward table: Recipe: Glimmerbound Earring (undefined)
Item not found in any reward table: Recipe: Glimmerbound Ring (undefined)
Item not found in any reward table: Recipe: Glimmerbound Necklace (undefined)
Item not found in any reward table: Recipe: Cindertouched Earring (undefined)
Item not found in any reward table: Recipe: Cindertouched Ring (undefined)
Item not found in any reward table: Recipe: Cindertouched Necklace (undefined)
Item not found in any reward table: Recipe: Tin Hoop Earrings (undefined)
Item not found in any reward table: Recipe: Tin Ring (undefined)
Item not found in any reward table: Recipe: Tin Medallion (undefined)
Item not found in any reward table: Recipe: Tithebrook Chest (undefined)
Item not found in any reward table: Recipe: Tithebrook Feet (undefined)
Item not found in any reward table: Recipe: Tithebrook Forearms (undefined)
Item not found in any reward table: Recipe: Tithebrook Hands (undefined)
Item not found in any reward table: Recipe: Tithebrook Head (undefined)
Item not found in any reward table: Recipe: Tithebrook Legs (undefined)
Item not found in any reward table: Recipe: Tithebrook Shoulders (undefined)
Item not found in any reward table: Recipe: Tithebrook Waist (undefined)
Item not found in any reward table: Recipe: Tithebrook Back (undefined)
Item not found in any reward table: Recipe: Ferncloak Chest (undefined)
Item not found in any reward table: Recipe: Ferncloak Feet (undefined)
Item not found in any reward table: Recipe: Ferncloak Forearms (undefined)
Item not found in any reward table: Recipe: Ferncloak Hands (undefined)
Item not found in any reward table: Recipe: Ferncloak Head (undefined)
Item not found in any reward table: Recipe: Ferncloak Legs (undefined)
Item not found in any reward table: Recipe: Ferncloak Shoulders (undefined)
Item not found in any reward table: Recipe: Ferncloak Waist (undefined)
Item not found in any reward table: Recipe: Ferncloak Back (undefined)
Item not found in any reward table: Recipe: Wildmarch Chest (undefined)
Item not found in any reward table: Recipe: Wildmarch Feet (undefined)
Item not found in any reward table: Recipe: Wildmarch Forearms (undefined)
Item not found in any reward table: Recipe: Wildmarch Hands (undefined)
Item not found in any reward table: Recipe: Wildmarch Head (undefined)
Item not found in any reward table: Recipe: Wildmarch Legs (undefined)
Item not found in any reward table: Recipe: Wildmarch Shoulders (undefined)
Item not found in any reward table: Recipe: Wildmarch Waist (undefined)
Item not found in any reward table: Recipe: Wildmarch Back (undefined)
Item not found in any reward table: Stone Runic Ring (undefined)
Item not found in any reward table: Theran's Reward (undefined)
Item not found in any reward table: A Magical Bag Of Mixed Goodies (undefined)
Item not found in any reward table: Bidur's Old Luggage (undefined)
Item not found in any reward table: Theran's Hat Box (undefined)
Item not found in any reward table: Leilo's Worn Duffel (undefined)
Item not found in any reward table: Varnok's Shroud (undefined)
Item not found in any reward table: A Magical Bag Of Mixed Goodies (undefined)
Item not found in any reward table: A Magical Bag Of Mixed Goodies (undefined)
Item not found in any reward table: A Magical Bag Of Mixed Goodies (undefined)
Item not found in any reward table: A Magical Bag Of Mixed Goodies (undefined)
Item not found in any reward table: A Magical Bag Of Mixed Goodies (undefined)
Item not found in any reward table: Settler Militia Forearms (undefined)
Item not found in any reward table: A Magical Bag Of Mixed Goodies (undefined)
Item not found in any reward table: A Magical Bag Of Mixed Goodies (undefined)
Item not found in any reward table: A Magical Bag Of Mixed Goodies (undefined)
Item not found in any reward table: A Magical Bag Of Mixed Goodies (undefined)
Item not found in any reward table: Shatterfist (undefined)
Item not found in any reward table: Desert Spices (undefined)
Item not found in any reward table: Crate of Aithanahr Glasswares (undefined)
Item not found in any reward table: Barrel of Clean Glass Sand (undefined)
Item not found in any reward table: Crate of Glass Ingots (undefined)
Item not found in any reward table: Wispwhelk Tackle Replicas (undefined)
Item not found in any reward table: Crate of Junskosh Manashackles (undefined)
Item not found in any reward table: Carton of Kreeok Eggs (undefined)
Item not found in any reward table: Crate of Arisalon Silks (undefined)
Item not found in any reward table: Jars of Ruinstar Dust (undefined)
Item not found in any reward table: Vials of Ashroot Ink (undefined)
Item not found in any reward table: Crate Tin Bells (undefined)
Item not found in any reward table: Crate of Azmaranian Whetstones (undefined)
Item not found in any reward table: Cask of Pitch (undefined)
Item not found in any reward table: Crate of Metallic Dyes (undefined)
Item not found in any reward table: Crate of Kelp Robes (undefined)
Item not found in any reward table: Sun Spiced Coral Wine (undefined)
Item not found in any reward table: Barrel of Driftwood Incense (undefined)
Item not found in any reward table: Bundle of Basilisk Leather (undefined)
Item not found in any reward table: Bottles of Bittergem Brandy (undefined)
Item not found in any reward table: Create of Ancestral Totems (undefined)
Item not found in any reward table: Jars of Firemoss Powder (undefined)
Item not found in any reward table: Cask of Desert Spirits (undefined)
Item not found in any reward table: Crate of Djinna Dried Fish (undefined)
Item not found in any reward table: Box of Arkose Slabs (undefined)
Item not found in any reward table: Barrel of Uncut Rutile Crystal (undefined)
Item not found in any reward table: Emberroot Preserves (undefined)
Item not found in any reward table: Anvilhorn Bones (undefined)
Item not found in any reward table: Crate of Crimson Palm Oil (undefined)
Item not found in any reward table: Deepstone Marble (undefined)
Item not found in any reward table: Case of Crystalized Honey (undefined)
Item not found in any reward table: Crate of Halcyon Sand (undefined)
Item not found in any reward table: Crate of Succulent Fruit (undefined)
Item not found in any reward table: Case of Honeyed Meats (undefined)
Item not found in any reward table: Crate of Hecribban Clay Pottery (undefined)
Item not found in any reward table: Crate of Jadeglass Beads (undefined)
Item not found in any reward table: Bottles of Coconut Oil (undefined)
Item not found in any reward table: Crate of Blessed Candles (undefined)
Item not found in any reward table: Crate of Floral Essences (undefined)
Item not found in any reward table: Crate of Joevan Mudslabs (undefined)
Item not found in any reward table: Daffodil Blooms (undefined)
Item not found in any reward table: Candied Flower Petals (undefined)
Item not found in any reward table: Crate of Tidesnapper Liquor (undefined)
Item not found in any reward table: Packed Scalestone Anchor (undefined)
Item not found in any reward table: Rune-etched Drinking Horns (undefined)
Item not found in any reward table: Crate of Frostleaf Tea Bricks (undefined)
Item not found in any reward table: Mountainborn Songhorns (undefined)
Item not found in any reward table: Basilisk Blood Sausage (undefined)
Item not found in any reward table: Crate of Crystal Infused Coconut Milk (undefined)
Item not found in any reward table: Crate of Korrinian Flowers (undefined)
Item not found in any reward table: Box of Tideglass Jewelery (undefined)
Item not found in any reward table: Case of Reefglass Mirrors (undefined)
Item not found in any reward table: Crate of Lawless Contrabands (undefined)
Item not found in any reward table: Smuggled Murmuring Husk (undefined)
Item not found in any reward table: Packs of Fresh Produce (undefined)
Item not found in any reward table: Crate of Miralethian Flowers (undefined)
Item not found in any reward table: Case of Dunir Tools (undefined)
Item not found in any reward table: Ancient Aelan Wine Flagons (undefined)
Item not found in any reward table: Case of Champion?s Incense (undefined)
Item not found in any reward table: Case of Gloryvine Nectar (undefined)
Item not found in any reward table: Roll of Coarse Cotton Bolts (undefined)
Item not found in any reward table: Cask of Aged Abyss Cheese (undefined)
Item not found in any reward table: Case of Pressed Flower Petals (undefined)
Item not found in any reward table: Crate of New Aelan Citrus (undefined)
Item not found in any reward table: Crate of Flower Bulbs (undefined)
Item not found in any reward table: Case of Dandilion Wine (undefined)
Item not found in any reward table: Jars of Leviathan Eyes (undefined)
Item not found in any reward table: Contaminated Bananas (undefined)
Item not found in any reward table: Bucket of Red-bellied Piranhas (undefined)
Item not found in any reward table: Crate of Fine Silk Rugs (undefined)
Item not found in any reward table: Crate of Seahook Figurines (undefined)
Item not found in any reward table: Case of Dewdrop Glassware (undefined)
Item not found in any reward table: Barrel of Moonstone Ornaments (undefined)
Item not found in any reward table: Crate of Seahook Cutware (undefined)
Item not found in any reward table: Box of Grilled Spider Legs (undefined)
Item not found in any reward table: Crate of Salt Cured Fish (undefined)
Item not found in any reward table: Barrel of Blessed Sea Salt (undefined)
Item not found in any reward table: Crate of Sandalwood Footstools (undefined)
Item not found in any reward table: Crate of Squall's End Incense (undefined)
Item not found in any reward table: Box of Poppy Seed Cakes (undefined)
Item not found in any reward table: Crate of Silk Veils (undefined)
Item not found in any reward table: Crate of Dustleaf Tea (undefined)
Item not found in any reward table: Crate of Sunhaven Shells (undefined)
Item not found in any reward table: Case of Suncrystal Sand (undefined)
Item not found in any reward table: Barrel of Sunscorched Venom (undefined)
Item not found in any reward table: Crate of Treated Banyan Timber (undefined)
Item not found in any reward table: Box of Bloomcress Perfumes (undefined)
Item not found in any reward table: Case of Verdant Clay Bricks (undefined)
Item not found in any reward table: Crate of Tangleroot Tea (undefined)
Item not found in any reward table: Grasping Pocket Sand (undefined)
Item not found in any reward table: Bundle of Stranglemoss Nets (undefined)
Item not found in any reward table: Cairnstone Beads (undefined)
Item not found in any reward table: Bundle of Mountain Lion Fur (undefined)
Item not found in any reward table: Rootspice Blend (undefined)
Item not found in any reward table: Stonebrew Ale (undefined)
Item not found in any reward table: Sparkpistons (undefined)
Item not found in any reward table: Caveclover Honey (undefined)
Item not found in any reward table: Molebeard Fungi (undefined)
Item not found in any reward table: Soulrivets (undefined)
Item not found in any reward table: Case of Veilwater Flasks (undefined)
Item not found in any reward table: Crate of Dried Jungle Leaf (undefined)
Item not found in any reward table: Keg of Jundark Honey (undefined)
Item not found in any reward table: Crate of Glowmoth Oil (undefined)
Item not found in any reward table: Bundle of Woven Mats (undefined)
Item not found in any reward table: Cask of Violet Fern Dye (undefined)
Item not found in any reward table: Barrel of Fermented Plantain Beer (undefined)
Item not found in any reward table: Flasks of Canopy Bloom Oil (undefined)
Item not found in any reward table: Crate of Raw Coral (undefined)
Item not found in any reward table: Crate of Windansea Coral (undefined)
Item not found in any reward table: Crate  of Raw Shells (undefined)
Item not found in any reward table: Barrel of Shellgems (undefined)
Item not found in any reward table: Case of Everburn Scented Candles (undefined)
Item not found in any reward table: Crate of Winstead Chalk (undefined)
Item not found in any reward table: Case of Kaelar Wooden Soldiers (undefined)
Item not found in any reward table: Barrel of Aged Aelan Whiskey (undefined)
Item not found in any reward table: Breaker's Bulwark (undefined)
Item not found in any reward table: Recipe: Breaker?s Bulwark (undefined)
Item not found in any reward table: Whirlpool Band (undefined)
Item not found in any reward table: Tidewall Mantle (undefined)
Item not found in any reward table: Munch?s Amulet of Stench (undefined)
Item not found in any reward table: Bellsong Purification Helm Mk 2 (undefined)
Item not found in any reward table: Mantle of Tithing (undefined)
Item not found in any reward table: Searstone Gauntlets (undefined)
Item not found in any reward table: Cracked Borehammer (undefined)
Item not found in any reward table: Recipe: Cracked Borehammer (undefined)
Item not found in any reward table: Warden's Spite Shackles (undefined)
Item not found in any reward table: Ledger of the Hollow Price (undefined)
Item not found in any reward table: Chains of Ceremony (undefined)
Item not found in any reward table: Martyr's Mantle (undefined)
Item not found in any reward table: Scepter of the Hollow Claim (undefined)
Item not found in any reward table: Petrified Spine (undefined)
Item not found in any reward table: Gilded Frame (undefined)
Item not found in any reward table: Undrahl Sledge (undefined)
Item not found in any reward table: Stonebark (undefined)
Item not found in any reward table: Pyre-Charred Wristwraps (undefined)
Item not found in any reward table: Recipe: Pyre-Charred Wristwraps (undefined)
Item not found in any reward table: Fetterbrand Chain Gauntlets (undefined)
Item not found in any reward table: Brand of the Unquenched Oath (undefined)
Item not found in any reward table: Gold-Flecked Gorehorns (undefined)
Item not found in any reward table: Ledger of the Lost (undefined)
Item not found in any reward table: Chains of Punishment (undefined)
Item not found in any reward table: Trugz' Gloves (undefined)
Item not found in any reward table: Marrowrot Mace (undefined)
Item not found in any reward table: Warlord's Glowy Bauble (undefined)
Item not found in any reward table: Recipe: Trugz' Gloves (undefined)
Item not found in any reward table: Recipe: Marrowrot Mace (undefined)
Item not found in any reward table: Adventurer's Focus (undefined)
Item not found in any reward table: Adventurer's Garb (undefined)
Item not found in any reward table: Adventurer's Belt (undefined)
Item not found in any reward table: Adventurer's Pants (undefined)
Item not found in any reward table: Adventurer's Boots (undefined)
Item not found in any reward table: Starter Axe (undefined)
Item not found in any reward table: Adventurer's Axe (undefined)
Item not found in any reward table: Starter Mace (undefined)
Item not found in any reward table: Starter Rapier (undefined)
Item not found in any reward table: Starter Spear (undefined)
Item not found in any reward table: Ashwoke Shawl (undefined)
Item not found in any reward table: Candlefen Sash (undefined)
Item not found in any reward table: Candlefen Vestment (undefined)
Item not found in any reward table: Candlefen Treads (undefined)
Item not found in any reward table: Candlefen Bindings (undefined)
Item not found in any reward table: Candlefen Grips (undefined)
Item not found in any reward table: Candlefen Cloak (undefined)
Item not found in any reward table: Candlefen Trousers (undefined)
Item not found in any reward table: Candlefen Mantle (undefined)
Item not found in any reward table: Candlefen Hood (undefined)
Item not found in any reward table: Tithebrook Hood (undefined)
Item not found in any reward table: Tithebrook Vestment (undefined)
Item not found in any reward table: Tithebrook Mantle (undefined)
Item not found in any reward table: Tithebrook Bindings (undefined)
Item not found in any reward table: Tithebrook Grips (undefined)
Item not found in any reward table: Tithebrook Sash (undefined)
Item not found in any reward table: Tithebrook Trousers (undefined)
Item not found in any reward table: Tithebrook Treads (undefined)
Item not found in any reward table: Tithebrook Cloak (undefined)
Item not found in any reward table: Coralblade Maelstrom-Longbow (undefined)
Item not found in any reward table: Tidebound Necklace (undefined)
Item not found in any reward table: Tidebound Earring (undefined)
Item not found in any reward table: Tidebound Ring (undefined)
Item not found in any reward table: Shadowfang Greatsword
 (undefined)
Item not found in any reward table: Ferncloak Helm (undefined)
Item not found in any reward table: Ferncloak Jerkin (undefined)
Item not found in any reward table: Ferncloak Shoulders (undefined)
Item not found in any reward table: Ferncloak Bracers (undefined)
Item not found in any reward table: Ferncloak Gloves (undefined)
Item not found in any reward table: Ferncloak Belt (undefined)
Item not found in any reward table: Ferncloak Leggings (undefined)
Item not found in any reward table: Ferncloak Boots (undefined)
Item not found in any reward table: Ferncloak Cape (undefined)
Item not found in any reward table: Wildmarch Hood (undefined)
Item not found in any reward table: Wildmarch Jerkin (undefined)
Item not found in any reward table: Wildmarch Shoulders (undefined)
Item not found in any reward table: Wildmarch Bracers (undefined)
Item not found in any reward table: Wildmarch Gloves (undefined)
Item not found in any reward table: Wildmarch Belt (undefined)
Item not found in any reward table: Wildmarch Trousers (undefined)
Item not found in any reward table: Wildmarch Boots (undefined)
Item not found in any reward table: Wildmarch Cape (undefined)
Item not found in any reward table: VerdantOath Spear (undefined)
Item not found in any reward table: Verdant Oath Spelldrake (undefined)
Item not found in any reward table: ForsakeMag Rapier (undefined)
Item not found in any reward table: Carapace Stinger (undefined)