{
	"successChanceBonus":
	{
		"uncommon": 0.029999999329447746,
		"rare": 0.039999999105930328,
		"heroic": 0.05000000074505806,
		"epic": 0.079999998211860657,
		"legendary": 0.10000000149011612,
		"common": 0.019999999552965164
	},
	"guid": "6064631708618522631",
	"name": "Grade_C",
	"typeId": "10912121337"
}