{
	"levelName": "NSLOCTEXT(\"[70199B914E7E03A9706A1499CF20B1FD]\", \"65BD27614FE65D857F767884702DCE4B\", \"Verra_World_Master\")",
	"zOILevelName": "",
	"sublevelName": "NSLOCTEXT(\"[70199B914E7E03A9706A1499CF20B1FD]\", \"451357364A2E85427DDB4D9BE2F7EFB4\", \"BefallenForge\")",
	"sublevelDisplayName": "NSLOCTEXT(\"[70199B914E7E03A9706A1499CF20B1FD]\", \"42B0190848190B8E10051182D43EA746\", \"Befallen Forge\")",
	"localTiles":
	{
		"(X=-26.000000,Y=10.000000)":
		{
			"worldPosition":
			{
				"x": -1300000,
				"y": 500000
			},
			"gridPosition":
			{
				"x": -26,
				"y": 10
			},
			"texture": "/Game/UI/MinimapImageTiles/Verra_World_Master/BefallenForge/TUI_s50000_x-26_y10.TUI_s50000_x-26_y10"
		},
		"(X=-26.000000,Y=11.000000)":
		{
			"worldPosition":
			{
				"x": -1300000,
				"y": 550000
			},
			"gridPosition":
			{
				"x": -26,
				"y": 11
			},
			"texture": "/Game/UI/MinimapImageTiles/Verra_World_Master/BefallenForge/TUI_s50000_x-26_y11.TUI_s50000_x-26_y11"
		},
		"(X=-26.000000,Y=12.000000)":
		{
			"worldPosition":
			{
				"x": -1300000,
				"y": 600000
			},
			"gridPosition":
			{
				"x": -26,
				"y": 12
			},
			"texture": "/Game/UI/MinimapImageTiles/Verra_World_Master/BefallenForge/TUI_s50000_x-26_y12.TUI_s50000_x-26_y12"
		},
		"(X=-25.000000,Y=10.000000)":
		{
			"worldPosition":
			{
				"x": -1250000,
				"y": 500000
			},
			"gridPosition":
			{
				"x": -25,
				"y": 10
			},
			"texture": "/Game/UI/MinimapImageTiles/Verra_World_Master/BefallenForge/TUI_s50000_x-25_y10.TUI_s50000_x-25_y10"
		},
		"(X=-25.000000,Y=11.000000)":
		{
			"worldPosition":
			{
				"x": -1250000,
				"y": 550000
			},
			"gridPosition":
			{
				"x": -25,
				"y": 11
			},
			"texture": "/Game/UI/MinimapImageTiles/Verra_World_Master/BefallenForge/TUI_s50000_x-25_y11.TUI_s50000_x-25_y11"
		},
		"(X=-25.000000,Y=12.000000)":
		{
			"worldPosition":
			{
				"x": -1250000,
				"y": 600000
			},
			"gridPosition":
			{
				"x": -25,
				"y": 12
			},
			"texture": "/Game/UI/MinimapImageTiles/Verra_World_Master/BefallenForge/TUI_s50000_x-25_y12.TUI_s50000_x-25_y12"
		},
		"(X=-24.000000,Y=10.000000)":
		{
			"worldPosition":
			{
				"x": -1200000,
				"y": 500000
			},
			"gridPosition":
			{
				"x": -24,
				"y": 10
			},
			"texture": "/Game/UI/MinimapImageTiles/Verra_World_Master/BefallenForge/TUI_s50000_x-24_y10.TUI_s50000_x-24_y10"
		},
		"(X=-24.000000,Y=11.000000)":
		{
			"worldPosition":
			{
				"x": -1200000,
				"y": 550000
			},
			"gridPosition":
			{
				"x": -24,
				"y": 11
			},
			"texture": "/Game/UI/MinimapImageTiles/Verra_World_Master/BefallenForge/TUI_s50000_x-24_y11.TUI_s50000_x-24_y11"
		},
		"(X=-24.000000,Y=12.000000)":
		{
			"worldPosition":
			{
				"x": -1200000,
				"y": 600000
			},
			"gridPosition":
			{
				"x": -24,
				"y": 12
			},
			"texture": "/Game/UI/MinimapImageTiles/Verra_World_Master/BefallenForge/TUI_s50000_x-24_y12.TUI_s50000_x-24_y12"
		}
	},
	"worldSize_Local": 50000,
	"regionTiles":
	{
	},
	"worldSize_Region": 250000,
	"worldTiles":
	{
	},
	"worldSize_World": 1000000,
	"zOIBorderWorldPos":
	{
		"x": 0,
		"y": 0
	},
	"nodeBackdrops":
	{
	},
	"outputTextureSize": 512,
	"captureTextureSize": 4096,
	"captureGridSize": 1,
	"captureFOV": 5,
	"batchOptions": [
		{
			"batchName": "Local",
			"batch_TopLeft":
			{
				"x": -1300000,
				"y": 500000
			},
			"batch_BottomRight":
			{
				"x": -1200000,
				"y": 600000
			}
		},
		{
			"batchName": "Local_Test",
			"batch_TopLeft":
			{
				"x": 0,
				"y": 0
			},
			"batch_BottomRight":
			{
				"x": 0,
				"y": 0
			}
		}
	],
	"guid": "6064632732758310912",
	"name": "MapTileSet_BefallenForge",
	"typeId": "949963512584"
}