{
	"expression":
	{
		"expression": "Event_GetNumParticipants() <= 0"
	},
	"maxActivationCount": 1,
	"objectivesIds": [],
	"triggersIds": [],
	"flowEditorNodeLocation":
	{
		"x": 0,
		"y": 0,
		"z": 0
	},
	"routePins": [
		{
			"x": 1619.4795789938787,
			"y": 587.54166344495684
		},
		{
			"x": 132.31557656926813,
			"y": 582.58133459251906
		}
	],
	"guid": "6064628933842108464",
	"name": "Event_PP_Interact_Template_Ambush_Abandon",
	"typeId": "23095129"
}