{
	"level": 0,
	"plotsPerNodeLevel":
	{
		"0":
		{
			"plots": [
				{
					"transform":
					{
						"rotation":
						{
							"x": -0,
							"y": 0,
							"z": -0.62467027851757928,
							"w": 0.7808886240282733
						},
						"translation":
						{
							"x": -4064.4421644045083,
							"y": 3992.4290902451548,
							"z": 0
						},
						"scale3D":
						{
							"x": 1,
							"y": 1,
							"z": 1
						}
					},
					"plot":
					{
						"guid": "6064633248660717575",
						"typeId": "7823464",
						"name": "None"
					}
				},
				{
					"transform":
					{
						"rotation":
						{
							"x": -0,
							"y": 0,
							"z": -0.94382555786245803,
							"w": 0.33044411982303434
						},
						"translation":
						{
							"x": 277.66313094204111,
							"y": 802.11269387413972,
							"z": 0
						},
						"scale3D":
						{
							"x": 1,
							"y": 1,
							"z": 1
						}
					},
					"plot":
					{
						"guid": "6064629286529663097",
						"typeId": "7823464",
						"name": "None"
					}
				},
				{
					"transform":
					{
						"rotation":
						{
							"x": -0,
							"y": 0,
							"z": -0.31280630635408124,
							"w": 0.94981693747011942
						},
						"translation":
						{
							"x": -10319.687178261673,
							"y": 1538.7604534479897,
							"z": 7.2759576141834259e-12
						},
						"scale3D":
						{
							"x": 1,
							"y": 1,
							"z": 1
						}
					},
					"plot":
					{
						"guid": "6064629286529794171",
						"typeId": "7823464",
						"name": "None"
					}
				}
			]
		},
		"1":
		{
			"plots": [
				{
					"transform":
					{
						"rotation":
						{
							"x": -0,
							"y": 0,
							"z": -0.62467027851757928,
							"w": 0.7808886240282733
						},
						"translation":
						{
							"x": -4064.4421644045083,
							"y": 3992.4290902451548,
							"z": 0
						},
						"scale3D":
						{
							"x": 1,
							"y": 1,
							"z": 1
						}
					},
					"plot":
					{
						"guid": "6064629286529597560",
						"typeId": "7823464",
						"name": "None"
					}
				},
				{
					"transform":
					{
						"rotation":
						{
							"x": -0,
							"y": 0,
							"z": -0.94382555786245803,
							"w": 0.33044411982303434
						},
						"translation":
						{
							"x": 277.66313094204111,
							"y": 802.11269387413972,
							"z": 0
						},
						"scale3D":
						{
							"x": 1,
							"y": 1,
							"z": 1
						}
					},
					"plot":
					{
						"guid": "6064629286529663097",
						"typeId": "7823464",
						"name": "None"
					}
				},
				{
					"transform":
					{
						"rotation":
						{
							"x": -0,
							"y": 0,
							"z": -0.31280630635408124,
							"w": 0.94981693747011942
						},
						"translation":
						{
							"x": -10319.687178261673,
							"y": 1538.7604534479897,
							"z": 7.2759576141834259e-12
						},
						"scale3D":
						{
							"x": 1,
							"y": 1,
							"z": 1
						}
					},
					"plot":
					{
						"guid": "6064629286529794171",
						"typeId": "7823464",
						"name": "None"
					}
				}
			]
		},
		"2":
		{
			"plots": [
				{
					"transform":
					{
						"rotation":
						{
							"x": -0,
							"y": 0,
							"z": -0.62467027851757928,
							"w": 0.7808886240282733
						},
						"translation":
						{
							"x": -4064.4421644045083,
							"y": 3992.4290902451548,
							"z": 0
						},
						"scale3D":
						{
							"x": 1,
							"y": 1,
							"z": 1
						}
					},
					"plot":
					{
						"guid": "6064629286529597560",
						"typeId": "7823464",
						"name": "None"
					}
				},
				{
					"transform":
					{
						"rotation":
						{
							"x": -0,
							"y": 0,
							"z": -0.94382555786245803,
							"w": 0.33044411982303434
						},
						"translation":
						{
							"x": 277.66313094204111,
							"y": 802.11269387413972,
							"z": 0
						},
						"scale3D":
						{
							"x": 1,
							"y": 1,
							"z": 1
						}
					},
					"plot":
					{
						"guid": "6064629286529663097",
						"typeId": "7823464",
						"name": "None"
					}
				},
				{
					"transform":
					{
						"rotation":
						{
							"x": -0,
							"y": 0,
							"z": -0.31280630635408124,
							"w": 0.94981693747011942
						},
						"translation":
						{
							"x": -10319.687178261673,
							"y": 1538.7604534479897,
							"z": 7.2759576141834259e-12
						},
						"scale3D":
						{
							"x": 1,
							"y": 1,
							"z": 1
						}
					},
					"plot":
					{
						"guid": "6064629286529794171",
						"typeId": "7823464",
						"name": "None"
					}
				}
			]
		},
		"3":
		{
			"plots": [
				{
					"transform":
					{
						"rotation":
						{
							"x": -0,
							"y": 0,
							"z": -0.62467027851757928,
							"w": 0.7808886240282733
						},
						"translation":
						{
							"x": -4064.4421644045083,
							"y": 3992.4290902451548,
							"z": 0
						},
						"scale3D":
						{
							"x": 1,
							"y": 1,
							"z": 1
						}
					},
					"plot":
					{
						"guid": "6064629286529597560",
						"typeId": "7823464",
						"name": "None"
					}
				},
				{
					"transform":
					{
						"rotation":
						{
							"x": -0,
							"y": 0,
							"z": -0.94382555786245803,
							"w": 0.33044411982303434
						},
						"translation":
						{
							"x": 277.66313094204111,
							"y": 802.11269387413972,
							"z": 0
						},
						"scale3D":
						{
							"x": 1,
							"y": 1,
							"z": 1
						}
					},
					"plot":
					{
						"guid": "6064629286529663097",
						"typeId": "7823464",
						"name": "None"
					}
				},
				{
					"transform":
					{
						"rotation":
						{
							"x": -0,
							"y": 0,
							"z": -0.31280630635408124,
							"w": 0.94981693747011942
						},
						"translation":
						{
							"x": -10319.687178261673,
							"y": 1538.7604534479897,
							"z": 7.2759576141834259e-12
						},
						"scale3D":
						{
							"x": 1,
							"y": 1,
							"z": 1
						}
					},
					"plot":
					{
						"guid": "6064629286529794171",
						"typeId": "7823464",
						"name": "None"
					}
				}
			]
		},
		"4":
		{
			"plots": [
				{
					"transform":
					{
						"rotation":
						{
							"x": -0,
							"y": 0,
							"z": -0.62467027851757928,
							"w": 0.7808886240282733
						},
						"translation":
						{
							"x": -4064.4421644045083,
							"y": 3992.4290902451548,
							"z": 0
						},
						"scale3D":
						{
							"x": 1,
							"y": 1,
							"z": 1
						}
					},
					"plot":
					{
						"guid": "6064629286529597560",
						"typeId": "7823464",
						"name": "None"
					}
				},
				{
					"transform":
					{
						"rotation":
						{
							"x": -0,
							"y": 0,
							"z": -0.94382555786245803,
							"w": 0.33044411982303434
						},
						"translation":
						{
							"x": 277.66313094204111,
							"y": 802.11269387413972,
							"z": 0
						},
						"scale3D":
						{
							"x": 1,
							"y": 1,
							"z": 1
						}
					},
					"plot":
					{
						"guid": "6064629286529663097",
						"typeId": "7823464",
						"name": "None"
					}
				},
				{
					"transform":
					{
						"rotation":
						{
							"x": -0,
							"y": 0,
							"z": -0.31280630635408124,
							"w": 0.94981693747011942
						},
						"translation":
						{
							"x": -10319.687178261673,
							"y": 1538.7604534479897,
							"z": 7.2759576141834259e-12
						},
						"scale3D":
						{
							"x": 1,
							"y": 1,
							"z": 1
						}
					},
					"plot":
					{
						"guid": "6064629286529794171",
						"typeId": "7823464",
						"name": "None"
					}
				}
			]
		},
		"5":
		{
			"plots": [
				{
					"transform":
					{
						"rotation":
						{
							"x": -0,
							"y": 0,
							"z": -0.62467027851757928,
							"w": 0.7808886240282733
						},
						"translation":
						{
							"x": -4064.4421644045083,
							"y": 3992.4290902451548,
							"z": 0
						},
						"scale3D":
						{
							"x": 1,
							"y": 1,
							"z": 1
						}
					},