{
	"populationInstancesMap":
	{
		"1":
		{
			"location":
			{
				"x": 5894.1433155949926,
				"y": 6424.1051507242955,
				"z": 614.75785753577657
			},
			"rotation":
			{
				"pitch": 0,
				"yaw": 0,
				"roll": -0
			},
			"bRandomRotation": false,
			"instanceId":
			{
				"guid": "6064631709285154817",
				"typeId": "5111011",
				"name": "None"
			}
		},
		"2":
		{
			"location":
			{
				"x": 8396.6339509118116,
				"y": 8365.2712315123063,
				"z": 592.83115230526346
			},
			"rotation":
			{
				"pitch": 0,
				"yaw": -149.999998838045,
				"roll": 0
			},
			"bRandomRotation": false,
			"instanceId":
			{
				"guid": "6064631709301407746",
				"typeId": "5111011",
				"name": "None"
			}
		},
		"3":
		{
			"location":
			{
				"x": 6302.809405446751,
				"y": 5225.8537493263138,
				"z": 659.45773458676013
			},
			"rotation":
			{
				"pitch": -0,
				"yaw": -19.999999845072693,
				"roll": 0
			},
			"bRandomRotation": false,
			"instanceId":
			{
				"guid": "6064631709301407746",
				"typeId": "5111011",
				"name": "None"
			}
		},
		"4":
		{
			"location":
			{
				"x": 6425.0720633598976,
				"y": 8427.0959831500659,
				"z": 451.95340953792947
			},
			"rotation":
			{
				"pitch": -0,
				"yaw": -109.99999914789966,
				"roll": 0
			},
			"bRandomRotation": false,
			"instanceId":
			{
				"guid": "6064631709301407746",
				"typeId": "5111011",
				"name": "None"
			}
		},
		"5":
		{
			"location":
			{
				"x": 6373.7690436453559,
				"y": 8286.1420891236048,
				"z": 451.95340953792947
			},
			"rotation":
			{
				"pitch": 0,
				"yaw": 69.999999457754143,
				"roll": -0
			},
			"bRandomRotation": false,
			"instanceId":
			{
				"guid": "6064631709301407746",
				"typeId": "5111011",
				"name": "None"
			}
		},
		"6":
		{
			"location":
			{
				"x": 9594.1433155949926,
				"y": 3164.1051507242955,
				"z": 451.95347357582068
			},
			"rotation":
			{
				"pitch": 0,
				"yaw": 179.99999860565404,
				"roll": 0
			},
			"bRandomRotation": false,
			"instanceId":
			{
				"guid": "6064631709285154817",
				"typeId": "5111011",
				"name": "None"
			}
		},
		"7":
		{
			"location":
			{
				"x": 9424.2662106412463,
				"y": 3028.3366361419903,
				"z": 451.95340953792947
			},
			"rotation":
			{
				"pitch": 0,
				"yaw": 69.999999457754143,
				"roll": 0
			},
			"bRandomRotation": false,
			"instanceId":
			{
				"guid": "6064631709301407746",
				"typeId": "5111011",
				"name": "None"
			}
		},
		"8":
		{
			"location":
			{
				"x": 9409.7907502455637,
				"y": 3193.2319394296501,
				"z": 451.95340953792947
			},
			"rotation":
			{
				"pitch": 0,
				"yaw": -39.999999690145621,
				"roll": 0
			},
			"bRandomRotation": false,
			"instanceId":
			{
				"guid": "6064631709301407746",
				"typeId": "5111011",
				"name": "None"
			}
		},
		"9":
		{
			"location":
			{
				"x": 11994.143315594993,
				"y": 594.10515072429553,
				"z": 382.01189512122073
			},
			"rotation":
			{
				"pitch": 0,
				"yaw": -39.999999690145273,
				"roll": 0
			},
			"bRandomRotation": false,
			"instanceId":
			{
				"guid": "6064631709387784201",
				"typeId": "5111011",
				"name": "None"
			}
		},
		"10":
		{
			"location":
			{
				"x": 6007.3670801066328,
				"y": 5173.7592928305967,
				"z": 694.23440013851541
			},
			"rotation":
			{
				"pitch": -0,
				"yaw": -89.999999302826836,
				"roll": 0
			},
			"bRandomRotation": false,
			"instanceId":
			{
				"guid": "6064631709301407746",
				"typeId": "5111011",
				"name": "None"
			}
		}
	},
	"filterOverrideId":
	{
		"guid": "0",
		"typeId": "5111003",
		"name": "None"
	},
	"populationAreaId":
	{
		"guid": "0",
		"typeId": "5171420",
		"name": "None"
	},
	"timedDespawnId":
	{
		"guid": "0",
		"typeId": "5882300",
		"name": "None"
	},
	"overrideActivationRange": 0,
	"gameplayTags":
	{
		"gameplayTags": [],
		"parentTags": []
	},
	"alignmentOverridesIds": [],
	"guid": "6064631709285154816",
	"name": "PopSet_SPH_Steel_Basillica_Int_01",
	"typeId": "5111005"
}