{
	"populationInstancesMap":
	{
		"1":
		{
			"location":
			{
				"x": 6616.5623429909465,
				"y": -5086.7955942690605,
				"z": 1330.2450886106435
			},
			"rotation":
			{
				"pitch": 0,
				"yaw": 121.08848850851037,
				"roll": -0
			},
			"bRandomRotation": false,
			"instanceId":
			{
				"guid": "6064631035324661798",
				"typeId": "5111011",
				"name": "None"
			}
		},
		"2":
		{
			"location":
			{
				"x": 8073.3884708799887,
				"y": -73.181859256001189,
				"z": 1655.1796906580912
			},
			"rotation":
			{
				"pitch": 0,
				"yaw": -169.83630114251471,
				"roll": 0
			},
			"bRandomRotation": false,
			"instanceId":
			{
				"guid": "6064631035415298048",
				"typeId": "5111011",
				"name": "None"
			}
		},
		"3":
		{
			"location":
			{
				"x": 7250.350264251465,
				"y": 2355.0106547100004,
				"z": 1333.132287576871
			},
			"rotation":
			{
				"pitch": 0,
				"yaw": -140.3821292514356,
				"roll": 0
			},
			"bRandomRotation": false,
			"instanceId":
			{
				"guid": "6064631035416608769",
				"typeId": "5111011",
				"name": "None"
			}
		},
		"4":
		{
			"location":
			{
				"x": -146.76757258514408,
				"y": 4643.6317086939234,
				"z": 1128.3796170039041
			},
			"rotation":
			{
				"pitch": -0,
				"yaw": -98.428643114100183,
				"roll": 0
			},
			"bRandomRotation": false,
			"instanceId":
			{
				"guid": "6064631035417788418",
				"typeId": "5111011",
				"name": "None"
			}
		},
		"5":
		{
			"location":
			{
				"x": -5466.1975358874188,
				"y": 2936.0832047339063,
				"z": 1383.2358035979942
			},
			"rotation":
			{
				"pitch": -0,
				"yaw": -45.381912747252215,
				"roll": 0
			},
			"bRandomRotation": false,
			"instanceId":
			{
				"guid": "6064631035419885571",
				"typeId": "5111011",
				"name": "None"
			}
		},
		"6":
		{
			"location":
			{
				"x": -7412.4258146103239,
				"y": -1416.0724290544167,
				"z": 1889.6582792680711
			},
			"rotation":
			{
				"pitch": 0,
				"yaw": 18.617714047445382,
				"roll": -0
			},
			"bRandomRotation": false,
			"instanceId":
			{
				"guid": "6064631035417788418",
				"typeId": "5111011",
				"name": "None"
			}
		},
		"7":
		{
			"location":
			{
				"x": -4133.0877352932584,
				"y": -5601.7735898004612,
				"z": 2230.0116750453071
			},
			"rotation":
			{
				"pitch": 0,
				"yaw": 54.55186820077207,
				"roll": -0
			},
			"bRandomRotation": false,
			"instanceId":
			{
				"guid": "6064631035422965765",
				"typeId": "5111011",
				"name": "None"
			}
		}
	},
	"filterOverrideId":
	{
		"guid": "0",
		"typeId": "5111003",
		"name": "None"
	},
	"populationAreaId":
	{
		"guid": "0",
		"typeId": "5171420",
		"name": "None"
	},
	"timedDespawnId":
	{
		"guid": "0",
		"typeId": "5882300",
		"name": "None"
	},
	"overrideActivationRange": 0,
	"gameplayTags":
	{
		"gameplayTags": [],
		"parentTags": []
	},
	"alignmentOverridesIds": [],
	"guid": "6064631035308015651",
	"name": "ProgE_RVR_0004_ColossusCrater_Constructs_1",
	"typeId": "5111005"
}