{
	"populationInstancesMap":
	{
		"1":
		{
			"location":
			{
				"x": -655647.95592987817,
				"y": 578842.8337420203,
				"z": 13961.568996641123
			},
			"rotation":
			{
				"pitch": 0,
				"yaw": -80.000002168982107,
				"roll": 0
			},
			"bRandomRotation": false,
			"instanceId":
			{
				"guid": "6064630599714799672",
				"typeId": "5111011",
				"name": "None"
			}
		},
		"2":
		{
			"location":
			{
				"x": -655300.90658504039,
				"y": 578552.06316780183,
				"z": 14052.718603745248
			},
			"rotation":
			{
				"pitch": 0,
				"yaw": -30.000002556300736,
				"roll": 0
			},
			"bRandomRotation": false,
			"instanceId":
			{
				"guid": "6064630599714799672",
				"typeId": "5111011",
				"name": "None"
			}
		},
		"3":
		{
			"location":
			{
				"x": -655340.59251788736,
				"y": 579199.99088581034,
				"z": 13918.195246515628
			},
			"rotation":
			{
				"pitch": 0,
				"yaw": 169.99999868311755,
				"roll": 0
			},
			"bRandomRotation": false,
			"instanceId":
			{
				"guid": "6064630599714799672",
				"typeId": "5111011",
				"name": "None"
			}
		},
		"4":
		{
			"location":
			{
				"x": -652139.35571208817,
				"y": 578665.05275446491,
				"z": 14090.354330155869
			},
			"rotation":
			{
				"pitch": 0,
				"yaw": 19.999997056380728,
				"roll": 0
			},
			"bRandomRotation": false,
			"instanceId":
			{
				"guid": "6064630599714799672",
				"typeId": "5111011",
				"name": "None"
			}
		},
		"5":
		{
			"location":
			{
				"x": -651778.01032306848,
				"y": 579030.10083930404,
				"z": 14019.419441253523
			},
			"rotation":
			{
				"pitch": 0,
				"yaw": 49.999996823989669,
				"roll": 0
			},
			"bRandomRotation": false,
			"instanceId":
			{
				"guid": "6064630599714799672",
				"typeId": "5111011",
				"name": "None"
			}
		},
		"6":
		{
			"location":
			{
				"x": -651686.25113023655,
				"y": 579478.54783314257,
				"z": 13963.662939870066
			},
			"rotation":
			{
				"pitch": 0,
				"yaw": 89.999996514134892,
				"roll": 0
			},
			"bRandomRotation": false,
			"instanceId":
			{
				"guid": "6064630599714799672",
				"typeId": "5111011",
				"name": "None"
			}
		},
		"7":
		{
			"location":
			{
				"x": -652404.88201710442,
				"y": 579904.09427636384,
				"z": 13939.967637047883
			},
			"rotation":
			{
				"pitch": 0,
				"yaw": -120.00000464781994,
				"roll": 0
			},
			"bRandomRotation": false,
			"instanceId":
			{
				"guid": "6064630599714799672",
				"typeId": "5111011",
				"name": "None"
			}
		},
		"8":
		{
			"location":
			{
				"x": -652853.02211533638,
				"y": 579071.35731404857,
				"z": 14076.726622358088
			},
			"rotation":
			{
				"pitch": 0,
				"yaw": -80.000004957674378,
				"roll": 0
			},
			"bRandomRotation": false,
			"instanceId":
			{
				"guid": "6064630599714799672",
				"typeId": "5111011",
				"name": "None"
			}
		},
		"9":
		{
			"location":
			{
				"x": -648582.87659158639,
				"y": 579977.42352091987,
				"z": 13881.410368610039
			},
			"rotation":
			{
				"pitch": 0,
				"yaw": 79.999996591598588,
				"roll": 0
			},
			"bRandomRotation": false,
			"instanceId":
			{
				"guid": "6064630599714799672",
				"typeId": "5111011",
				"name": "None"
			}
		},
		"10":
		{
			"location":
			{
				"x": -648852.33269623516,
				"y": 580487.7778279935,
				"z": 13909.41610992039
			},
			"rotation":
			{
				"pitch": 0,
				"yaw": 149.99999604935303,
				"roll": 0
			},
			"bRandomRotation": false,
			"instanceId":
			{
				"guid": "6064630599714799672",
				"typeId": "5111011",
				"name": "None"
			}
		},
		"11":
		{
			"location":
			{
				"x": -648677.5025267353,
				"y": 579586.84908443165,
				"z": 13858.720764645503
			},
			"rotation":
			{
				"pitch": 0,
				"yaw": 79.999996591598631,
				"roll": 0
			},
			"bRandomRotation": false,
			"instanceId":
			{
				"guid": "6064630599714799672",
				"typeId": "5111011",
				"name": "None"
			}
		},
		"12":
		{
			"location":
			{
				"x": -652336.83727600204,
				"y": 575591.11266649503,
				"z": 15135.769879825355
			},
			"rotation":
			{
				"pitch": 0,
				"yaw": 9.9999971338445715,
				"roll": 0
			},
			"bRandomRotation": false,
			"instanceId":
			{
				"guid": "6064630599714799672",
				"typeId": "5111011",
				"name": "None"
			}
		},
		"13":
		{
			"location":
			{
				"x": -653513.50665628782,
				"y": 575446.94620094285,
				"z": 15291.270145339069
			},
			"rotation":
			{
				"pitch": 0,
				"yaw": -50.000002401373187,
				"roll": 0
			},
			"bRandomRotation": false,
			"instanceId":
			{
				"guid": "6064630599714799672",
				"typeId": "5111011",
				"name": "None"
			}
		},
		"14":
		{
			"location":
			{
				"x": -652311.23477655672,
				"y": 579314.98592381075,
				"z": 13978.087949597202
			},
			"rotation":
			{
				"pitch": 0,
				"yaw": 139.9999989155086,
				"roll": 0
			},
			"bRandomRotation": false,
			"instanceId":
			{
				"guid": "6064630599888535623",
				"typeId": "5111011",
				"name": "None"
			}
		},
		"15":
		{
			"location":
			{
				"x": -649395.9098426624,
				"y": 579760.83469897404,
				"z": 13853.884141477614
			},
			"rotation":
			{
				"pitch": 0,
				"yaw": 139.9999989155086,
				"roll": 0
			},
			"bRandomRotation": false,
			"instanceId":
			{
				"guid": "6064630599888535623",
				"typeId": "5111011",
				"name": "None"
			}
		},
		"16":
		{
			"location":
			{
				"x": -652765.99991142796,
				"y": 575793.10002926399,
				"z": 15119.938525166197
			},
			"rotation":
			{
				"pitch": 0,
				"yaw": 139.9999989155086,
				"roll": 0
			},
			"bRandomRotation": false,
			"instanceId":
			{
				"guid": "6064630599888535623",
				"typeId": "5111011",
				"name": "None"
			}
		},
		"17":
		{
			"location":
			{
				"x": -655267.64985435968,
				"y": 578871.52462584118,
				"z": 13980.283602416817
			},
			"rotation":
			{
				"pitch": 0,
				"yaw": 139.9999989155086,
				"roll": 0
			},
			"bRandomRotation": false,
			"instanceId":
			{
				"guid": "6064630599888535623",
				"typeId": "5111011",
				"name": "None"
			}
		}
	},
	"filterOverrideId":
	{
		"guid": "0",
		"typeId": "5111003",
		"name": "None"
	},
	"populationAreaId":
	{
		"guid": "0",
		"typeId": "5171420",
		"name": "None"
	},
	"timedDespawnId":
	{
		"guid": "0",
		"typeId": "5882300",
		"name": "None"
	},
	"overrideActivationRange": 0,
	"gameplayTags":
	{
		"gameplayTags": [],
		"parentTags": []
	},
	"alignmentOverridesIds": [],
	"guid": "6064630599714799671",
	"name": "RVR_QST_0023_Dynamic_GoblinCampProps",
	"typeId": "5111005"
}