{
	"populationInstancesMap":
	{
		"1":
		{
			"location":
			{
				"x": 866.64402339156368,
				"y": 5377.1535720834509,
				"z": -854.00000163250115
			},
			"rotation":
			{
				"pitch": 0,
				"yaw": 0,
				"roll": -0
			},
			"bRandomRotation": false,
			"instanceId":
			{
				"guid": "6064633140513079302",
				"typeId": "5111011",
				"name": "None"
			}
		},
		"2":
		{
			"location":
			{
				"x": 1466.6440233915637,
				"y": 4667.1535720834509,
				"z": -854.00000163250115
			},
			"rotation":
			{
				"pitch": 0,
				"yaw": 79.999999380290632,
				"roll": 0
			},
			"bRandomRotation": false,
			"instanceId":
			{
				"guid": "6064633140513079302",
				"typeId": "5111011",
				"name": "None"
			}
		},
		"3":
		{
			"location":
			{
				"x": 1576.6440233915637,
				"y": 5267.1535720834509,
				"z": -842.43308755092767
			},
			"rotation":
			{
				"pitch": 0,
				"yaw": 19.999999845072491,
				"roll": 0
			},
			"bRandomRotation": false,
			"instanceId":
			{
				"guid": "6064633140527562760",
				"typeId": "5111011",
				"name": "None"
			}
		},
		"4":
		{
			"location":
			{
				"x": -3303.3559766084363,
				"y": -2022.8464279165491,
				"z": -853.99999318523805
			},
			"rotation":
			{
				"pitch": 0,
				"yaw": -109.9999991479,
				"roll": 0
			},
			"bRandomRotation": false,
			"instanceId":
			{
				"guid": "6064633140513079302",
				"typeId": "5111011",
				"name": "None"
			}
		},
		"5":
		{
			"location":
			{
				"x": -2893.3559766084363,
				"y": -2912.8464279165491,
				"z": -853.99999318523805
			},
			"rotation":
			{
				"pitch": 0,
				"yaw": 170.00000147180941,
				"roll": 0
			},
			"bRandomRotation": false,
			"instanceId":
			{
				"guid": "6064633140513079302",
				"typeId": "5111011",
				"name": "None"
			}
		},
		"6":
		{
			"location":
			{
				"x": -3443.3559766084363,
				"y": -2582.8464279165491,
				"z": -844.64302062664683
			},
			"rotation":
			{
				"pitch": 0,
				"yaw": -149.99999883804523,
				"roll": 0
			},
			"bRandomRotation": false,
			"instanceId":
			{
				"guid": "6064633140527562760",
				"typeId": "5111011",
				"name": "None"
			}
		},
		"7":
		{
			"location":
			{
				"x": -1413.3559766084363,
				"y": 1867.1535720834509,
				"z": -101.6462890043349
			},
			"rotation":
			{
				"pitch": 0,
				"yaw": 119.99999907043605,
				"roll": 0
			},
			"bRandomRotation": false,
			"instanceId":
			{
				"guid": "6064633140542439436",
				"typeId": "5111011",
				"name": "None"
			}
		},
		"8":
		{
			"location":
			{
				"x": -2823.3559766084363,
				"y": -862.84642791654915,
				"z": 46.000001638973117
			},
			"rotation":
			{
				"pitch": 0,
				"yaw": 110.00000193659156,
				"roll": 0
			},
			"bRandomRotation": false,
			"instanceId":
			{
				"guid": "6064633140550041613",
				"typeId": "5111011",
				"name": "None"
			}
		},
		"9":
		{
			"location":
			{
				"x": 1166.64400723367,
				"y": 2883.8969342354685,
				"z": 46.000001638973117
			},
			"rotation":
			{
				"pitch": 0,
				"yaw": -149.99999883804523,
				"roll": 0
			},
			"bRandomRotation": false,
			"instanceId":
			{
				"guid": "6064633140553711630",
				"typeId": "5111011",
				"name": "None"
			}
		}
	},
	"filterOverrideId":
	{
		"guid": "0",
		"typeId": "5111003",
		"name": "None"
	},
	"populationAreaId":
	{
		"guid": "0",
		"typeId": "5171420",
		"name": "None"
	},
	"timedDespawnId":
	{
		"guid": "0",
		"typeId": "5882300",
		"name": "None"
	},
	"overrideActivationRange": 0,
	"gameplayTags":
	{
		"gameplayTags": [],
		"parentTags": []
	},
	"alignmentOverridesIds": [],
	"guid": "6064633140513079301",
	"name": "SAN_Pocket_Dungeon_Communion_Cultist01",
	"typeId": "5111005"
}