{
	"populationInstancesMap":
	{
		"1":
		{
			"location":
			{
				"x": 3095.4116715704149,
				"y": -20113.769425927996,
				"z": 87.471269043174175
			},
			"rotation":
			{
				"pitch": 0,
				"yaw": 170.29588957900253,
				"roll": 0
			},
			"bRandomRotation": false,
			"instanceId":
			{
				"guid": "6064633691155529729",
				"typeId": "5111011",
				"name": "None"
			}
		},
		"2":
		{
			"location":
			{
				"x": 2729.4450045951507,
				"y": -20124.054269753695,
				"z": 93.65595156390043
			},
			"rotation":
			{
				"pitch": 0,
				"yaw": -86.671036339962896,
				"roll": 0
			},
			"bRandomRotation": false,
			"instanceId":
			{
				"guid": "6064633691163066370",
				"typeId": "5111011",
				"name": "None"
			}
		},
		"3":
		{
			"location":
			{
				"x": 3395.2286670407793,
				"y": -20303.663764021439,
				"z": 93.655945146060162
			},
			"rotation":
			{
				"pitch": 0,
				"yaw": -102.90201497397341,
				"roll": 0
			},
			"bRandomRotation": false,
			"instanceId":
			{
				"guid": "6064633691163066370",
				"typeId": "5111011",
				"name": "None"
			}
		},
		"4":
		{
			"location":
			{
				"x": 3095.4116715704149,
				"y": -20113.769425927996,
				"z": 87.471269043174175
			},
			"rotation":
			{
				"pitch": 0,
				"yaw": 170.29588957900253,
				"roll": 0
			},
			"bRandomRotation": false,
			"instanceId":
			{
				"guid": "6064633691174666243",
				"typeId": "5111011",
				"name": "None"
			}
		},
		"5":
		{
			"location":
			{
				"x": 3095.4116715704149,
				"y": -20113.769425927996,
				"z": 87.471269043174175
			},
			"rotation":
			{
				"pitch": 0,
				"yaw": 170.29588957900253,
				"roll": 0
			},
			"bRandomRotation": false,
			"instanceId":
			{
				"guid": "6064633702120816640",
				"typeId": "5111011",
				"name": "None"
			}
		},
		"6":
		{
			"location":
			{
				"x": 3095.4116715704149,
				"y": -20113.769425927996,
				"z": 87.471269043174175
			},
			"rotation":
			{
				"pitch": 0,
				"yaw": 170.29588957900253,
				"roll": 0
			},
			"bRandomRotation": false,
			"instanceId":
			{
				"guid": "6064633702163152919",
				"typeId": "5111011",
				"name": "None"
			}
		},
		"7":
		{
			"location":
			{
				"x": 3095.4116715704149,
				"y": -20113.769425927996,
				"z": 87.471269043174175
			},
			"rotation":
			{
				"pitch": 0,
				"yaw": 170.29588957900253,
				"roll": 0
			},
			"bRandomRotation": false,
			"instanceId":
			{
				"guid": "6064633702167347224",
				"typeId": "5111011",
				"name": "None"
			}
		}
	},
	"filterOverrideId":
	{
		"guid": "0",
		"typeId": "5111003",
		"name": "None"
	},
	"populationAreaId":
	{
		"guid": "0",
		"typeId": "5171420",
		"name": "None"
	},
	"timedDespawnId":
	{
		"guid": "0",
		"typeId": "5882300",
		"name": "None"
	},
	"overrideActivationRange": 0,
	"gameplayTags":
	{
		"gameplayTags": [],
		"parentTags": []
	},
	"alignmentOverridesIds": [],
	"guid": "6064633691150221312",
	"name": "River_C_Node_Emberspring_Respawn_Shrines",
	"typeId": "5111005"
}