{
	"populationInstancesMap":
	{
		"1":
		{
			"location":
			{
				"x": -321712.02566287492,
				"y": 853610.42157326103,
				"z": 7880.1781965196205
			},
			"rotation":
			{
				"pitch": 0,
				"yaw": 77.94841901359672,
				"roll": 0
			},
			"bRandomRotation": false,
			"instanceId":
			{
				"guid": "6064632985558974550",
				"typeId": "5111011",
				"name": "None"
			}
		},
		"2":
		{
			"location":
			{
				"x": -322385.11451474071,
				"y": 854014.69047534093,
				"z": 7918.33206197252
			},
			"rotation":
			{
				"pitch": 0,
				"yaw": 5.3270951448638337,
				"roll": 0
			},
			"bRandomRotation": false,
			"instanceId":
			{
				"guid": "6064632985558974550",
				"typeId": "5111011",
				"name": "None"
			}
		},
		"3":
		{
			"location":
			{
				"x": -320916.9268278188,
				"y": 854104.95734078391,
				"z": 7957.4768460752421
			},
			"rotation":
			{
				"pitch": 0,
				"yaw": 120.23229821864469,
				"roll": 0
			},
			"bRandomRotation": false,
			"instanceId":
			{
				"guid": "6064632985558974550",
				"typeId": "5111011",
				"name": "None"
			}
		},
		"4":
		{
			"location":
			{
				"x": -320916.92679468548,
				"y": 858213.95748132013,
				"z": 8589.7410340577644
			},
			"rotation":
			{
				"pitch": 0,
				"yaw": -114.939392158158,
				"roll": 0
			},
			"bRandomRotation": false,
			"instanceId":
			{
				"guid": "6064632985558974550",
				"typeId": "5111011",
				"name": "None"
			}
		},
		"5":
		{
			"location":
			{
				"x": -322242.2807309592,
				"y": 857875.72234107519,
				"z": 8577.4583388803239
			},
			"rotation":
			{
				"pitch": 0,
				"yaw": -39.539018560801033,
				"roll": 0
			},
			"bRandomRotation": false,
			"instanceId":
			{
				"guid": "6064632985558974550",
				"typeId": "5111011",
				"name": "None"
			}
		},
		"6":
		{
			"location":
			{
				"x": -317893.18001779262,
				"y": 855142.25616498548,
				"z": 8181.5244273340286
			},
			"rotation":
			{
				"pitch": 0,
				"yaw": 156.27941545632081,
				"roll": 0
			},
			"bRandomRotation": false,
			"instanceId":
			{
				"guid": "6064632985558974550",
				"typeId": "5111011",
				"name": "None"
			}
		},
		"7":
		{
			"location":
			{
				"x": -317407.76673587481,
				"y": 855698.58974373329,
				"z": 8193.0930951416285
			},
			"rotation":
			{
				"pitch": 0,
				"yaw": 156.27941545632081,
				"roll": 0
			},
			"bRandomRotation": false,
			"instanceId":
			{
				"guid": "6064632985558974550",
				"typeId": "5111011",
				"name": "None"
			}
		},
		"8":
		{
			"location":
			{
				"x": -315047.72269594576,
				"y": 858865.01825461595,
				"z": 8092.8172362965652
			},
			"rotation":
			{
				"pitch": 0,
				"yaw": 156.27941545632081,
				"roll": 0
			},
			"bRandomRotation": false,
			"instanceId":
			{
				"guid": "6064632985558974550",
				"typeId": "5111011",
				"name": "None"
			}
		},
		"9":
		{
			"location":
			{
				"x": -314659.1361731388,
				"y": 859534.07016242098,
				"z": 7937.0428248975477
			},
			"rotation":
			{
				"pitch": 0,
				"yaw": 156.27941545632081,
				"roll": 0
			},
			"bRandomRotation": false,
			"instanceId":
			{
				"guid": "6064632985558974550",
				"typeId": "5111011",
				"name": "None"
			}
		},
		"10":
		{
			"location":
			{
				"x": -315434.98713813076,
				"y": 858368.65965016582,
				"z": 8136.0069844434365
			},
			"rotation":
			{
				"pitch": 0,
				"yaw": 112.75228311690789,
				"roll": 0
			},
			"bRandomRotation": false,
			"instanceId":
			{
				"guid": "6064632985558974550",
				"typeId": "5111011",
				"name": "None"
			}
		}
	},
	"filterOverrideId":
	{
		"guid": "0",
		"typeId": "5111003",
		"name": "None"
	},
	"populationAreaId":
	{
		"guid": "0",
		"typeId": "5171420",
		"name": "None"
	},
	"timedDespawnId":
	{
		"guid": "0",
		"typeId": "5882300",
		"name": "None"
	},
	"overrideActivationRange": 0,
	"gameplayTags":
	{
		"gameplayTags": [],
		"parentTags": []
	},
	"alignmentOverridesIds": [],
	"guid": "6064632985558974549",
	"name": "PopulationSet_6064632985558974549",
	"typeId": "5111005"
}