{
	"populationInstancesMap":
	{
		"1":
		{
			"location":
			{
				"x": -37950.891846665065,
				"y": 127836.54175179038,
				"z": -431.08099333109385
			},
			"rotation":
			{
				"pitch": 0,
				"yaw": 0,
				"roll": 0
			},
			"bRandomRotation": false,
			"instanceId":
			{
				"guid": "6064631912845017176",
				"typeId": "5111011",
				"name": "None"
			}
		},
		"2":
		{
			"location":
			{
				"x": -41277.40100631502,
				"y": 131571.95848512155,
				"z": -444.6659985701499
			},
			"rotation":
			{
				"pitch": 0,
				"yaw": 0,
				"roll": 0
			},
			"bRandomRotation": false,
			"instanceId":
			{
				"guid": "6064631912845017176",
				"typeId": "5111011",
				"name": "None"
			}
		},
		"3":
		{
			"location":
			{
				"x": -31319.492674707086,
				"y": 136306.31176948984,
				"z": -411.73686674253986
			},
			"rotation":
			{
				"pitch": 0,
				"yaw": 0,
				"roll": 0
			},
			"bRandomRotation": false,
			"instanceId":
			{
				"guid": "6064631912844230743",
				"typeId": "5111011",
				"name": "None"
			}
		},
		"4":
		{
			"location":
			{
				"x": -25119.565721965744,
				"y": 143833.07053304516,
				"z": -360.40109056869369
			},
			"rotation":
			{
				"pitch": 0,
				"yaw": -69.999999457754242,
				"roll": 0
			},
			"bRandomRotation": false,
			"instanceId":
			{
				"guid": "6064631821536329733",
				"typeId": "5111011",
				"name": "None"
			}
		},
		"5":
		{
			"location":
			{
				"x": -25059.847194435657,
				"y": 144223.87937310856,
				"z": -354.6605584099816
			},
			"rotation":
			{
				"pitch": 0,
				"yaw": 139.99999891550888,
				"roll": 0
			},
			"bRandomRotation": false,
			"instanceId":
			{
				"guid": "6064631821536329733",
				"typeId": "5111011",
				"name": "None"
			}
		},
		"6":
		{
			"location":
			{
				"x": -24123.496411859291,
				"y": 141675.41678828798,
				"z": -453.84119537901825
			},
			"rotation":
			{
				"pitch": 0,
				"yaw": 0,
				"roll": 0
			},
			"bRandomRotation": false,
			"instanceId":
			{
				"guid": "6064631821544128520",
				"typeId": "5111011",
				"name": "None"
			}
		},
		"7":
		{
			"location":
			{
				"x": -22251.567251410335,
				"y": 145500.65615698608,
				"z": -571.70762491632922
			},
			"rotation":
			{
				"pitch": 0,
				"yaw": 0,
				"roll": -0
			},
			"bRandomRotation": false,
			"instanceId":
			{
				"guid": "6064631821546881033",
				"typeId": "5111011",
				"name": "None"
			}
		},
		"8":
		{
			"location":
			{
				"x": -53078.229902074556,
				"y": 158999.93491174473,
				"z": -606.32772293583912
			},
			"rotation":
			{
				"pitch": 0,
				"yaw": 0,
				"roll": 0
			},
			"bRandomRotation": false,
			"instanceId":
			{
				"guid": "6064631821665501203",
				"typeId": "5111011",
				"name": "None"
			}
		},
		"9":
		{
			"location":
			{
				"x": -53122.655326762353,
				"y": 160391.2090062084,
				"z": -606.32718616980128
			},
			"rotation":
			{
				"pitch": -0,
				"yaw": -179.9999986056543,
				"roll": 0
			},
			"bRandomRotation": false,
			"instanceId":
			{
				"guid": "6064631821718847510",
				"typeId": "5111011",
				"name": "None"
			}
		},
		"10":
		{
			"location":
			{
				"x": -40273.387094957405,
				"y": 129601.52968311467,
				"z": -504.38432786747217
			},
			"rotation":
			{
				"pitch": 0,
				"yaw": 0,
				"roll": 0
			},
			"bRandomRotation": false,
			"instanceId":
			{
				"guid": "6064631912833286218",
				"typeId": "5111011",
				"name": "None"
			}
		},
		"11":
		{
			"location":
			{
				"x": -39385.660788122681,
				"y": 128452.94773832493,
				"z": -500.89563899758832
			},
			"rotation":
			{
				"pitch": 0,
				"yaw": 149.99999883804506,
				"roll": -0
			},
			"bRandomRotation": false,
			"instanceId":
			{
				"guid": "6064631912833286218",
				"typeId": "5111011",
				"name": "None"
			}
		},
		"12":
		{
			"location":
			{
				"x": -41711.025427282206,
				"y": 129562.25165124732,
				"z": -499.732684124554
			},
			"rotation":
			{
				"pitch": 0,
				"yaw": 49.999999612681719,
				"roll": -0
			},
			"bRandomRotation": false,
			"instanceId":
			{
				"guid": "6064631912833286218",
				"typeId": "5111011",
				"name": "None"
			}
		},
		"13":
		{
			"location":
			{
				"x": -42245.422332922113,
				"y": 130620.96710179379,
				"z": -504.38434705181317
			},
			"rotation":
			{
				"pitch": 0,
				"yaw": 49.999999612681734,
				"roll": 0
			},
			"bRandomRotation": false,
			"instanceId":
			{
				"guid": "6064631912833286218",
				"typeId": "5111011",
				"name": "None"
			}
		},
		"14":
		{
			"location":
			{
				"x": -41886.768934252555,
				"y": 131970.05536530277,
				"z": -504.38422276077472
			},
			"rotation":
			{
				"pitch": -0,
				"yaw": -120.00000185912779,
				"roll": 0
			},
			"bRandomRotation": false,
			"instanceId":
			{
				"guid": "6064631912833286218",
				"typeId": "5111011",
				"name": "None"
			}
		},
		"15":
		{
			"location":
			{
				"x": -40132.388352155802,
				"y": 128440.38739799435,
				"z": -500.89558160544766
			},
			"rotation":
			{
				"pitch": -0,
				"yaw": -30.000002556300792,
				"roll": 0
			},
			"bRandomRotation": false,
			"instanceId":
			{
				"guid": "6064631912833286218",
				"typeId": "5111011",
				"name": "None"
			}
		},
		"16":
		{
			"location":
			{
				"x": -38176.503975828062,
				"y": 128416.37867149111,
				"z": -503.22139068451361
			},
			"rotation":
			{
				"pitch": -0,
				"yaw": -40.000002478837132,
				"roll": 0
			},
			"bRandomRotation": false,
			"instanceId":
			{
				"guid": "6064631912833286218",
				"typeId": "5111011",
				"name": "None"
			}
		},
		"17":
		{
			"location":
			{
				"x": -37658.69223388622,
				"y": 129588.58851964463,
				"z": -499.73282992954955
			},
			"rotation":
			{
				"pitch": -0,
				"yaw": -130.00000178166417,
				"roll": 0
			},
			"bRandomRotation": false,
			"instanceId":
			{
				"guid": "6064631912833286218",
				"typeId": "5111011",
				"name": "None"
			}
		},
		"18":
		{
			"location":
			{
				"x": -38151.553465158097,
				"y": 130242.95638244395,
				"z": -489.16117097078495
			},
			"rotation":
			{
				"pitch": 0,
				"yaw": 49.999996823989846,
				"roll": -0
			},
			"bRandomRotation": false,
			"instanceId":
			{
				"guid": "6064631912833286218",
				"typeId": "5111011",
				"name": "None"
			}
		},
		"19":
		{
			"location":
			{
				"x": -39577.894550718251,
				"y": 133535.6124323628,
				"z": -504.0223856541561
			},
			"rotation":
			{
				"pitch": 0,
				"yaw": 169.99999589442595,
				"roll": -0
			},
			"bRandomRotation": false,
			"instanceId":
			{
				"guid": "6064631912833286218",
				"typeId": "5111011",
				"name": "None"
			}
		},
		"20":
		{
			"location":
			{
				"x": -37796.611062536365,
				"y": 133828.62778499239,
				"z": -504.38417832191226
			},
			"rotation":
			{
				"pitch": -0,
				"yaw": -40.000002478836571,
				"roll": 0
			},
			"bRandomRotation": false,
			"instanceId":
			{
				"guid": "6064631912841019476",
				"typeId": "5111011",
				"name": "None"
			}
		},
		"21":
		{
			"location":
			{
				"x": -35276.751992513076,
				"y": 133313.50762660912,
				"z": -504.38425245714279
			},
			"rotation":
			{
				"pitch": -0,
				"yaw": -40.000002478836684,
				"roll": 0
			},
			"bRandomRotation": false,
			"instanceId":
			{
				"guid": "6064631912841019476",
				"typeId": "5111011",
				"name": "None"
			}
		},
		"22":
		{
			"location":
			{
				"x": -27241.384961918578,
				"y": 136914.25388439948,
				"z": -426.85504266820135
			},
			"rotation":
			{
				"pitch": 0,
				"yaw": 0,
				"roll": 0
			},
			"bRandomRotation": false,
			"instanceId":
			{
				"guid": "6064631912844230743",
				"typeId": "5111011",
				"name": "None"
			}
		},
		"23":
		{
			"location":
			{
				"x": -36019.59985428222,
				"y": 128911.34617312934,
				"z": -430.72292038846899
			},
			"rotation":
			{
				"pitch": 0,
				"yaw": 0,
				"roll": 0
			},
			"bRandomRotation": false,
			"instanceId":
			{
				"guid": "6064631912845017176",
				"typeId": "5111011",
				"name": "None"
			}
		},