{
	"populationInstancesMap":
	{
		"1":
		{
			"location":
			{
				"x": -4829.0349183753133,
				"y": -2570.3171852642554,
				"z": 110.0329948018607
			},
			"rotation":
			{
				"pitch": 0,
				"yaw": 0,
				"roll": 0
			},
			"bRandomRotation": false,
			"instanceId":
			{
				"guid": "6064630270761781432",
				"typeId": "5111011",
				"name": "None"
			}
		},
		"2":
		{
			"location":
			{
				"x": -1817.8908654510742,
				"y": 2010.9743459465099,
				"z": 134.97599654863552
			},
			"rotation":
			{
				"pitch": 0,
				"yaw": 34.999996940185518,
				"roll": 0
			},
			"bRandomRotation": false,
			"instanceId":
			{
				"guid": "6064630270761781436",
				"typeId": "5111011",
				"name": "None"
			}
		},
		"3":
		{
			"location":
			{
				"x": -2429.7526927322615,
				"y": 1653.713323730859,
				"z": 112.44773723458275
			},
			"rotation":
			{
				"pitch": 0,
				"yaw": 90.909884609947355,
				"roll": -0
			},
			"bRandomRotation": false,
			"instanceId":
			{
				"guid": "6064630270761781438",
				"typeId": "5111011",
				"name": "None"
			}
		},
		"4":
		{
			"location":
			{
				"x": 638.25784682261292,
				"y": 3677.4357768503833,
				"z": 117.53094556389624
			},
			"rotation":
			{
				"pitch": 0,
				"yaw": 82.667369730604491,
				"roll": -0
			},
			"bRandomRotation": false,
			"instanceId":
			{
				"guid": "6064630270761781443",
				"typeId": "5111011",
				"name": "None"
			}
		},
		"5":
		{
			"location":
			{
				"x": 157.76918082381599,
				"y": -3163.5768596579437,
				"z": 87.420991368950126
			},
			"rotation":
			{
				"pitch": 0,
				"yaw": 0,
				"roll": -0
			},
			"bRandomRotation": false,
			"instanceId":
			{
				"guid": "6064630270761781453",
				"typeId": "5111011",
				"name": "None"
			}
		},
		"6":
		{
			"location":
			{
				"x": 2190.100374003523,
				"y": -4747.2764468622045,
				"z": 99.488864361215747
			},
			"rotation":
			{
				"pitch": 0,
				"yaw": 9.9999999225364107,
				"roll": -0
			},
			"bRandomRotation": false,
			"instanceId":
			{
				"guid": "6064630270761781456",
				"typeId": "5111011",
				"name": "None"
			}
		},
		"7":
		{
			"location":
			{
				"x": 115.13004374678712,
				"y": -5719.0951604992733,
				"z": 100.10374311321175
			},
			"rotation":
			{
				"pitch": 0,
				"yaw": 0,
				"roll": -0
			},
			"bRandomRotation": false,
			"instanceId":
			{
				"guid": "6064630270761781443",
				"typeId": "5111011",
				"name": "None"
			}
		},
		"8":
		{
			"location":
			{
				"x": -1040.1229669409804,
				"y": -5250.954356876784,
				"z": 365.03332613193197
			},
			"rotation":
			{
				"pitch": -0,
				"yaw": -109.99999914789987,
				"roll": 0
			},
			"bRandomRotation": false,
			"instanceId":
			{
				"guid": "6064630270761781453",
				"typeId": "5111011",
				"name": "None"
			}
		},
		"9":
		{
			"location":
			{
				"x": -4069.7577997435583,
				"y": -1523.9282271171687,
				"z": 110.03311567284254
			},
			"rotation":
			{
				"pitch": 0,
				"yaw": 119.99999907043635,
				"roll": 0
			},
			"bRandomRotation": false,
			"instanceId":
			{
				"guid": "6064630270761781464",
				"typeId": "5111011",
				"name": "None"
			}
		},
		"10":
		{
			"location":
			{
				"x": -1566.430811305414,
				"y": 5537.5737574942177,
				"z": 147.86997299298309
			},
			"rotation":
			{
				"pitch": 0,
				"yaw": 114.999999109168,
				"roll": -0
			},
			"bRandomRotation": false,
			"instanceId":
			{
				"guid": "6064630270761781456",
				"typeId": "5111011",
				"name": "None"
			}
		},
		"11":
		{
			"location":
			{
				"x": -1070.7073702341877,
				"y": 5235.7750770638813,
				"z": 105.12482839312906
			},
			"rotation":
			{
				"pitch": 0,
				"yaw": 0,
				"roll": -0
			},
			"bRandomRotation": false,
			"instanceId":
			{
				"guid": "6064630270761781453",
				"typeId": "5111011",
				"name": "None"
			}
		},
		"12":
		{
			"location":
			{
				"x": -576.66094081569463,
				"y": 6335.2344240554958,
				"z": 105.37078191469845
			},
			"rotation":
			{
				"pitch": -0,
				"yaw": -49.999999612681897,
				"roll": 0
			},
			"bRandomRotation": false,
			"instanceId":
			{
				"guid": "6064630270761781472",
				"typeId": "5111011",
				"name": "None"
			}
		},
		"13":
		{
			"location":
			{
				"x": 2136.2063757815631,
				"y": 5131.2258051925455,
				"z": 162.69088813738563
			},
			"rotation":
			{
				"pitch": 0,
				"yaw": 119.99999907043654,
				"roll": -0
			},
			"bRandomRotation": false,
			"instanceId":
			{
				"guid": "6064630270761781480",
				"typeId": "5111011",
				"name": "None"
			}
		},
		"14":
		{
			"location":
			{
				"x": 2119.7270953644766,
				"y": 6106.4845973859192,
				"z": 181.51871811212732
			},
			"rotation":
			{
				"pitch": -0,
				"yaw": -145.0000016654684,
				"roll": 0
			},
			"bRandomRotation": false,
			"instanceId":
			{
				"guid": "6064630270761781480",
				"typeId": "5111011",
				"name": "None"
			}
		},
		"15":
		{
			"location":
			{
				"x": 1706.0463154701283,
				"y": 5535.8421527325991,
				"z": 159.76482742536064
			},
			"rotation":
			{
				"pitch": 0,
				"yaw": 0,
				"roll": -0
			},
			"bRandomRotation": false,
			"instanceId":
			{
				"guid": "6064630270761781486",
				"typeId": "5111011",
				"name": "None"
			}
		},
		"16":
		{
			"location":
			{
				"x": 2882.8663059397368,
				"y": 5552.5576062343898,
				"z": 185.08901104650613
			},
			"rotation":
			{
				"pitch": 0,
				"yaw": 114.99999910916803,
				"roll": 0
			},
			"bRandomRotation": false,
			"instanceId":
			{
				"guid": "6064630270761781480",
				"typeId": "5111011",
				"name": "None"
			}
		},
		"17":
		{
			"location":
			{
				"x": 1612.9370417890605,
				"y": 6205.6022273750277,
				"z": 821.51867248071358
			},
			"rotation":
			{
				"pitch": 0,
				"yaw": 0,
				"roll": -0
			},
			"bRandomRotation": false,
			"instanceId":
			{
				"guid": "6064630270761781486",
				"typeId": "5111011",
				"name": "None"
			}
		},
		"18":
		{
			"location":
			{
				"x": 4979.6217947260011,
				"y": 2898.5576160777127,
				"z": 158.08856473876222
			},
			"rotation":
			{
				"pitch": -0,
				"yaw": -99.999999225363666,
				"roll": 0
			},
			"bRandomRotation": false,
			"instanceId":
			{
				"guid": "6064630270761781494",
				"typeId": "5111011",
				"name": "None"
			}
		},
		"19":
		{
			"location":
			{
				"x": 4920.6884405117016,
				"y": 2561.5654216344119,
				"z": 158.08853680746688
			},
			"rotation":
			{
				"pitch": 0,
				"yaw": 79.999999380290561,
				"roll": -0
			},
			"bRandomRotation": false,
			"instanceId":
			{
				"guid": "6064630270761781494",
				"typeId": "5111011",
				"name": "None"
			}
		},
		"20":
		{
			"location":
			{
				"x": 4359.3041651070816,
				"y": 3328.4704601059784,
				"z": 160.1335221194422
			},
			"rotation":
			{
				"pitch": 0,
				"yaw": 0,
				"roll": 0
			},
			"bRandomRotation": false,
			"instanceId":
			{
				"guid": "6064630270761781506",
				"typeId": "5111011",
				"name": "None"
			}
		},
		"21":
		{
			"location":
			{
				"x": 2480.367502987152,
				"y": 3368.6570508226287,
				"z": 164.73518013316607
			},
			"rotation":
			{
				"pitch": 0,
				"yaw": 0,
				"roll": -0
			},
			"bRandomRotation": false,
			"instanceId":
			{
				"guid": "6064630270761781506",
				"typeId": "5111011",
				"name": "None"
			}
		},
		"22":
		{
			"location":
			{
				"x": -1990.0504382628715,
				"y": -1499.5845622557681,
				"z": 124.19855200414531
			},
			"rotation":
			{
				"pitch": -0,
				"yaw": -69.999999457754598,
				"roll": 0
			},
			"bRandomRotation": false,
			"instanceId":
			{
				"guid": "6064630270761781514",
				"typeId": "5111011",
				"name": "None"
			}
		},
		"23":
		{
			"location":
			{
				"x": -2051.4960055556148,
				"y": -2108.8567959967186,
				"z": 124.11872160082385
			},
			"rotation":
			{
				"pitch": 0,
				"yaw": 49.999999612681513,
				"roll": 0
			},
			"bRandomRotation": false,
			"instanceId":
			{
				"guid": "6064630270761781514",
				"typeId": "5111011",
				"name": "None"
			}
		},