{
	"populationInstancesMap":
	{
		"1":
		{
			"location":
			{
				"x": 15131.375858318759,
				"y": 21426.724679581472,
				"z": -851.07913695680509
			},
			"rotation":
			{
				"pitch": 69.499269172075032,
				"yaw": 0,
				"roll": 0
			},
			"bRandomRotation": false,
			"instanceId":
			{
				"guid": "6064631273232465977",
				"typeId": "5111011",
				"name": "None"
			}
		},
		"2":
		{
			"location":
			{
				"x": 13382.249623070587,
				"y": 22457.210226997617,
				"z": -740.70998540557412
			},
			"rotation":
			{
				"pitch": -0,
				"yaw": -173.23233929466093,
				"roll": 0
			},
			"bRandomRotation": false,
			"instanceId":
			{
				"guid": "6064631273582100491",
				"typeId": "5111011",
				"name": "None"
			}
		},
		"3":
		{
			"location":
			{
				"x": 16105.571381867048,
				"y": 20640.595790866995,
				"z": -825.21273650100375
			},
			"rotation":
			{
				"pitch": 0,
				"yaw": 0,
				"roll": 0
			},
			"bRandomRotation": false,
			"instanceId":
			{
				"guid": "6064631266666938541",
				"typeId": "5111011",
				"name": "None"
			}
		},
		"4":
		{
			"location":
			{
				"x": 19495.635895782616,
				"y": 22310.255348873674,
				"z": -549.46242508473551
			},
			"rotation":
			{
				"pitch": -0,
				"yaw": -96.218089643363967,
				"roll": 0
			},
			"bRandomRotation": false,
			"instanceId":
			{
				"guid": "6064631273582100491",
				"typeId": "5111011",
				"name": "None"
			}
		},
		"5":
		{
			"location":
			{
				"x": 20453.104374618037,
				"y": 22358.738246594323,
				"z": -579.22385379059233
			},
			"rotation":
			{
				"pitch": 0,
				"yaw": 79.831460418726294,
				"roll": -0
			},
			"bRandomRotation": false,
			"instanceId":
			{
				"guid": "6064631273725034498",
				"typeId": "5111011",
				"name": "None"
			}
		},
		"6":
		{
			"location":
			{
				"x": 20004.110312557197,
				"y": 21026.725720431656,
				"z": -733.90680674571558
			},
			"rotation":
			{
				"pitch": -0,
				"yaw": -62.141317846919989,
				"roll": 0
			},
			"bRandomRotation": false,
			"instanceId":
			{
				"guid": "6064631273582100491",
				"typeId": "5111011",
				"name": "None"
			}
		},
		"7":
		{
			"location":
			{
				"x": 13086.685464846552,
				"y": 20251.460692892899,
				"z": -775.80012284727309
			},
			"rotation":
			{
				"pitch": 0,
				"yaw": 54.169346525363572,
				"roll": -0
			},
			"bRandomRotation": false,
			"instanceId":
			{
				"guid": "6064631272808054798",
				"typeId": "5111011",
				"name": "None"
			}
		},
		"8":
		{
			"location":
			{
				"x": 12532.788649054593,
				"y": 21695.603226810461,
				"z": -621.76128903324752
			},
			"rotation":
			{
				"pitch": -0,
				"yaw": -85.625975459220967,
				"roll": 0
			},
			"bRandomRotation": false,
			"instanceId":
			{
				"guid": "6064631273725034498",
				"typeId": "5111011",
				"name": "None"
			}
		},
		"9":
		{
			"location":
			{
				"x": 17619.36729242513,
				"y": 17291.333231543424,
				"z": -782.96141730900308
			},
			"rotation":
			{
				"pitch": -0,
				"yaw": -18.317259827611508,
				"roll": 0
			},
			"bRandomRotation": false,
			"instanceId":
			{
				"guid": "6064631273725034498",
				"typeId": "5111011",
				"name": "None"
			}
		},
		"10":
		{
			"location":
			{
				"x": 18596.81903901929,
				"y": 16866.700974635663,
				"z": -710.2746904714204
			},
			"rotation":
			{
				"pitch": 0,
				"yaw": 65.950815647222527,
				"roll": -0
			},
			"bRandomRotation": false,
			"instanceId":
			{
				"guid": "6064631272808054798",
				"typeId": "5111011",
				"name": "None"
			}
		},
		"11":
		{
			"location":
			{
				"x": 15108.376697531086,
				"y": 18769.749335217406,
				"z": -801.40873502142131
			},
			"rotation":
			{
				"pitch": 0,
				"yaw": 0,
				"roll": 0
			},
			"bRandomRotation": false,
			"instanceId":
			{
				"guid": "6064631272791539721",
				"typeId": "5111011",
				"name": "None"
			}
		},
		"12":
		{
			"location":
			{
				"x": 23109.834434827324,
				"y": 27347.647530560731,
				"z": -499.37587094567061
			},
			"rotation":
			{
				"pitch": -0,
				"yaw": -49.45459530897034,
				"roll": 0
			},
			"bRandomRotation": false,
			"instanceId":
			{
				"guid": "6064631273329393741",
				"typeId": "5111011",
				"name": "None"
			}
		},
		"13":
		{
			"location":
			{
				"x": 22757.836534108152,
				"y": 34602.802609378588,
				"z": 665.40142045183347
			},
			"rotation":
			{
				"pitch": -0,
				"yaw": -20.673890202240447,
				"roll": 0
			},
			"bRandomRotation": false,
			"instanceId":
			{
				"guid": "6064631266666938541",
				"typeId": "5111011",
				"name": "None"
			}
		},
		"14":
		{
			"location":
			{
				"x": 22487.943952988833,
				"y": 35643.763258978375,
				"z": 622.88672218053944
			},
			"rotation":
			{
				"pitch": 0,
				"yaw": 89.295344440692091,
				"roll": -0
			},
			"bRandomRotation": false,
			"instanceId":
			{
				"guid": "6064631272791539721",
				"typeId": "5111011",
				"name": "None"
			}
		},
		"15":
		{
			"location":
			{
				"x": 23502.54113889928,
				"y": 35766.951983536012,
				"z": 564.78584311885788
			},
			"rotation":
			{
				"pitch": 0,
				"yaw": 173.23536478323285,
				"roll": -0
			},
			"bRandomRotation": false,
			"instanceId":
			{
				"guid": "6064631273582100491",
				"typeId": "5111011",
				"name": "None"
			}
		},
		"16":
		{
			"location":
			{
				"x": 24095.651780910208,
				"y": 35068.265004415764,
				"z": 564.78582491789166
			},
			"rotation":
			{
				"pitch": 0,
				"yaw": 91.748181406173529,
				"roll": -0
			},
			"bRandomRotation": false,
			"instanceId":
			{
				"guid": "6064631273725034498",
				"typeId": "5111011",
				"name": "None"
			}
		},
		"17":
		{
			"location":
			{
				"x": 23315.003596149967,
				"y": 36132.407547661103,
				"z": 574.08434015146122
			},
			"rotation":
			{
				"pitch": -0,
				"yaw": -22.704255219618808,
				"roll": 0
			},
			"bRandomRotation": false,
			"instanceId":
			{
				"guid": "6064631266666938541",
				"typeId": "5111011",
				"name": "None"
			}
		},
		"18":
		{
			"location":
			{
				"x": 25225.638252075179,
				"y": 35527.473315494368,
				"z": 689.03350397239228
			},
			"rotation":
			{
				"pitch": -0,
				"yaw": -59.748341432426841,
				"roll": 0
			},
			"bRandomRotation": false,
			"instanceId":
			{
				"guid": "6064631272808054798",
				"typeId": "5111011",
				"name": "None"
			}
		},
		"19":
		{
			"location":
			{
				"x": 25833.11509866931,
				"y": 35651.793087312253,
				"z": 689.03351926269352
			},
			"rotation":
			{
				"pitch": -0,
				"yaw": -124.22981590905738,
				"roll": 0
			},
			"bRandomRotation": false,
			"instanceId":
			{
				"guid": "6064631272808054798",
				"typeId": "5111011",
				"name": "None"
			}
		},
		"20":
		{
			"location":
			{
				"x": 20454.547474890715,
				"y": 36438.457395636011,
				"z": 601.07501279281678
			},
			"rotation":
			{
				"pitch": -0,
				"yaw": -31.571690030706694,
				"roll": 0
			},
			"bRandomRotation": false,
			"instanceId":
			{
				"guid": "6064631272791539721",
				"typeId": "5111011",
				"name": "None"
			}
		},
		"21":
		{
			"location":
			{
				"x": 20337.058652591193,
				"y": 36766.012757460936,
				"z": 602.0242996072775
			},
			"rotation":
			{
				"pitch": 0,
				"yaw": 144.274973776152,
				"roll": -0
			},
			"bRandomRotation": false,
			"instanceId":
			{
				"guid": "6064631273725034498",
				"typeId": "5111011",
				"name": "None"
			}
		},
		"22":
		{
			"location":
			{
				"x": 19529.280492633581,
				"y": 36417.195077929297,
				"z": 610.14165297771433
			},
			"rotation":
			{
				"pitch": -0,
				"yaw": -115.51821334434509,
				"roll": 0
			},
			"bRandomRotation": false,
			"instanceId":
			{
				"guid": "6064631273582100491",
				"typeId": "5111011",
				"name": "None"
			}
		},
		"23":
		{
			"location":
			{
				"x": 18652.652087894967,
				"y": 35661.345189676271,
				"z": 588.11992120957075
			},
			"rotation":
			{
				"pitch": -0,
				"yaw": -15.515459685228848,
				"roll": 0
			},
			"bRandomRotation": false,