{
	"populationInstancesMap":
	{
		"1":
		{
			"location":
			{
				"x": -5826.1358944896683,
				"y": 5112.2278326072073,
				"z": 0.00012375098503980553
			},
			"rotation":
			{
				"pitch": -0,
				"yaw": -78.266195830948107,
				"roll": 0
			},
			"bRandomRotation": false,
			"instanceId":
			{
				"guid": "6064631317425618962",
				"typeId": "5111011",
				"name": "None"
			}
		},
		"2":
		{
			"location":
			{
				"x": -5613.1358944896683,
				"y": 5170.2278326072073,
				"z": 7.6751309904921072e-05
			},
			"rotation":
			{
				"pitch": 0,
				"yaw": -78.266195830948107,
				"roll": 0
			},
			"bRandomRotation": false,
			"instanceId":
			{
				"guid": "6064631317425618962",
				"typeId": "5111011",
				"name": "None"
			}
		},
		"3":
		{
			"location":
			{
				"x": -5408.1358944896683,
				"y": 5207.2278326072073,
				"z": 0.00010380869639448065
			},
			"rotation":
			{
				"pitch": 0,
				"yaw": -78.266195830948107,
				"roll": 0
			},
			"bRandomRotation": false,
			"instanceId":
			{
				"guid": "6064631317425618962",
				"typeId": "5111011",
				"name": "None"
			}
		},
		"4":
		{
			"location":
			{
				"x": -5741.1358944896683,
				"y": 5348.2278326072073,
				"z": 0.00010189627670342816
			},
			"rotation":
			{
				"pitch": 0,
				"yaw": -78.266195830948107,
				"roll": 0
			},
			"bRandomRotation": false,
			"instanceId":
			{
				"guid": "6064631317425618962",
				"typeId": "5111011",
				"name": "None"
			}
		},
		"5":
		{
			"location":
			{
				"x": -5471.1358944896683,
				"y": 5436.2278326072073,
				"z": 9.8258688410624018e-05
			},
			"rotation":
			{
				"pitch": 0,
				"yaw": -78.266195830948107,
				"roll": 0
			},
			"bRandomRotation": false,
			"instanceId":
			{
				"guid": "6064631317425618962",
				"typeId": "5111011",
				"name": "None"
			}
		},
		"6":
		{
			"location":
			{
				"x": -5250.1358944896683,
				"y": 5409.2278326072073,
				"z": 0.00010057428130494372
			},
			"rotation":
			{
				"pitch": 0,
				"yaw": -78.266195830948107,
				"roll": 0
			},
			"bRandomRotation": false,
			"instanceId":
			{
				"guid": "6064631317425618962",
				"typeId": "5111011",
				"name": "None"
			}
		},
		"7":
		{
			"location":
			{
				"x": -5949.1358944896683,
				"y": 5310.2278326072073,
				"z": 9.1265890716840659e-05
			},
			"rotation":
			{
				"pitch": 0,
				"yaw": -78.266195830948107,
				"roll": 0
			},
			"bRandomRotation": false,
			"instanceId":
			{
				"guid": "6064631317425618962",
				"typeId": "5111011",
				"name": "None"
			}
		},
		"8":
		{
			"location":
			{
				"x": -5949.1358944896683,
				"y": 5310.2278326072073,
				"z": 9.1265890716840659e-05
			},
			"rotation":
			{
				"pitch": 0,
				"yaw": -78.266195830948107,
				"roll": 0
			},
			"bRandomRotation": false,
			"instanceId":
			{
				"guid": "6064631317425618962",
				"typeId": "5111011",
				"name": "None"
			}
		}
	},
	"filterOverrideId":
	{
		"guid": "0",
		"typeId": "5111003",
		"name": "None"
	},
	"populationAreaId":
	{
		"guid": "0",
		"typeId": "5171420",
		"name": "None"
	},
	"timedDespawnId":
	{
		"guid": "0",
		"typeId": "5882300",
		"name": "None"
	},
	"overrideActivationRange": 0,
	"gameplayTags":
	{
		"gameplayTags": [],
		"parentTags": []
	},
	"alignmentOverridesIds": [],
	"guid": "6064631317425618961",
	"name": "PS_Testing_KaelarForces",
	"typeId": "5111005"
}