{
	"populationInstancesMap":
	{
		"1":
		{
			"location":
			{
				"x": -15.523584983078763,
				"y": -1223.3891583739896,
				"z": -18758.644473797318
			},
			"rotation":
			{
				"pitch": 0,
				"yaw": 0,
				"roll": -0
			},
			"bRandomRotation": false,
			"instanceId":
			{
				"guid": "6064631557763039235",
				"typeId": "5111011",
				"name": "None"
			}
		},
		"2":
		{
			"location":
			{
				"x": 1358.7576028199401,
				"y": -1243.3630280385842,
				"z": -18758.624699333821
			},
			"rotation":
			{
				"pitch": 0,
				"yaw": 79.999999380290731,
				"roll": 0
			},
			"bRandomRotation": false,
			"instanceId":
			{
				"guid": "6064631557936513024",
				"typeId": "5111011",
				"name": "None"
			}
		},
		"3":
		{
			"location":
			{
				"x": -34.091219066525809,
				"y": -495.94596581085352,
				"z": -18740.136730596958
			},
			"rotation":
			{
				"pitch": 0,
				"yaw": 0,
				"roll": 0
			},
			"bRandomRotation": false,
			"instanceId":
			{
				"guid": "6064631557937823745",
				"typeId": "5111011",
				"name": "None"
			}
		},
		"4":
		{
			"location":
			{
				"x": 6124.3948020132957,
				"y": 2865.6777885229676,
				"z": -18758.436351492703
			},
			"rotation":
			{
				"pitch": -0,
				"yaw": -159.99999876058146,
				"roll": 0
			},
			"bRandomRotation": false,
			"instanceId":
			{
				"guid": "6064631557939658754",
				"typeId": "5111011",
				"name": "None"
			}
		},
		"5":
		{
			"location":
			{
				"x": 6271.8300650690217,
				"y": 1591.02908399835,
				"z": -18758.495610401886
			},
			"rotation":
			{
				"pitch": 0,
				"yaw": 89.999999302826964,
				"roll": 0
			},
			"bRandomRotation": false,
			"instanceId":
			{
				"guid": "6064631557942476803",
				"typeId": "5111011",
				"name": "None"
			}
		},
		"6":
		{
			"location":
			{
				"x": 6271.8300650690217,
				"y": 1761.02908399835,
				"z": -18758.495610401886
			},
			"rotation":
			{
				"pitch": -0,
				"yaw": -89.999999302826964,
				"roll": 0
			},
			"bRandomRotation": false,
			"instanceId":
			{
				"guid": "6064631557943656452",
				"typeId": "5111011",
				"name": "None"
			}
		},
		"7":
		{
			"location":
			{
				"x": 3084.3948020132957,
				"y": -6804.3222114770324,
				"z": -18758.436351492703
			},
			"rotation":
			{
				"pitch": 0,
				"yaw": 59.999999535218031,
				"roll": -0
			},
			"bRandomRotation": false,
			"instanceId":
			{
				"guid": "6064631557976621064",
				"typeId": "5111011",
				"name": "None"
			}
		},
		"8":
		{
			"location":
			{
				"x": 3811.8300650690217,
				"y": -6198.97091600165,
				"z": -18758.495610401886
			},
			"rotation":
			{
				"pitch": 0,
				"yaw": 99.999999225363496,
				"roll": 0
			},
			"bRandomRotation": false,
			"instanceId":
			{
				"guid": "6064631557977407497",
				"typeId": "5111011",
				"name": "None"
			}
		},
		"9":
		{
			"location":
			{
				"x": 2781.8300650690217,
				"y": -5658.97091600165,
				"z": -18758.495610401886
			},
			"rotation":
			{
				"pitch": 0,
				"yaw": -159.99999876058126,
				"roll": 0
			},
			"bRandomRotation": false,
			"instanceId":
			{
				"guid": "6064631557977866250",
				"typeId": "5111011",
				"name": "None"
			}
		},
		"10":
		{
			"location":
			{
				"x": 1771.8300650690217,
				"y": -7668.97091600165,
				"z": -18758.495610401886
			},
			"rotation":
			{
				"pitch": 0,
				"yaw": 9.9999999225363183,
				"roll": 0
			},
			"bRandomRotation": false,
			"instanceId":
			{
				"guid": "6064631557978325003",
				"typeId": "5111011",
				"name": "None"
			}
		},
		"11":
		{
			"location":
			{
				"x": 2004.4764150169212,
				"y": 1146.6108416260104,
				"z": -18758.644473797318
			},
			"rotation":
			{
				"pitch": 0,
				"yaw": 139.99999891550868,
				"roll": 0
			},
			"bRandomRotation": false,
			"instanceId":
			{
				"guid": "6064632564398227494",
				"typeId": "5111011",
				"name": "None"
			}
		},
		"12":
		{
			"location":
			{
				"x": 1078.7576028199401,
				"y": 866.63697196141584,
				"z": -18758.624699333821
			},
			"rotation":
			{
				"pitch": 0,
				"yaw": 109.99999914789986,
				"roll": 0
			},
			"bRandomRotation": false,
			"instanceId":
			{
				"guid": "6064632564416577575",
				"typeId": "5111011",
				"name": "None"
			}
		},
		"13":
		{
			"location":
			{
				"x": 1065.9087809334742,
				"y": 394.05403418914648,
				"z": -18740.136730596958
			},
			"rotation":
			{
				"pitch": 0,
				"yaw": -2.8421709430404002e-13,
				"roll": 0
			},
			"bRandomRotation": false,
			"instanceId":
			{
				"guid": "6064632564311982110",
				"typeId": "5111011",
				"name": "None"
			}
		},
		"14":
		{
			"location":
			{
				"x": 7454.3948020132957,
				"y": 1095.6777885229676,
				"z": -17842.281527371611
			},
			"rotation":
			{
				"pitch": 0,
				"yaw": -169.99999868311781,
				"roll": 0
			},
			"bRandomRotation": false,
			"instanceId":
			{
				"guid": "6064632564421885993",
				"typeId": "5111011",
				"name": "None"
			}
		},
		"15":
		{
			"location":
			{
				"x": 7351.8300650690217,
				"y": -808.97091600165004,
				"z": -17832.281536402865
			},
			"rotation":
			{
				"pitch": 0,
				"yaw": -120.00000185912792,
				"roll": 0
			},
			"bRandomRotation": false,
			"instanceId":
			{
				"guid": "6064632564423852074",
				"typeId": "5111011",
				"name": "None"
			}
		},
		"16":
		{
			"location":
			{
				"x": 7271.8300650690217,
				"y": -948.97091600165004,
				"z": -17832.281521144076
			},
			"rotation":
			{
				"pitch": 0,
				"yaw": 59.99999953521791,
				"roll": 0
			},
			"bRandomRotation": false,
			"instanceId":
			{
				"guid": "6064632564426866731",
				"typeId": "5111011",
				"name": "None"
			}
		},
		"17":
		{
			"location":
			{
				"x": 3564.3948020132957,
				"y": -5114.3222114770324,
				"z": -18758.436351492703
			},
			"rotation":
			{
				"pitch": 0,
				"yaw": 99.999999225363339,
				"roll": 0
			},
			"bRandomRotation": false,
			"instanceId":
			{
				"guid": "6064632564429422636",
				"typeId": "5111011",
				"name": "None"
			}
		},
		"18":
		{
			"location":
			{
				"x": 3761.8300650690217,
				"y": -5068.97091600165,
				"z": -18758.495610401886
			},
			"rotation":
			{
				"pitch": 0,
				"yaw": 99.999999225363524,
				"roll": 0
			},
			"bRandomRotation": false,
			"instanceId":
			{
				"guid": "6064632574867472445",
				"typeId": "5111011",
				"name": "None"
			}
		},
		"19":
		{
			"location":
			{
				"x": 3911.8300650690217,
				"y": -5408.97091600165,
				"z": -18758.495610401886
			},
			"rotation":
			{
				"pitch": 0,
				"yaw": -159.99999876058126,
				"roll": 0
			},
			"bRandomRotation": false,
			"instanceId":
			{
				"guid": "6064632564441153582",
				"typeId": "5111011",
				"name": "None"
			}
		},
		"20":
		{
			"location":
			{
				"x": 4561.8300650690217,
				"y": -7668.97091600165,
				"z": -18758.495610401886
			},
			"rotation":
			{
				"pitch": 0,
				"yaw": 129.99999899297239,
				"roll": 0
			},
			"bRandomRotation": false,
			"instanceId":
			{
				"guid": "6064632564443054127",
				"typeId": "5111011",
				"name": "None"
			}
		},
		"21":
		{
			"location":
			{
				"x": 4575.4258695027092,
				"y": -7798.1828963473672,
				"z": -18828.281624372285
			},
			"rotation":
			{
				"pitch": 0,
				"yaw": 0,
				"roll": -0
			},
			"bRandomRotation": false,
			"instanceId":
			{
				"guid": "6064632574611554314",
				"typeId": "5111011",
				"name": "None"
			}
		},
		"22":
		{
			"location":
			{
				"x": 3875.4258695027092,
				"y": -5108.1828963473672,
				"z": -18828.281624372285
			},
			"rotation":
			{
				"pitch": 0,
				"yaw": 0,
				"roll": -0
			},
			"bRandomRotation": false,
			"instanceId":
			{
				"guid": "6064632574611554314",
				"typeId": "5111011",
				"name": "None"
			}
		}
	},
	"filterOverrideId":
	{
		"guid": "0",
		"typeId": "5111003",
		"name": "None"
	},
	"populationAreaId":
	{
		"guid": "0",
		"typeId": "5171420",
		"name": "None"
	},
	"timedDespawnId":
	{
		"guid": "0",
		"typeId": "5882300",
		"name": "None"
	},
	"overrideActivationRange": 0,