{
	"populationInstancesMap":
	{
		"1":
		{
			"location":
			{
				"x": 4849.4462260539594,
				"y": -2926.491135664322,
				"z": 4820.1288512785532
			},
			"rotation":
			{
				"pitch": -0,
				"yaw": -79.999999380290532,
				"roll": 0
			},
			"bRandomRotation": false,
			"instanceId":
			{
				"guid": "6064631601591094492",
				"typeId": "5111011",
				"name": "None"
			}
		},
		"2":
		{
			"location":
			{
				"x": 5054.174602138889,
				"y": -3069.4466867682863,
				"z": 4818.8685299948138
			},
			"rotation":
			{
				"pitch": 0,
				"yaw": 159.99999876058135,
				"roll": 0
			},
			"bRandomRotation": false,
			"instanceId":
			{
				"guid": "6064631601591094492",
				"typeId": "5111011",
				"name": "None"
			}
		},
		"3":
		{
			"location":
			{
				"x": 4590.9341597572811,
				"y": -5148.8597487555753,
				"z": 4810.7388460164548
			},
			"rotation":
			{
				"pitch": 0,
				"yaw": 29.99999976760898,
				"roll": 0
			},
			"bRandomRotation": false,
			"instanceId":
			{
				"guid": "6064632032471744514",
				"typeId": "5111011",
				"name": "None"
			}
		},
		"4":
		{
			"location":
			{
				"x": 4156.7830428513425,
				"y": -5002.0989329916392,
				"z": 4805.3273910102398
			},
			"rotation":
			{
				"pitch": 0,
				"yaw": 89.999999302826964,
				"roll": 0
			},
			"bRandomRotation": false,
			"instanceId":
			{
				"guid": "6064632032478691331",
				"typeId": "5111011",
				"name": "None"
			}
		},
		"5":
		{
			"location":
			{
				"x": 3457.0375280773787,
				"y": -6579.5445156959258,
				"z": 4839.4448275676668
			},
			"rotation":
			{
				"pitch": 0,
				"yaw": 79.999999380290603,
				"roll": 0
			},
			"bRandomRotation": false,
			"instanceId":
			{
				"guid": "6064631629717372933",
				"typeId": "5111011",
				"name": "None"
			}
		},
		"6":
		{
			"location":
			{
				"x": 4781.5119196790538,
				"y": -6575.1638551738288,
				"z": 4818.3899744681621
			},
			"rotation":
			{
				"pitch": 0,
				"yaw": 0,
				"roll": 0
			},
			"bRandomRotation": false,
			"instanceId":
			{
				"guid": "6064632070740836352",
				"typeId": "5111011",
				"name": "None"
			}
		},
		"7":
		{
			"location":
			{
				"x": 4218.2106032619477,
				"y": -4887.0574151387973,
				"z": 4843.8583454902182
			},
			"rotation":
			{
				"pitch": 0,
				"yaw": -130.00000178166431,
				"roll": 0
			},
			"bRandomRotation": false,
			"instanceId":
			{
				"guid": "6064632032493568006",
				"typeId": "5111011",
				"name": "None"
			}
		},
		"8":
		{
			"location":
			{
				"x": 3472.2491578255263,
				"y": -6463.9521089305772,
				"z": 4831.5074378224053
			},
			"rotation":
			{
				"pitch": 0,
				"yaw": -120.00000185912805,
				"roll": 0
			},
			"bRandomRotation": false,
			"instanceId":
			{
				"guid": "6064631629717372933",
				"typeId": "5111011",
				"name": "None"
			}
		},
		"9":
		{
			"location":
			{
				"x": 4470.2914107234192,
				"y": -2584.5082453294867,
				"z": 4898.8998063353602
			},
			"rotation":
			{
				"pitch": 0,
				"yaw": 0,
				"roll": 0
			},
			"bRandomRotation": false,
			"instanceId":
			{
				"guid": "6064632070740836352",
				"typeId": "5111011",
				"name": "None"
			}
		},
		"10":
		{
			"location":
			{
				"x": 4854.8586191998684,
				"y": -4495.7906651652256,
				"z": 4817.7742675982045
			},
			"rotation":
			{
				"pitch": 0,
				"yaw": 109.9999991478997,
				"roll": 0
			},
			"bRandomRotation": false,
			"instanceId":
			{
				"guid": "6064632070745620481",
				"typeId": "5111011",
				"name": "None"
			}
		},
		"11":
		{
			"location":
			{
				"x": 3146.2122182010153,
				"y": -6849.8464316612462,
				"z": 4927.6483816823211
			},
			"rotation":
			{
				"pitch": 0,
				"yaw": -119.99999907043605,
				"roll": 0
			},
			"bRandomRotation": false,
			"instanceId":
			{
				"guid": "6064632070745620481",
				"typeId": "5111011",
				"name": "None"
			}
		},
		"12":
		{
			"location":
			{
				"x": 3341.8997192391298,
				"y": -4928.9451310564073,
				"z": 4806.9464998440062
			},
			"rotation":
			{
				"pitch": 0,
				"yaw": -39.999999690145337,
				"roll": 0
			},
			"bRandomRotation": false,
			"instanceId":
			{
				"guid": "6064631629789724683",
				"typeId": "5111011",
				"name": "None"
			}
		},
		"13":
		{
			"location":
			{
				"x": 3409.8276382875215,
				"y": -5005.2485883220324,
				"z": 4818.7729387555128
			},
			"rotation":
			{
				"pitch": 0,
				"yaw": 89.999999302827433,
				"roll": 0
			},
			"bRandomRotation": false,
			"instanceId":
			{
				"guid": "6064632070756433924",
				"typeId": "5111011",
				"name": "None"
			}
		},
		"14":
		{
			"location":
			{
				"x": -907.02692657241028,
				"y": -6305.9887175842414,
				"z": 4816.2345270891483
			},
			"rotation":
			{
				"pitch": -0,
				"yaw": -89.999999302827007,
				"roll": 0
			},
			"bRandomRotation": false,
			"instanceId":
			{
				"guid": "6064631601772039396",
				"typeId": "5111011",
				"name": "None"
			}
		},
		"15":
		{
			"location":
			{
				"x": -489.606123412263,
				"y": -6220.3956017581231,
				"z": 4879.507997354196
			},
			"rotation":
			{
				"pitch": 0,
				"yaw": 0,
				"roll": 0
			},
			"bRandomRotation": false,
			"instanceId":
			{
				"guid": "6064631601772039396",
				"typeId": "5111011",
				"name": "None"
			}
		},
		"16":
		{
			"location":
			{
				"x": 5110.7075413800831,
				"y": -7877.3953060426456,
				"z": 4823.3922796979787
			},
			"rotation":
			{
				"pitch": 0,
				"yaw": -19.999999845072747,
				"roll": 0
			},
			"bRandomRotation": false,
			"instanceId":
			{
				"guid": "6064632070769475591",
				"typeId": "5111011",
				"name": "None"
			}
		},
		"17":
		{
			"location":
			{
				"x": 5239.2879912993258,
				"y": -7524.2887331376132,
				"z": 4838.1855186825296
			},
			"rotation":
			{
				"pitch": 0,
				"yaw": -59.999999535218009,
				"roll": 0
			},
			"bRandomRotation": false,
			"instanceId":
			{
				"guid": "6064632070769475591",
				"typeId": "5111011",
				"name": "None"
			}
		}
	},
	"filterOverrideId":
	{
		"guid": "6064631902700765195",
		"typeId": "5111003",
		"name": "None"
	},
	"populationAreaId":
	{
		"guid": "0",
		"typeId": "5171420",
		"name": "None"
	},
	"timedDespawnId":
	{
		"guid": "0",
		"typeId": "5882300",
		"name": "None"
	},
	"overrideActivationRange": 0,
	"gameplayTags":
	{
		"gameplayTags": [],
		"parentTags": []
	},
	"alignmentOverridesIds": [],
	"guid": "6064632032273367041",
	"name": "Node_Flat_A_L1_Upper_Filler",
	"typeId": "5111005"
}