{
	"populationInstancesMap":
	{
		"1":
		{
			"location":
			{
				"x": 71098.100043632556,
				"y": -66510.658845100086,
				"z": 11238.530621513528
			},
			"rotation":
			{
				"pitch": 0,
				"yaw": 0,
				"roll": -0
			},
			"bRandomRotation": false,
			"instanceId":
			{
				"guid": "6064633465753174946",
				"typeId": "5111011",
				"name": "None"
			}
		},
		"2":
		{
			"location":
			{
				"x": 66300.363995244028,
				"y": -73788.010682770517,
				"z": 11225.86622574964
			},
			"rotation":
			{
				"pitch": 0,
				"yaw": 0,
				"roll": -0
			},
			"bRandomRotation": false,
			"instanceId":
			{
				"guid": "6064633465753174946",
				"typeId": "5111011",
				"name": "None"
			}
		},
		"3":
		{
			"location":
			{
				"x": 61029.142108986387,
				"y": -67439.018789294176,
				"z": 11223.308370078881
			},
			"rotation":
			{
				"pitch": 0,
				"yaw": 0,
				"roll": -0
			},
			"bRandomRotation": false,
			"instanceId":
			{
				"guid": "6064633465753174946",
				"typeId": "5111011",
				"name": "None"
			}
		},
		"4":
		{
			"location":
			{
				"x": 62687.2220533574,
				"y": -70352.707953408826,
				"z": 11222.22913692876
			},
			"rotation":
			{
				"pitch": 0,
				"yaw": 0,
				"roll": -0
			},
			"bRandomRotation": false,
			"instanceId":
			{
				"guid": "6064633465753174946",
				"typeId": "5111011",
				"name": "None"
			}
		},
		"5":
		{
			"location":
			{
				"x": 66019.974478860386,
				"y": -65915.044396468671,
				"z": 11228.060538389975
			},
			"rotation":
			{
				"pitch": 0,
				"yaw": 124.99999903170469,
				"roll": 0
			},
			"bRandomRotation": false,
			"instanceId":
			{
				"guid": "6064633465757696931",
				"typeId": "5111011",
				"name": "None"
			}
		},
		"6":
		{
			"location":
			{
				"x": 66708.238183831796,
				"y": -65779.535307864426,
				"z": 11222.646634741843
			},
			"rotation":
			{
				"pitch": 0,
				"yaw": 89.999999302827874,
				"roll": 0
			},
			"bRandomRotation": false,
			"instanceId":
			{
				"guid": "6064633465757696931",
				"typeId": "5111011",
				"name": "None"
			}
		},
		"7":
		{
			"location":
			{
				"x": 67262.752323937137,
				"y": -66220.305512387073,
				"z": 11220.011143066597
			},
			"rotation":
			{
				"pitch": 0,
				"yaw": 29.999999767610092,
				"roll": 0
			},
			"bRandomRotation": false,
			"instanceId":
			{
				"guid": "6064633465757696931",
				"typeId": "5111011",
				"name": "None"
			}
		},
		"8":
		{
			"location":
			{
				"x": 67274.613600016572,
				"y": -67008.939540291205,
				"z": 11224.873562474753
			},
			"rotation":
			{
				"pitch": 0,
				"yaw": -19.99999984507156,
				"roll": 0
			},
			"bRandomRotation": false,
			"instanceId":
			{
				"guid": "6064633465757696931",
				"typeId": "5111011",
				"name": "None"
			}
		},
		"9":
		{
			"location":
			{
				"x": 66820.880750717595,
				"y": -67430.767021111213,
				"z": 11229.544143317253
			},
			"rotation":
			{
				"pitch": 0,
				"yaw": -69.99999945775339,
				"roll": 0
			},
			"bRandomRotation": false,
			"instanceId":
			{
				"guid": "6064633465757696931",
				"typeId": "5111011",
				"name": "None"
			}
		},
		"10":
		{
			"location":
			{
				"x": 66141.810269501759,
				"y": -67386.166332350811,
				"z": 11230.270025340764
			},
			"rotation":
			{
				"pitch": 0,
				"yaw": -104.99999918663094,
				"roll": 0
			},
			"bRandomRotation": false,
			"instanceId":
			{
				"guid": "6064633465757696931",
				"typeId": "5111011",
				"name": "None"
			}
		},
		"11":
		{
			"location":
			{
				"x": 65657.83501487365,
				"y": -66760.629909246694,
				"z": 11230.107554619346
			},
			"rotation":
			{
				"pitch": 0,
				"yaw": -154.99999879931269,
				"roll": 0
			},
			"bRandomRotation": false,
			"instanceId":
			{
				"guid": "6064633465757696931",
				"typeId": "5111011",
				"name": "None"
			}
		},
		"12":
		{
			"location":
			{
				"x": 61162.08898649551,
				"y": -62579.455144254956,
				"z": 11230.331924184426
			},
			"rotation":
			{
				"pitch": 0,
				"yaw": 0,
				"roll": -0
			},
			"bRandomRotation": false,
			"instanceId":
			{
				"guid": "6064633465753174946",
				"typeId": "5111011",
				"name": "None"
			}
		},
		"13":
		{
			"location":
			{
				"x": 64719.387502294499,
				"y": -60964.737376371864,
				"z": 11230.331354578349
			},
			"rotation":
			{
				"pitch": 0,
				"yaw": 0,
				"roll": -0
			},
			"bRandomRotation": false,
			"instanceId":
			{
				"guid": "6064633465753174946",
				"typeId": "5111011",
				"name": "None"
			}
		},
		"14":
		{
			"location":
			{
				"x": 66333.083017483354,
				"y": -57672.149364398327,
				"z": 11230.331915632363
			},
			"rotation":
			{
				"pitch": 0,
				"yaw": 0,
				"roll": -0
			},
			"bRandomRotation": false,
			"instanceId":
			{
				"guid": "6064633465753174946",
				"typeId": "5111011",
				"name": "None"
			}
		},
		"15":
		{
			"location":
			{
				"x": 60509.480545488652,
				"y": -75151.6343480777,
				"z": 11230.716358099522
			},
			"rotation":
			{
				"pitch": 0,
				"yaw": 0,
				"roll": -0
			},
			"bRandomRotation": false,
			"instanceId":
			{
				"guid": "6064633465753174946",
				"typeId": "5111011",
				"name": "None"
			}
		},
		"16":
		{
			"location":
			{
				"x": 71560.278694935376,
				"y": -75271.04832006502,
				"z": 11205.019835683936
			},
			"rotation":
			{
				"pitch": 0,
				"yaw": 0,
				"roll": -0
			},
			"bRandomRotation": false,
			"instanceId":
			{
				"guid": "6064633465753174946",
				"typeId": "5111011",
				"name": "None"
			}
		},
		"17":
		{
			"location":
			{
				"x": 58410.436721826671,
				"y": -71209.156850137748,
				"z": 11230.331724661468
			},
			"rotation":
			{
				"pitch": 0,
				"yaw": 0,
				"roll": -0
			},
			"bRandomRotation": false,
			"instanceId":
			{
				"guid": "6064633465753174946",
				"typeId": "5111011",
				"name": "None"
			}
		},
		"18":
		{
			"location":
			{
				"x": 56368.275074900826,
				"y": -70544.500059814891,
				"z": 11230.331719702022
			},
			"rotation":
			{
				"pitch": 0,
				"yaw": 0,
				"roll": -0
			},
			"bRandomRotation": false,
			"instanceId":
			{
				"guid": "6064633465753174946",
				"typeId": "5111011",
				"name": "None"
			}
		},
		"19":
		{
			"location":
			{
				"x": 57411.128054407891,
				"y": -68032.160280736396,
				"z": 11230.331831043633
			},
			"rotation":
			{
				"pitch": 0,
				"yaw": 0,
				"roll": -0
			},
			"bRandomRotation": false,
			"instanceId":
			{
				"guid": "6064633465753174946",
				"typeId": "5111011",
				"name": "None"
			}
		},
		"20":
		{
			"location":
			{
				"x": 74219.633940710919,
				"y": -59468.257445113268,
				"z": 9482.5431334376444
			},
			"rotation":
			{
				"pitch": 0,
				"yaw": 0,
				"roll": -0
			},
			"bRandomRotation": false,
			"instanceId":
			{
				"guid": "6064633504285655102",
				"typeId": "5111011",
				"name": "None"
			}
		},
		"21":
		{
			"location":
			{
				"x": 80660.617196767824,
				"y": -61855.330161079299,
				"z": 9956.0693644811399
			},
			"rotation":
			{
				"pitch": 0,
				"yaw": 0,
				"roll": -0
			},
			"bRandomRotation": false,
			"instanceId":
			{
				"guid": "6064633504286310463",
				"typeId": "5111011",
				"name": "None"
			}
		},
		"22":
		{
			"location":
			{
				"x": 78873.949316647369,
				"y": -51219.553663299186,
				"z": 9931.8159124319063
			},
			"rotation":
			{
				"pitch": 0,
				"yaw": 0,
				"roll": -0
			},
			"bRandomRotation": false,
			"instanceId":
			{
				"guid": "6064633504286769216",
				"typeId": "5111011",
				"name": "None"
			}
		},
		"23":
		{
			"location":
			{
				"x": 87012.159715528367,
				"y": -51173.14385736105,
				"z": 10039.582388724764
			},
			"rotation":
			{
				"pitch": 0,
				"yaw": 0,
				"roll": -0
			},
			"bRandomRotation": false,
			"instanceId":
			{
				"guid": "6064633504287424577",
				"typeId": "5111011",
				"name": "None"
			}
		},
		"24":
		{
			"location":
			{
				"x": 87722.503863442689,
				"y": -56288.17412235518,
				"z": 10082.502174456593
			},