{
	"populationInstancesMap":
	{
		"1":
		{
			"location":
			{
				"x": -658276.34387983067,
				"y": 494461.39792005473,
				"z": 22281.51293205846
			},
			"rotation":
			{
				"pitch": 0,
				"yaw": 0,
				"roll": 0
			},
			"bRandomRotation": false,
			"instanceId":
			{
				"guid": "6064630519908007957",
				"typeId": "5111011",
				"name": "None"
			}
		},
		"2":
		{
			"location":
			{
				"x": -657762.12645416625,
				"y": 490295.99973016442,
				"z": 22688.557207453145
			},
			"rotation":
			{
				"pitch": 0,
				"yaw": 0,
				"roll": 0
			},
			"bRandomRotation": false,
			"instanceId":
			{
				"guid": "6064630519908007957",
				"typeId": "5111011",
				"name": "None"
			}
		},
		"3":
		{
			"location":
			{
				"x": -656856.58425247867,
				"y": 491048.68803855032,
				"z": 22818.244004310171
			},
			"rotation":
			{
				"pitch": 0,
				"yaw": 0,
				"roll": 0
			},
			"bRandomRotation": false,
			"instanceId":
			{
				"guid": "6064630519908007957",
				"typeId": "5111011",
				"name": "None"
			}
		},
		"4":
		{
			"location":
			{
				"x": -659346.7522817034,
				"y": 486024.94047915953,
				"z": 23557.080305677035
			},
			"rotation":
			{
				"pitch": 0,
				"yaw": 0,
				"roll": 0
			},
			"bRandomRotation": false,
			"instanceId":
			{
				"guid": "6064630519915085848",
				"typeId": "5111011",
				"name": "None"
			}
		},
		"5":
		{
			"location":
			{
				"x": -655353.36609853769,
				"y": 491520.46949302871,
				"z": 22813.755285426552
			},
			"rotation":
			{
				"pitch": 0,
				"yaw": 139.9999989155086,
				"roll": -0
			},
			"bRandomRotation": false,
			"instanceId":
			{
				"guid": "6064630519920328729",
				"typeId": "5111011",
				"name": "None"
			}
		},
		"6":
		{
			"location":
			{
				"x": -658857.57412595197,
				"y": 491827.1685127638,
				"z": 21786.600390120926
			},
			"rotation":
			{
				"pitch": 0,
				"yaw": 0,
				"roll": 0
			},
			"bRandomRotation": false,
			"instanceId":
			{
				"guid": "6064630519920328729",
				"typeId": "5111011",
				"name": "None"
			}
		},
		"7":
		{
			"location":
			{
				"x": -658939.97523835767,
				"y": 488576.45846648421,
				"z": 22531.43335713942
			},
			"rotation":
			{
				"pitch": 0,
				"yaw": 0,
				"roll": 0
			},
			"bRandomRotation": false,
			"instanceId":
			{
				"guid": "6064630519920328729",
				"typeId": "5111011",
				"name": "None"
			}
		},
		"8":
		{
			"location":
			{
				"x": -658615.01767731353,
				"y": 492199.70017616975,
				"z": 21803.73557234108
			},
			"rotation":
			{
				"pitch": 0,
				"yaw": 69.999999457754271,
				"roll": -0
			},
			"bRandomRotation": false,
			"instanceId":
			{
				"guid": "6064630519920328729",
				"typeId": "5111011",
				"name": "None"
			}
		},
		"9":
		{
			"location":
			{
				"x": -657764.02584425476,
				"y": 492161.60755145521,
				"z": 21625.16912916617
			},
			"rotation":
			{
				"pitch": 0,
				"yaw": 0,
				"roll": 0
			},
			"bRandomRotation": false,
			"instanceId":
			{
				"guid": "6064630519929896989",
				"typeId": "5111011",
				"name": "None"
			}
		},
		"10":
		{
			"location":
			{
				"x": -656194.38899645,
				"y": 491386.46190706728,
				"z": 22823.014171296061
			},
			"rotation":
			{
				"pitch": 0,
				"yaw": 0,
				"roll": 0
			},
			"bRandomRotation": false,
			"instanceId":
			{
				"guid": "6064630519929896989",
				"typeId": "5111011",
				"name": "None"
			}
		},
		"11":
		{
			"location":
			{
				"x": -657227.96489882085,
				"y": 488887.47516807064,
				"z": 22441.241129490973
			},
			"rotation":
			{
				"pitch": 0,
				"yaw": 0,
				"roll": 0
			},
			"bRandomRotation": false,
			"instanceId":
			{
				"guid": "6064630519936188447",
				"typeId": "5111011",
				"name": "None"
			}
		},
		"12":
		{
			"location":
			{
				"x": -655890.48432260565,
				"y": 489790.65921724745,
				"z": 22578.196535657469
			},
			"rotation":
			{
				"pitch": 0,
				"yaw": 0,
				"roll": 0
			},
			"bRandomRotation": false,
			"instanceId":
			{
				"guid": "6064630519936188447",
				"typeId": "5111011",
				"name": "None"
			}
		},
		"13":
		{
			"location":
			{
				"x": -657800.53500531334,
				"y": 482816.50233254104,
				"z": 22548.165442872232
			},
			"rotation":
			{
				"pitch": -0,
				"yaw": -69.999999457754242,
				"roll": 0
			},
			"bRandomRotation": false,
			"instanceId":
			{
				"guid": "6064630519943069729",
				"typeId": "5111011",
				"name": "None"
			}
		},
		"14":
		{
			"location":
			{
				"x": -644962.65896562301,
				"y": 504022.60037715751,
				"z": 22402.047518948133
			},
			"rotation":
			{
				"pitch": -0,
				"yaw": -169.99999868311761,
				"roll": 0
			},
			"bRandomRotation": false,
			"instanceId":
			{
				"guid": "6064630553815547906",
				"typeId": "5111011",
				"name": "None"
			}
		},
		"15":
		{
			"location":
			{
				"x": -644796.51498515415,
				"y": 503233.58811496751,
				"z": 22384.279017757533
			},
			"rotation":
			{
				"pitch": 0,
				"yaw": 0,
				"roll": 0
			},
			"bRandomRotation": false,
			"instanceId":
			{
				"guid": "6064630553820594179",
				"typeId": "5111011",
				"name": "None"
			}
		},
		"16":
		{
			"location":
			{
				"x": -652239.93604053173,
				"y": 492949.08796448587,
				"z": 22405.886488880533
			},
			"rotation":
			{
				"pitch": 0,
				"yaw": 0,
				"roll": 0
			},
			"bRandomRotation": false,
			"instanceId":
			{
				"guid": "6064630684366209057",
				"typeId": "5111011",
				"name": "None"
			}
		},
		"17":
		{
			"location":
			{
				"x": -653028.34561816393,
				"y": 491030.69386942254,
				"z": 22322.401898621891
			},
			"rotation":
			{
				"pitch": 0,
				"yaw": 0,
				"roll": 0
			},
			"bRandomRotation": false,
			"instanceId":
			{
				"guid": "6064630684366209057",
				"typeId": "5111011",
				"name": "None"
			}
		},
		"18":
		{
			"location":
			{
				"x": -652567.46647683985,
				"y": 494928.10014488793,
				"z": 22447.285396491439
			},
			"rotation":
			{
				"pitch": 0,
				"yaw": 0,
				"roll": 0
			},
			"bRandomRotation": false,
			"instanceId":
			{
				"guid": "6064630684366209057",
				"typeId": "5111011",
				"name": "None"
			}
		},
		"19":
		{
			"location":
			{
				"x": -651105.57631102763,
				"y": 494350.31133505591,
				"z": 22062.101051971516
			},
			"rotation":
			{
				"pitch": 0,
				"yaw": 0,
				"roll": 0
			},
			"bRandomRotation": false,
			"instanceId":
			{
				"guid": "6064630684366209057",
				"typeId": "5111011",
				"name": "None"
			}
		},
		"20":
		{
			"location":
			{
				"x": -651726.20343738538,
				"y": 490763.9240096549,
				"z": 21786.939786798983
			},
			"rotation":
			{
				"pitch": 0,
				"yaw": 0,
				"roll": 0
			},
			"bRandomRotation": false,
			"instanceId":
			{
				"guid": "6064630684366209057",
				"typeId": "5111011",
				"name": "None"
			}
		},
		"21":
		{
			"location":
			{
				"x": -655424.72730832209,
				"y": 491636.00760806265,
				"z": 22844.632940063497
			},
			"rotation":
			{
				"pitch": 0,
				"yaw": 0,
				"roll": 0
			},
			"bRandomRotation": false,
			"instanceId":
			{
				"guid": "6064630684366209057",
				"typeId": "5111011",
				"name": "None"
			}
		},
		"22":
		{
			"location":
			{
				"x": -655047.05960792338,
				"y": 490553.88125258766,
				"z": 22467.098885727319
			},
			"rotation":
			{
				"pitch": 0,
				"yaw": 0,
				"roll": 0
			},
			"bRandomRotation": false,
			"instanceId":
			{
				"guid": "6064630684366209057",
				"typeId": "5111011",
				"name": "None"
			}
		},
		"23":
		{
			"location":
			{
				"x": -656149.83531977644,
				"y": 487895.05381876091,
				"z": 23414.989034093964
			},
			"rotation":
			{
				"pitch": 0,
				"yaw": 0,
				"roll": 0
			},
			"bRandomRotation": false,
			"instanceId":
			{
				"guid": "6064630684366209057",
				"typeId": "5111011",
				"name": "None"
			}
		},
		"24":
		{
			"location":
			{
				"x": -658105.18231177889,
				"y": 489769.98847069236,
				"z": 22736.400247224617
			},
			"rotation":
			{
				"pitch": 0,
				"yaw": 0,
				"roll": 0
			},