{
	"populationInstancesMap":
	{
		"1":
		{
			"location":
			{
				"x": -1153.7377801845844,
				"y": -1079.232580307872,
				"z": 44.970240676908588
			},
			"rotation":
			{
				"pitch": -0,
				"yaw": -67.683604298144417,
				"roll": 0
			},
			"bRandomRotation": false,
			"instanceId":
			{
				"guid": "6064630270761778393",
				"typeId": "5111011",
				"name": "None"
			}
		},
		"2":
		{
			"location":
			{
				"x": -445.71298109619102,
				"y": -1014.6356974944185,
				"z": 21.024537039129228
			},
			"rotation":
			{
				"pitch": 0,
				"yaw": 91.659595535611473,
				"roll": -0
			},
			"bRandomRotation": false,
			"instanceId":
			{
				"guid": "6064630270761778394",
				"typeId": "5111011",
				"name": "None"
			}
		},
		"3":
		{
			"location":
			{
				"x": -426.6889043566278,
				"y": -1093.1276099699721,
				"z": 101.30671277627712
			},
			"rotation":
			{
				"pitch": 0,
				"yaw": 87.434509620496826,
				"roll": -0
			},
			"bRandomRotation": false,
			"instanceId":
			{
				"guid": "6064630270761778394",
				"typeId": "5111011",
				"name": "None"
			}
		},
		"4":
		{
			"location":
			{
				"x": -431.94264637289984,
				"y": -1011.0151532583722,
				"z": 189.59768635084166
			},
			"rotation":
			{
				"pitch": 0,
				"yaw": 87.434509620496826,
				"roll": -0
			},
			"bRandomRotation": false,
			"instanceId":
			{
				"guid": "6064630270761778394",
				"typeId": "5111011",
				"name": "None"
			}
		},
		"5":
		{
			"location":
			{
				"x": -715.23274915684317,
				"y": -1286.1826264962006,
				"z": 164.50644938790151
			},
			"rotation":
			{
				"pitch": -88.67058677093091,
				"yaw": 1.2722218726006145e-14,
				"roll": 0
			},
			"bRandomRotation": false,
			"instanceId":
			{
				"guid": "6064630270761778399",
				"typeId": "5111011",
				"name": "None"
			}
		},
		"6":
		{
			"location":
			{
				"x": -451.31727366932705,
				"y": -1157.760986542655,
				"z": 192.67511011648421
			},
			"rotation":
			{
				"pitch": -86.551922603419001,
				"yaw": 179.99999999548268,
				"roll": -93.352223584509261
			},
			"bRandomRotation": false,
			"instanceId":
			{
				"guid": "6064630270761778402",
				"typeId": "5111011",
				"name": "None"
			}
		},
		"7":
		{
			"location":
			{
				"x": -947.98365009151371,
				"y": -1147.2815518043922,
				"z": 44.970244772186447
			},
			"rotation":
			{
				"pitch": 0,
				"yaw": 0,
				"roll": -0
			},
			"bRandomRotation": false,
			"instanceId":
			{
				"guid": "6064630270761778405",
				"typeId": "5111011",
				"name": "None"
			}
		},
		"8":
		{
			"location":
			{
				"x": -697.98365009151371,
				"y": -897.28155180439217,
				"z": 44.970244772186447
			},
			"rotation":
			{
				"pitch": -0,
				"yaw": -113.05664343133806,
				"roll": 0
			},
			"bRandomRotation": false,
			"instanceId":
			{
				"guid": "6064630270761778405",
				"typeId": "5111011",
				"name": "None"
			}
		},
		"9":
		{
			"location":
			{
				"x": -1036.0329106719848,
				"y": -674.79644565080366,
				"z": 44.970269868208902
			},
			"rotation":
			{
				"pitch": -0,
				"yaw": -113.05664343133806,
				"roll": 0
			},
			"bRandomRotation": false,
			"instanceId":
			{
				"guid": "6064630270761778405",
				"typeId": "5111011",
				"name": "None"
			}
		},
		"10":
		{
			"location":
			{
				"x": -1080.48397360329,
				"y": -299.46569212809572,
				"z": 44.970265979633382
			},
			"rotation":
			{
				"pitch": -0,
				"yaw": -113.05664343133806,
				"roll": 0
			},
			"bRandomRotation": false,
			"instanceId":
			{
				"guid": "6064630270761778405",
				"typeId": "5111011",
				"name": "None"
			}
		},
		"11":
		{
			"location":
			{
				"x": -1038.0031519023698,
				"y": 152.15944966379215,
				"z": 44.970282212725493
			},
			"rotation":
			{
				"pitch": 0,
				"yaw": 177.56913203644461,
				"roll": -0
			},
			"bRandomRotation": false,
			"instanceId":
			{
				"guid": "6064630270761778405",
				"typeId": "5111011",
				"name": "None"
			}
		},
		"12":
		{
			"location":
			{
				"x": -584.40921520459131,
				"y": -343.39290929075031,
				"z": 44.97026497042566
			},
			"rotation":
			{
				"pitch": -0,
				"yaw": -113.05664343133806,
				"roll": 0
			},
			"bRandomRotation": false,
			"instanceId":
			{
				"guid": "6064630270761778405",
				"typeId": "5111011",
				"name": "None"
			}
		},
		"13":
		{
			"location":
			{
				"x": -437.7687394258117,
				"y": -210.62686294958067,
				"z": 133.99936361453527
			},
			"rotation":
			{
				"pitch": 87.948269863845439,
				"yaw": 93.80229762927118,
				"roll": -1.1371245929278276e-11
			},
			"bRandomRotation": false,
			"instanceId":
			{
				"guid": "6064630270761778399",
				"typeId": "5111011",
				"name": "None"
			}
		}
	},
	"filterOverrideId":
	{
		"guid": "0",
		"typeId": "5111003",
		"name": "None"
	},
	"populationAreaId":
	{
		"guid": "0",
		"typeId": "5171420",
		"name": "None"
	},
	"timedDespawnId":
	{
		"guid": "0",
		"typeId": "5882300",
		"name": "None"
	},
	"overrideActivationRange": 0,
	"gameplayTags":
	{
		"gameplayTags": [],
		"parentTags": []
	},
	"alignmentOverridesIds": [],
	"guid": "6064630270761778392",
	"name": "ServiceBuilding_L3_Forge_ExpansionSlot_1",
	"typeId": "5111005"
}