{
	"populationInstancesMap":
	{
		"1":
		{
			"location":
			{
				"x": -648215.04751319753,
				"y": 657376.59728040092,
				"z": 18815.194932375391
			},
			"rotation":
			{
				"pitch": 5.4529683657433869,
				"yaw": 132.62905576784206,
				"roll": -67.37094358951154
			},
			"bRandomRotation": false,
			"instanceId":
			{
				"guid": "6064630526232756393",
				"typeId": "5111011",
				"name": "None"
			}
		},
		"2":
		{
			"location":
			{
				"x": -648488.4870264054,
				"y": 656174.81552557892,
				"z": 18921.289479175313
			},
			"rotation":
			{
				"pitch": -0,
				"yaw": -109.9999991478997,
				"roll": 0
			},
			"bRandomRotation": false,
			"instanceId":
			{
				"guid": "6064630526239506602",
				"typeId": "5111011",
				"name": "None"
			}
		},
		"3":
		{
			"location":
			{
				"x": -648810.73738911981,
				"y": 657769.27096539328,
				"z": 18751.52169270573
			},
			"rotation":
			{
				"pitch": -0,
				"yaw": -170.00000147180981,
				"roll": 0
			},
			"bRandomRotation": false,
			"instanceId":
			{
				"guid": "6064630526254842028",
				"typeId": "5111011",
				"name": "None"
			}
		},
		"4":
		{
			"location":
			{
				"x": -649271.48888404027,
				"y": 643184.07266914437,
				"z": 18263.009058720665
			},
			"rotation":
			{
				"pitch": 0,
				"yaw": 79.999999380290731,
				"roll": -0
			},
			"bRandomRotation": false,
			"instanceId":
			{
				"guid": "6064630530492465152",
				"typeId": "5111011",
				"name": "None"
			}
		},
		"5":
		{
			"location":
			{
				"x": -632435.28731202346,
				"y": 651990.77384086535,
				"z": 14227.344510382358
			},
			"rotation":
			{
				"pitch": -0,
				"yaw": -140.00000170420054,
				"roll": 0
			},
			"bRandomRotation": false,
			"instanceId":
			{
				"guid": "6064630530492465152",
				"typeId": "5111011",
				"name": "None"
			}
		},
		"6":
		{
			"location":
			{
				"x": -635852.48334076861,
				"y": 647037.07077561505,
				"z": 15677.921982107675
			},
			"rotation":
			{
				"pitch": -0,
				"yaw": -179.99999860565396,
				"roll": 0
			},
			"bRandomRotation": false,
			"instanceId":
			{
				"guid": "6064630530492465152",
				"typeId": "5111011",
				"name": "None"
			}
		},
		"7":
		{
			"location":
			{
				"x": -646578.13617762597,
				"y": 642738.9988695964,
				"z": 16994.156437038833
			},
			"rotation":
			{
				"pitch": 0,
				"yaw": 149.99999883804489,
				"roll": -0
			},
			"bRandomRotation": false,
			"instanceId":
			{
				"guid": "6064630530492465152",
				"typeId": "5111011",
				"name": "None"
			}
		},
		"8":
		{
			"location":
			{
				"x": -650195.30280544667,
				"y": 638692.30629438907,
				"z": 16927.362104204884
			},
			"rotation":
			{
				"pitch": -0,
				"yaw": -120.00000185912805,
				"roll": 0
			},
			"bRandomRotation": false,
			"instanceId":
			{
				"guid": "6064630530492465152",
				"typeId": "5111011",
				"name": "None"
			}
		},
		"9":
		{
			"location":
			{
				"x": -655716.28186779108,
				"y": 633756.05852641328,
				"z": 18072.474448320438
			},
			"rotation":
			{
				"pitch": -0,
				"yaw": -120.00000185912805,
				"roll": 0
			},
			"bRandomRotation": false,
			"instanceId":
			{
				"guid": "6064630530492465152",
				"typeId": "5111011",
				"name": "None"
			}
		},
		"10":
		{
			"location":
			{
				"x": -640876.33530096186,
				"y": 645540.13786867424,
				"z": 16252.6550958312
			},
			"rotation":
			{
				"pitch": -0,
				"yaw": -140.00000170420054,
				"roll": 0
			},
			"bRandomRotation": false,
			"instanceId":
			{
				"guid": "6064630530492465152",
				"typeId": "5111011",
				"name": "None"
			}
		},
		"11":
		{
			"location":
			{
				"x": -639003.53656032868,
				"y": 644957.24605232454,
				"z": 16190.543828757398
			},
			"rotation":
			{
				"pitch": 0,
				"yaw": 149.99999883804486,
				"roll": -0
			},
			"bRandomRotation": false,
			"instanceId":
			{
				"guid": "6064630530515468295",
				"typeId": "5111011",
				"name": "None"
			}
		},
		"12":
		{
			"location":
			{
				"x": -640762.46024499263,
				"y": 643970.98065642198,
				"z": 16012.88349829397
			},
			"rotation":
			{
				"pitch": -0,
				"yaw": -119.99999907043596,
				"roll": 0
			},
			"bRandomRotation": false,
			"instanceId":
			{
				"guid": "6064630530515468295",
				"typeId": "5111011",
				"name": "None"
			}
		},
		"13":
		{
			"location":
			{
				"x": -650347.73352676921,
				"y": 642678.4879100757,
				"z": 18321.130135754553
			},
			"rotation":
			{
				"pitch": 0,
				"yaw": 179.99999860565387,
				"roll": -0
			},
			"bRandomRotation": false,
			"instanceId":
			{
				"guid": "6064630530515468295",
				"typeId": "5111011",
				"name": "None"
			}
		},
		"14":
		{
			"location":
			{
				"x": -646260.6666137384,
				"y": 641557.24283469422,
				"z": 17086.776742059512
			},
			"rotation":
			{
				"pitch": 0,
				"yaw": 179.99999860565407,
				"roll": -0
			},
			"bRandomRotation": false,
			"instanceId":
			{
				"guid": "6064630530515468295",
				"typeId": "5111011",
				"name": "None"
			}
		},
		"15":
		{
			"location":
			{
				"x": -644064.93531201198,
				"y": 636784.89195592771,
				"z": 16978.629637875551
			},
			"rotation":
			{
				"pitch": 0,
				"yaw": 0,
				"roll": 0
			},
			"bRandomRotation": false,
			"instanceId":
			{
				"guid": "6064630530515468295",
				"typeId": "5111011",
				"name": "None"
			}
		},
		"16":
		{
			"location":
			{
				"x": -646622.92804070865,
				"y": 634212.87337670964,
				"z": 16407.075315552465
			},
			"rotation":
			{
				"pitch": 0,
				"yaw": 99.999999225363425,
				"roll": -0
			},
			"bRandomRotation": false,
			"instanceId":
			{
				"guid": "6064630530515468295",
				"typeId": "5111011",
				"name": "None"
			}
		},
		"17":
		{
			"location":
			{
				"x": -643741.11428889725,
				"y": 633999.8006515709,
				"z": 16600.307244737083
			},
			"rotation":
			{
				"pitch": 0,
				"yaw": 0,
				"roll": 0
			},
			"bRandomRotation": false,
			"instanceId":
			{
				"guid": "6064630530515468295",
				"typeId": "5111011",
				"name": "None"
			}
		},
		"18":
		{
			"location":
			{
				"x": -648141.50461281312,
				"y": 650511.88212389022,
				"z": 18918.722824255561
			},
			"rotation":
			{
				"pitch": -0,
				"yaw": -79.999999380290532,
				"roll": 0
			},
			"bRandomRotation": false,
			"instanceId":
			{
				"guid": "6064630530515468295",
				"typeId": "5111011",
				"name": "None"
			}
		},
		"19":
		{
			"location":
			{
				"x": -649083.03884076851,
				"y": 647796.73744964856,
				"z": 18911.842638275928
			},
			"rotation":
			{
				"pitch": 0,
				"yaw": 0,
				"roll": 0
			},
			"bRandomRotation": false,
			"instanceId":
			{
				"guid": "6064630530515468295",
				"typeId": "5111011",
				"name": "None"
			}
		},
		"20":
		{
			"location":
			{
				"x": -649896.9430374864,
				"y": 646312.18890463002,
				"z": 18687.102345112817
			},
			"rotation":
			{
				"pitch": -0,
				"yaw": -69.999999457754242,
				"roll": 0
			},
			"bRandomRotation": false,
			"instanceId":
			{
				"guid": "6064630530515468295",
				"typeId": "5111011",
				"name": "None"
			}
		},
		"21":
		{
			"location":
			{
				"x": -656853.56845419842,
				"y": 639271.39768657833,
				"z": 19581.762474302785
			},
			"rotation":
			{
				"pitch": 0,
				"yaw": 0,
				"roll": 0
			},
			"bRandomRotation": false,
			"instanceId":
			{
				"guid": "6064630530515468295",
				"typeId": "5111011",
				"name": "None"
			}
		},
		"22":
		{
			"location":
			{
				"x": -649215.51583961747,
				"y": 638346.47011081665,
				"z": 17022.349420746032
			},
			"rotation":
			{
				"pitch": 0,
				"yaw": 0,
				"roll": 0
			},
			"bRandomRotation": false,
			"instanceId":
			{
				"guid": "6064630530515468295",
				"typeId": "5111011",
				"name": "None"
			}
		},
		"23":
		{
			"location":
			{
				"x": -650628.61879676743,
				"y": 637913.92597444193,
				"z": 16971.224033847535
			},
			"rotation":
			{
				"pitch": -0,
				"yaw": -79.999999380290532,
				"roll": 0
			},
			"bRandomRotation": false,