{
	"populationInstancesMap":
	{
		"1":
		{
			"location":
			{
				"x": 1059.0719266938977,
				"y": 4822.0656810002401,
				"z": -295.45532959046614
			},
			"rotation":
			{
				"pitch": 0,
				"yaw": 0,
				"roll": 0
			},
			"bRandomRotation": false,
			"instanceId":
			{
				"guid": "6064631702901620739",
				"typeId": "5111011",
				"name": "None"
			}
		},
		"2":
		{
			"location":
			{
				"x": 941.81332854519133,
				"y": 5462.5693891198607,
				"z": -219.82605378417975
			},
			"rotation":
			{
				"pitch": 0,
				"yaw": 0,
				"roll": 0
			},
			"bRandomRotation": false,
			"instanceId":
			{
				"guid": "6064631702926852100",
				"typeId": "5111011",
				"name": "None"
			}
		},
		"3":
		{
			"location":
			{
				"x": 5596.221799488063,
				"y": 324.56156344409101,
				"z": -16.071910331658728
			},
			"rotation":
			{
				"pitch": 0,
				"yaw": 0,
				"roll": -0
			},
			"bRandomRotation": false,
			"instanceId":
			{
				"guid": "6064632207682240519",
				"typeId": "5111011",
				"name": "None"
			}
		},
		"4":
		{
			"location":
			{
				"x": 1849.0719266938977,
				"y": 5972.0656810002401,
				"z": -222.64472849183585
			},
			"rotation":
			{
				"pitch": -0,
				"yaw": -19.999999845072693,
				"roll": 0
			},
			"bRandomRotation": false,
			"instanceId":
			{
				"guid": "6064631702901620739",
				"typeId": "5111011",
				"name": "None"
			}
		},
		"5":
		{
			"location":
			{
				"x": 670.12597833620384,
				"y": 6351.0895215887576,
				"z": -299.82614704652588
			},
			"rotation":
			{
				"pitch": 0,
				"yaw": 129.99999899297237,
				"roll": 0
			},
			"bRandomRotation": false,
			"instanceId":
			{
				"guid": "6064631702901620739",
				"typeId": "5111011",
				"name": "None"
			}
		},
		"6":
		{
			"location":
			{
				"x": 277.91477974131703,
				"y": 4731.2535274577094,
				"z": -299.82614451904556
			},
			"rotation":
			{
				"pitch": -0,
				"yaw": -159.99999876058152,
				"roll": 0
			},
			"bRandomRotation": false,
			"instanceId":
			{
				"guid": "6064631703021682700",
				"typeId": "5111011",
				"name": "None"
			}
		},
		"7":
		{
			"location":
			{
				"x": 184.09165530151222,
				"y": 4536.6178695237031,
				"z": -255.55743116761732
			},
			"rotation":
			{
				"pitch": 0,
				"yaw": 0,
				"roll": -0
			},
			"bRandomRotation": false,
			"instanceId":
			{
				"guid": "6064632207688269832",
				"typeId": "5111011",
				"name": "None"
			}
		},
		"8":
		{
			"location":
			{
				"x": 2697.2846399323316,
				"y": -1217.9636320195859,
				"z": -701.16248243659356
			},
			"rotation":
			{
				"pitch": 0,
				"yaw": 0,
				"roll": 0
			},
			"bRandomRotation": false,
			"instanceId":
			{
				"guid": "6064631828257636354",
				"typeId": "5111011",
				"name": "None"
			}
		},
		"9":
		{
			"location":
			{
				"x": 2644.1906036596047,
				"y": -1338.824394605821,
				"z": -798.12723989156075
			},
			"rotation":
			{
				"pitch": 0,
				"yaw": 0,
				"roll": -0
			},
			"bRandomRotation": false,
			"instanceId":
			{
				"guid": "6064632207665528838",
				"typeId": "5111011",
				"name": "None"
			}
		},
		"10":
		{
			"location":
			{
				"x": 1101.8029232827248,
				"y": 4825.460792370839,
				"z": -204.26999904405602
			},
			"rotation":
			{
				"pitch": 0,
				"yaw": 49.999999612681819,
				"roll": 0
			},
			"bRandomRotation": false,
			"instanceId":
			{
				"guid": "6064632207784280083",
				"typeId": "5111011",
				"name": "None"
			}
		},
		"11":
		{
			"location":
			{
				"x": 1841.5639450646704,
				"y": 5891.8297356248368,
				"z": -221.35706113555534
			},
			"rotation":
			{
				"pitch": 0,
				"yaw": -9.999999922536345,
				"roll": 0
			},
			"bRandomRotation": false,
			"instanceId":
			{
				"guid": "6064632207784280083",
				"typeId": "5111011",
				"name": "None"
			}
		},
		"12":
		{
			"location":
			{
				"x": 734.52249332866631,
				"y": 6393.751105185831,
				"z": -299.55763509310782
			},
			"rotation":
			{
				"pitch": 0,
				"yaw": 149.99999883804537,
				"roll": 0
			},
			"bRandomRotation": false,
			"instanceId":
			{
				"guid": "6064632207784280083",
				"typeId": "5111011",
				"name": "None"
			}
		},
		"13":
		{
			"location":
			{
				"x": 659.52249332866631,
				"y": 6773.751105185831,
				"z": -255.55763509310782
			},
			"rotation":
			{
				"pitch": 0,
				"yaw": 0,
				"roll": -0
			},
			"bRandomRotation": false,
			"instanceId":
			{
				"guid": "6064632207800008726",
				"typeId": "5111011",
				"name": "None"
			}
		}
	},
	"filterOverrideId":
	{
		"guid": "0",
		"typeId": "5111003",
		"name": "None"
	},
	"populationAreaId":
	{
		"guid": "0",
		"typeId": "5171420",
		"name": "None"
	},
	"timedDespawnId":
	{
		"guid": "0",
		"typeId": "5882300",
		"name": "None"
	},
	"overrideActivationRange": 0,
	"gameplayTags":
	{
		"gameplayTags": [],
		"parentTags": []
	},
	"alignmentOverridesIds": [],
	"guid": "6064631703002546183",
	"name": "PopSet_SPH_Iron_District_Ext_Cult_Mix_02",
	"typeId": "5111005"
}