{
	"populationInstancesMap":
	{
		"1":
		{
			"location":
			{
				"x": -2398.193822444533,
				"y": -11936.767845158931,
				"z": 47.64764019584436
			},
			"rotation":
			{
				"pitch": 0,
				"yaw": -109.9999991478997,
				"roll": 0
			},
			"bRandomRotation": false,
			"instanceId":
			{
				"guid": "6064633708513001476",
				"typeId": "5111011",
				"name": "None"
			}
		},
		"2":
		{
			"location":
			{
				"x": 6311.806177555467,
				"y": -26026.767845158931,
				"z": -66.186885048298791
			},
			"rotation":
			{
				"pitch": 0,
				"yaw": -109.9999991478997,
				"roll": 0
			},
			"bRandomRotation": false,
			"instanceId":
			{
				"guid": "6064633708513001476",
				"typeId": "5111011",
				"name": "None"
			}
		},
		"3":
		{
			"location":
			{
				"x": -18538.193822444533,
				"y": -33896.767845158931,
				"z": -99.75067196236887
			},
			"rotation":
			{
				"pitch": 0,
				"yaw": -129.99999899297234,
				"roll": 0
			},
			"bRandomRotation": false,
			"instanceId":
			{
				"guid": "6064633708513001476",
				"typeId": "5111011",
				"name": "None"
			}
		},
		"4":
		{
			"location":
			{
				"x": 27941.806177555467,
				"y": -516.76784515893087,
				"z": 4746.2066620128408
			},
			"rotation":
			{
				"pitch": 0,
				"yaw": -129.99999899297234,
				"roll": 0
			},
			"bRandomRotation": false,
			"instanceId":
			{
				"guid": "6064633708513001476",
				"typeId": "5111011",
				"name": "None"
			}
		},
		"5":
		{
			"location":
			{
				"x": 41921.806177555467,
				"y": 17153.232154841069,
				"z": 4728.8373440044179
			},
			"rotation":
			{
				"pitch": 0,
				"yaw": -129.99999899297234,
				"roll": 0
			},
			"bRandomRotation": false,
			"instanceId":
			{
				"guid": "6064633708513001476",
				"typeId": "5111011",
				"name": "None"
			}
		},
		"6":
		{
			"location":
			{
				"x": -195018.19382244442,
				"y": -125446.76784515893,
				"z": 6018.7006642192591
			},
			"rotation":
			{
				"pitch": 0,
				"yaw": -129.99999899297234,
				"roll": 0
			},
			"bRandomRotation": false,
			"instanceId":
			{
				"guid": "6064633708513001476",
				"typeId": "5111011",
				"name": "None"
			}
		},
		"7":
		{
			"location":
			{
				"x": -203918.19382244442,
				"y": -82776.767845158931,
				"z": -976.32637953074845
			},
			"rotation":
			{
				"pitch": 0,
				"yaw": -129.99999899297234,
				"roll": 0
			},
			"bRandomRotation": false,
			"instanceId":
			{
				"guid": "6064633708513001476",
				"typeId": "5111011",
				"name": "None"
			}
		},
		"8":
		{
			"location":
			{
				"x": -214018.19382244442,
				"y": -103456.76784515893,
				"z": -1037.0364371967717
			},
			"rotation":
			{
				"pitch": 0,
				"yaw": 120.00000185912792,
				"roll": 0
			},
			"bRandomRotation": false,
			"instanceId":
			{
				"guid": "6064633708513001476",
				"typeId": "5111011",
				"name": "None"
			}
		},
		"9":
		{
			"location":
			{
				"x": -205888.19382244442,
				"y": 21313.232154841069,
				"z": -4571.1634701557687
			},
			"rotation":
			{
				"pitch": 0,
				"yaw": -129.99999899297273,
				"roll": 0
			},
			"bRandomRotation": false,
			"instanceId":
			{
				"guid": "6064633708513001476",
				"typeId": "5111011",
				"name": "None"
			}
		},
		"10":
		{
			"location":
			{
				"x": -230328.19382244442,
				"y": -43736.767845158931,
				"z": -4561.6304476826317
			},
			"rotation":
			{
				"pitch": 0,
				"yaw": 130.00000178166417,
				"roll": 0
			},
			"bRandomRotation": false,
			"instanceId":
			{
				"guid": "6064633708513001476",
				"typeId": "5111011",
				"name": "None"
			}
		},
		"11":
		{
			"location":
			{
				"x": -217358.19382244442,
				"y": 20153.232154841069,
				"z": -4560.1929918232618
			},
			"rotation":
			{
				"pitch": 0,
				"yaw": -49.999999612682068,
				"roll": 0
			},
			"bRandomRotation": false,
			"instanceId":
			{
				"guid": "6064633708513001476",
				"typeId": "5111011",
				"name": "None"
			}
		}
	},
	"filterOverrideId":
	{
		"guid": "0",
		"typeId": "5111003",
		"name": "None"
	},
	"populationAreaId":
	{
		"guid": "0",
		"typeId": "5171420",
		"name": "None"
	},
	"timedDespawnId":
	{
		"guid": "0",
		"typeId": "5882300",
		"name": "None"
	},
	"overrideActivationRange": 0,
	"gameplayTags":
	{
		"gameplayTags": [],
		"parentTags": []
	},
	"alignmentOverridesIds": [],
	"guid": "6064633708513001475",
	"name": "PopulationSet_6064633708513001475",
	"typeId": "5111005"
}