{
	"populationInstancesMap":
	{
		"1":
		{
			"location":
			{
				"x": -625873.43509581161,
				"y": 638755.85733805026,
				"z": 11312.449611415494
			},
			"rotation":
			{
				"pitch": -18.662254184243825,
				"yaw": -32.545662592025757,
				"roll": -3.3134317584394353
			},
			"bRandomRotation": false,
			"instanceId":
			{
				"guid": "6064632942608515073",
				"typeId": "5111011",
				"name": "None"
			}
		},
		"2":
		{
			"location":
			{
				"x": -625723.43509581161,
				"y": 638695.85733805026,
				"z": 11292.449611415494
			},
			"rotation":
			{
				"pitch": -10.162758853490059,
				"yaw": -31.185459172133321,
				"roll": -8.7593888546010099
			},
			"bRandomRotation": false,
			"instanceId":
			{
				"guid": "6064632942608515073",
				"typeId": "5111011",
				"name": "None"
			}
		},
		"3":
		{
			"location":
			{
				"x": -623720.91190123698,
				"y": 641811.55627051846,
				"z": 10632.861576042418
			},
			"rotation":
			{
				"pitch": -19.999999845072633,
				"yaw": 0,
				"roll": 0
			},
			"bRandomRotation": false,
			"instanceId":
			{
				"guid": "6064632943188901892",
				"typeId": "5111011",
				"name": "None"
			}
		},
		"4":
		{
			"location":
			{
				"x": -623600.91190123698,
				"y": 641441.55627051846,
				"z": 10632.861576042418
			},
			"rotation":
			{
				"pitch": -16.320770841492322,
				"yaw": -23.059439208325941,
				"roll": 9.7894135052370057
			},
			"bRandomRotation": false,
			"instanceId":
			{
				"guid": "6064632943188901892",
				"typeId": "5111011",
				"name": "None"
			}
		},
		"5":
		{
			"location":
			{
				"x": -626239.32945181744,
				"y": 640058.30220209633,
				"z": 11500.483884368829
			},
			"rotation":
			{
				"pitch": -4.0887741570851981,
				"yaw": 20.952922211364058,
				"roll": -5.058984131985655
			},
			"bRandomRotation": false,
			"instanceId":
			{
				"guid": "6064632943916220437",
				"typeId": "5111011",
				"name": "None"
			}
		},
		"6":
		{
			"location":
			{
				"x": -626304.18406008917,
				"y": 640452.43500943214,
				"z": 11475.110726428582
			},
			"rotation":
			{
				"pitch": -0.59871177802864406,
				"yaw": -7.7398401003331978,
				"roll": 4.7456259551520716
			},
			"bRandomRotation": false,
			"instanceId":
			{
				"guid": "6064632943916220437",
				"typeId": "5111011",
				"name": "None"
			}
		},
		"7":
		{
			"location":
			{
				"x": -626465.43603499304,
				"y": 640675.31619439425,
				"z": 11558.131590463416
			},
			"rotation":
			{
				"pitch": -3.9567153638807917,
				"yaw": 68.204956973847843,
				"roll": 1.5805178945384775
			},
			"bRandomRotation": false,
			"instanceId":
			{
				"guid": "6064632934394363911",
				"typeId": "5111011",
				"name": "None"
			}
		},
		"8":
		{
			"location":
			{
				"x": -626309.10884789354,
				"y": 639827.09812577185,
				"z": 11593.763542011073
			},
			"rotation":
			{
				"pitch": 0.42334801837543817,
				"yaw": 131.8141042467586,
				"roll": -7.3220512082903024
			},
			"bRandomRotation": false,
			"instanceId":
			{
				"guid": "6064632934394363911",
				"typeId": "5111011",
				"name": "None"
			}
		},
		"9":
		{
			"location":
			{
				"x": -626733.09756235487,
				"y": 648551.20956970751,
				"z": 11588.95198291865
			},
			"rotation":
			{
				"pitch": 0,
				"yaw": 0,
				"roll": -0
			},
			"bRandomRotation": false,
			"instanceId":
			{
				"guid": "6064632943754215434",
				"typeId": "5111011",
				"name": "None"
			}
		},
		"10":
		{
			"location":
			{
				"x": -628347.70766520535,
				"y": 646378.03837129718,
				"z": 12019.426824968445
			},
			"rotation":
			{
				"pitch": 0,
				"yaw": 32.524839339707697,
				"roll": 0
			},
			"bRandomRotation": false,
			"instanceId":
			{
				"guid": "6064632943762669580",
				"typeId": "5111011",
				"name": "None"
			}
		},
		"11":
		{
			"location":
			{
				"x": -625013.0360259444,
				"y": 640874.11017876654,
				"z": 11276.252604093866
			},
			"rotation":
			{
				"pitch": 4.2822704191743286,
				"yaw": -123.59893795763938,
				"roll": 7.0886940776051013
			},
			"bRandomRotation": false,
			"instanceId":
			{
				"guid": "6064632943916220437",
				"typeId": "5111011",
				"name": "None"
			}
		},
		"12":
		{
			"location":
			{
				"x": -624880.72173774184,
				"y": 640264.69931383687,
				"z": 11240.178860575541
			},
			"rotation":
			{
				"pitch": 4.2822704191744467,
				"yaw": -155.63935988472699,
				"roll": 7.0886940776052993
			},
			"bRandomRotation": false,
			"instanceId":
			{
				"guid": "6064632943916220437",
				"typeId": "5111011",
				"name": "None"
			}
		},
		"13":
		{
			"location":
			{
				"x": -624728.64930032089,
				"y": 639612.32734084409,
				"z": 11151.132346834163
			},
			"rotation":
			{
				"pitch": 4.2822704191744663,
				"yaw": -171.82160921667435,
				"roll": 7.0886940776054104
			},
			"bRandomRotation": false,
			"instanceId":
			{
				"guid": "6064632943916220437",
				"typeId": "5111011",
				"name": "None"
			}
		},
		"14":
		{
			"location":
			{
				"x": -626336.86227855284,
				"y": 640239.18931651313,
				"z": 11552.214991129127
			},
			"rotation":
			{
				"pitch": 0,
				"yaw": 50.069986533756612,
				"roll": 0
			},
			"bRandomRotation": false,
			"instanceId":
			{
				"guid": "6064632943871328273",
				"typeId": "5111011",
				"name": "None"
			}
		},
		"15":
		{
			"location":
			{
				"x": -628354.10309433332,
				"y": 646611.05051210558,
				"z": 12136.531906108761
			},
			"rotation":
			{
				"pitch": 0,
				"yaw": 135.89161522944886,
				"roll": 0
			},
			"bRandomRotation": false,
			"instanceId":
			{
				"guid": "6064632943871328273",
				"typeId": "5111011",
				"name": "None"
			}
		},
		"16":
		{
			"location":
			{
				"x": -626200.80345301086,
				"y": 640264.71981436154,
				"z": 11458.070332792353
			},
			"rotation":
			{
				"pitch": 0,
				"yaw": 0,
				"roll": -0
			},
			"bRandomRotation": false,
			"instanceId":
			{
				"guid": "6064632943883714578",
				"typeId": "5111011",
				"name": "None"
			}
		}
	},
	"filterOverrideId":
	{
		"guid": "0",
		"typeId": "5111003",
		"name": "None"
	},
	"populationAreaId":
	{
		"guid": "0",
		"typeId": "5171420",
		"name": "None"
	},
	"timedDespawnId":
	{
		"guid": "0",
		"typeId": "5882300",
		"name": "None"
	},
	"overrideActivationRange": 0,
	"gameplayTags":
	{
		"gameplayTags": [],
		"parentTags": []
	},
	"alignmentOverridesIds": [],
	"guid": "6064632942608515072",
	"name": "PopulationSet_6064632942608515072",
	"typeId": "5111005"
}