{
	"populationInstancesMap":
	{
		"1":
		{
			"location":
			{
				"x": -323.74732302268967,
				"y": 935.83033358864486,
				"z": -382.38659187565827
			},
			"rotation":
			{
				"pitch": 0,
				"yaw": 99.999999225363283,
				"roll": -0
			},
			"bRandomRotation": false,
			"instanceId":
			{
				"guid": "6064630270761781694",
				"typeId": "5111011",
				"name": "None"
			}
		},
		"2":
		{
			"location":
			{
				"x": -444.61433928599581,
				"y": 1209.2852688441635,
				"z": -386.77567390595505
			},
			"rotation":
			{
				"pitch": -0,
				"yaw": -79.999999380290603,
				"roll": 0
			},
			"bRandomRotation": false,
			"instanceId":
			{
				"guid": "6064630270761781695",
				"typeId": "5111011",
				"name": "None"
			}
		},
		"3":
		{
			"location":
			{
				"x": -706.79600523458794,
				"y": 2641.5546275491361,
				"z": -392.56691003654669
			},
			"rotation":
			{
				"pitch": 0,
				"yaw": 99.999999225363283,
				"roll": -0
			},
			"bRandomRotation": false,
			"instanceId":
			{
				"guid": "6064630270761781695",
				"typeId": "5111011",
				"name": "None"
			}
		},
		"4":
		{
			"location":
			{
				"x": 472.55097302014474,
				"y": 819.74930556275649,
				"z": -377.77958538092207
			},
			"rotation":
			{
				"pitch": 0,
				"yaw": 0,
				"roll": -0
			},
			"bRandomRotation": false,
			"instanceId":
			{
				"guid": "6064630270761781701",
				"typeId": "5111011",
				"name": "None"
			}
		},
		"5":
		{
			"location":
			{
				"x": 813.5734915016219,
				"y": 524.27467739436543,
				"z": -375.69765137386094
			},
			"rotation":
			{
				"pitch": 0,
				"yaw": 0,
				"roll": -0
			},
			"bRandomRotation": false,
			"instanceId":
			{
				"guid": "6064630270761781702",
				"typeId": "5111011",
				"name": "None"
			}
		},
		"6":
		{
			"location":
			{
				"x": 842.75765199807938,
				"y": 377.0515529375989,
				"z": -374.0526269457132
			},
			"rotation":
			{
				"pitch": 0,
				"yaw": 0,
				"roll": -0
			},
			"bRandomRotation": false,
			"instanceId":
			{
				"guid": "6064630270761781702",
				"typeId": "5111011",
				"name": "None"
			}
		},
		"7":
		{
			"location":
			{
				"x": 812.25068877823651,
				"y": 480.81631431367714,
				"z": -283.74103692136669
			},
			"rotation":
			{
				"pitch": 0,
				"yaw": 0,
				"roll": -0
			},
			"bRandomRotation": false,
			"instanceId":
			{
				"guid": "6064630270761781702",
				"typeId": "5111011",
				"name": "None"
			}
		},
		"8":
		{
			"location":
			{
				"x": -497.52852601523045,
				"y": 1099.8457438397454,
				"z": -389.43414477457554
			},
			"rotation":
			{
				"pitch": 0,
				"yaw": 79.999999380290618,
				"roll": -0
			},
			"bRandomRotation": false,
			"instanceId":
			{
				"guid": "6064630270761781707",
				"typeId": "5111011",
				"name": "None"
			}
		},
		"9":
		{
			"location":
			{
				"x": -180.40829496923834,
				"y": 1396.2990227627452,
				"z": -382.37365057039642
			},
			"rotation":
			{
				"pitch": 0,
				"yaw": 169.99999868311744,
				"roll": -0
			},
			"bRandomRotation": false,
			"instanceId":
			{
				"guid": "6064630270761781705",
				"typeId": "5111011",
				"name": "None"
			}
		},
		"10":
		{
			"location":
			{
				"x": -346.38861752592493,
				"y": 934.34090203762753,
				"z": 479.22201387542555
			},
			"rotation":
			{
				"pitch": -0,
				"yaw": -169.99999868311761,
				"roll": 0
			},
			"bRandomRotation": false,
			"instanceId":
			{
				"guid": "6064630270761781705",
				"typeId": "5111011",
				"name": "None"
			}
		}
	},
	"filterOverrideId":
	{
		"guid": "0",
		"typeId": "5111003",
		"name": "None"
	},
	"populationAreaId":
	{
		"guid": "0",
		"typeId": "5171420",
		"name": "None"
	},
	"timedDespawnId":
	{
		"guid": "0",
		"typeId": "5882300",
		"name": "None"
	},
	"overrideActivationRange": 0,
	"gameplayTags":
	{
		"gameplayTags": [],
		"parentTags": []
	},
	"alignmentOverridesIds": [],
	"guid": "6064630270761781223",
	"name": "MISS_0016_LOL_PhaseAll_KaelarTower_West",
	"typeId": "5111005"
}