{
	"populationInstancesMap":
	{
		"1":
		{
			"location":
			{
				"x": 25269.191571589443,
				"y": -10645.940716106532,
				"z": 13817.373820608555
			},
			"rotation":
			{
				"pitch": -0,
				"yaw": -139.9999989155088,
				"roll": 0
			},
			"bRandomRotation": false,
			"instanceId":
			{
				"guid": "6064630270761765363",
				"typeId": "5111011",
				"name": "None"
			}
		},
		"2":
		{
			"location":
			{
				"x": 21263.176053608884,
				"y": -8770.5397586281761,
				"z": 14064.368403915811
			},
			"rotation":
			{
				"pitch": -0,
				"yaw": -54.999999573950213,
				"roll": 0
			},
			"bRandomRotation": false,
			"instanceId":
			{
				"guid": "6064630270761765363",
				"typeId": "5111011",
				"name": "None"
			}
		},
		"3":
		{
			"location":
			{
				"x": 27205.093423122657,
				"y": -17934.267059421923,
				"z": 12950.433840474514
			},
			"rotation":
			{
				"pitch": -0,
				"yaw": -159.99999876058141,
				"roll": 0
			},
			"bRandomRotation": false,
			"instanceId":
			{
				"guid": "6064630270761765363",
				"typeId": "5111011",
				"name": "None"
			}
		},
		"4":
		{
			"location":
			{
				"x": 27032.376820889884,
				"y": -16862.99047472715,
				"z": 13314.041502710897
			},
			"rotation":
			{
				"pitch": -0,
				"yaw": -159.99999876058141,
				"roll": 0
			},
			"bRandomRotation": false,
			"instanceId":
			{
				"guid": "6064630270761765363",
				"typeId": "5111011",
				"name": "None"
			}
		},
		"5":
		{
			"location":
			{
				"x": 27519.889409759315,
				"y": -16844.601636622974,
				"z": 13878.468986533131
			},
			"rotation":
			{
				"pitch": -0,
				"yaw": -159.99999876058141,
				"roll": 0
			},
			"bRandomRotation": false,
			"instanceId":
			{
				"guid": "6064630270761765363",
				"typeId": "5111011",
				"name": "None"
			}
		},
		"6":
		{
			"location":
			{
				"x": 27894.76259804063,
				"y": -17308.857144854497,
				"z": 13885.807308659241
			},
			"rotation":
			{
				"pitch": -0,
				"yaw": -159.99999876058141,
				"roll": 0
			},
			"bRandomRotation": false,
			"instanceId":
			{
				"guid": "6064630270761765363",
				"typeId": "5111011",
				"name": "None"
			}
		},
		"7":
		{
			"location":
			{
				"x": 15706.399575387943,
				"y": -19351.11303221251,
				"z": 13063.046959658837
			},
			"rotation":
			{
				"pitch": 0,
				"yaw": 0,
				"roll": -0
			},
			"bRandomRotation": false,
			"instanceId":
			{
				"guid": "6064630270761765363",
				"typeId": "5111011",
				"name": "None"
			}
		},
		"8":
		{
			"location":
			{
				"x": 12457.763172073988,
				"y": -24453.988603043341,
				"z": 11971.645541816099
			},
			"rotation":
			{
				"pitch": -4.9999999612681458,
				"yaw": 0,
				"roll": -0
			},
			"bRandomRotation": false,
			"instanceId":
			{
				"guid": "6064630270761765363",
				"typeId": "5111011",
				"name": "None"
			}
		},
		"9":
		{
			"location":
			{
				"x": 11893.819591666455,
				"y": -23707.890252864454,
				"z": 11895.132121551134
			},
			"rotation":
			{
				"pitch": -4.9999999612681458,
				"yaw": 0,
				"roll": -0
			},
			"bRandomRotation": false,
			"instanceId":
			{
				"guid": "6064630270761765363",
				"typeId": "5111011",
				"name": "None"
			}
		},
		"10":
		{
			"location":
			{
				"x": 12277.247145555448,
				"y": -23178.052755944402,
				"z": 11833.729283601217
			},
			"rotation":
			{
				"pitch": -4.9999999612681458,
				"yaw": 0,
				"roll": -0
			},
			"bRandomRotation": false,
			"instanceId":
			{
				"guid": "6064630270761765363",
				"typeId": "5111011",
				"name": "None"
			}
		},
		"11":
		{
			"location":
			{
				"x": 13367.130269157235,
				"y": -23638.396420905803,
				"z": 11745.181091183655
			},
			"rotation":
			{
				"pitch": -4.9999999612681458,
				"yaw": 0,
				"roll": -0
			},
			"bRandomRotation": false,
			"instanceId":
			{
				"guid": "6064630270761765363",
				"typeId": "5111011",
				"name": "None"
			}
		},
		"12":
		{
			"location":
			{
				"x": 7905.8421199137811,
				"y": -22390.23728926605,
				"z": 9315.0749009158462
			},
			"rotation":
			{
				"pitch": 0,
				"yaw": 0,
				"roll": -0
			},
			"bRandomRotation": false,
			"instanceId":
			{
				"guid": "6064630270761765363",
				"typeId": "5111011",
				"name": "None"
			}
		},
		"13":
		{
			"location":
			{
				"x": 8602.2131167593179,
				"y": -21133.265397851937,
				"z": 9307.6337323724038
			},
			"rotation":
			{
				"pitch": 0,
				"yaw": 0,
				"roll": -0
			},
			"bRandomRotation": false,
			"instanceId":
			{
				"guid": "6064630270761765363",
				"typeId": "5111011",
				"name": "None"
			}
		},
		"14":
		{
			"location":
			{
				"x": 7561.1393475116929,
				"y": -20408.301713138877,
				"z": 9035.3434011729842
			},
			"rotation":
			{
				"pitch": 0,
				"yaw": 0,
				"roll": -0
			},
			"bRandomRotation": false,
			"instanceId":
			{
				"guid": "6064630270761765363",
				"typeId": "5111011",
				"name": "None"
			}
		},
		"15":
		{
			"location":
			{
				"x": 7559.6226380104199,
				"y": -19218.581027662294,
				"z": 9003.8676979637821
			},
			"rotation":
			{
				"pitch": 0,
				"yaw": 0,
				"roll": -0
			},
			"bRandomRotation": false,
			"instanceId":
			{
				"guid": "6064630270761765363",
				"typeId": "5111011",
				"name": "None"
			}
		},
		"16":
		{
			"location":
			{
				"x": -4483.7521503830794,
				"y": -21841.236024433048,
				"z": 11543.545367104318
			},
			"rotation":
			{
				"pitch": -0,
				"yaw": -79.999999380291001,
				"roll": 0
			},
			"bRandomRotation": false,
			"instanceId":
			{
				"guid": "6064630270761765363",
				"typeId": "5111011",
				"name": "None"
			}
		},
		"17":
		{
			"location":
			{
				"x": -4039.7900117032696,
				"y": -21750.63544566452,
				"z": 11521.768791752413
			},
			"rotation":
			{
				"pitch": -0,
				"yaw": -79.999999380291001,
				"roll": 0
			},
			"bRandomRotation": false,
			"instanceId":
			{
				"guid": "6064630270761765363",
				"typeId": "5111011",
				"name": "None"
			}
		},
		"18":
		{
			"location":
			{
				"x": -3729.0173719546292,
				"y": -21599.261290412687,
				"z": 11537.148153722552
			},
			"rotation":
			{
				"pitch": -0,
				"yaw": -54.999999573949985,
				"roll": 0
			},
			"bRandomRotation": false,
			"instanceId":
			{
				"guid": "6064630270761765363",
				"typeId": "5111011",
				"name": "None"
			}
		},
		"19":
		{
			"location":
			{
				"x": -2344.2094135788502,
				"y": -25558.808769041905,
				"z": 10813.821820084875
			},
			"rotation":
			{
				"pitch": 0,
				"yaw": 44.999999651413653,
				"roll": -0
			},
			"bRandomRotation": false,
			"instanceId":
			{
				"guid": "6064630270761765363",
				"typeId": "5111011",
				"name": "None"
			}
		},
		"20":
		{
			"location":
			{
				"x": -1306.1231970979134,
				"y": -26004.499688098498,
				"z": 10802.459882922212
			},
			"rotation":
			{
				"pitch": 0,
				"yaw": 84.999999341559089,
				"roll": -0
			},
			"bRandomRotation": false,
			"instanceId":
			{
				"guid": "6064630270761765363",
				"typeId": "5111011",
				"name": "None"
			}
		},
		"21":
		{
			"location":
			{
				"x": -7220.3055453726556,
				"y": -24517.774100462702,
				"z": 12374.512568263752
			},
			"rotation":
			{
				"pitch": 0,
				"yaw": 94.99999926409572,
				"roll": -0
			},
			"bRandomRotation": false,
			"instanceId":
			{
				"guid": "6064630270761765363",
				"typeId": "5111011",
				"name": "None"
			}
		},
		"22":
		{
			"location":
			{
				"x": -6902.4827755065635,
				"y": -24514.569415435311,
				"z": 12384.15273026537
			},
			"rotation":
			{
				"pitch": 0,
				"yaw": 94.999999264095649,
				"roll": -0
			},
			"bRandomRotation": false,
			"instanceId":
			{
				"guid": "6064630270761765363",
				"typeId": "5111011",
				"name": "None"
			}
		},
		"23":
		{
			"location":
			{
				"x": -6752.6085583548993,
				"y": -24416.365181784349,
				"z": 12388.883192205147
			},
			"rotation":
			{
				"pitch": 0,
				"yaw": 94.999999264095578,
				"roll": -0
			},
			"bRandomRotation": false,