{
	"populationInstancesMap":
	{
		"1":
		{
			"location":
			{
				"x": 11.74683682306204,
				"y": -6838.2669345952454,
				"z": 959.98775445495448
			},
			"rotation":
			{
				"pitch": 0,
				"yaw": 0,
				"roll": 0
			},
			"bRandomRotation": false,
			"instanceId":
			{
				"guid": "6064632031919931405",
				"typeId": "5111011",
				"name": "None"
			}
		},
		"2":
		{
			"location":
			{
				"x": -88.639514047768898,
				"y": -6593.3829883554718,
				"z": 1035.9562463000511
			},
			"rotation":
			{
				"pitch": 0,
				"yaw": -79.999999380290362,
				"roll": 0
			},
			"bRandomRotation": false,
			"instanceId":
			{
				"guid": "6064632032645480449",
				"typeId": "5111011",
				"name": "None"
			}
		},
		"3":
		{
			"location":
			{
				"x": 124.69656539533753,
				"y": -6459.4272076900816,
				"z": 998.41349310413534
			},
			"rotation":
			{
				"pitch": 0,
				"yaw": -114.99999910916816,
				"roll": 0
			},
			"bRandomRotation": false,
			"instanceId":
			{
				"guid": "6064632032645480449",
				"typeId": "5111011",
				"name": "None"
			}
		},
		"4":
		{
			"location":
			{
				"x": 203.97771249571815,
				"y": -6849.4877296777559,
				"z": 1042.3683526149489
			},
			"rotation":
			{
				"pitch": 0,
				"yaw": -179.9999986056539,
				"roll": 0
			},
			"bRandomRotation": false,
			"instanceId":
			{
				"guid": "6064632032645480449",
				"typeId": "5111011",
				"name": "None"
			}
		},
		"5":
		{
			"location":
			{
				"x": -179.96723972831387,
				"y": -6838.1803888885188,
				"z": 1055.9899311470308
			},
			"rotation":
			{
				"pitch": 0,
				"yaw": 0,
				"roll": 0
			},
			"bRandomRotation": false,
			"instanceId":
			{
				"guid": "6064632032645480449",
				"typeId": "5111011",
				"name": "None"
			}
		},
		"6":
		{
			"location":
			{
				"x": 96.897116756183095,
				"y": -6778.5918451339239,
				"z": 1061.0671638398999
			},
			"rotation":
			{
				"pitch": 0,
				"yaw": 0,
				"roll": 0
			},
			"bRandomRotation": false,
			"instanceId":
			{
				"guid": "6064632104860319748",
				"typeId": "5111011",
				"name": "None"
			}
		},
		"7":
		{
			"location":
			{
				"x": -78.678381924284622,
				"y": -6778.1617513606907,
				"z": 1061.0983655248274
			},
			"rotation":
			{
				"pitch": 0,
				"yaw": 0,
				"roll": 0
			},
			"bRandomRotation": false,
			"instanceId":
			{
				"guid": "6064632104860319748",
				"typeId": "5111011",
				"name": "None"
			}
		},
		"8":
		{
			"location":
			{
				"x": -73.840984334121458,
				"y": -6894.1457448314177,
				"z": 1061.0951159709475
			},
			"rotation":
			{
				"pitch": 0,
				"yaw": 0,
				"roll": 0
			},
			"bRandomRotation": false,
			"instanceId":
			{
				"guid": "6064632104860319748",
				"typeId": "5111011",
				"name": "None"
			}
		},
		"9":
		{
			"location":
			{
				"x": 100.12198146339506,
				"y": -6895.00686217373,
				"z": 1061.09891004581
			},
			"rotation":
			{
				"pitch": 0,
				"yaw": 0,
				"roll": 0
			},
			"bRandomRotation": false,
			"instanceId":
			{
				"guid": "6064632104860319748",
				"typeId": "5111011",
				"name": "None"
			}
		}
	},
	"filterOverrideId":
	{
		"guid": "0",
		"typeId": "5111003",
		"name": "None"
	},
	"populationAreaId":
	{
		"guid": "0",
		"typeId": "5171420",
		"name": "None"
	},
	"timedDespawnId":
	{
		"guid": "0",
		"typeId": "5882300",
		"name": "None"
	},
	"overrideActivationRange": 0,
	"gameplayTags":
	{
		"gameplayTags": [],
		"parentTags": []
	},
	"alignmentOverridesIds": [],
	"guid": "6064632031800524801",
	"name": "RVR_CSB_Rosefall_event_stage_1_persist",
	"typeId": "5111005"
}