{
	"populationInstancesMap":
	{
		"6":
		{
			"location":
			{
				"x": -1580.3855232819333,
				"y": -2040.8394143946934,
				"z": -15.133367137332243
			},
			"rotation":
			{
				"pitch": 0,
				"yaw": 0,
				"roll": -0
			},
			"bRandomRotation": false,
			"instanceId":
			{
				"guid": "6064633187025354785",
				"typeId": "5111011",
				"name": "None"
			}
		},
		"9":
		{
			"location":
			{
				"x": -3409.4965180421423,
				"y": -9338.704003876308,
				"z": 53.270843543676165
			},
			"rotation":
			{
				"pitch": 19.999999845072566,
				"yaw": -19.999999845072622,
				"roll": -9.9999999225362863
			},
			"bRandomRotation": false,
			"instanceId":
			{
				"guid": "6064633187025354785",
				"typeId": "5111011",
				"name": "None"
			}
		},
		"11":
		{
			"location":
			{
				"x": 3623.1015398814634,
				"y": 4150.3350198147818,
				"z": 37.719411771115119
			},
			"rotation":
			{
				"pitch": 0,
				"yaw": 29.999999767609086,
				"roll": 0
			},
			"bRandomRotation": false,
			"instanceId":
			{
				"guid": "6064633187025354785",
				"typeId": "5111011",
				"name": "None"
			}
		},
		"1":
		{
			"location":
			{
				"x": -1550.3855232819333,
				"y": -3950.8394143946934,
				"z": -18.634609910772269
			},
			"rotation":
			{
				"pitch": -9.8465518659537565,
				"yaw": 1.7537834307979909,
				"roll": -10.151081630093531
			},
			"bRandomRotation": false,
			"instanceId":
			{
				"guid": "6064633187025354785",
				"typeId": "5111011",
				"name": "None"
			}
		},
		"2":
		{
			"location":
			{
				"x": -2080.3855232819333,
				"y": -6490.8394143946934,
				"z": -15.133367137332243
			},
			"rotation":
			{
				"pitch": -3.5129983059223377,
				"yaw": -31.298309635999146,
				"roll": 13.670203014315598
			},
			"bRandomRotation": false,
			"instanceId":
			{
				"guid": "6064633187025354785",
				"typeId": "5111011",
				"name": "None"
			}
		},
		"3":
		{
			"location":
			{
				"x": -40.385523281933274,
				"y": -5580.8394143946934,
				"z": 44.866632862667757
			},
			"rotation":
			{
				"pitch": -1.1106001965270025,
				"yaw": 48.985912458212439,
				"roll": 14.06314043088617
			},
			"bRandomRotation": false,
			"instanceId":
			{
				"guid": "6064633187025354785",
				"typeId": "5111011",
				"name": "None"
			}
		},
		"4":
		{
			"location":
			{
				"x": -4170.3855232819333,
				"y": -7840.8394143946934,
				"z": 44.866632862667757
			},
			"rotation":
			{
				"pitch": -1.1106001965270025,
				"yaw": 48.985912458212439,
				"roll": 14.063140430886168
			},
			"bRandomRotation": false,
			"instanceId":
			{
				"guid": "6064633187025354785",
				"typeId": "5111011",
				"name": "None"
			}
		},
		"5":
		{
			"location":
			{
				"x": 3423.1015398814634,
				"y": 6040.3350198147818,
				"z": 87.719411771115119
			},
			"rotation":
			{
				"pitch": -14.041239066377042,
				"yaw": 51.045126536036896,
				"roll": -1.364369514359226
			},
			"bRandomRotation": false,
			"instanceId":
			{
				"guid": "6064633187025354785",
				"typeId": "5111011",
				"name": "None"
			}
		},
		"7":
		{
			"location":
			{
				"x": 3543.1015398814634,
				"y": 7940.3350198147818,
				"z": 71.07981374254814
			},
			"rotation":
			{
				"pitch": 2.8682236903302618,
				"yaw": -65.741140694476186,
				"roll": -15.978954352978862
			},
			"bRandomRotation": false,
			"instanceId":
			{
				"guid": "6064633187025354785",
				"typeId": "5111011",
				"name": "None"
			}
		},
		"8":
		{
			"location":
			{
				"x": 2613.1015398814634,
				"y": 4790.3350198147818,
				"z": 24.73777272692314
			},
			"rotation":
			{
				"pitch": 7.6442699537116576,
				"yaw": 49.567538532225932,
				"roll": -6.4663543952380573
			},
			"bRandomRotation": false,
			"instanceId":
			{
				"guid": "6064633187025354785",
				"typeId": "5111011",
				"name": "None"
			}
		},
		"10":
		{
			"location":
			{
				"x": -2570.3855232819333,
				"y": -3280.8394143946934,
				"z": 74.866632862667757
			},
			"rotation":
			{
				"pitch": 6.1961729189429127,
				"yaw": 52.156472065638368,
				"roll": 7.6690518835450394
			},
			"bRandomRotation": false,
			"instanceId":
			{
				"guid": "6064633187025354785",
				"typeId": "5111011",
				"name": "None"
			}
		},
		"12":
		{
			"location":
			{
				"x": -100.38552328193327,
				"y": 19.160585605306551,
				"z": -25.133367137332243
			},
			"rotation":
			{
				"pitch": 6.1961729189429127,
				"yaw": 42.156472143102015,
				"roll": 7.6690518835450332
			},
			"bRandomRotation": false,
			"instanceId":
			{
				"guid": "6064633187025354785",
				"typeId": "5111011",
				"name": "None"
			}
		},
		"13":
		{
			"location":
			{
				"x": 2339.6144767180667,
				"y": 9.1605856053065509,
				"z": -35.133367137332243
			},
			"rotation":
			{
				"pitch": 27.644318750980865,
				"yaw": 42.259161817717562,
				"roll": 13.977284675439224
			},
			"bRandomRotation": false,
			"instanceId":
			{
				"guid": "6064633187025354785",
				"typeId": "5111011",
				"name": "None"
			}
		},
		"14":
		{
			"location":
			{
				"x": 4713.1015398814634,
				"y": 8830.3350198147818,
				"z": -8.92018625745186
			},
			"rotation":
			{
				"pitch": 3.7962902312325491,
				"yaw": -66.196684436744022,
				"roll": 6.3088533181063386
			},
			"bRandomRotation": false,
			"instanceId":
			{
				"guid": "6064633187025354785",
				"typeId": "5111011",
				"name": "None"
			}
		},
		"15":
		{
			"location":
			{
				"x": 2329.6144767180667,
				"y": 1499.1605856053066,
				"z": -35.133367137332243
			},
			"rotation":
			{
				"pitch": 0,
				"yaw": 0,
				"roll": -0
			},
			"bRandomRotation": false,
			"instanceId":
			{
				"guid": "6064633187025354785",
				"typeId": "5111011",
				"name": "None"
			}
		}
	},
	"filterOverrideId":
	{
		"guid": "0",
		"typeId": "5111003",
		"name": "None"
	},
	"populationAreaId":
	{
		"guid": "0",
		"typeId": "5171420",
		"name": "None"
	},
	"timedDespawnId":
	{
		"guid": "0",
		"typeId": "5882300",
		"name": "None"
	},
	"overrideActivationRange": 0,
	"gameplayTags":
	{
		"gameplayTags": [],
		"parentTags": []
	},
	"alignmentOverridesIds": [],
	"guid": "6064633186769174532",
	"name": "EVT_SAN_0012_JadeScorpion_Stage 2_SpawnTrigger_PopulationSet_Bandits2",
	"typeId": "5111005"
}