{
	"populationInstancesMap":
	{
		"1":
		{
			"location":
			{
				"x": -5216.0936616247054,
				"y": -22773.40026120434,
				"z": -2658.9592634518249
			},
			"rotation":
			{
				"pitch": 0,
				"yaw": -165.17784372395525,
				"roll": 0
			},
			"bRandomRotation": false,
			"instanceId":
			{
				"guid": "6064632734121984000",
				"typeId": "5111011",
				"name": "None"
			}
		},
		"2":
		{
			"location":
			{
				"x": -5157.9923027229961,
				"y": -22984.560126598808,
				"z": -2658.9592562362304
			},
			"rotation":
			{
				"pitch": 0,
				"yaw": -173.72056845439928,
				"roll": 0
			},
			"bRandomRotation": false,
			"instanceId":
			{
				"guid": "6064632734142758913",
				"typeId": "5111011",
				"name": "None"
			}
		},
		"3":
		{
			"location":
			{
				"x": -2892.8145403915551,
				"y": -21711.456179825705,
				"z": -2658.9592562362304
			},
			"rotation":
			{
				"pitch": 0,
				"yaw": 22.890471270439743,
				"roll": 0
			},
			"bRandomRotation": false,
			"instanceId":
			{
				"guid": "6064632734142758913",
				"typeId": "5111011",
				"name": "None"
			}
		},
		"4":
		{
			"location":
			{
				"x": -2978.3881041901186,
				"y": -21508.781156255049,
				"z": -2658.9592562362304
			},
			"rotation":
			{
				"pitch": 0,
				"yaw": 22.890471270439754,
				"roll": 0
			},
			"bRandomRotation": false,
			"instanceId":
			{
				"guid": "6064632734142758913",
				"typeId": "5111011",
				"name": "None"
			}
		},
		"5":
		{
			"location":
			{
				"x": -3216.7398944832385,
				"y": -21193.863669708138,
				"z": -2658.9592562362304
			},
			"rotation":
			{
				"pitch": 0,
				"yaw": 74.375466431997097,
				"roll": 0
			},
			"bRandomRotation": false,
			"instanceId":
			{
				"guid": "6064632734142758913",
				"typeId": "5111011",
				"name": "None"
			}
		},
		"6":
		{
			"location":
			{
				"x": -3384.0302971545607,
				"y": -21140.501971890801,
				"z": -2658.9592634518249
			},
			"rotation":
			{
				"pitch": 0,
				"yaw": 65.430486752354156,
				"roll": 0
			},
			"bRandomRotation": false,
			"instanceId":
			{
				"guid": "6064632734156718085",
				"typeId": "5111011",
				"name": "None"
			}
		},
		"7":
		{
			"location":
			{
				"x": 1481.7112087665591,
				"y": -22652.437187205302,
				"z": -2574.9593871301404
			},
			"rotation":
			{
				"pitch": 0,
				"yaw": 110.39382984347756,
				"roll": 0
			},
			"bRandomRotation": false,
			"instanceId":
			{
				"guid": "6064632744289370115",
				"typeId": "5111011",
				"name": "None"
			}
		},
		"8":
		{
			"location":
			{
				"x": -3826.3312527714297,
				"y": -22572.742037370452,
				"z": -2658.9593045764523
			},
			"rotation":
			{
				"pitch": 0,
				"yaw": 0,
				"roll": -0
			},
			"bRandomRotation": false,
			"instanceId":
			{
				"guid": "6064632746154721283",
				"typeId": "5111011",
				"name": "None"
			}
		}
	},
	"filterOverrideId":
	{
		"guid": "0",
		"typeId": "5111003",
		"name": "None"
	},
	"populationAreaId":
	{
		"guid": "0",
		"typeId": "5171420",
		"name": "None"
	},
	"timedDespawnId":
	{
		"guid": "0",
		"typeId": "5882300",
		"name": "None"
	},
	"overrideActivationRange": 0,
	"gameplayTags":
	{
		"gameplayTags": [],
		"parentTags": []
	},
	"alignmentOverridesIds": [],
	"guid": "6064632717204979715",
	"name": "PopSet_BefallenForge_Dunir_Zombies",
	"typeId": "5111005"
}