{
	"populationInstancesMap":
	{
		"1":
		{
			"location":
			{
				"x": -5006.5698012365028,
				"y": 3896.1853791495087,
				"z": -3443.696131146593
			},
			"rotation":
			{
				"pitch": 0,
				"yaw": 2.8105098871052165,
				"roll": -0
			},
			"bRandomRotation": false,
			"instanceId":
			{
				"guid": "6064631290998883653",
				"typeId": "5111011",
				"name": "None"
			}
		},
		"2":
		{
			"location":
			{
				"x": -4994.855412486475,
				"y": 3656.7520039445953,
				"z": -3454.6835155573208
			},
			"rotation":
			{
				"pitch": 0,
				"yaw": 92.720208321458898,
				"roll": -0
			},
			"bRandomRotation": false,
			"instanceId":
			{
				"guid": "6064631290998883653",
				"typeId": "5111011",
				"name": "None"
			}
		},
		"3":
		{
			"location":
			{
				"x": -5135.6757016750053,
				"y": 4067.0346561153419,
				"z": -3617.6169493771486
			},
			"rotation":
			{
				"pitch": 0,
				"yaw": 163.65879896610144,
				"roll": -0
			},
			"bRandomRotation": false,
			"instanceId":
			{
				"guid": "6064631290995606852",
				"typeId": "5111011",
				"name": "None"
			}
		},
		"4":
		{
			"location":
			{
				"x": -5165.2431927995058,
				"y": 3868.792560893693,
				"z": -3605.4031923393777
			},
			"rotation":
			{
				"pitch": -4.5187127086294359,
				"yaw": 179.8396081907361,
				"roll": -7.8104214106296581
			},
			"bRandomRotation": false,
			"instanceId":
			{
				"guid": "6064631290995606852",
				"typeId": "5111011",
				"name": "None"
			}
		},
		"5":
		{
			"location":
			{
				"x": -5492.084594090702,
				"y": 3900.5386376520619,
				"z": -3736.9979757495894
			},
			"rotation":
			{
				"pitch": -0,
				"yaw": -130.29753081496,
				"roll": 0
			},
			"bRandomRotation": false,
			"instanceId":
			{
				"guid": "6064631290995606852",
				"typeId": "5111011",
				"name": "None"
			}
		},
		"6":
		{
			"location":
			{
				"x": -4624.5706891170703,
				"y": 4114.5765847821021,
				"z": -3413.7594254617143
			},
			"rotation":
			{
				"pitch": 0,
				"yaw": 108.66337827437988,
				"roll": -0
			},
			"bRandomRotation": false,
			"instanceId":
			{
				"guid": "6064631290995606852",
				"typeId": "5111011",
				"name": "None"
			}
		},
		"7":
		{
			"location":
			{
				"x": -6034.6069426570321,
				"y": 5013.9198919383343,
				"z": -3955.6034573712932
			},
			"rotation":
			{
				"pitch": -0,
				"yaw": -64.207853899754042,
				"roll": 0
			},
			"bRandomRotation": false,
			"instanceId":
			{
				"guid": "6064631290995606852",
				"typeId": "5111011",
				"name": "None"
			}
		},
		"8":
		{
			"location":
			{
				"x": -4622.476980978041,
				"y": 4108.3779471353628,
				"z": -3413.7594254322939
			},
			"rotation":
			{
				"pitch": -0,
				"yaw": -150.27267139355848,
				"roll": 0
			},
			"bRandomRotation": false,
			"instanceId":
			{
				"guid": "6064631290995606852",
				"typeId": "5111011",
				"name": "None"
			}
		},
		"9":
		{
			"location":
			{
				"x": -6034.6069426570321,
				"y": 5013.9198919383343,
				"z": -3955.6034573712932
			},
			"rotation":
			{
				"pitch": 0,
				"yaw": 36.174389338909052,
				"roll": -0
			},
			"bRandomRotation": false,
			"instanceId":
			{
				"guid": "6064631290995606852",
				"typeId": "5111011",
				"name": "None"
			}
		},
		"10":
		{
			"location":
			{
				"x": -2091.5662352595245,
				"y": 7039.8452096736291,
				"z": -2967.9665097994293
			},
			"rotation":
			{
				"pitch": 16.215923881530472,
				"yaw": -115.72109143550392,
				"roll": -11.753258456772748
			},
			"bRandomRotation": false,
			"instanceId":
			{
				"guid": "6064631290995606852",
				"typeId": "5111011",
				"name": "None"
			}
		},
		"11":
		{
			"location":
			{
				"x": -1915.6688468980137,
				"y": 6949.480765918619,
				"z": -2914.2106405577142
			},
			"rotation":
			{
				"pitch": 23.135104539551737,
				"yaw": -105.39040210777227,
				"roll": -8.7808148189686204
			},
			"bRandomRotation": false,
			"instanceId":
			{
				"guid": "6064631290995606852",
				"typeId": "5111011",
				"name": "None"
			}
		},
		"12":
		{
			"location":
			{
				"x": -2024.8378972808132,
				"y": 6985.3084403708344,
				"z": -2935.8675916517896
			},
			"rotation":
			{
				"pitch": 23.135104539551737,
				"yaw": -105.3904021077723,
				"roll": -8.7808148189686186
			},
			"bRandomRotation": false,
			"instanceId":
			{
				"guid": "6064631290995606852",
				"typeId": "5111011",
				"name": "None"
			}
		},
		"13":
		{
			"location":
			{
				"x": -1866.2059449806111,
				"y": 7178.9956389474683,
				"z": -2881.9407524256712
			},
			"rotation":
			{
				"pitch": 0,
				"yaw": 24.494409022296271,
				"roll": -0
			},
			"bRandomRotation": false,
			"instanceId":
			{
				"guid": "6064631290998883653",
				"typeId": "5111011",
				"name": "None"
			}
		},
		"14":
		{
			"location":
			{
				"x": -1872.79500556516,
				"y": 7193.7542723171646,
				"z": -2860.3257795569916
			},
			"rotation":
			{
				"pitch": 0,
				"yaw": 113.73550546943609,
				"roll": -0
			},
			"bRandomRotation": false,
			"instanceId":
			{
				"guid": "6064631290998883653",
				"typeId": "5111011",
				"name": "None"
			}
		},
		"15":
		{
			"location":
			{
				"x": -1872.1115277039353,
				"y": 7191.9576078425162,
				"z": -2618.6275729802037
			},
			"rotation":
			{
				"pitch": 0,
				"yaw": 24.494409022296271,
				"roll": -0
			},
			"bRandomRotation": false,
			"instanceId":
			{
				"guid": "6064631290998883653",
				"typeId": "5111011",
				"name": "None"
			}
		},
		"16":
		{
			"location":
			{
				"x": -1841.2783559220843,
				"y": 6032.7523709167726,
				"z": -2687.9857220327249
			},
			"rotation":
			{
				"pitch": 44.871097659598647,
				"yaw": -8.5984684887734417,
				"roll": -9.382808515326067
			},
			"bRandomRotation": false,
			"instanceId":
			{
				"guid": "6064631290995606852",
				"typeId": "5111011",
				"name": "None"
			}
		},
		"17":
		{
			"location":
			{
				"x": -1956.0804965015268,
				"y": 6048.0426337517565,
				"z": -2824.6869352454742
			},
			"rotation":
			{
				"pitch": 0,
				"yaw": 11.622847738850503,
				"roll": -0
			},
			"bRandomRotation": false,
			"instanceId":
			{
				"guid": "6064631290998883653",
				"typeId": "5111011",
				"name": "None"
			}
		},
		"18":
		{
			"location":
			{
				"x": 43.47388697299175,
				"y": 5812.7419013476465,
				"z": -2223.9980968834861
			},
			"rotation":
			{
				"pitch": -0,
				"yaw": -92.630295890738267,
				"roll": 0
			},
			"bRandomRotation": false,
			"instanceId":
			{
				"guid": "6064631290998883653",
				"typeId": "5111011",
				"name": "None"
			}
		},
		"19":
		{
			"location":
			{
				"x": -164.0786383820232,
				"y": 5535.531359675806,
				"z": -2200.7994355480441
			},
			"rotation":
			{
				"pitch": 4.2910055431692307,
				"yaw": -79.532362448698123,
				"roll": 33.837735960399883
			},
			"bRandomRotation": false,
			"instanceId":
			{
				"guid": "6064631290998883653",
				"typeId": "5111011",
				"name": "None"
			}
		},
		"20":
		{
			"location":
			{
				"x": 15.137347579584457,
				"y": 5567.5000744927675,
				"z": -2176.1979389203298
			},
			"rotation":
			{
				"pitch": 0.24950254368841479,
				"yaw": 140.18462519919055,
				"roll": 0.29929523799353375
			},
			"bRandomRotation": false,
			"instanceId":
			{
				"guid": "6064631290995606852",
				"typeId": "5111011",
				"name": "None"
			}
		},
		"21":
		{
			"location":
			{
				"x": 55.205996620235965,
				"y": 5862.6658431388205,
				"z": -2200.7932165649072
			},
			"rotation":
			{
				"pitch": 29.86655231822721,
				"yaw": 163.67499603983359,
				"roll": -12.334646354650598
			},
			"bRandomRotation": false,
			"instanceId":
			{
				"guid": "6064631290995606852",
				"typeId": "5111011",
				"name": "None"
			}
		},
		"22":
		{
			"location":
			{
				"x": 161.19347038539127,
				"y": 6040.8979538439307,
				"z": -2206.8154326064505
			},
			"rotation":
			{
				"pitch": 10.455840692334082,
				"yaw": 87.524857539854338,
				"roll": -8.3213265234009537
			},
			"bRandomRotation": false,