{
	"populationInstancesMap":
	{
		"1":
		{
			"location":
			{
				"x": -4026.8080878453329,
				"y": 1992.5084963955451,
				"z": -329.52164390401504
			},
			"rotation":
			{
				"pitch": 6.9717209782993461e-07,
				"yaw": -179.99999999999991,
				"roll": 1.3943454177933741e-06
			},
			"bRandomRotation": false,
			"instanceId":
			{
				"guid": "6064633453695926625",
				"typeId": "5111011",
				"name": "None"
			}
		},
		"2":
		{
			"location":
			{
				"x": -4026.8080813931301,
				"y": 602.50847133097704,
				"z": -384.60254218892715
			},
			"rotation":
			{
				"pitch": 0,
				"yaw": 0,
				"roll": -0
			},
			"bRandomRotation": false,
			"instanceId":
			{
				"guid": "6064633453695926625",
				"typeId": "5111011",
				"name": "None"
			}
		},
		"3":
		{
			"location":
			{
				"x": -4606.8080813931301,
				"y": 1382.508471330977,
				"z": -331.17646257467186
			},
			"rotation":
			{
				"pitch": 0,
				"yaw": 0,
				"roll": -0
			},
			"bRandomRotation": false,
			"instanceId":
			{
				"guid": "6064633453695926625",
				"typeId": "5111011",
				"name": "None"
			}
		},
		"4":
		{
			"location":
			{
				"x": -6592.5050246079918,
				"y": 4505.3059938080842,
				"z": -274.89288868131553
			},
			"rotation":
			{
				"pitch": 0,
				"yaw": 0,
				"roll": -0
			},
			"bRandomRotation": false,
			"instanceId":
			{
				"guid": "6064633470294622208",
				"typeId": "5111011",
				"name": "None"
			}
		},
		"5":
		{
			"location":
			{
				"x": -6907.4756876861211,
				"y": 3544.2825919373427,
				"z": -373.78263175020948
			},
			"rotation":
			{
				"pitch": 0,
				"yaw": 0,
				"roll": -0
			},
			"bRandomRotation": false,
			"instanceId":
			{
				"guid": "6064633470296522753",
				"typeId": "5111011",
				"name": "None"
			}
		},
		"6":
		{
			"location":
			{
				"x": -7408.2459222138859,
				"y": 1578.7771889838623,
				"z": -360.14885398769366
			},
			"rotation":
			{
				"pitch": 0,
				"yaw": 0,
				"roll": -0
			},
			"bRandomRotation": false,
			"instanceId":
			{
				"guid": "6064633470297636866",
				"typeId": "5111011",
				"name": "None"
			}
		},
		"7":
		{
			"location":
			{
				"x": -10213.485368549125,
				"y": 2657.3390055530472,
				"z": -337.83891513300932
			},
			"rotation":
			{
				"pitch": 0,
				"yaw": 0,
				"roll": -0
			},
			"bRandomRotation": false,
			"instanceId":
			{
				"guid": "6064633470301634563",
				"typeId": "5111011",
				"name": "None"
			}
		},
		"8":
		{
			"location":
			{
				"x": -10066.40792173706,
				"y": 5926.3286943848943,
				"z": -297.18462360893864
			},
			"rotation":
			{
				"pitch": 0,
				"yaw": 0,
				"roll": -0
			},
			"bRandomRotation": false,
			"instanceId":
			{
				"guid": "6064633470303993860",
				"typeId": "5111011",
				"name": "None"
			}
		},
		"9":
		{
			"location":
			{
				"x": -9414.1060706139542,
				"y": 6283.0212260833941,
				"z": -297.18433559519599
			},
			"rotation":
			{
				"pitch": 0,
				"yaw": 0,
				"roll": -0
			},
			"bRandomRotation": false,
			"instanceId":
			{
				"guid": "6064633470304583685",
				"typeId": "5111011",
				"name": "None"
			}
		},
		"10":
		{
			"location":
			{
				"x": -9598.4488501718733,
				"y": 5281.194637794164,
				"z": -317.78296217120624
			},
			"rotation":
			{
				"pitch": 0,
				"yaw": 0,
				"roll": -0
			},
			"bRandomRotation": false,
			"instanceId":
			{
				"guid": "6064633470305697798",
				"typeId": "5111011",
				"name": "None"
			}
		},
		"11":
		{
			"location":
			{
				"x": -9702.6113290665671,
				"y": 9185.4899850976653,
				"z": 98.97284754762768
			},
			"rotation":
			{
				"pitch": 0,
				"yaw": 0,
				"roll": -0
			},
			"bRandomRotation": false,
			"instanceId":
			{
				"guid": "6064633470306549767",
				"typeId": "5111011",
				"name": "None"
			}
		},
		"12":
		{
			"location":
			{
				"x": -6967.7955696741119,
				"y": 2010.8820800471585,
				"z": -292.15605339285139
			},
			"rotation":
			{
				"pitch": 0,
				"yaw": 0,
				"roll": -0
			},
			"bRandomRotation": false,
			"instanceId":
			{
				"guid": "6064633470428643328",
				"typeId": "5111011",
				"name": "None"
			}
		},
		"13":
		{
			"location":
			{
				"x": -5074.1215653331019,
				"y": 7524.4882313164417,
				"z": -224.9878852802949
			},
			"rotation":
			{
				"pitch": 0,
				"yaw": 0,
				"roll": -0
			},
			"bRandomRotation": false,
			"instanceId":
			{
				"guid": "6064633470431264769",
				"typeId": "5111011",
				"name": "None"
			}
		},
		"14":
		{
			"location":
			{
				"x": -7164.1215653331019,
				"y": 8184.4882313164417,
				"z": -201.03685754592243
			},
			"rotation":
			{
				"pitch": 0,
				"yaw": 0,
				"roll": -0
			},
			"bRandomRotation": false,
			"instanceId":
			{
				"guid": "6064633470431264769",
				"typeId": "5111011",
				"name": "None"
			}
		},
		"15":
		{
			"location":
			{
				"x": -9438.170883501647,
				"y": 2481.8341335153673,
				"z": -292.17430823545965
			},
			"rotation":
			{
				"pitch": 0,
				"yaw": 0,
				"roll": -0
			},
			"bRandomRotation": false,
			"instanceId":
			{
				"guid": "6064633470445223938",
				"typeId": "5111011",
				"name": "None"
			}
		},
		"16":
		{
			"location":
			{
				"x": -7768.170883501647,
				"y": 2111.8341335153673,
				"z": -299.07804210158156
			},
			"rotation":
			{
				"pitch": 0,
				"yaw": 0,
				"roll": -0
			},
			"bRandomRotation": false,
			"instanceId":
			{
				"guid": "6064633470445223938",
				"typeId": "5111011",
				"name": "None"
			}
		},
		"17":
		{
			"location":
			{
				"x": -3518.170883501647,
				"y": 921.83413351536728,
				"z": -390.94429799758018
			},
			"rotation":
			{
				"pitch": 0,
				"yaw": 0,
				"roll": -0
			},
			"bRandomRotation": false,
			"instanceId":
			{
				"guid": "6064633470445223938",
				"typeId": "5111011",
				"name": "None"
			}
		},
		"18":
		{
			"location":
			{
				"x": -1398.170883501647,
				"y": 561.83413351536728,
				"z": 84.02104248093292
			},
			"rotation":
			{
				"pitch": 0,
				"yaw": 0,
				"roll": -0
			},
			"bRandomRotation": false,
			"instanceId":
			{
				"guid": "6064633470445223938",
				"typeId": "5111011",
				"name": "None"
			}
		},
		"19":
		{
			"location":
			{
				"x": 961.82911649835296,
				"y": 101.83413351536728,
				"z": 45.999951837619847
			},
			"rotation":
			{
				"pitch": 0,
				"yaw": 0,
				"roll": -0
			},
			"bRandomRotation": false,
			"instanceId":
			{
				"guid": "6064633470445223938",
				"typeId": "5111011",
				"name": "None"
			}
		},
		"20":
		{
			"location":
			{
				"x": -2236.8080794492271,
				"y": 1262.5084796041483,
				"z": 151.92475138900136
			},
			"rotation":
			{
				"pitch": 6.9717209782993461e-07,
				"yaw": -179.99999999999991,
				"roll": 1.3943454177933737e-06
			},
			"bRandomRotation": false,
			"instanceId":
			{
				"guid": "6064633453695926625",
				"typeId": "5111011",
				"name": "None"
			}
		},
		"21":
		{
			"location":
			{
				"x": -136.80807944922708,
				"y": 62.508479604148306,
				"z": 113.99999194570319
			},
			"rotation":
			{
				"pitch": 6.9717209782993461e-07,
				"yaw": -179.99999999999991,
				"roll": 1.3943454177933732e-06
			},
			"bRandomRotation": false,
			"instanceId":
			{
				"guid": "6064633453695926625",
				"typeId": "5111011",
				"name": "None"
			}
		},
		"22":
		{
			"location":
			{
				"x": -10459.046186549123,
				"y": 6500.5337878828868,
				"z": -291.85644307992334
			},
			"rotation":
			{
				"pitch": 0,
				"yaw": 0,
				"roll": -0
			},
			"bRandomRotation": false,
			"instanceId":
			{
				"guid": "6064633470531141632",
				"typeId": "5111011",
				"name": "None"
			}
		}
	},
	"filterOverrideId":
	{
		"guid": "0",
		"typeId": "5111003",
		"name": "None"
	},
	"populationAreaId":
	{
		"guid": "0",
		"typeId": "5171420",
		"name": "None"
	},
	"timedDespawnId":
	{
		"guid": "0",
		"typeId": "5882300",
		"name": "None"
	},
	"overrideActivationRange": 0,
	"gameplayTags":
	{
		"gameplayTags": [],
		"parentTags": []
	},
	"alignmentOverridesIds": [],