{
	"populationInstancesMap":
	{
		"1":
		{
			"location":
			{
				"x": 7114.8736117755761,
				"y": 16876.038394198637,
				"z": -16922.550207719345
			},
			"rotation":
			{
				"pitch": 0,
				"yaw": 69.999999457754271,
				"roll": 0
			},
			"bRandomRotation": false,
			"instanceId":
			{
				"guid": "6064631583809077286",
				"typeId": "5111011",
				"name": "None"
			}
		},
		"2":
		{
			"location":
			{
				"x": 6667.7243324685842,
				"y": 16668.924582881795,
				"z": -16922.550270386979
			},
			"rotation":
			{
				"pitch": 0,
				"yaw": 39.999999690145351,
				"roll": 0
			},
			"bRandomRotation": false,
			"instanceId":
			{
				"guid": "6064631583810977831",
				"typeId": "5111011",
				"name": "None"
			}
		},
		"3":
		{
			"location":
			{
				"x": 4977.8322719255229,
				"y": 15818.046393978002,
				"z": -16922.550223239363
			},
			"rotation":
			{
				"pitch": -0,
				"yaw": -150.00000162673697,
				"roll": 0
			},
			"bRandomRotation": false,
			"instanceId":
			{
				"guid": "6064631583729319953",
				"typeId": "5111011",
				"name": "None"
			}
		},
		"4":
		{
			"location":
			{
				"x": 7165.0565919479122,
				"y": 14973.046396366612,
				"z": -16922.550192721785
			},
			"rotation":
			{
				"pitch": -0,
				"yaw": -119.99999907043617,
				"roll": 0
			},
			"bRandomRotation": false,
			"instanceId":
			{
				"guid": "6064631583813009449",
				"typeId": "5111011",
				"name": "None"
			}
		},
		"5":
		{
			"location":
			{
				"x": 3626.7204513427569,
				"y": 12706.256985943299,
				"z": -16922.550214881387
			},
			"rotation":
			{
				"pitch": 0,
				"yaw": -29.999999767609047,
				"roll": 0
			},
			"bRandomRotation": false,
			"instanceId":
			{
				"guid": "6064631583815237674",
				"typeId": "5111011",
				"name": "None"
			}
		},
		"6":
		{
			"location":
			{
				"x": 3096.7204513427569,
				"y": 11751.256985943299,
				"z": -16922.550212974038
			},
			"rotation":
			{
				"pitch": 0,
				"yaw": 0,
				"roll": -0
			},
			"bRandomRotation": false,
			"instanceId":
			{
				"guid": "6064631561512288271",
				"typeId": "5111011",
				"name": "None"
			}
		},
		"7":
		{
			"location":
			{
				"x": 2226.7204513427569,
				"y": 14296.256985943299,
				"z": -16922.550211202495
			},
			"rotation":
			{
				"pitch": 0,
				"yaw": -129.99999899297242,
				"roll": 0
			},
			"bRandomRotation": false,
			"instanceId":
			{
				"guid": "6064631561464971264",
				"typeId": "5111011",
				"name": "None"
			}
		},
		"8":
		{
			"location":
			{
				"x": 3009.0409633743111,
				"y": 9992.4301250122953,
				"z": -16922.550212974038
			},
			"rotation":
			{
				"pitch": -0,
				"yaw": -119.99999907043605,
				"roll": 0
			},
			"bRandomRotation": false,
			"instanceId":
			{
				"guid": "6064631583816941613",
				"typeId": "5111011",
				"name": "None"
			}
		},
		"9":
		{
			"location":
			{
				"x": 3701.7204513427569,
				"y": 10201.256985943299,
				"z": -16922.550212974038
			},
			"rotation":
			{
				"pitch": 0,
				"yaw": 159.99999876058141,
				"roll": 0
			},
			"bRandomRotation": false,
			"instanceId":
			{
				"guid": "6064631583817728046",
				"typeId": "5111011",
				"name": "None"
			}
		},
		"10":
		{
			"location":
			{
				"x": 4386.7204513427569,
				"y": 10886.256985943299,
				"z": -16922.550215835061
			},
			"rotation":
			{
				"pitch": -0,
				"yaw": -29.999999767609047,
				"roll": 0
			},
			"bRandomRotation": false,
			"instanceId":
			{
				"guid": "6064631583815237674",
				"typeId": "5111011",
				"name": "None"
			}
		},
		"11":
		{
			"location":
			{
				"x": 7159.9255400894908,
				"y": 11821.231203187781,
				"z": -16922.550193900552
			},
			"rotation":
			{
				"pitch": 0,
				"yaw": 59.999999535218009,
				"roll": -0
			},
			"bRandomRotation": false,
			"instanceId":
			{
				"guid": "6064631583819104304",
				"typeId": "5111011",
				"name": "None"
			}
		},
		"12":
		{
			"location":
			{
				"x": 6516.9873919978272,
				"y": 11038.143757344515,
				"z": -16922.549415150665
			},
			"rotation":
			{
				"pitch": 0,
				"yaw": 59.999999535218009,
				"roll": 0
			},
			"bRandomRotation": false,
			"instanceId":
			{
				"guid": "6064631583820021809",
				"typeId": "5111011",
				"name": "None"
			}
		},
		"13":
		{
			"location":
			{
				"x": 5382.2501847296953,
				"y": 11745.46426339529,
				"z": -16922.550212422393
			},
			"rotation":
			{
				"pitch": 0,
				"yaw": 149.999998838045,
				"roll": 0
			},
			"bRandomRotation": false,
			"instanceId":
			{
				"guid": "6064631583821135922",
				"typeId": "5111011",
				"name": "None"
			}
		},
		"14":
		{
			"location":
			{
				"x": 2631.0066304975189,
				"y": 13108.765535536339,
				"z": -16922.55021623709
			},
			"rotation":
			{
				"pitch": 0,
				"yaw": 0,
				"roll": 0
			},
			"bRandomRotation": false,
			"instanceId":
			{
				"guid": "6064631583822250035",
				"typeId": "5111011",
				"name": "None"
			}
		},
		"15":
		{
			"location":
			{
				"x": 2261.4798598572379,
				"y": 13621.345269598416,
				"z": -16922.55022385007
			},
			"rotation":
			{
				"pitch": 0,
				"yaw": 159.99999876058132,
				"roll": -0
			},
			"bRandomRotation": false,
			"instanceId":
			{
				"guid": "6064631583823298612",
				"typeId": "5111011",
				"name": "None"
			}
		},
		"16":
		{
			"location":
			{
				"x": 6589.2212263923138,
				"y": 11159.335742909054,
				"z": -16922.550208591281
			},
			"rotation":
			{
				"pitch": 0,
				"yaw": -119.99999907043579,
				"roll": 0
			},
			"bRandomRotation": false,
			"instanceId":
			{
				"guid": "6064631583824085045",
				"typeId": "5111011",
				"name": "None"
			}
		},
		"17":
		{
			"location":
			{
				"x": 3194.7296716566198,
				"y": 9849.6374124635477,
				"z": -16922.550220035373
			},
			"rotation":
			{
				"pitch": -0,
				"yaw": -109.99999914789966,
				"roll": 0
			},
			"bRandomRotation": false,
			"instanceId":
			{
				"guid": "6064631583825068086",
				"typeId": "5111011",
				"name": "None"
			}
		}
	},
	"filterOverrideId":
	{
		"guid": "0",
		"typeId": "5111003",
		"name": "None"
	},
	"populationAreaId":
	{
		"guid": "0",
		"typeId": "5171420",
		"name": "None"
	},
	"timedDespawnId":
	{
		"guid": "0",
		"typeId": "5882300",
		"name": "None"
	},
	"overrideActivationRange": 0,
	"gameplayTags":
	{
		"gameplayTags": [],
		"parentTags": []
	},
	"alignmentOverridesIds": [],
	"guid": "6064631583809077285",
	"name": "PopSet_CSB_Forsaken_Blades_Petal_04_Int_02",
	"typeId": "5111005"
}