{
	"populationInstancesMap":
	{
		"1":
		{
			"location":
			{
				"x": -212.02083494025283,
				"y": 10956.063033689919,
				"z": -1021.5864582045942
			},
			"rotation":
			{
				"pitch": 0,
				"yaw": 0,
				"roll": 0
			},
			"bRandomRotation": false,
			"instanceId":
			{
				"guid": "6064632059080933377",
				"typeId": "5111011",
				"name": "None"
			}
		},
		"2":
		{
			"location":
			{
				"x": 658.3962187190773,
				"y": 10090.289268200169,
				"z": -1021.586443676857
			},
			"rotation":
			{
				"pitch": 0,
				"yaw": 69.999999457754313,
				"roll": -0
			},
			"bRandomRotation": false,
			"instanceId":
			{
				"guid": "6064632059080933377",
				"typeId": "5111011",
				"name": "None"
			}
		},
		"3":
		{
			"location":
			{
				"x": -167.26777496328577,
				"y": 12358.67663335934,
				"z": -1021.5864884144084
			},
			"rotation":
			{
				"pitch": 0,
				"yaw": 0,
				"roll": 0
			},
			"bRandomRotation": false,
			"instanceId":
			{
				"guid": "6064632059080933377",
				"typeId": "5111011",
				"name": "None"
			}
		},
		"4":
		{
			"location":
			{
				"x": 505.33992444595788,
				"y": 12513.984526850283,
				"z": -1021.5864681964467
			},
			"rotation":
			{
				"pitch": 0,
				"yaw": 49.999999612681734,
				"roll": -0
			},
			"bRandomRotation": false,
			"instanceId":
			{
				"guid": "6064632059080933377",
				"typeId": "5111011",
				"name": "None"
			}
		},
		"5":
		{
			"location":
			{
				"x": 649.59802051563747,
				"y": 16999.567943720205,
				"z": -1021.5865093684952
			},
			"rotation":
			{
				"pitch": 0,
				"yaw": 0,
				"roll": 0
			},
			"bRandomRotation": false,
			"instanceId":
			{
				"guid": "6064632059080933377",
				"typeId": "5111011",
				"name": "None"
			}
		},
		"6":
		{
			"location":
			{
				"x": -415.47854860010557,
				"y": 17066.004885307164,
				"z": -1021.5864871216745
			},
			"rotation":
			{
				"pitch": 0,
				"yaw": 0,
				"roll": 0
			},
			"bRandomRotation": false,
			"instanceId":
			{
				"guid": "6064632059080933377",
				"typeId": "5111011",
				"name": "None"
			}
		},
		"7":
		{
			"location":
			{
				"x": 139.46522138791624,
				"y": 16614.508945200942,
				"z": -1021.5864634024638
			},
			"rotation":
			{
				"pitch": 0,
				"yaw": 49.999999612681734,
				"roll": -0
			},
			"bRandomRotation": false,
			"instanceId":
			{
				"guid": "6064632059080933377",
				"typeId": "5111011",
				"name": "None"
			}
		},
		"8":
		{
			"location":
			{
				"x": 6.9469317137263715,
				"y": 15021.844310611079,
				"z": -1017.5462392233985
			},
			"rotation":
			{
				"pitch": 0,
				"yaw": 109.9999991478997,
				"roll": -0
			},
			"bRandomRotation": false,
			"instanceId":
			{
				"guid": "6064632059080933377",
				"typeId": "5111011",
				"name": "None"
			}
		},
		"9":
		{
			"location":
			{
				"x": 720.55434116232209,
				"y": 14657.300926483877,
				"z": -1021.5865261682902
			},
			"rotation":
			{
				"pitch": 0,
				"yaw": 0,
				"roll": 0
			},
			"bRandomRotation": false,
			"instanceId":
			{
				"guid": "6064632059080933377",
				"typeId": "5111011",
				"name": "None"
			}
		},
		"10":
		{
			"location":
			{
				"x": 506.46502107137349,
				"y": 13456.140432388987,
				"z": -1021.5864862040125
			},
			"rotation":
			{
				"pitch": 0,
				"yaw": 0,
				"roll": 0
			},
			"bRandomRotation": false,
			"instanceId":
			{
				"guid": "6064632059080933377",
				"typeId": "5111011",
				"name": "None"
			}
		},
		"11":
		{
			"location":
			{
				"x": -271.01668248337228,
				"y": 13514.760594490683,
				"z": -1017.868799202799
			},
			"rotation":
			{
				"pitch": 0,
				"yaw": 119.99999907043596,
				"roll": -0
			},
			"bRandomRotation": false,
			"instanceId":
			{
				"guid": "6064632059080933377",
				"typeId": "5111011",
				"name": "None"
			}
		}
	},
	"filterOverrideId":
	{
		"guid": "0",
		"typeId": "5111003",
		"name": "None"
	},
	"populationAreaId":
	{
		"guid": "0",
		"typeId": "5171420",
		"name": "None"
	},
	"timedDespawnId":
	{
		"guid": "0",
		"typeId": "5882300",
		"name": "None"
	},
	"overrideActivationRange": 0,
	"gameplayTags":
	{
		"gameplayTags": [],
		"parentTags": []
	},
	"alignmentOverridesIds": [],
	"guid": "6064632020204257300",
	"name": "CSQ_PS_RVR_CitadelOfSteelBloom_DeadBodies",
	"typeId": "5111005"
}