{
	"populationInstancesMap":
	{
		"1":
		{
			"location":
			{
				"x": -17068.112391848583,
				"y": 5351.8331435143773,
				"z": -2453.9998710037398
			},
			"rotation":
			{
				"pitch": 0,
				"yaw": 0,
				"roll": -0
			},
			"bRandomRotation": false,
			"instanceId":
			{
				"guid": "6064633781964177435",
				"typeId": "5111011",
				"name": "None"
			}
		},
		"2":
		{
			"location":
			{
				"x": -16463.9273282215,
				"y": 6327.4340922910196,
				"z": -2453.9998710037398
			},
			"rotation":
			{
				"pitch": 0,
				"yaw": -74.102028001551218,
				"roll": 0
			},
			"bRandomRotation": false,
			"instanceId":
			{
				"guid": "6064633781964177435",
				"typeId": "5111011",
				"name": "None"
			}
		},
		"3":
		{
			"location":
			{
				"x": -16303.680300679523,
				"y": 5943.4868116595026,
				"z": -2453.9998710037398
			},
			"rotation":
			{
				"pitch": 0,
				"yaw": 115.39841169642904,
				"roll": 0
			},
			"bRandomRotation": false,
			"instanceId":
			{
				"guid": "6064633781964177435",
				"typeId": "5111011",
				"name": "None"
			}
		},
		"4":
		{
			"location":
			{
				"x": -16738.228543099249,
				"y": 4901.3376118582673,
				"z": -2453.9998769082522
			},
			"rotation":
			{
				"pitch": 0,
				"yaw": 7.7502325558538221,
				"roll": 0
			},
			"bRandomRotation": false,
			"instanceId":
			{
				"guid": "6064633781968502813",
				"typeId": "5111011",
				"name": "None"
			}
		},
		"5":
		{
			"location":
			{
				"x": -15225.48628363898,
				"y": 5107.2190516283154,
				"z": -2453.9999107943277
			},
			"rotation":
			{
				"pitch": 0,
				"yaw": 7.7502325558538256,
				"roll": 0
			},
			"bRandomRotation": false,
			"instanceId":
			{
				"guid": "6064633781968502813",
				"typeId": "5111011",
				"name": "None"
			}
		},
		"6":
		{
			"location":
			{
				"x": -15583.569538405165,
				"y": 2867.1538319719257,
				"z": -2453.9999129226289
			},
			"rotation":
			{
				"pitch": 0,
				"yaw": 53.119271528289381,
				"roll": 0
			},
			"bRandomRotation": false,
			"instanceId":
			{
				"guid": "6064633781968502813",
				"typeId": "5111011",
				"name": "None"
			}
		},
		"7":
		{
			"location":
			{
				"x": -15537.98398007662,
				"y": 3274.3158165814821,
				"z": -2453.9998989525757
			},
			"rotation":
			{
				"pitch": 0,
				"yaw": -69.959640556857835,
				"roll": 0
			},
			"bRandomRotation": false,
			"instanceId":
			{
				"guid": "6064633781964177435",
				"typeId": "5111011",
				"name": "None"
			}
		},
		"8":
		{
			"location":
			{
				"x": -15068.915665991371,
				"y": 2950.5279092285782,
				"z": -2389.9998812016729
			},
			"rotation":
			{
				"pitch": 0,
				"yaw": 168.25778149947286,
				"roll": 0
			},
			"bRandomRotation": false,
			"instanceId":
			{
				"guid": "6064633781973680158",
				"typeId": "5111011",
				"name": "None"
			}
		},
		"9":
		{
			"location":
			{
				"x": -13067.146327985916,
				"y": 2209.2144086749176,
				"z": -2389.9998812016729
			},
			"rotation":
			{
				"pitch": 0,
				"yaw": 159.67893768019582,
				"roll": 0
			},
			"bRandomRotation": false,
			"instanceId":
			{
				"guid": "6064633781973680158",
				"typeId": "5111011",
				"name": "None"
			}
		},
		"10":
		{
			"location":
			{
				"x": -12654.600600805599,
				"y": 3774.9557757032453,
				"z": -2389.9998812016729
			},
			"rotation":
			{
				"pitch": 0,
				"yaw": 154.78299013519293,
				"roll": 0
			},
			"bRandomRotation": false,
			"instanceId":
			{
				"guid": "6064633781973680158",
				"typeId": "5111011",
				"name": "None"
			}
		},
		"11":
		{
			"location":
			{
				"x": -12961.876849672524,
				"y": 4120.8626083747949,
				"z": -2453.9999088859822
			},
			"rotation":
			{
				"pitch": 0,
				"yaw": -69.959640556857835,
				"roll": 0
			},
			"bRandomRotation": false,
			"instanceId":
			{
				"guid": "6064633781964177435",
				"typeId": "5111011",
				"name": "None"
			}
		},
		"12":
		{
			"location":
			{
				"x": -13180.37657115655,
				"y": 3544.1217598232906,
				"z": -2453.9999088859822
			},
			"rotation":
			{
				"pitch": 0,
				"yaw": 53.501601205369049,
				"roll": 0
			},
			"bRandomRotation": false,
			"instanceId":
			{
				"guid": "6064633781964177435",
				"typeId": "5111011",
				"name": "None"
			}
		},
		"13":
		{
			"location":
			{
				"x": -10536.999855256174,
				"y": 207.73531632334925,
				"z": -2453.9999088859822
			},
			"rotation":
			{
				"pitch": 0,
				"yaw": 38.389339320468302,
				"roll": 0
			},
			"bRandomRotation": false,
			"instanceId":
			{
				"guid": "6064633781964177435",
				"typeId": "5111011",
				"name": "None"
			}
		},
		"14":
		{
			"location":
			{
				"x": -9723.5432071001269,
				"y": -167.35619724565186,
				"z": -2453.999992621897
			},
			"rotation":
			{
				"pitch": 0,
				"yaw": -20.314422229188441,
				"roll": 0
			},
			"bRandomRotation": false,
			"instanceId":
			{
				"guid": "6064633781964177435",
				"typeId": "5111011",
				"name": "None"
			}
		},
		"15":
		{
			"location":
			{
				"x": -10875.582599285059,
				"y": -760.07121179264504,
				"z": -2453.9999270936096
			},
			"rotation":
			{
				"pitch": 0,
				"yaw": -20.314422229188441,
				"roll": 0
			},
			"bRandomRotation": false,
			"instanceId":
			{
				"guid": "6064633781964177435",
				"typeId": "5111011",
				"name": "None"
			}
		},
		"16":
		{
			"location":
			{
				"x": -14153.291110520018,
				"y": 1569.967884190206,
				"z": -2389.9998812016729
			},
			"rotation":
			{
				"pitch": 0,
				"yaw": 159.67893768019582,
				"roll": 0
			},
			"bRandomRotation": false,
			"instanceId":
			{
				"guid": "6064633781973680158",
				"typeId": "5111011",
				"name": "None"
			}
		}
	},
	"filterOverrideId":
	{
		"guid": "0",
		"typeId": "5111003",
		"name": "None"
	},
	"populationAreaId":
	{
		"guid": "0",
		"typeId": "5171420",
		"name": "None"
	},
	"timedDespawnId":
	{
		"guid": "0",
		"typeId": "5882300",
		"name": "None"
	},
	"overrideActivationRange": 0,
	"gameplayTags":
	{
		"gameplayTags": [],
		"parentTags": []
	},
	"alignmentOverridesIds": [],
	"guid": "6064633781964177434",
	"name": "ANV_Pocket_Dungeon_Stillheart_Lockup_MiniBossRoom",
	"typeId": "5111005"
}