{
	"populationInstancesMap":
	{
		"1":
		{
			"location":
			{
				"x": 34012.542758460419,
				"y": -12184.852369225151,
				"z": 2186.0891260003941
			},
			"rotation":
			{
				"pitch": 0,
				"yaw": -166.44113257104601,
				"roll": 0
			},
			"bRandomRotation": false,
			"instanceId":
			{
				"guid": "6064630638156316695",
				"typeId": "5111011",
				"name": "None"
			}
		},
		"2":
		{
			"location":
			{
				"x": 34805.311938613697,
				"y": -11280.160647388142,
				"z": 2220.2594147395935
			},
			"rotation":
			{
				"pitch": 0,
				"yaw": 71.290353324270853,
				"roll": 0
			},
			"bRandomRotation": false,
			"instanceId":
			{
				"guid": "6064630638156316695",
				"typeId": "5111011",
				"name": "None"
			}
		},
		"3":
		{
			"location":
			{
				"x": 38890.245542730765,
				"y": -14519.556541380412,
				"z": 3512.1164262954367
			},
			"rotation":
			{
				"pitch": 0,
				"yaw": 0,
				"roll": -0
			},
			"bRandomRotation": false,
			"instanceId":
			{
				"guid": "6064630638156316695",
				"typeId": "5111011",
				"name": "None"
			}
		},
		"4":
		{
			"location":
			{
				"x": 34125.744488277189,
				"y": -17249.328083480232,
				"z": 2974.9836783318938
			},
			"rotation":
			{
				"pitch": 0,
				"yaw": -109.5914691721219,
				"roll": 0
			},
			"bRandomRotation": false,
			"instanceId":
			{
				"guid": "6064630638156316695",
				"typeId": "5111011",
				"name": "None"
			}
		},
		"5":
		{
			"location":
			{
				"x": 33445.454951513391,
				"y": -16548.552418109393,
				"z": 2666.602852638001
			},
			"rotation":
			{
				"pitch": 0,
				"yaw": -118.93120054826696,
				"roll": 0
			},
			"bRandomRotation": false,
			"instanceId":
			{
				"guid": "6064630638156316695",
				"typeId": "5111011",
				"name": "None"
			}
		},
		"6":
		{
			"location":
			{
				"x": 30106.751973267164,
				"y": -13981.002652137617,
				"z": 1561.3022576914968
			},
			"rotation":
			{
				"pitch": 0,
				"yaw": 0,
				"roll": 0
			},
			"bRandomRotation": false,
			"instanceId":
			{
				"guid": "6064630638156316695",
				"typeId": "5111011",
				"name": "None"
			}
		},
		"7":
		{
			"location":
			{
				"x": 23673.117560620896,
				"y": -23147.245125859976,
				"z": 558.86667793645074
			},
			"rotation":
			{
				"pitch": 0,
				"yaw": -99.418006970605987,
				"roll": 0
			},
			"bRandomRotation": false,
			"instanceId":
			{
				"guid": "6064630639588540451",
				"typeId": "5111011",
				"name": "None"
			}
		},
		"8":
		{
			"location":
			{
				"x": 20782.085067400494,
				"y": -22197.682740005213,
				"z": 572.72429368246105
			},
			"rotation":
			{
				"pitch": 0,
				"yaw": 139.02699463701725,
				"roll": 0
			},
			"bRandomRotation": false,
			"instanceId":
			{
				"guid": "6064630639588540451",
				"typeId": "5111011",
				"name": "None"
			}
		},
		"9":
		{
			"location":
			{
				"x": 26708.811220707961,
				"y": -23015.295077805542,
				"z": 589.59997195980407
			},
			"rotation":
			{
				"pitch": -0,
				"yaw": -76.905391744104051,
				"roll": 0
			},
			"bRandomRotation": false,
			"instanceId":
			{
				"guid": "6064630639588540451",
				"typeId": "5111011",
				"name": "None"
			}
		}
	},
	"filterOverrideId":
	{
		"guid": "6064633012080476160",
		"typeId": "5111003",
		"name": "None"
	},
	"populationAreaId":
	{
		"guid": "0",
		"typeId": "5171420",
		"name": "None"
	},
	"timedDespawnId":
	{
		"guid": "0",
		"typeId": "5882300",
		"name": "None"
	},
	"overrideActivationRange": 0,
	"gameplayTags":
	{
		"gameplayTags": [],
		"parentTags": []
	},
	"alignmentOverridesIds": [],
	"guid": "6064630638156316694",
	"name": "Pop_River_C_Outer_Ring_I_Gryphon_Plateau",
	"typeId": "5111005"
}