{
	"populationInstancesMap":
	{
		"1":
		{
			"location":
			{
				"x": -718245.64230334049,
				"y": 450682.10249793448,
				"z": 15129.146935435592
			},
			"rotation":
			{
				"pitch": 0,
				"yaw": 94.262505415068972,
				"roll": 0
			},
			"bRandomRotation": false,
			"instanceId":
			{
				"guid": "6064630950405734425",
				"typeId": "5111011",
				"name": "None"
			}
		},
		"2":
		{
			"location":
			{
				"x": -716868.78177491005,
				"y": 452842.59539847792,
				"z": 14517.18615110407
			},
			"rotation":
			{
				"pitch": 0,
				"yaw": 24.54392640880889,
				"roll": -0
			},
			"bRandomRotation": false,
			"instanceId":
			{
				"guid": "6064630950622920730",
				"typeId": "5111011",
				"name": "None"
			}
		},
		"3":
		{
			"location":
			{
				"x": -721920.74215779698,
				"y": 449561.13821593364,
				"z": 15974.350502358469
			},
			"rotation":
			{
				"pitch": 0,
				"yaw": -45.201138201418075,
				"roll": 0
			},
			"bRandomRotation": false,
			"instanceId":
			{
				"guid": "6064630950741606427",
				"typeId": "5111011",
				"name": "None"
			}
		},
		"4":
		{
			"location":
			{
				"x": -720833.65004592366,
				"y": 447605.16952072229,
				"z": 16508.868388532312
			},
			"rotation":
			{
				"pitch": 0,
				"yaw": -82.494086914434092,
				"roll": 0
			},
			"bRandomRotation": false,
			"instanceId":
			{
				"guid": "6064630950744293404",
				"typeId": "5111011",
				"name": "None"
			}
		},
		"5":
		{
			"location":
			{
				"x": -721083.65603107156,
				"y": 449859.8831445853,
				"z": 15985.869968984931
			},
			"rotation":
			{
				"pitch": 0,
				"yaw": 93.608360393689438,
				"roll": 0
			},
			"bRandomRotation": false,
			"instanceId":
			{
				"guid": "6064630950745735197",
				"typeId": "5111011",
				"name": "None"
			}
		},
		"6":
		{
			"location":
			{
				"x": -720576.5078154311,
				"y": 448761.63837166032,
				"z": 16156.755693044506
			},
			"rotation":
			{
				"pitch": 0,
				"yaw": -92.020398674699223,
				"roll": 0
			},
			"bRandomRotation": false,
			"instanceId":
			{
				"guid": "6064630950745735197",
				"typeId": "5111011",
				"name": "None"
			}
		},
		"7":
		{
			"location":
			{
				"x": -721722.08630859898,
				"y": 447451.0566489824,
				"z": 16397.669785222792
			},
			"rotation":
			{
				"pitch": 0,
				"yaw": -111.09162926889606,
				"roll": 0
			},
			"bRandomRotation": false,
			"instanceId":
			{
				"guid": "6064630950744293404",
				"typeId": "5111011",
				"name": "None"
			}
		},
		"8":
		{
			"location":
			{
				"x": -724891.93358551699,
				"y": 449079.13526971987,
				"z": 16212.03485793736
			},
			"rotation":
			{
				"pitch": 0,
				"yaw": -9.1278174042580531,
				"roll": 0
			},
			"bRandomRotation": false,
			"instanceId":
			{
				"guid": "6064630950744293404",
				"typeId": "5111011",
				"name": "None"
			}
		},
		"9":
		{
			"location":
			{
				"x": -723712.5156440282,
				"y": 449215.52845822618,
				"z": 15924.943598904685
			},
			"rotation":
			{
				"pitch": 0,
				"yaw": -143.26042190320715,
				"roll": 0
			},
			"bRandomRotation": false,
			"instanceId":
			{
				"guid": "6064630950744293404",
				"typeId": "5111011",
				"name": "None"
			}
		},
		"10":
		{
			"location":
			{
				"x": -722996.42455663672,
				"y": 449764.27319174446,
				"z": 15912.246533734502
			},
			"rotation":
			{
				"pitch": 0,
				"yaw": -55.12951305008913,
				"roll": 0
			},
			"bRandomRotation": false,
			"instanceId":
			{
				"guid": "6064630950622920730",
				"typeId": "5111011",
				"name": "None"
			}
		},
		"11":
		{
			"location":
			{
				"x": -724127.0822448777,
				"y": 447443.68909507559,
				"z": 15679.757994602804
			},
			"rotation":
			{
				"pitch": 0,
				"yaw": 116.33035553592195,
				"roll": 0
			},
			"bRandomRotation": false,
			"instanceId":
			{
				"guid": "6064630950766575651",
				"typeId": "5111011",
				"name": "None"
			}
		},
		"12":
		{
			"location":
			{
				"x": -718298.31316723139,
				"y": 450858.96098853584,
				"z": 15119.177589908373
			},
			"rotation":
			{
				"pitch": -0,
				"yaw": -80.247994102568256,
				"roll": 0
			},
			"bRandomRotation": false,
			"instanceId":
			{
				"guid": "6064630950766575651",
				"typeId": "5111011",
				"name": "None"
			}
		},
		"13":
		{
			"location":
			{
				"x": -718524.03791853867,
				"y": 452684.18882897979,
				"z": 14974.378873547959
			},
			"rotation":
			{
				"pitch": 0,
				"yaw": 0,
				"roll": 0
			},
			"bRandomRotation": false,
			"instanceId":
			{
				"guid": "6064630950786826277",
				"typeId": "5111011",
				"name": "None"
			}
		},
		"14":
		{
			"location":
			{
				"x": -721748.1533459184,
				"y": 450492.70856952155,
				"z": 15895.149827220062
			},
			"rotation":
			{
				"pitch": 0,
				"yaw": 0,
				"roll": -0
			},
			"bRandomRotation": false,
			"instanceId":
			{
				"guid": "6064630950786826277",
				"typeId": "5111011",
				"name": "None"
			}
		},
		"15":
		{
			"location":
			{
				"x": -723421.98355595209,
				"y": 445823.88994766108,
				"z": 15141.476772996653
			},
			"rotation":
			{
				"pitch": 0,
				"yaw": 0,
				"roll": -0
			},
			"bRandomRotation": false,
			"instanceId":
			{
				"guid": "6064630950786826277",
				"typeId": "5111011",
				"name": "None"
			}
		},
		"16":
		{
			"location":
			{
				"x": -722884.54059463006,
				"y": 448036.57068442722,
				"z": 15835.921280202354
			},
			"rotation":
			{
				"pitch": 0,
				"yaw": 0,
				"roll": -0
			},
			"bRandomRotation": false,
			"instanceId":
			{
				"guid": "6064630950791151656",
				"typeId": "5111011",
				"name": "None"
			}
		},
		"17":
		{
			"location":
			{
				"x": -720931.31786173512,
				"y": 453849.44113759411,
				"z": 14475.86432545177
			},
			"rotation":
			{
				"pitch": 0,
				"yaw": 0,
				"roll": 0
			},
			"bRandomRotation": false,
			"instanceId":
			{
				"guid": "6064630950791151656",
				"typeId": "5111011",
				"name": "None"
			}
		},
		"18":
		{
			"location":
			{
				"x": -722251.15173898311,
				"y": 452225.96311233868,
				"z": 15226.427954005025
			},
			"rotation":
			{
				"pitch": 0,
				"yaw": 89.808191084517475,
				"roll": -0
			},
			"bRandomRotation": false,
			"instanceId":
			{
				"guid": "6064630950791151656",
				"typeId": "5111011",
				"name": "None"
			}
		}
	},
	"filterOverrideId":
	{
		"guid": "0",
		"typeId": "5111003",
		"name": "None"
	},
	"populationAreaId":
	{
		"guid": "0",
		"typeId": "5171420",
		"name": "None"
	},
	"timedDespawnId":
	{
		"guid": "0",
		"typeId": "5882300",
		"name": "None"
	},
	"overrideActivationRange": 0,
	"gameplayTags":
	{
		"gameplayTags": [],
		"parentTags": []
	},
	"alignmentOverridesIds": [],
	"guid": "6064630950405734424",
	"name": "RVR_HH_LvL_9_Goblin_Outpost",
	"typeId": "5111005"
}