{
	"populationInstancesMap":
	{
		"1":
		{
			"location":
			{
				"x": -682.69062372483313,
				"y": 1638.4831113152904,
				"z": 387.94263211723228
			},
			"rotation":
			{
				"pitch": 0,
				"yaw": -117.71702559689713,
				"roll": 0
			},
			"bRandomRotation": false,
			"instanceId":
			{
				"guid": "6064631364338647084",
				"typeId": "5111011",
				"name": "None"
			}
		},
		"2":
		{
			"location":
			{
				"x": -3346.9282514093211,
				"y": 2411.1872714913916,
				"z": 486.59989957902872
			},
			"rotation":
			{
				"pitch": 0,
				"yaw": -117.71702559689713,
				"roll": 0
			},
			"bRandomRotation": false,
			"instanceId":
			{
				"guid": "6064631364338647084",
				"typeId": "5111011",
				"name": "None"
			}
		},
		"3":
		{
			"location":
			{
				"x": -3513.0353501962963,
				"y": 3884.8608340012142,
				"z": 607.63282666233863
			},
			"rotation":
			{
				"pitch": 0,
				"yaw": -117.71702559689713,
				"roll": 0
			},
			"bRandomRotation": false,
			"instanceId":
			{
				"guid": "6064631364338647084",
				"typeId": "5111011",
				"name": "None"
			}
		},
		"4":
		{
			"location":
			{
				"x": -1374.9330274469685,
				"y": 4926.6883511662018,
				"z": 581.47143869949286
			},
			"rotation":
			{
				"pitch": 0,
				"yaw": -117.71702559689713,
				"roll": 0
			},
			"bRandomRotation": false,
			"instanceId":
			{
				"guid": "6064631364338647084",
				"typeId": "5111011",
				"name": "None"
			}
		},
		"5":
		{
			"location":
			{
				"x": 802.93152119056322,
				"y": 4919.371427664184,
				"z": 507.42763216603635
			},
			"rotation":
			{
				"pitch": 0,
				"yaw": 52.282973086220473,
				"roll": -0
			},
			"bRandomRotation": false,
			"instanceId":
			{
				"guid": "6064631364338647084",
				"typeId": "5111011",
				"name": "None"
			}
		},
		"6":
		{
			"location":
			{
				"x": -2442.6844943927135,
				"y": 3403.2633218541741,
				"z": 631.35005030487446
			},
			"rotation":
			{
				"pitch": 0,
				"yaw": -117.71702559689713,
				"roll": 0
			},
			"bRandomRotation": false,
			"instanceId":
			{
				"guid": "6064631364338647084",
				"typeId": "5111011",
				"name": "None"
			}
		},
		"7":
		{
			"location":
			{
				"x": 427.15203162713442,
				"y": 463.177135103615,
				"z": 161.65547103360223
			},
			"rotation":
			{
				"pitch": 0,
				"yaw": -117.71702559689713,
				"roll": 0
			},
			"bRandomRotation": false,
			"instanceId":
			{
				"guid": "6064631364338647084",
				"typeId": "5111011",
				"name": "None"
			}
		},
		"8":
		{
			"location":
			{
				"x": 548.34900320810266,
				"y": 2160.4485576362349,
				"z": 503.29278894389427
			},
			"rotation":
			{
				"pitch": 0,
				"yaw": -117.71702559689713,
				"roll": 0
			},
			"bRandomRotation": false,
			"instanceId":
			{
				"guid": "6064631364338647084",
				"typeId": "5111011",
				"name": "None"
			}
		},
		"9":
		{
			"location":
			{
				"x": -2130.0751228830777,
				"y": -86.378965000272729,
				"z": -53.975033119832005
			},
			"rotation":
			{
				"pitch": 0,
				"yaw": -117.71702559689713,
				"roll": 0
			},
			"bRandomRotation": false,
			"instanceId":
			{
				"guid": "6064631364338647084",
				"typeId": "5111011",
				"name": "None"
			}
		},
		"10":
		{
			"location":
			{
				"x": 224.14516117691528,
				"y": -923.40072308166418,
				"z": -185.90094609642802
			},
			"rotation":
			{
				"pitch": 0,
				"yaw": -117.71702559689713,
				"roll": 0
			},
			"bRandomRotation": false,
			"instanceId":
			{
				"guid": "6064631364338647084",
				"typeId": "5111011",
				"name": "None"
			}
		},
		"11":
		{
			"location":
			{
				"x": -2095.7266814968316,
				"y": 1953.6482852908084,
				"z": 509.45954054057438
			},
			"rotation":
			{
				"pitch": 0,
				"yaw": -117.71702559689713,
				"roll": 0
			},
			"bRandomRotation": false,
			"instanceId":
			{
				"guid": "6064631364338647084",
				"typeId": "5111011",
				"name": "None"
			}
		},
		"12":
		{
			"location":
			{
				"x": -25.781547297956422,
				"y": 5878.068545893766,
				"z": 461.88609043820543
			},
			"rotation":
			{
				"pitch": 0,
				"yaw": -117.71702559689713,
				"roll": 0
			},
			"bRandomRotation": false,
			"instanceId":
			{
				"guid": "6064631364338647084",
				"typeId": "5111011",
				"name": "None"
			}
		},
		"13":
		{
			"location":
			{
				"x": 1422.5201415660558,
				"y": 5005.2836593214888,
				"z": 572.38135581221286
			},
			"rotation":
			{
				"pitch": -0,
				"yaw": -49.999999612681727,
				"roll": 0
			},
			"bRandomRotation": false,
			"instanceId":
			{
				"guid": "6064631425171259392",
				"typeId": "5111011",
				"name": "None"
			}
		},
		"14":
		{
			"location":
			{
				"x": 528.20354321238119,
				"y": 5731.1216649650596,
				"z": 559.05155331257993
			},
			"rotation":
			{
				"pitch": -0,
				"yaw": -19.999999845072693,
				"roll": 0
			},
			"bRandomRotation": false,
			"instanceId":
			{
				"guid": "6064631425171259392",
				"typeId": "5111011",
				"name": "None"
			}
		},
		"15":
		{
			"location":
			{
				"x": -2353.1378252104623,
				"y": 5415.3759649600834,
				"z": 701.67001573689413
			},
			"rotation":
			{
				"pitch": 0,
				"yaw": 39.999999690145373,
				"roll": -0
			},
			"bRandomRotation": false,
			"instanceId":
			{
				"guid": "6064631425171259392",
				"typeId": "5111011",
				"name": "None"
			}
		}
	},
	"filterOverrideId":
	{
		"guid": "0",
		"typeId": "5111003",
		"name": "None"
	},
	"populationAreaId":
	{
		"guid": "0",
		"typeId": "5171420",
		"name": "None"
	},
	"timedDespawnId":
	{
		"guid": "0",
		"typeId": "5882300",
		"name": "None"
	},
	"overrideActivationRange": 0,
	"gameplayTags":
	{
		"gameplayTags": [],
		"parentTags": []
	},
	"alignmentOverridesIds": [],
	"guid": "6064631364197810178",
	"name": "PS_Event_GoblinGraverobbers",
	"typeId": "5111005"
}