{
	"populationInstancesMap":
	{
		"1":
		{
			"location":
			{
				"x": 1820.2741471176269,
				"y": 41.875889023588115,
				"z": 96.000012516264746
			},
			"rotation":
			{
				"pitch": 0,
				"yaw": 8.3305071466631819,
				"roll": 0
			},
			"bRandomRotation": false,
			"instanceId":
			{
				"guid": "6064630491665661976",
				"typeId": "5111011",
				"name": "None"
			}
		},
		"2":
		{
			"location":
			{
				"x": 3071.6483931725274,
				"y": 620.03243225230767,
				"z": 96.000001325260371
			},
			"rotation":
			{
				"pitch": 0,
				"yaw": -98.1195272353457,
				"roll": 0
			},
			"bRandomRotation": false,
			"instanceId":
			{
				"guid": "6064630491665924121",
				"typeId": "5111011",
				"name": "None"
			}
		},
		"3":
		{
			"location":
			{
				"x": 3203.4615980722506,
				"y": -479.2911425358979,
				"z": 95.999971357060986
			},
			"rotation":
			{
				"pitch": 0,
				"yaw": 96.959084666200539,
				"roll": 0
			},
			"bRandomRotation": false,
			"instanceId":
			{
				"guid": "6064630593449885697",
				"typeId": "5111011",
				"name": "None"
			}
		},
		"4":
		{
			"location":
			{
				"x": 2764.3891934070857,
				"y": -544.59940451259706,
				"z": 95.999985856201533
			},
			"rotation":
			{
				"pitch": 0,
				"yaw": -90.79197235370971,
				"roll": 0
			},
			"bRandomRotation": false,
			"instanceId":
			{
				"guid": "6064631600786964480",
				"typeId": "5111011",
				"name": "None"
			}
		},
		"5":
		{
			"location":
			{
				"x": 3860.7649891842643,
				"y": -765.96076573484822,
				"z": 95.999921503081396
			},
			"rotation":
			{
				"pitch": 0,
				"yaw": -47.850741241876783,
				"roll": 0
			},
			"bRandomRotation": false,
			"instanceId":
			{
				"guid": "6064631629904740377",
				"typeId": "5111011",
				"name": "None"
			}
		},
		"6":
		{
			"location":
			{
				"x": 1875.3018405668843,
				"y": 1077.2459020559982,
				"z": 95.99999733142738
			},
			"rotation":
			{
				"pitch": 0,
				"yaw": 102.98959038551438,
				"roll": 0
			},
			"bRandomRotation": false,
			"instanceId":
			{
				"guid": "6064631600852041730",
				"typeId": "5111011",
				"name": "None"
			}
		},
		"7":
		{
			"location":
			{
				"x": 1986.2347951801692,
				"y": 1112.5554072537598,
				"z": 96.000027504764603
			},
			"rotation":
			{
				"pitch": 0,
				"yaw": 102.98959038551438,
				"roll": 0
			},
			"bRandomRotation": false,
			"instanceId":
			{
				"guid": "6064631600852041730",
				"typeId": "5111011",
				"name": "None"
			}
		},
		"8":
		{
			"location":
			{
				"x": 1857.4350191343208,
				"y": 1324.7513765536537,
				"z": 96.000002061916007
			},
			"rotation":
			{
				"pitch": 0,
				"yaw": -77.010411008833088,
				"roll": 0
			},
			"bRandomRotation": false,
			"instanceId":
			{
				"guid": "6064631629890519061",
				"typeId": "5111011",
				"name": "None"
			}
		},
		"9":
		{
			"location":
			{
				"x": 2649.1935875449349,
				"y": 584.50215262891663,
				"z": 95.999994755351395
			},
			"rotation":
			{
				"pitch": 0,
				"yaw": -52.336361593809897,
				"roll": 0
			},
			"bRandomRotation": false,
			"instanceId":
			{
				"guid": "6064631600878780421",
				"typeId": "5111011",
				"name": "None"
			}
		},
		"10":
		{
			"location":
			{
				"x": 2274.8247652485952,
				"y": 1041.7471088098632,
				"z": 96.000098894300663
			},
			"rotation":
			{
				"pitch": 0,
				"yaw": 22.989591005222653,
				"roll": 0
			},
			"bRandomRotation": false,
			"instanceId":
			{
				"guid": "6064631600897130502",
				"typeId": "5111011",
				"name": "None"
			}
		},
		"11":
		{
			"location":
			{
				"x": 2654.1293417585598,
				"y": -645.75942465037508,
				"z": 95.999979421802209
			},
			"rotation":
			{
				"pitch": 0,
				"yaw": 49.20802656180161,
				"roll": 0
			},
			"bRandomRotation": false,
			"instanceId":
			{
				"guid": "6064631601568877786",
				"typeId": "5111011",
				"name": "None"
			}
		},
		"12":
		{
			"location":
			{
				"x": 2777.1179929306586,
				"y": -667.47782559248049,
				"z": 96.000009005269931
			},
			"rotation":
			{
				"pitch": 0,
				"yaw": 99.208028963175167,
				"roll": 0
			},
			"bRandomRotation": false,
			"instanceId":
			{
				"guid": "6064631601578314971",
				"typeId": "5111011",
				"name": "None"
			}
		},
		"13":
		{
			"location":
			{
				"x": 3109.5154901503756,
				"y": 1385.0261872396288,
				"z": 96.000002842145477
			},
			"rotation":
			{
				"pitch": 0,
				"yaw": 2.9895883714576805,
				"roll": 0
			},
			"bRandomRotation": false,
			"instanceId":
			{
				"guid": "6064631601591094492",
				"typeId": "5111011",
				"name": "None"
			}
		},
		"14":
		{
			"location":
			{
				"x": 3242.0681475086899,
				"y": 1302.8180845064326,
				"z": 95.999969801343013
			},
			"rotation":
			{
				"pitch": 0,
				"yaw": 122.98959023058549,
				"roll": 0
			},
			"bRandomRotation": false,
			"instanceId":
			{
				"guid": "6064631601591094492",
				"typeId": "5111011",
				"name": "None"
			}
		},
		"15":
		{
			"location":
			{
				"x": 3589.8790137948899,
				"y": 904.3336276775949,
				"z": 95.99997679910075
			},
			"rotation":
			{
				"pitch": 0,
				"yaw": -67.010411086296344,
				"roll": 0
			},
			"bRandomRotation": false,
			"instanceId":
			{
				"guid": "6064631601730620638",
				"typeId": "5111011",
				"name": "None"
			}
		},
		"16":
		{
			"location":
			{
				"x": 3663.1326477074008,
				"y": 790.10101050763615,
				"z": 96.000005239523944
			},
			"rotation":
			{
				"pitch": 0,
				"yaw": 132.98959015312099,
				"roll": 0
			},
			"bRandomRotation": false,
			"instanceId":
			{
				"guid": "6064631601734421727",
				"typeId": "5111011",
				"name": "None"
			}
		},
		"17":
		{
			"location":
			{
				"x": 3477.8581033910405,
				"y": 725.93201137481583,
				"z": 96.000004849799438
			},
			"rotation":
			{
				"pitch": 0,
				"yaw": 42.989588061603271,
				"roll": 0
			},
			"bRandomRotation": false,
			"instanceId":
			{
				"guid": "6064631601744121056",
				"typeId": "5111011",
				"name": "None"
			}
		},
		"18":
		{
			"location":
			{
				"x": 2425.2160174324772,
				"y": 842.74611547829636,
				"z": 96.00008969964324
			},
			"rotation":
			{
				"pitch": 0,
				"yaw": 112.98958751935807,
				"roll": 0
			},
			"bRandomRotation": false,
			"instanceId":
			{
				"guid": "6064631601754213601",
				"typeId": "5111011",
				"name": "None"
			}
		},
		"19":
		{
			"location":
			{
				"x": 3890.4797923641154,
				"y": -844.47106314711209,
				"z": 96.000031158324873
			},
			"rotation":
			{
				"pitch": 0,
				"yaw": 112.14926030739871,
				"roll": 0
			},
			"bRandomRotation": false,
			"instanceId":
			{
				"guid": "6064631601759587554",
				"typeId": "5111011",
				"name": "None"
			}
		},
		"20":
		{
			"location":
			{
				"x": 1851.6581936029897,
				"y": 648.52399259420326,
				"z": 95.999951340142843
			},
			"rotation":
			{
				"pitch": 0,
				"yaw": -54.063849061092633,
				"roll": 0
			},
			"bRandomRotation": false,
			"instanceId":
			{
				"guid": "6064631601772039396",
				"typeId": "5111011",
				"name": "None"
			}
		},
		"21":
		{
			"location":
			{
				"x": 1022.539064827077,
				"y": 8.253406866654359,
				"z": 96.000069685541348
			},
			"rotation":
			{
				"pitch": 0,
				"yaw": -177.01041023419651,
				"roll": 0
			},
			"bRandomRotation": false,
			"instanceId":
			{
				"guid": "6064631601591094492",
				"typeId": "5111011",
				"name": "None"
			}
		},
		"22":
		{
			"location":
			{
				"x": 939.01368727913336,
				"y": -286.77648304154536,
				"z": 95.999915550714832
			},
			"rotation":
			{
				"pitch": 0,
				"yaw": 122.98959023058549,
				"roll": 0
			},
			"bRandomRotation": false,
			"instanceId":
			{
				"guid": "6064631601591094492",
				"typeId": "5111011",
				"name": "None"
			}
		},
		"23":
		{
			"location":
			{
				"x": 3470.5554296666942,
				"y": -1259.2083952626285,
				"z": 95.999979836711645
			},
			"rotation":
			{
				"pitch": 0,
				"yaw": -147.01041046658847,
				"roll": 0
			},
			"bRandomRotation": false,