{
	"populationInstancesMap":
	{
		"1":
		{
			"location":
			{
				"x": 20209.306772836942,
				"y": -19653.421838737399,
				"z": 118.99410321874711
			},
			"rotation":
			{
				"pitch": 0,
				"yaw": 105,
				"roll": -0
			},
			"bRandomRotation": false,
			"instanceId":
			{
				"guid": "6064631471394127876",
				"typeId": "5111011",
				"name": "None"
			}
		},
		"2":
		{
			"location":
			{
				"x": 19887.495132997934,
				"y": -18382.807214358745,
				"z": 119
			},
			"rotation":
			{
				"pitch": -0,
				"yaw": 285,
				"roll": 0
			},
			"bRandomRotation": false,
			"instanceId":
			{
				"guid": "6064631471394127876",
				"typeId": "5111011",
				"name": "None"
			}
		},
		"3":
		{
			"location":
			{
				"x": -3373.0176360433288,
				"y": -31102.782330361057,
				"z": -2572.3595647150196
			},
			"rotation":
			{
				"pitch": -0,
				"yaw": -125,
				"roll": 0
			},
			"bRandomRotation": false,
			"instanceId":
			{
				"guid": "6064631278932983824",
				"typeId": "5111011",
				"name": "None"
			}
		},
		"4":
		{
			"location":
			{
				"x": -10122.524060312622,
				"y": -6760.1736616066646,
				"z": 756
			},
			"rotation":
			{
				"pitch": 0,
				"yaw": 45,
				"roll": -0
			},
			"bRandomRotation": false,
			"instanceId":
			{
				"guid": "6064631472105717854",
				"typeId": "5111011",
				"name": "None"
			}
		},
		"5":
		{
			"location":
			{
				"x": -9176.1039332788641,
				"y": -5832.5766357460971,
				"z": 755.63190454516007
			},
			"rotation":
			{
				"pitch": -0,
				"yaw": -135,
				"roll": 0
			},
			"bRandomRotation": false,
			"instanceId":
			{
				"guid": "6064631472105717854",
				"typeId": "5111011",
				"name": "None"
			}
		},
		"6":
		{
			"location":
			{
				"x": 60.791427293061815,
				"y": -7048.7649179203963,
				"z": 603.59643295750357
			},
			"rotation":
			{
				"pitch": 0,
				"yaw": -45,
				"roll": -0
			},
			"bRandomRotation": false,
			"instanceId":
			{
				"guid": "6064631471394127876",
				"typeId": "5111011",
				"name": "None"
			}
		},
		"7":
		{
			"location":
			{
				"x": 9493.3028775508628,
				"y": 29651.002287363503,
				"z": -2795
			},
			"rotation":
			{
				"pitch": 0,
				"yaw": 180,
				"roll": 0
			},
			"bRandomRotation": false,
			"instanceId":
			{
				"guid": "6064631472208805985",
				"typeId": "5111011",
				"name": "None"
			}
		},
		"8":
		{
			"location":
			{
				"x": 7988.6150524868026,
				"y": 29666.690917427532,
				"z": -2795
			},
			"rotation":
			{
				"pitch": 0,
				"yaw": 0,
				"roll": -0
			},
			"bRandomRotation": false,
			"instanceId":
			{
				"guid": "6064631472208805985",
				"typeId": "5111011",
				"name": "None"
			}
		}
	},
	"filterOverrideId":
	{
		"guid": "6064631278602944516",
		"typeId": "5111003",
		"name": "None"
	},
	"populationAreaId":
	{
		"guid": "0",
		"typeId": "5171420",
		"name": "None"
	},
	"timedDespawnId":
	{
		"guid": "0",
		"typeId": "5882300",
		"name": "None"
	},
	"overrideActivationRange": 0,
	"gameplayTags":
	{
		"gameplayTags": [],
		"parentTags": []
	},
	"alignmentOverridesIds": [],
	"guid": "6064631278595080193",
	"name": "RVR_WoC_Doors_Levels_0_to_3",
	"typeId": "5111005"
}