{
	"populationInstancesMap":
	{
		"1":
		{
			"location":
			{
				"x": 1433.0558313923896,
				"y": -836.23067062556879,
				"z": 4784.4586080514027
			},
			"rotation":
			{
				"pitch": 0,
				"yaw": 79.999999380290603,
				"roll": 0
			},
			"bRandomRotation": false,
			"instanceId":
			{
				"guid": "6064632043252416513",
				"typeId": "5111011",
				"name": "None"
			}
		},
		"2":
		{
			"location":
			{
				"x": 2018.4525992516383,
				"y": -881.38553021110852,
				"z": 4789.2883834772365
			},
			"rotation":
			{
				"pitch": 0,
				"yaw": 119.99999907043606,
				"roll": 0
			},
			"bRandomRotation": false,
			"instanceId":
			{
				"guid": "6064632043252416513",
				"typeId": "5111011",
				"name": "None"
			}
		},
		"3":
		{
			"location":
			{
				"x": 1672.7252450564154,
				"y": -1155.5606007288818,
				"z": 4801.2059686805478
			},
			"rotation":
			{
				"pitch": 0,
				"yaw": 79.999999380290632,
				"roll": 0
			},
			"bRandomRotation": false,
			"instanceId":
			{
				"guid": "6064632043349082115",
				"typeId": "5111011",
				"name": "None"
			}
		},
		"4":
		{
			"location":
			{
				"x": 774.00710238702743,
				"y": -2141.7542191423377,
				"z": 4802.7325904894269
			},
			"rotation":
			{
				"pitch": 0,
				"yaw": 19.999999845072686,
				"roll": 0
			},
			"bRandomRotation": false,
			"instanceId":
			{
				"guid": "6064631601754213601",
				"typeId": "5111011",
				"name": "None"
			}
		},
		"5":
		{
			"location":
			{
				"x": 983.02857080892511,
				"y": -2038.9820701455242,
				"z": 4816.8154024628593
			},
			"rotation":
			{
				"pitch": 0,
				"yaw": -160.00000154927335,
				"roll": 0
			},
			"bRandomRotation": false,
			"instanceId":
			{
				"guid": "6064632043357995013",
				"typeId": "5111011",
				"name": "None"
			}
		},
		"6":
		{
			"location":
			{
				"x": 4444.593635782634,
				"y": -1461.4548232019501,
				"z": 4826.6718228169429
			},
			"rotation":
			{
				"pitch": -0,
				"yaw": -160.00000154927329,
				"roll": 0
			},
			"bRandomRotation": false,
			"instanceId":
			{
				"guid": "6064632043378704390",
				"typeId": "5111011",
				"name": "None"
			}
		},
		"7":
		{
			"location":
			{
				"x": 4448.1997961182733,
				"y": -1307.9587507261765,
				"z": 4809.7314944357395
			},
			"rotation":
			{
				"pitch": 0,
				"yaw": -89.999999302826836,
				"roll": 0
			},
			"bRandomRotation": false,
			"instanceId":
			{
				"guid": "6064632043388469255",
				"typeId": "5111011",
				"name": "None"
			}
		},
		"8":
		{
			"location":
			{
				"x": 6029.4727682720049,
				"y": -1526.9302923653056,
				"z": 5454.6627973040158
			},
			"rotation":
			{
				"pitch": 0,
				"yaw": 19.999999845072672,
				"roll": -0
			},
			"bRandomRotation": false,
			"instanceId":
			{
				"guid": "6064632043393449992",
				"typeId": "5111011",
				"name": "None"
			}
		},
		"9":
		{
			"location":
			{
				"x": 5918.0385531562097,
				"y": -6118.9851919611128,
				"z": 5466.3979223072402
			},
			"rotation":
			{
				"pitch": -0,
				"yaw": -89.999999302826836,
				"roll": 0
			},
			"bRandomRotation": false,
			"instanceId":
			{
				"guid": "6064632043396071433",
				"typeId": "5111011",
				"name": "None"
			}
		},
		"10":
		{
			"location":
			{
				"x": 3638.2786486785144,
				"y": -4757.2228857164991,
				"z": 4834.768645193978
			},
			"rotation":
			{
				"pitch": -0,
				"yaw": -169.99999868311744,
				"roll": 0
			},
			"bRandomRotation": false,
			"instanceId":
			{
				"guid": "6064632043410554890",
				"typeId": "5111011",
				"name": "None"
			}
		},
		"11":
		{
			"location":
			{
				"x": 3452.6031347504472,
				"y": -4763.1175270762933,
				"z": 4830.2962543143767
			},
			"rotation":
			{
				"pitch": 0,
				"yaw": 0,
				"roll": 0
			},
			"bRandomRotation": false,
			"instanceId":
			{
				"guid": "6064632043413766155",
				"typeId": "5111011",
				"name": "None"
			}
		},
		"12":
		{
			"location":
			{
				"x": 3011.32545936629,
				"y": -5906.8510915850484,
				"z": 4841.2057456063239
			},
			"rotation":
			{
				"pitch": -0,
				"yaw": -99.999999225363212,
				"roll": 0
			},
			"bRandomRotation": false,
			"instanceId":
			{
				"guid": "6064632043418877964",
				"typeId": "5111011",
				"name": "None"
			}
		},
		"13":
		{
			"location":
			{
				"x": 3348.9951899531211,
				"y": -5954.2346512090335,
				"z": 4881.0287827355487
			},
			"rotation":
			{
				"pitch": -0,
				"yaw": -109.99999914789963,
				"roll": 0
			},
			"bRandomRotation": false,
			"instanceId":
			{
				"guid": "6064632043418877964",
				"typeId": "5111011",
				"name": "None"
			}
		},
		"14":
		{
			"location":
			{
				"x": -484.83733067894565,
				"y": -6666.5469290881329,
				"z": 4811.3437800930624
			},
			"rotation":
			{
				"pitch": 0,
				"yaw": 69.999999457754285,
				"roll": 0
			},
			"bRandomRotation": false,
			"instanceId":
			{
				"guid": "6064632043426349070",
				"typeId": "5111011",
				"name": "None"
			}
		},
		"15":
		{
			"location":
			{
				"x": 1317.6785025229988,
				"y": -4566.3106884905947,
				"z": 4843.3878043379218
			},
			"rotation":
			{
				"pitch": 0,
				"yaw": 169.99999868311767,
				"roll": 0
			},
			"bRandomRotation": false,
			"instanceId":
			{
				"guid": "6064631601754213601",
				"typeId": "5111011",
				"name": "None"
			}
		},
		"16":
		{
			"location":
			{
				"x": 1324.7545347119853,
				"y": -4083.0446186376321,
				"z": 4841.9633626606683
			},
			"rotation":
			{
				"pitch": 0,
				"yaw": -170.0000014718099,
				"roll": 0
			},
			"bRandomRotation": false,
			"instanceId":
			{
				"guid": "6064632043433820176",
				"typeId": "5111011",
				"name": "None"
			}
		},
		"17":
		{
			"location":
			{
				"x": 4220.0406951233463,
				"y": -4830.5141412319217,
				"z": 4824.7717198877317
			},
			"rotation":
			{
				"pitch": 0,
				"yaw": 49.999999612681798,
				"roll": 0
			},
			"bRandomRotation": false,
			"instanceId":
			{
				"guid": "6064631629717372933",
				"typeId": "5111011",
				"name": "None"
			}
		},
		"18":
		{
			"location":
			{
				"x": -2847.2906430139233,
				"y": -8407.7817777563396,
				"z": 4926.6606275762215
			},
			"rotation":
			{
				"pitch": 0,
				"yaw": 0,
				"roll": 0
			},
			"bRandomRotation": false,
			"instanceId":
			{
				"guid": "6064632043652972544",
				"typeId": "5111011",
				"name": "None"
			}
		},
		"19":
		{
			"location":
			{
				"x": -378.42259945982136,
				"y": -1514.2495835577449,
				"z": 5496.7084313550458
			},
			"rotation":
			{
				"pitch": 0,
				"yaw": 0,
				"roll": 0
			},
			"bRandomRotation": false,
			"instanceId":
			{
				"guid": "6064632043789615109",
				"typeId": "5111011",
				"name": "None"
			}
		},
		"20":
		{
			"location":
			{
				"x": 827.53393883581634,
				"y": -3369.9540781972969,
				"z": 4810.0097546248153
			},
			"rotation":
			{
				"pitch": 0,
				"yaw": 159.99999876058135,
				"roll": 0
			},
			"bRandomRotation": false,
			"instanceId":
			{
				"guid": "6064632070852247561",
				"typeId": "5111011",
				"name": "None"
			}
		},
		"21":
		{
			"location":
			{
				"x": 705.6098923088216,
				"y": -3312.5590414191693,
				"z": 4808.972884163858
			},
			"rotation":
			{
				"pitch": 0,
				"yaw": -30.000002556300849,
				"roll": 0
			},
			"bRandomRotation": false,
			"instanceId":
			{
				"guid": "6064632070857359370",
				"typeId": "5111011",
				"name": "None"
			}
		},
		"22":
		{
			"location":
			{
				"x": 4024.0165457500257,
				"y": -2534.4992623637095,
				"z": 4808.7557405411681
			},
			"rotation":
			{
				"pitch": 0,
				"yaw": 169.99999868311767,
				"roll": 0
			},
			"bRandomRotation": false,
			"instanceId":
			{
				"guid": "6064633538136637457",
				"typeId": "5111011",
				"name": "None"
			}
		}
	},
	"filterOverrideId":
	{
		"guid": "6064631902702665740",
		"typeId": "5111003",
		"name": "None"
	},
	"populationAreaId":
	{
		"guid": "0",
		"typeId": "5171420",
		"name": "None"
	},
	"timedDespawnId":
	{
		"guid": "0",
		"typeId": "5882300",
		"name": "None"
	},