{
	"populationInstancesMap":
	{
		"1":
		{
			"location":
			{
				"x": 16586.574169086292,
				"y": -18499.954643042583,
				"z": 146.00010504656166
			},
			"rotation":
			{
				"pitch": 0,
				"yaw": -149.99999883804529,
				"roll": 0
			},
			"bRandomRotation": false,
			"instanceId":
			{
				"guid": "6064633781823340561",
				"typeId": "5111011",
				"name": "None"
			}
		},
		"2":
		{
			"location":
			{
				"x": 16311.574159426382,
				"y": -18023.640676538053,
				"z": 146.00010504656166
			},
			"rotation":
			{
				"pitch": 0,
				"yaw": -149.99999883804529,
				"roll": 0
			},
			"bRandomRotation": false,
			"instanceId":
			{
				"guid": "6064633781826813970",
				"typeId": "5111011",
				"name": "None"
			}
		},
		"3":
		{
			"location":
			{
				"x": 16203.750010400312,
				"y": -18380.412572016648,
				"z": 113.16147320031996
			},
			"rotation":
			{
				"pitch": 0,
				"yaw": -149.99999883804497,
				"roll": 0
			},
			"bRandomRotation": false,
			"instanceId":
			{
				"guid": "6064633781828190227",
				"typeId": "5111011",
				"name": "None"
			}
		},
		"4":
		{
			"location":
			{
				"x": 6687.7092428642791,
				"y": -19686.506130190508,
				"z": -503.99989765103601
			},
			"rotation":
			{
				"pitch": 0,
				"yaw": 59.999999535218031,
				"roll": 0
			},
			"bRandomRotation": false,
			"instanceId":
			{
				"guid": "6064633781832253460",
				"typeId": "5111011",
				"name": "None"
			}
		},
		"5":
		{
			"location":
			{
				"x": 7380.5295626472216,
				"y": -20086.50613581069,
				"z": -503.99989765103601
			},
			"rotation":
			{
				"pitch": 0,
				"yaw": 59.999999535218031,
				"roll": 0
			},
			"bRandomRotation": false,
			"instanceId":
			{
				"guid": "6064633781834874901",
				"typeId": "5111011",
				"name": "None"
			}
		},
		"6":
		{
			"location":
			{
				"x": 6997.384207890369,
				"y": -19503.878162721754,
				"z": -503.99989540924616
			},
			"rotation":
			{
				"pitch": 0,
				"yaw": 59.999999535218031,
				"roll": 0
			},
			"bRandomRotation": false,
			"instanceId":
			{
				"guid": "6064633781835923478",
				"typeId": "5111011",
				"name": "None"
			}
		},
		"7":
		{
			"location":
			{
				"x": 7425.3582598811481,
				"y": -19632.263375207491,
				"z": -503.99988650617524
			},
			"rotation":
			{
				"pitch": 0,
				"yaw": 60.000002323909769,
				"roll": 0
			},
			"bRandomRotation": false,
			"instanceId":
			{
				"guid": "6064633781836709911",
				"typeId": "5111011",
				"name": "None"
			}
		}
	},
	"filterOverrideId":
	{
		"guid": "0",
		"typeId": "5111003",
		"name": "None"
	},
	"populationAreaId":
	{
		"guid": "0",
		"typeId": "5171420",
		"name": "None"
	},
	"timedDespawnId":
	{
		"guid": "0",
		"typeId": "5882300",
		"name": "None"
	},
	"overrideActivationRange": 0,
	"gameplayTags":
	{
		"gameplayTags": [],
		"parentTags": []
	},
	"alignmentOverridesIds": [],
	"guid": "6064633781823340560",
	"name": "ANV_Pocket_Dungeon_Legacy_Vaults_PopSet_Clay_Gilded_01",
	"typeId": "5111005"
}