{
	"populationInstancesMap":
	{
		"1":
		{
			"location":
			{
				"x": 5542.918701000046,
				"y": -13144.113281000056,
				"z": 1133.1080320000001
			},
			"rotation":
			{
				"pitch": 0,
				"yaw": 74.999999999999972,
				"roll": 0
			},
			"bRandomRotation": false,
			"instanceId":
			{
				"guid": "6064630270761777753",
				"typeId": "5111011",
				"name": "None"
			}
		},
		"2":
		{
			"location":
			{
				"x": -545799.66516099998,
				"y": 654001.48913300002,
				"z": 18395.868436000001
			},
			"rotation":
			{
				"pitch": 0,
				"yaw": 180,
				"roll": -0
			},
			"bRandomRotation": false,
			"instanceId":
			{
				"guid": "6064630270761781408",
				"typeId": "5111011",
				"name": "None"
			}
		},
		"3":
		{
			"location":
			{
				"x": -543726.39348500001,
				"y": 652476.27493399999,
				"z": 18533.334605
			},
			"rotation":
			{
				"pitch": 0,
				"yaw": 180,
				"roll": -0
			},
			"bRandomRotation": false,
			"instanceId":
			{
				"guid": "6064630270761781408",
				"typeId": "5111011",
				"name": "None"
			}
		},
		"4":
		{
			"location":
			{
				"x": -547790.75540699996,
				"y": 655005.98379299999,
				"z": 18347.986585999999
			},
			"rotation":
			{
				"pitch": 0,
				"yaw": 180,
				"roll": -0
			},
			"bRandomRotation": false,
			"instanceId":
			{
				"guid": "6064630270761781414",
				"typeId": "5111011",
				"name": "None"
			}
		},
		"5":
		{
			"location":
			{
				"x": -547813.91951200005,
				"y": 652098.72446900001,
				"z": 18390.853918000001
			},
			"rotation":
			{
				"pitch": 0,
				"yaw": 180,
				"roll": -0
			},
			"bRandomRotation": false,
			"instanceId":
			{
				"guid": "6064630270761781414",
				"typeId": "5111011",
				"name": "None"
			}
		},
		"6":
		{
			"location":
			{
				"x": -545440.39857700001,
				"y": 650989.327941,
				"z": 18531.733992000001
			},
			"rotation":
			{
				"pitch": 0,
				"yaw": 180,
				"roll": -0
			},
			"bRandomRotation": false,
			"instanceId":
			{
				"guid": "6064630270761781418",
				"typeId": "5111011",
				"name": "None"
			}
		},
		"7":
		{
			"location":
			{
				"x": -547852.97107199999,
				"y": 649694.82814700005,
				"z": 19759.800027000001
			},
			"rotation":
			{
				"pitch": 0,
				"yaw": 180,
				"roll": -0
			},
			"bRandomRotation": false,
			"instanceId":
			{
				"guid": "6064630270761781418",
				"typeId": "5111011",
				"name": "None"
			}
		},
		"8":
		{
			"location":
			{
				"x": -546335.45699700003,
				"y": 649163.92807799997,
				"z": 19792.860831000002
			},
			"rotation":
			{
				"pitch": 0,
				"yaw": 180,
				"roll": -0
			},
			"bRandomRotation": false,
			"instanceId":
			{
				"guid": "6064630270761781422",
				"typeId": "5111011",
				"name": "None"
			}
		},
		"9":
		{
			"location":
			{
				"x": -543602.53526699997,
				"y": 651079.67312000005,
				"z": 18646.180297999999
			},
			"rotation":
			{
				"pitch": 0,
				"yaw": 180,
				"roll": -0
			},
			"bRandomRotation": false,
			"instanceId":
			{
				"guid": "6064630270761781424",
				"typeId": "5111011",
				"name": "None"
			}
		}
	},
	"filterOverrideId":
	{
		"guid": "0",
		"typeId": "5111003",
		"name": "None"
	},
	"populationAreaId":
	{
		"guid": "0",
		"typeId": "5171420",
		"name": "None"
	},
	"timedDespawnId":
	{
		"guid": "0",
		"typeId": "5882300",
		"name": "None"
	},
	"overrideActivationRange": 0,
	"gameplayTags":
	{
		"gameplayTags": [],
		"parentTags": []
	},
	"alignmentOverridesIds": [],
	"guid": "6064630270761781407",
	"name": "StoryArcSpawns_00019b_OakenbanePurgeP2_NPCSpawns",
	"typeId": "5111005"
}