{
	"populationInstancesMap":
	{
		"1":
		{
			"location":
			{
				"x": 17688.650372756761,
				"y": -11290.656459744321,
				"z": 4242.5898155549839
			},
			"rotation":
			{
				"pitch": 0,
				"yaw": 0,
				"roll": 0
			},
			"bRandomRotation": false,
			"instanceId":
			{
				"guid": "6064630270761772143",
				"typeId": "5111011",
				"name": "None"
			}
		},
		"2":
		{
			"location":
			{
				"x": 2200.911685850122,
				"y": 18105.950435979408,
				"z": -1425.4224376620132
			},
			"rotation":
			{
				"pitch": 0,
				"yaw": 0,
				"roll": 0
			},
			"bRandomRotation": false,
			"instanceId":
			{
				"guid": "6064630270761778222",
				"typeId": "5111011",
				"name": "None"
			}
		},
		"3":
		{
			"location":
			{
				"x": 17437.843110380345,
				"y": -10843.69183922885,
				"z": 4277.4088326510064
			},
			"rotation":
			{
				"pitch": 0,
				"yaw": 0,
				"roll": 0
			},
			"bRandomRotation": false,
			"instanceId":
			{
				"guid": "6064630270761778225",
				"typeId": "5111011",
				"name": "None"
			}
		},
		"4":
		{
			"location":
			{
				"x": 18665.625851407764,
				"y": -5769.5355822232086,
				"z": 4952.378505627712
			},
			"rotation":
			{
				"pitch": 0,
				"yaw": 0,
				"roll": 0
			},
			"bRandomRotation": false,
			"instanceId":
			{
				"guid": "6064630270761778228",
				"typeId": "5111011",
				"name": "None"
			}
		},
		"5":
		{
			"location":
			{
				"x": 19456.351671873475,
				"y": -5956.4272916808259,
				"z": 5021.8211448770453
			},
			"rotation":
			{
				"pitch": 0,
				"yaw": 0,
				"roll": 0
			},
			"bRandomRotation": false,
			"instanceId":
			{
				"guid": "6064630270761778231",
				"typeId": "5111011",
				"name": "None"
			}
		},
		"6":
		{
			"location":
			{
				"x": 8.6023082359461114,
				"y": -451.89696854853537,
				"z": 308.36829242662134
			},
			"rotation":
			{
				"pitch": -0,
				"yaw": -119.99999900000002,
				"roll": 0
			},
			"bRandomRotation": false,
			"instanceId":
			{
				"guid": "6064630270761778234",
				"typeId": "5111011",
				"name": "None"
			}
		},
		"7":
		{
			"location":
			{
				"x": 9241.8901186120929,
				"y": 14475.64490845101,
				"z": 68.343299575532001
			},
			"rotation":
			{
				"pitch": 0,
				"yaw": 0,
				"roll": 0
			},
			"bRandomRotation": false,
			"instanceId":
			{
				"guid": "6064630270761778237",
				"typeId": "5111011",
				"name": "None"
			}
		},
		"8":
		{
			"location":
			{
				"x": 9196.1616149296751,
				"y": 14051.095954653691,
				"z": 2801.6256843478241
			},
			"rotation":
			{
				"pitch": -5.5743695497806698,
				"yaw": -80.444354003656414,
				"roll": 9.1081478120047983
			},
			"bRandomRotation": false,
			"instanceId":
			{
				"guid": "6064630270761778240",
				"typeId": "5111011",
				"name": "None"
			}
		},
		"9":
		{
			"location":
			{
				"x": 19701.092405698262,
				"y": -5843.3380808223737,
				"z": 4871.5896018383501
			},
			"rotation":
			{
				"pitch": 0,
				"yaw": 0,
				"roll": 0
			},
			"bRandomRotation": false,
			"instanceId":
			{
				"guid": "6064630270761778249",
				"typeId": "5111011",
				"name": "None"
			}
		},
		"10":
		{
			"location":
			{
				"x": 10381.995564463083,
				"y": 11212.87204865017,
				"z": 3259.9286122026351
			},
			"rotation":
			{
				"pitch": 0,
				"yaw": 0,
				"roll": 0
			},
			"bRandomRotation": false,
			"instanceId":
			{
				"guid": "6064630270761778252",
				"typeId": "5111011",
				"name": "None"
			}
		},
		"11":
		{
			"location":
			{
				"x": 9054.3575335721252,
				"y": 10635.260723817162,
				"z": 2598.1411429256295
			},
			"rotation":
			{
				"pitch": 0,
				"yaw": 0,
				"roll": 0
			},
			"bRandomRotation": false,
			"instanceId":
			{
				"guid": "6064630270761778255",
				"typeId": "5111011",
				"name": "None"
			}
		},
		"12":
		{
			"location":
			{
				"x": 514.02729787572753,
				"y": 1202.3394836663501,
				"z": 398.38516572346634
			},
			"rotation":
			{
				"pitch": -0,
				"yaw": -56.428296549924021,
				"roll": 0
			},
			"bRandomRotation": false,
			"instanceId":
			{
				"guid": "6064630270761778258",
				"typeId": "5111011",
				"name": "None"
			}
		},
		"13":
		{
			"location":
			{
				"x": 2222.2217952285428,
				"y": 18314.537217953475,
				"z": -1603.1919215795515
			},
			"rotation":
			{
				"pitch": 0,
				"yaw": 0,
				"roll": 0
			},
			"bRandomRotation": false,
			"instanceId":
			{
				"guid": "6064630270761778261",
				"typeId": "5111011",
				"name": "None"
			}
		}
	},
	"filterOverrideId":
	{
		"guid": "0",
		"typeId": "5111003",
		"name": "None"
	},
	"populationAreaId":
	{
		"guid": "0",
		"typeId": "5171420",
		"name": "None"
	},
	"timedDespawnId":
	{
		"guid": "0",
		"typeId": "5882300",
		"name": "None"
	},
	"overrideActivationRange": 0,
	"gameplayTags":
	{
		"gameplayTags": [],
		"parentTags": []
	},
	"alignmentOverridesIds": [],
	"guid": "6064630270761778220",
	"name": "SA_0008_DTB_TheSkip_Props",
	"typeId": "5111005"
}