{
	"populationInstancesMap":
	{
		"1":
		{
			"location":
			{
				"x": 2548.6046226475155,
				"y": 23686.859097264591,
				"z": 3613.3986568620676
			},
			"rotation":
			{
				"pitch": 0,
				"yaw": 120.00000185912766,
				"roll": 0
			},
			"bRandomRotation": false,
			"instanceId":
			{
				"guid": "6064631885525614598",
				"typeId": "5111011",
				"name": "None"
			}
		},
		"2":
		{
			"location":
			{
				"x": 2216.2071972206468,
				"y": 23852.732170147472,
				"z": 3613.3986589058513
			},
			"rotation":
			{
				"pitch": 0,
				"yaw": 0,
				"roll": -0
			},
			"bRandomRotation": false,
			"instanceId":
			{
				"guid": "6064631885529612295",
				"typeId": "5111011",
				"name": "None"
			}
		},
		"3":
		{
			"location":
			{
				"x": 2262.3345853214851,
				"y": 23415.576561613008,
				"z": 3802.850896029795
			},
			"rotation":
			{
				"pitch": 0,
				"yaw": 19.999999845072686,
				"roll": 0
			},
			"bRandomRotation": false,
			"instanceId":
			{
				"guid": "6064631885532561416",
				"typeId": "5111011",
				"name": "None"
			}
		},
		"4":
		{
			"location":
			{
				"x": 3086.5380541119957,
				"y": 22359.999136363156,
				"z": 4509.8451777436385
			},
			"rotation":
			{
				"pitch": 0,
				"yaw": 49.999999612681719,
				"roll": 0
			},
			"bRandomRotation": false,
			"instanceId":
			{
				"guid": "6064631885532561416",
				"typeId": "5111011",
				"name": "None"
			}
		},
		"5":
		{
			"location":
			{
				"x": 2372.4435457058717,
				"y": 21708.435839681886,
				"z": 4524.3030678588439
			},
			"rotation":
			{
				"pitch": 0,
				"yaw": 0,
				"roll": -0
			},
			"bRandomRotation": false,
			"instanceId":
			{
				"guid": "6064631885529612295",
				"typeId": "5111011",
				"name": "None"
			}
		},
		"6":
		{
			"location":
			{
				"x": 1838.8959376190323,
				"y": 22242.085708063096,
				"z": 5001.3336493582174
			},
			"rotation":
			{
				"pitch": 0,
				"yaw": 49.999999612681719,
				"roll": 0
			},
			"bRandomRotation": false,
			"instanceId":
			{
				"guid": "6064631885532561416",
				"typeId": "5111011",
				"name": "None"
			}
		},
		"7":
		{
			"location":
			{
				"x": 586.8364516349975,
				"y": 23196.888027239009,
				"z": 5413.3986919053095
			},
			"rotation":
			{
				"pitch": 0,
				"yaw": 0,
				"roll": -0
			},
			"bRandomRotation": false,
			"instanceId":
			{
				"guid": "6064631885532561416",
				"typeId": "5111011",
				"name": "None"
			}
		},
		"8":
		{
			"location":
			{
				"x": -2854.4224789123982,
				"y": 25573.921775511,
				"z": 5413.3986642911332
			},
			"rotation":
			{
				"pitch": 0,
				"yaw": 0,
				"roll": -0
			},
			"bRandomRotation": false,
			"instanceId":
			{
				"guid": "6064631885532561416",
				"typeId": "5111011",
				"name": "None"
			}
		},
		"9":
		{
			"location":
			{
				"x": -1277.773834562744,
				"y": 24642.847756216768,
				"z": 5413.3986810642164
			},
			"rotation":
			{
				"pitch": 0,
				"yaw": 0,
				"roll": -0
			},
			"bRandomRotation": false,
			"instanceId":
			{
				"guid": "6064631885532561416",
				"typeId": "5111011",
				"name": "None"
			}
		},
		"10":
		{
			"location":
			{
				"x": -3187.4596544161905,
				"y": 23533.805280442582,
				"z": 6325.0185461007786
			},
			"rotation":
			{
				"pitch": 0,
				"yaw": 0,
				"roll": -0
			},
			"bRandomRotation": false,
			"instanceId":
			{
				"guid": "6064631908286398494",
				"typeId": "5111011",
				"name": "None"
			}
		},
		"11":
		{
			"location":
			{
				"x": -1859.0210259538144,
				"y": 23601.131385194371,
				"z": 6322.9973706780729
			},
			"rotation":
			{
				"pitch": 0,
				"yaw": 0,
				"roll": -0
			},
			"bRandomRotation": false,
			"instanceId":
			{
				"guid": "6064631908286398494",
				"typeId": "5111011",
				"name": "None"
			}
		},
		"12":
		{
			"location":
			{
				"x": -3982.6781126557617,
				"y": 24680.798226316576,
				"z": 6325.2954701819035
			},
			"rotation":
			{
				"pitch": 0,
				"yaw": 0,
				"roll": -0
			},
			"bRandomRotation": false,
			"instanceId":
			{
				"guid": "6064631908286398494",
				"typeId": "5111011",
				"name": "None"
			}
		}
	},
	"filterOverrideId":
	{
		"guid": "0",
		"typeId": "5111003",
		"name": "None"
	},
	"populationAreaId":
	{
		"guid": "0",
		"typeId": "5171420",
		"name": "None"
	},
	"timedDespawnId":
	{
		"guid": "0",
		"typeId": "5882300",
		"name": "None"
	},
	"overrideActivationRange": 0,
	"gameplayTags":
	{
		"gameplayTags": [],
		"parentTags": []
	},
	"alignmentOverridesIds": [],
	"guid": "6064631885498941445",
	"name": "RVR_CSQ_ChurchOfSevenStars",
	"typeId": "5111005"
}