{
	"populationInstancesMap":
	{
		"1":
		{
			"location":
			{
				"x": -112.53723762265872,
				"y": -2495.640942291473,
				"z": 157.15252995390256
			},
			"rotation":
			{
				"pitch": 0,
				"yaw": 0,
				"roll": 0
			},
			"bRandomRotation": false,
			"instanceId":
			{
				"guid": "6064631714916859933",
				"typeId": "5111011",
				"name": "None"
			}
		},
		"2":
		{
			"location":
			{
				"x": 4792.4855971810175,
				"y": -215.18589017062914,
				"z": 104.94680727063133
			},
			"rotation":
			{
				"pitch": -0,
				"yaw": -119.99999907043622,
				"roll": 0
			},
			"bRandomRotation": false,
			"instanceId":
			{
				"guid": "6064631714936193055",
				"typeId": "5111011",
				"name": "None"
			}
		},
		"3":
		{
			"location":
			{
				"x": 4494.6308576526353,
				"y": -75.16538884548936,
				"z": 119.28891276533614
			},
			"rotation":
			{
				"pitch": -0,
				"yaw": -99.999999225363212,
				"roll": 0
			},
			"bRandomRotation": false,
			"instanceId":
			{
				"guid": "6064631714938421280",
				"typeId": "5111011",
				"name": "None"
			}
		},
		"4":
		{
			"location":
			{
				"x": -2595.3691423473647,
				"y": 1904.8346111545106,
				"z": 93.356661788773636
			},
			"rotation":
			{
				"pitch": 0,
				"yaw": 0,
				"roll": 0
			},
			"bRandomRotation": false,
			"instanceId":
			{
				"guid": "6064631715031810081",
				"typeId": "5111011",
				"name": "None"
			}
		},
		"5":
		{
			"location":
			{
				"x": -4033.0059622082626,
				"y": -424.63189895171672,
				"z": 221.76874909417529
			},
			"rotation":
			{
				"pitch": 0,
				"yaw": 0,
				"roll": 0
			},
			"bRandomRotation": false,
			"instanceId":
			{
				"guid": "6064631715046228004",
				"typeId": "5111011",
				"name": "None"
			}
		},
		"6":
		{
			"location":
			{
				"x": -5202.2927448872942,
				"y": 361.16862623859197,
				"z": 221.76942384933136
			},
			"rotation":
			{
				"pitch": -0,
				"yaw": -109.9999991478997,
				"roll": 0
			},
			"bRandomRotation": false,
			"instanceId":
			{
				"guid": "6064631715092627494",
				"typeId": "5111011",
				"name": "None"
			}
		},
		"7":
		{
			"location":
			{
				"x": -9686.0536179913906,
				"y": 2352.1564553128555,
				"z": 90.818875971865054
			},
			"rotation":
			{
				"pitch": 0,
				"yaw": 39.999999690145394,
				"roll": -0
			},
			"bRandomRotation": false,
			"instanceId":
			{
				"guid": "6064631715132997671",
				"typeId": "5111011",
				"name": "None"
			}
		},
		"8":
		{
			"location":
			{
				"x": -9779.7518547778018,
				"y": 1976.4069169784198,
				"z": 93.356666793664772
			},
			"rotation":
			{
				"pitch": 0,
				"yaw": -124.99999903170426,
				"roll": 0
			},
			"bRandomRotation": false,
			"instanceId":
			{
				"guid": "6064631715135029288",
				"typeId": "5111011",
				"name": "None"
			}
		},
		"9":
		{
			"location":
			{
				"x": -10573.617810838856,
				"y": 2429.8082651749719,
				"z": 93.356665180846903
			},
			"rotation":
			{
				"pitch": 0,
				"yaw": 119.99999907043606,
				"roll": -0
			},
			"bRandomRotation": false,
			"instanceId":
			{
				"guid": "6064631715132997671",
				"typeId": "5111011",
				"name": "None"
			}
		},
		"10":
		{
			"location":
			{
				"x": -12138.021548396559,
				"y": 2258.9786085223313,
				"z": 100.60301533343227
			},
			"rotation":
			{
				"pitch": 0,
				"yaw": 179.99999860565387,
				"roll": -0
			},
			"bRandomRotation": false,
			"instanceId":
			{
				"guid": "6064631715250569258",
				"typeId": "5111011",
				"name": "None"
			}
		},
		"11":
		{
			"location":
			{
				"x": -12318.021548396559,
				"y": 2258.9786129028071,
				"z": 100.60301533343227
			},
			"rotation":
			{
				"pitch": -0,
				"yaw": -99.999999225363837,
				"roll": 0
			},
			"bRandomRotation": false,
			"instanceId":
			{
				"guid": "6064631715132997671",
				"typeId": "5111011",
				"name": "None"
			}
		},
		"12":
		{
			"location":
			{
				"x": -13582.564764952403,
				"y": 2465.7541382686468,
				"z": 112.68229318987505
			},
			"rotation":
			{
				"pitch": -0,
				"yaw": -89.999999302827646,
				"roll": 0
			},
			"bRandomRotation": false,
			"instanceId":
			{
				"guid": "6064631715252797484",
				"typeId": "5111011",
				"name": "None"
			}
		},
		"13":
		{
			"location":
			{
				"x": -13436.584003241383,
				"y": 2416.1131237719674,
				"z": 95.054005738700653
			},
			"rotation":
			{
				"pitch": 0,
				"yaw": 59.999999535217363,
				"roll": -0
			},
			"bRandomRotation": false,
			"instanceId":
			{
				"guid": "6064631715250569258",
				"typeId": "5111011",
				"name": "None"
			}
		},
		"14":
		{
			"location":
			{
				"x": -18131.339932710282,
				"y": 3424.7597364864778,
				"z": 250.52747094195001
			},
			"rotation":
			{
				"pitch": 0,
				"yaw": 0,
				"roll": 0
			},
			"bRandomRotation": false,
			"instanceId":
			{
				"guid": "6064631715269574704",
				"typeId": "5111011",
				"name": "None"
			}
		},
		"15":
		{
			"location":
			{
				"x": -16148.609033500892,
				"y": 2838.7479960253695,
				"z": 250.37881276994813
			},
			"rotation":
			{
				"pitch": 0,
				"yaw": 59.999999535217363,
				"roll": 0
			},
			"bRandomRotation": false,
			"instanceId":
			{
				"guid": "6064631715271802929",
				"typeId": "5111011",
				"name": "None"
			}
		},
		"16":
		{
			"location":
			{
				"x": -9934.7518547778018,
				"y": 2251.4069169784198,
				"z": 93.356666793664772
			},
			"rotation":
			{
				"pitch": -0,
				"yaw": -99.999999225363212,
				"roll": 0
			},
			"bRandomRotation": false,
			"instanceId":
			{
				"guid": "6064631715506946109",
				"typeId": "5111011",
				"name": "None"
			}
		},
		"17":
		{
			"location":
			{
				"x": -10050.776694419095,
				"y": 9263.7062491568504,
				"z": -565.72711758134028
			},
			"rotation":
			{
				"pitch": -0,
				"yaw": -59.999999535217782,
				"roll": 0
			},
			"bRandomRotation": false,
			"instanceId":
			{
				"guid": "6064631715092627494",
				"typeId": "5111011",
				"name": "None"
			}
		},
		"18":
		{
			"location":
			{
				"x": 9081.9785574640846,
				"y": 6608.9780950347194,
				"z": -908.82815908063276
			},
			"rotation":
			{
				"pitch": 0,
				"yaw": 179.99999860565387,
				"roll": 0
			},
			"bRandomRotation": false,
			"instanceId":
			{
				"guid": "6064631715624517697",
				"typeId": "5111011",
				"name": "None"
			}
		},
		"19":
		{
			"location":
			{
				"x": 8961.9785574640846,
				"y": 6608.9780950347194,
				"z": -908.82815908063276
			},
			"rotation":
			{
				"pitch": 0,
				"yaw": 179.99999860565387,
				"roll": -0
			},
			"bRandomRotation": false,
			"instanceId":
			{
				"guid": "6064631715656171589",
				"typeId": "5111011",
				"name": "None"
			}
		},
		"20":
		{
			"location":
			{
				"x": 8781.9785574640846,
				"y": 6608.9780950347194,
				"z": -908.82815908063276
			},
			"rotation":
			{
				"pitch": 0,
				"yaw": 179.99999860565387,
				"roll": 0
			},
			"bRandomRotation": false,
			"instanceId":
			{
				"guid": "6064631715658072134",
				"typeId": "5111011",
				"name": "None"
			}
		},
		"21":
		{
			"location":
			{
				"x": -10691.708714683657,
				"y": 3763.66972818051,
				"z": -586.70814879912359
			},
			"rotation":
			{
				"pitch": -0,
				"yaw": -89.999999302827078,
				"roll": 0
			},
			"bRandomRotation": false,
			"instanceId":
			{
				"guid": "6064631827949486080",
				"typeId": "5111011",
				"name": "None"
			}
		},
		"22":
		{
			"location":
			{
				"x": 1293.2912853163434,
				"y": 3338.66972818051,
				"z": -615.16461274871108
			},
			"rotation":
			{
				"pitch": 0,
				"yaw": -59.99999953521796,
				"roll": 0
			},
			"bRandomRotation": false,
			"instanceId":
			{
				"guid": "6064631827955449857",
				"typeId": "5111011",
				"name": "None"
			}
		},
		"23":
		{
			"location":
			{
				"x": -297.5951539099915,
				"y": -2490.7886448871577,
				"z": 213.02054593006324
			},
			"rotation":
			{
				"pitch": 0,
				"yaw": 0,
				"roll": -0
			},
			"bRandomRotation": false,
			"instanceId":
			{
				"guid": "6064632208129130570",