{
	"populationInstancesMap":
	{
		"1":
		{
			"location":
			{
				"x": -46260.674247099902,
				"y": 154036.06314372254,
				"z": -153.75473168595636
			},
			"rotation":
			{
				"pitch": 0,
				"yaw": -19.999999845072693,
				"roll": 0
			},
			"bRandomRotation": false,
			"instanceId":
			{
				"guid": "6064631506145116235",
				"typeId": "5111011",
				"name": "None"
			}
		},
		"2":
		{
			"location":
			{
				"x": -46095.894649954862,
				"y": 154174.48644294095,
				"z": -160.03887733359988
			},
			"rotation":
			{
				"pitch": 0,
				"yaw": -89.999999302827078,
				"roll": 0
			},
			"bRandomRotation": false,
			"instanceId":
			{
				"guid": "6064631913271459991",
				"typeId": "5111011",
				"name": "None"
			}
		},
		"3":
		{
			"location":
			{
				"x": -37532.099439645302,
				"y": 153263.8789831099,
				"z": -101.77178794862994
			},
			"rotation":
			{
				"pitch": 0,
				"yaw": 0,
				"roll": 0
			},
			"bRandomRotation": false,
			"instanceId":
			{
				"guid": "6064631506215632976",
				"typeId": "5111011",
				"name": "None"
			}
		},
		"4":
		{
			"location":
			{
				"x": -34774.007857488585,
				"y": 153267.21672986861,
				"z": -101.7717859906661
			},
			"rotation":
			{
				"pitch": 0,
				"yaw": 0,
				"roll": 0
			},
			"bRandomRotation": false,
			"instanceId":
			{
				"guid": "6064631506216484945",
				"typeId": "5111011",
				"name": "None"
			}
		},
		"5":
		{
			"location":
			{
				"x": -37553.63343549741,
				"y": 147471.71403128706,
				"z": -118.70095399276761
			},
			"rotation":
			{
				"pitch": 0,
				"yaw": -139.99999891550874,
				"roll": 0
			},
			"bRandomRotation": false,
			"instanceId":
			{
				"guid": "6064631506145116235",
				"typeId": "5111011",
				"name": "None"
			}
		},
		"6":
		{
			"location":
			{
				"x": -37434.359991338919,
				"y": 147157.94665408862,
				"z": -186.09769108163164
			},
			"rotation":
			{
				"pitch": 0,
				"yaw": 179.99999860565413,
				"roll": 0
			},
			"bRandomRotation": false,
			"instanceId":
			{
				"guid": "6064631506145116235",
				"typeId": "5111011",
				"name": "None"
			}
		},
		"7":
		{
			"location":
			{
				"x": -37447.597666549147,
				"y": 147320.53059552162,
				"z": -144.80491963292661
			},
			"rotation":
			{
				"pitch": 0,
				"yaw": -169.99999868311761,
				"roll": 0
			},
			"bRandomRotation": false,
			"instanceId":
			{
				"guid": "6064631913271459991",
				"typeId": "5111011",
				"name": "None"
			}
		},
		"8":
		{
			"location":
			{
				"x": -31845.947717909119,
				"y": 144221.09027446067,
				"z": -109.03701721006109
			},
			"rotation":
			{
				"pitch": 0,
				"yaw": 0,
				"roll": 0
			},
			"bRandomRotation": false,
			"instanceId":
			{
				"guid": "6064631506228609109",
				"typeId": "5111011",
				"name": "None"
			}
		},
		"9":
		{
			"location":
			{
				"x": -32593.628624608391,
				"y": 145539.37052568077,
				"z": -102.95702378960596
			},
			"rotation":
			{
				"pitch": 0,
				"yaw": 0,
				"roll": 0
			},
			"bRandomRotation": false,
			"instanceId":
			{
				"guid": "6064631506232082519",
				"typeId": "5111011",
				"name": "None"
			}
		},
		"10":
		{
			"location":
			{
				"x": -35614.754215156543,
				"y": 145558.61241604068,
				"z": -83.763631789228384
			},
			"rotation":
			{
				"pitch": 0,
				"yaw": 0,
				"roll": 0
			},
			"bRandomRotation": false,
			"instanceId":
			{
				"guid": "6064631506315051096",
				"typeId": "5111011",
				"name": "None"
			}
		},
		"11":
		{
			"location":
			{
				"x": -38869.711632984574,
				"y": 153762.8458036852,
				"z": -101.72493685430527
			},
			"rotation":
			{
				"pitch": 0,
				"yaw": 0,
				"roll": -0
			},
			"bRandomRotation": false,
			"instanceId":
			{
				"guid": "6064631506315051096",
				"typeId": "5111011",
				"name": "None"
			}
		},
		"12":
		{
			"location":
			{
				"x": -33137.910106357653,
				"y": 144576.86106837605,
				"z": -97.68094377644411
			},
			"rotation":
			{
				"pitch": 0,
				"yaw": 0,
				"roll": 0
			},
			"bRandomRotation": false,
			"instanceId":
			{
				"guid": "6064631506323046492",
				"typeId": "5111011",
				"name": "None"
			}
		},
		"13":
		{
			"location":
			{
				"x": -35305.254660013714,
				"y": 144776.61393735878,
				"z": -101.79909483249503
			},
			"rotation":
			{
				"pitch": 0,
				"yaw": 0,
				"roll": 0
			},
			"bRandomRotation": false,
			"instanceId":
			{
				"guid": "6064631517387358638",
				"typeId": "5111011",
				"name": "None"
			}
		},
		"14":
		{
			"location":
			{
				"x": -36198.455744092469,
				"y": 153686.48716610152,
				"z": -81.954153406379191
			},
			"rotation":
			{
				"pitch": 0,
				"yaw": 0,
				"roll": 0
			},
			"bRandomRotation": false,
			"instanceId":
			{
				"guid": "6064631821555138570",
				"typeId": "5111011",
				"name": "None"
			}
		},
		"15":
		{
			"location":
			{
				"x": -35653.313954408164,
				"y": 153918.03838891693,
				"z": -91.954164839087753
			},
			"rotation":
			{
				"pitch": 0,
				"yaw": -139.9999989155088,
				"roll": 0
			},
			"bRandomRotation": false,
			"instanceId":
			{
				"guid": "6064631821558808587",
				"typeId": "5111011",
				"name": "None"
			}
		}
	},
	"filterOverrideId":
	{
		"guid": "0",
		"typeId": "5111003",
		"name": "None"
	},
	"populationAreaId":
	{
		"guid": "0",
		"typeId": "5171420",
		"name": "None"
	},
	"timedDespawnId":
	{
		"guid": "0",
		"typeId": "5882300",
		"name": "None"
	},
	"overrideActivationRange": 0,
	"gameplayTags":
	{
		"gameplayTags": [],
		"parentTags": []
	},
	"alignmentOverridesIds": [],
	"guid": "6064631488725123077",
	"name": "RVR_Daragal_Manor",
	"typeId": "5111005"
}