{
	"populationInstancesMap":
	{
		"1":
		{
			"location":
			{
				"x": 3209.887193391829,
				"y": 1913.0670471645876,
				"z": 96.000258115966062
			},
			"rotation":
			{
				"pitch": 0,
				"yaw": 2.1750164407785495,
				"roll": 0
			},
			"bRandomRotation": false,
			"instanceId":
			{
				"guid": "6064630270761778417",
				"typeId": "5111011",
				"name": "None"
			}
		},
		"2":
		{
			"location":
			{
				"x": 3218.9857402395437,
				"y": 1373.7625523617126,
				"z": 95.999588201648294
			},
			"rotation":
			{
				"pitch": 0,
				"yaw": 4.5639867061330621,
				"roll": 0
			},
			"bRandomRotation": false,
			"instanceId":
			{
				"guid": "6064630497531920385",
				"typeId": "5111011",
				"name": "None"
			}
		},
		"3":
		{
			"location":
			{
				"x": 3227.5895382856311,
				"y": 1059.2019206041573,
				"z": 95.999558569292276
			},
			"rotation":
			{
				"pitch": 0,
				"yaw": 9.1472524176691543,
				"roll": 0
			},
			"bRandomRotation": false,
			"instanceId":
			{
				"guid": "6064630594306572335",
				"typeId": "5111011",
				"name": "None"
			}
		},
		"4":
		{
			"location":
			{
				"x": 3049.8323730603242,
				"y": 2390.131916655921,
				"z": 113.43438731954814
			},
			"rotation":
			{
				"pitch": 0,
				"yaw": -178.65386715492696,
				"roll": 0
			},
			"bRandomRotation": false,
			"instanceId":
			{
				"guid": "6064631199325093888",
				"typeId": "5111011",
				"name": "None"
			}
		},
		"5":
		{
			"location":
			{
				"x": 3131.627509249081,
				"y": 2664.1272629141872,
				"z": -6.2647653749081655e-06
			},
			"rotation":
			{
				"pitch": 0,
				"yaw": 66.996050165050335,
				"roll": 0
			},
			"bRandomRotation": false,
			"instanceId":
			{
				"guid": "6064631274291986575",
				"typeId": "5111011",
				"name": "None"
			}
		},
		"6":
		{
			"location":
			{
				"x": 3251.4642488353056,
				"y": 308.30852414081443,
				"z": 95.999976192418103
			},
			"rotation":
			{
				"pitch": 0,
				"yaw": 0,
				"roll": -0
			},
			"bRandomRotation": false,
			"instanceId":
			{
				"guid": "6064632384226263051",
				"typeId": "5111011",
				"name": "None"
			}
		},
		"7":
		{
			"location":
			{
				"x": 3210.5712542853989,
				"y": 1630.4499846605531,
				"z": 96.000288909746814
			},
			"rotation":
			{
				"pitch": 0,
				"yaw": 0,
				"roll": -0
			},
			"bRandomRotation": false,
			"instanceId":
			{
				"guid": "6064632982983802882",
				"typeId": "5111011",
				"name": "None"
			}
		},
		"8":
		{
			"location":
			{
				"x": 2975.0943681449098,
				"y": 770.35427593693885,
				"z": -1.5509031641158799e-05
			},
			"rotation":
			{
				"pitch": 0,
				"yaw": -89.051636401330768,
				"roll": 0
			},
			"bRandomRotation": false,
			"instanceId":
			{
				"guid": "6064633577958670822",
				"typeId": "5111011",
				"name": "None"
			}
		}
	},
	"filterOverrideId":
	{
		"guid": "0",
		"typeId": "5111003",
		"name": "None"
	},
	"populationAreaId":
	{
		"guid": "0",
		"typeId": "5171420",
		"name": "None"
	},
	"timedDespawnId":
	{
		"guid": "0",
		"typeId": "5882300",
		"name": "None"
	},
	"overrideActivationRange": 0,
	"gameplayTags":
	{
		"gameplayTags": [],
		"parentTags": []
	},
	"alignmentOverridesIds": [],
	"guid": "6064630270761778416",
	"name": "ServiceBuilding_L3_TownHall_Operational",
	"typeId": "5111005"
}