{
	"populationInstancesMap":
	{
		"1":
		{
			"location":
			{
				"x": -11840.99004726205,
				"y": -9637.2012874597567,
				"z": 764.63064120681156
			},
			"rotation":
			{
				"pitch": 0,
				"yaw": 0,
				"roll": 0
			},
			"bRandomRotation": false,
			"instanceId":
			{
				"guid": "6064631330305146890",
				"typeId": "5111011",
				"name": "None"
			}
		},
		"2":
		{
			"location":
			{
				"x": -12170.27625175938,
				"y": -10498.451973859861,
				"z": 807.98986232101015
			},
			"rotation":
			{
				"pitch": 0,
				"yaw": 89.999999302827149,
				"roll": -0
			},
			"bRandomRotation": false,
			"instanceId":
			{
				"guid": "6064631330313404427",
				"typeId": "5111011",
				"name": "None"
			}
		},
		"3":
		{
			"location":
			{
				"x": -12501.298255977221,
				"y": -11715.144513008243,
				"z": 697.46959673633683
			},
			"rotation":
			{
				"pitch": -0,
				"yaw": -109.9999991478996,
				"roll": 0
			},
			"bRandomRotation": false,
			"instanceId":
			{
				"guid": "6064631330314977292",
				"typeId": "5111011",
				"name": "None"
			}
		},
		"4":
		{
			"location":
			{
				"x": -11345.446139439126,
				"y": -11007.329326837847,
				"z": 721.23904702301661
			},
			"rotation":
			{
				"pitch": 0,
				"yaw": 159.99999876058141,
				"roll": -0
			},
			"bRandomRotation": false,
			"instanceId":
			{
				"guid": "6064631330315960333",
				"typeId": "5111011",
				"name": "None"
			}
		},
		"5":
		{
			"location":
			{
				"x": -11431.432213296997,
				"y": -11931.560756434861,
				"z": 537.40505173001293
			},
			"rotation":
			{
				"pitch": 0,
				"yaw": 0,
				"roll": 0
			},
			"bRandomRotation": false,
			"instanceId":
			{
				"guid": "6064631330316746766",
				"typeId": "5111011",
				"name": "None"
			}
		},
		"6":
		{
			"location":
			{
				"x": -12197.812834165641,
				"y": -9940.013551808137,
				"z": 814.70031713880599
			},
			"rotation":
			{
				"pitch": -0,
				"yaw": -99.999999225363311,
				"roll": 0
			},
			"bRandomRotation": false,
			"instanceId":
			{
				"guid": "6064631330144256006",
				"typeId": "5111011",
				"name": "None"
			}
		},
		"7":
		{
			"location":
			{
				"x": -12197.411803958588,
				"y": -10206.488055853522,
				"z": 845.82802816427284
			},
			"rotation":
			{
				"pitch": 0,
				"yaw": 79.999999380290632,
				"roll": -0
			},
			"bRandomRotation": false,
			"instanceId":
			{
				"guid": "6064631330320023568",
				"typeId": "5111011",
				"name": "None"
			}
		},
		"8":
		{
			"location":
			{
				"x": -20538.199043084751,
				"y": -1685.8181616550428,
				"z": -2471.8825532852607
			},
			"rotation":
			{
				"pitch": -0,
				"yaw": -149.99999883804492,
				"roll": 0
			},
			"bRandomRotation": false,
			"instanceId":
			{
				"guid": "6064631337608216576",
				"typeId": "5111011",
				"name": "None"
			}
		},
		"9":
		{
			"location":
			{
				"x": -20732.716509051621,
				"y": -1650.0432832489605,
				"z": -2475.3717563361042
			},
			"rotation":
			{
				"pitch": -0,
				"yaw": -99.999999225363311,
				"roll": 0
			},
			"bRandomRotation": false,
			"instanceId":
			{
				"guid": "6064631337608216576",
				"typeId": "5111011",
				"name": "None"
			}
		},
		"10":
		{
			"location":
			{
				"x": -24997.054650146631,
				"y": -22505.633274079766,
				"z": 4532.4389481448707
			},
			"rotation":
			{
				"pitch": -0,
				"yaw": -119.99999907043596,
				"roll": 0
			},
			"bRandomRotation": false,
			"instanceId":
			{
				"guid": "6064631337608216576",
				"typeId": "5111011",
				"name": "None"
			}
		},
		"11":
		{
			"location":
			{
				"x": -25184.201806571451,
				"y": -22544.159968621156,
				"z": 4548.2133744467865
			},
			"rotation":
			{
				"pitch": -0,
				"yaw": -79.999999380290532,
				"roll": 0
			},
			"bRandomRotation": false,
			"instanceId":
			{
				"guid": "6064631337692495876",
				"typeId": "5111011",
				"name": "None"
			}
		},
		"12":
		{
			"location":
			{
				"x": -10550.648719196091,
				"y": -30749.35671092791,
				"z": -3561.0330232242613
			},
			"rotation":
			{
				"pitch": -0,
				"yaw": -29.999999767609108,
				"roll": 0
			},
			"bRandomRotation": false,
			"instanceId":
			{
				"guid": "6064631345879318529",
				"typeId": "5111011",
				"name": "None"
			}
		},
		"13":
		{
			"location":
			{
				"x": -10188.801813824568,
				"y": -30861.828059653752,
				"z": -3567.2687079103216
			},
			"rotation":
			{
				"pitch": -0,
				"yaw": -159.99999876058149,
				"roll": 0
			},
			"bRandomRotation": false,
			"instanceId":
			{
				"guid": "6064631345879318529",
				"typeId": "5111011",
				"name": "None"
			}
		}
	},
	"filterOverrideId":
	{
		"guid": "0",
		"typeId": "5111003",
		"name": "None"
	},
	"populationAreaId":
	{
		"guid": "0",
		"typeId": "5171420",
		"name": "None"
	},
	"timedDespawnId":
	{
		"guid": "0",
		"typeId": "5882300",
		"name": "None"
	},
	"overrideActivationRange": 0,
	"gameplayTags":
	{
		"gameplayTags": [],
		"parentTags": []
	},
	"alignmentOverridesIds": [],
	"guid": "6064631330305146889",
	"name": "RVR_HWM_Hills_Wilds_SE_Patrol",
	"typeId": "5111005"
}