{
	"populationInstancesMap":
	{
		"1":
		{
			"location":
			{
				"x": -1382.1944910396123,
				"y": -479.87551071681082,
				"z": -21.160141785267115
			},
			"rotation":
			{
				"pitch": 0,
				"yaw": 9.9999999225363414,
				"roll": -0
			},
			"bRandomRotation": false,
			"instanceId":
			{
				"guid": "6064631805231366773",
				"typeId": "5111011",
				"name": "None"
			}
		},
		"2":
		{
			"location":
			{
				"x": 942.56843824416865,
				"y": -2532.9834492576774,
				"z": 329.41425918304776
			},
			"rotation":
			{
				"pitch": 0,
				"yaw": 119.99999907043605,
				"roll": -0
			},
			"bRandomRotation": false,
			"instanceId":
			{
				"guid": "6064631805231366773",
				"typeId": "5111011",
				"name": "None"
			}
		},
		"3":
		{
			"location":
			{
				"x": 1804.6445997726405,
				"y": -651.54987481108401,
				"z": -349.47975710084393
			},
			"rotation":
			{
				"pitch": 0,
				"yaw": 0,
				"roll": 0
			},
			"bRandomRotation": false,
			"instanceId":
			{
				"guid": "6064631805254697591",
				"typeId": "5111011",
				"name": "None"
			}
		},
		"4":
		{
			"location":
			{
				"x": 864.99038910889067,
				"y": 3311.0362749272026,
				"z": -184.81111622668686
			},
			"rotation":
			{
				"pitch": 0,
				"yaw": 0,
				"roll": 0
			},
			"bRandomRotation": false,
			"instanceId":
			{
				"guid": "6064631805254697591",
				"typeId": "5111011",
				"name": "None"
			}
		},
		"5":
		{
			"location":
			{
				"x": -1805.4371477696113,
				"y": 2880.2128978080582,
				"z": 182.71353500098667
			},
			"rotation":
			{
				"pitch": 0,
				"yaw": 109.99999914789979,
				"roll": -0
			},
			"bRandomRotation": false,
			"instanceId":
			{
				"guid": "6064631805254697591",
				"typeId": "5111011",
				"name": "None"
			}
		},
		"6":
		{
			"location":
			{
				"x": -2995.0126602055971,
				"y": -629.14875424688216,
				"z": -415.49487233482614
			},
			"rotation":
			{
				"pitch": 0,
				"yaw": 0,
				"roll": 0
			},
			"bRandomRotation": false,
			"instanceId":
			{
				"guid": "6064631805254697591",
				"typeId": "5111011",
				"name": "None"
			}
		},
		"7":
		{
			"location":
			{
				"x": -4413.6941314622527,
				"y": 447.53827831160743,
				"z": -545.77256084659166
			},
			"rotation":
			{
				"pitch": -0,
				"yaw": -159.99999876058126,
				"roll": 0
			},
			"bRandomRotation": false,
			"instanceId":
			{
				"guid": "6064631805254697591",
				"typeId": "5111011",
				"name": "None"
			}
		},
		"8":
		{
			"location":
			{
				"x": 1026.3036509539234,
				"y": -4142.1662019696087,
				"z": 351.93972771005974
			},
			"rotation":
			{
				"pitch": -0,
				"yaw": -99.999999225363254,
				"roll": 0
			},
			"bRandomRotation": false,
			"instanceId":
			{
				"guid": "6064631805254697591",
				"typeId": "5111011",
				"name": "None"
			}
		},
		"9":
		{
			"location":
			{
				"x": -1257.2304266479332,
				"y": -3909.0165809373138,
				"z": -36.234714798820278
			},
			"rotation":
			{
				"pitch": 0,
				"yaw": 159.99999876058135,
				"roll": -0
			},
			"bRandomRotation": false,
			"instanceId":
			{
				"guid": "6064631805254697591",
				"typeId": "5111011",
				"name": "None"
			}
		}
	},
	"filterOverrideId":
	{
		"guid": "0",
		"typeId": "5111003",
		"name": "None"
	},
	"populationAreaId":
	{
		"guid": "0",
		"typeId": "5171420",
		"name": "None"
	},
	"timedDespawnId":
	{
		"guid": "0",
		"typeId": "5882300",
		"name": "None"
	},
	"overrideActivationRange": 0,
	"gameplayTags":
	{
		"gameplayTags": [],
		"parentTags": []
	},
	"alignmentOverridesIds": [],
	"guid": "6064631805214261876",
	"name": "RVR_CSQ_PS_IsleOfEchoes_NightEchoes",
	"typeId": "5111005"
}