{
	"populationInstancesMap":
	{
		"1":
		{
			"location":
			{
				"x": -13321.706376529182,
				"y": -7405.7775903755974,
				"z": 6246.8680634630364
			},
			"rotation":
			{
				"pitch": 0,
				"yaw": 164.99999872184952,
				"roll": -0
			},
			"bRandomRotation": false,
			"instanceId":
			{
				"guid": "6064630270761773220",
				"typeId": "5111011",
				"name": "None"
			}
		},
		"2":
		{
			"location":
			{
				"x": -12181.322398606571,
				"y": -7213.2672489864053,
				"z": 6246.2864482894984
			},
			"rotation":
			{
				"pitch": 0,
				"yaw": 0,
				"roll": -0
			},
			"bRandomRotation": false,
			"instanceId":
			{
				"guid": "6064630270761773182",
				"typeId": "5111011",
				"name": "None"
			}
		},
		"3":
		{
			"location":
			{
				"x": -10719.058111726888,
				"y": -7687.6431222735555,
				"z": 6177.8869669513806
			},
			"rotation":
			{
				"pitch": 0,
				"yaw": 0,
				"roll": 0
			},
			"bRandomRotation": false,
			"instanceId":
			{
				"guid": "6064630270761773292",
				"typeId": "5111011",
				"name": "None"
			}
		},
		"4":
		{
			"location":
			{
				"x": -8590.7154757969547,
				"y": -8673.5385349724093,
				"z": 6202.5523873894563
			},
			"rotation":
			{
				"pitch": 0,
				"yaw": 0,
				"roll": 0
			},
			"bRandomRotation": false,
			"instanceId":
			{
				"guid": "6064630270761773284",
				"typeId": "5111011",
				"name": "None"
			}
		},
		"5":
		{
			"location":
			{
				"x": -8673.6358821297763,
				"y": -10029.526428290381,
				"z": 6305.4982966390708
			},
			"rotation":
			{
				"pitch": 0,
				"yaw": 0,
				"roll": -0
			},
			"bRandomRotation": false,
			"instanceId":
			{
				"guid": "6064630270761773280",
				"typeId": "5111011",
				"name": "None"
			}
		},
		"6":
		{
			"location":
			{
				"x": -7766.5942891950253,
				"y": -9470.0212673544011,
				"z": 6137.8650109662922
			},
			"rotation":
			{
				"pitch": 0,
				"yaw": 0,
				"roll": -0
			},
			"bRandomRotation": false,
			"instanceId":
			{
				"guid": "6064630270761773284",
				"typeId": "5111011",
				"name": "None"
			}
		},
		"7":
		{
			"location":
			{
				"x": -6388.4501274884678,
				"y": -10775.515881485859,
				"z": 6570.3379384020227
			},
			"rotation":
			{
				"pitch": 0,
				"yaw": -94.999999264095209,
				"roll": 0
			},
			"bRandomRotation": false,
			"instanceId":
			{
				"guid": "6064630270761773252",
				"typeId": "5111011",
				"name": "None"
			}
		},
		"8":
		{
			"location":
			{
				"x": -8450.5194764564512,
				"y": -10811.692589675455,
				"z": 6305.7467273115144
			},
			"rotation":
			{
				"pitch": 0,
				"yaw": 74.999999419022615,
				"roll": 0
			},
			"bRandomRotation": false,
			"instanceId":
			{
				"guid": "6064630270761773326",
				"typeId": "5111011",
				"name": "None"
			}
		},
		"9":
		{
			"location":
			{
				"x": -3263.8531315592118,
				"y": -10288.36646367659,
				"z": 6242.4090665079239
			},
			"rotation":
			{
				"pitch": 0,
				"yaw": 0,
				"roll": -0
			},
			"bRandomRotation": false,
			"instanceId":
			{
				"guid": "6064630270761773276",
				"typeId": "5111011",
				"name": "None"
			}
		},
		"10":
		{
			"location":
			{
				"x": -3087.4965902644908,
				"y": -7822.5716793093889,
				"z": 5769.879758566778
			},
			"rotation":
			{
				"pitch": 0,
				"yaw": 154.99999879931343,
				"roll": 0
			},
			"bRandomRotation": false,
			"instanceId":
			{
				"guid": "6064630270761773316",
				"typeId": "5111011",
				"name": "None"
			}
		},
		"11":
		{
			"location":
			{
				"x": 1172.7071602673968,
				"y": -9142.0402136406337,
				"z": 5297.1102414246379
			},
			"rotation":
			{
				"pitch": 0,
				"yaw": 0,
				"roll": -0
			},
			"bRandomRotation": false,
			"instanceId":
			{
				"guid": "6064630270761773270",
				"typeId": "5111011",
				"name": "None"
			}
		},
		"12":
		{
			"location":
			{
				"x": 2265.5425865134457,
				"y": -9373.347557359346,
				"z": 5515.972244173754
			},
			"rotation":
			{
				"pitch": 0,
				"yaw": 0,
				"roll": -0
			},
			"bRandomRotation": false,
			"instanceId":
			{
				"guid": "6064630270761773270",
				"typeId": "5111011",
				"name": "None"
			}
		},
		"13":
		{
			"location":
			{
				"x": 2023.5518146384275,
				"y": -10460.449007009272,
				"z": 5578.3610902684159
			},
			"rotation":
			{
				"pitch": 0,
				"yaw": 0,
				"roll": -0
			},
			"bRandomRotation": false,
			"instanceId":
			{
				"guid": "6064630270761773274",
				"typeId": "5111011",
				"name": "None"
			}
		},
		"14":
		{
			"location":
			{
				"x": -10317.068030057242,
				"y": -5351.1821247483313,
				"z": 5918.8326461953839
			},
			"rotation":
			{
				"pitch": 0,
				"yaw": 154.99999879931343,
				"roll": -0
			},
			"bRandomRotation": false,
			"instanceId":
			{
				"guid": "6064630270761773314",
				"typeId": "5111011",
				"name": "None"
			}
		},
		"15":
		{
			"location":
			{
				"x": -6745.2146666689077,
				"y": -7898.5138591700234,
				"z": 6197.2657593388903
			},
			"rotation":
			{
				"pitch": -0,
				"yaw": -94.99999926409528,
				"roll": 0
			},
			"bRandomRotation": false,
			"instanceId":
			{
				"guid": "6064630270761773254",
				"typeId": "5111011",
				"name": "None"
			}
		},
		"16":
		{
			"location":
			{
				"x": -11818.118144825799,
				"y": -3500.8745288858481,
				"z": 6263.6738683000331
			},
			"rotation":
			{
				"pitch": 0,
				"yaw": 0,
				"roll": 0
			},
			"bRandomRotation": false,
			"instanceId":
			{
				"guid": "6064630270761773182",
				"typeId": "5111011",
				"name": "None"
			}
		},
		"17":
		{
			"location":
			{
				"x": -9516.8091776736546,
				"y": -1083.7849406862515,
				"z": 6284.8121736563335
			},
			"rotation":
			{
				"pitch": 0,
				"yaw": 0,
				"roll": 0
			},
			"bRandomRotation": false,
			"instanceId":
			{
				"guid": "6064630270761773182",
				"typeId": "5111011",
				"name": "None"
			}
		},
		"18":
		{
			"location":
			{
				"x": -8305.5909655930009,
				"y": -3004.1783034702821,
				"z": 6151.5899434464627
			},
			"rotation":
			{
				"pitch": 0,
				"yaw": 80.000002168983087,
				"roll": 0
			},
			"bRandomRotation": false,
			"instanceId":
			{
				"guid": "6064630270761773232",
				"typeId": "5111011",
				"name": "None"
			}
		},
		"19":
		{
			"location":
			{
				"x": -10322.806183436303,
				"y": -1483.7877526589145,
				"z": 6275.8483904969689
			},
			"rotation":
			{
				"pitch": 0,
				"yaw": -109.9999991478997,
				"roll": 0
			},
			"bRandomRotation": false,
			"instanceId":
			{
				"guid": "6064630270761773230",
				"typeId": "5111011",
				"name": "None"
			}
		},
		"20":
		{
			"location":
			{
				"x": -12058.280000351486,
				"y": -2648.4265001501772,
				"z": 6177.5508990884846
			},
			"rotation":
			{
				"pitch": 0,
				"yaw": -59.999999535218414,
				"roll": 0
			},
			"bRandomRotation": false,
			"instanceId":
			{
				"guid": "6064630270761773256",
				"typeId": "5111011",
				"name": "None"
			}
		},
		"21":
		{
			"location":
			{
				"x": -12583.15826490242,
				"y": -1963.9771762530727,
				"z": 6263.0800731748095
			},
			"rotation":
			{
				"pitch": 0,
				"yaw": -154.99999879931312,
				"roll": 0
			},
			"bRandomRotation": false,
			"instanceId":
			{
				"guid": "6064630270761773258",
				"typeId": "5111011",
				"name": "None"
			}
		},
		"22":
		{
			"location":
			{
				"x": -12533.815189445973,
				"y": 464.88399101089453,
				"z": 6177.5508881813985
			},
			"rotation":
			{
				"pitch": 0,
				"yaw": -99.999999225363382,
				"roll": 0
			},
			"bRandomRotation": false,
			"instanceId":
			{
				"guid": "6064630270761773256",
				"typeId": "5111011",
				"name": "None"
			}
		},
		"23":
		{
			"location":
			{
				"x": -5945.5293799065985,
				"y": -1111.2229082451668,
				"z": 6397.5507961471521
			},
			"rotation":
			{
				"pitch": 0,
				"yaw": -3.9790393202565605e-13,
				"roll": 0
			},
			"bRandomRotation": false,
			"instanceId":
			{
				"guid": "6064630270761773228",
				"typeId": "5111011",
				"name": "None"
			}
		},