{
	"populationInstancesMap":
	{
		"1":
		{
			"location":
			{
				"x": -2701.0519750148524,
				"y": -3202.7603495434159,
				"z": -18740.136680281514
			},
			"rotation":
			{
				"pitch": -0,
				"yaw": -129.99999899297219,
				"roll": 0
			},
			"bRandomRotation": false,
			"instanceId":
			{
				"guid": "6064631583957778496",
				"typeId": "5111011",
				"name": "None"
			}
		},
		"2":
		{
			"location":
			{
				"x": -2378.1490190533223,
				"y": -3469.0238963940064,
				"z": -18740.136701492891
			},
			"rotation":
			{
				"pitch": -0,
				"yaw": -89.999999302827078,
				"roll": 0
			},
			"bRandomRotation": false,
			"instanceId":
			{
				"guid": "6064631583963742273",
				"typeId": "5111011",
				"name": "None"
			}
		},
		"3":
		{
			"location":
			{
				"x": -2868.1490190533223,
				"y": -3389.0238963940064,
				"z": -18740.136701492891
			},
			"rotation":
			{
				"pitch": 0,
				"yaw": 49.999999612681684,
				"roll": -0
			},
			"bRandomRotation": false,
			"instanceId":
			{
				"guid": "6064631583964332098",
				"typeId": "5111011",
				"name": "None"
			}
		},
		"4":
		{
			"location":
			{
				"x": -3289.1406228941632,
				"y": -8597.0301797602442,
				"z": -18644.792867807046
			},
			"rotation":
			{
				"pitch": 0,
				"yaw": 109.99999914789952,
				"roll": -0
			},
			"bRandomRotation": false,
			"instanceId":
			{
				"guid": "6064631583970099267",
				"typeId": "5111011",
				"name": "None"
			}
		},
		"5":
		{
			"location":
			{
				"x": -1929.1406228941632,
				"y": -8577.0301797602442,
				"z": -18595.317343722571
			},
			"rotation":
			{
				"pitch": 0,
				"yaw": 99.999999225363354,
				"roll": -0
			},
			"bRandomRotation": false,
			"instanceId":
			{
				"guid": "6064631583970099267",
				"typeId": "5111011",
				"name": "None"
			}
		},
		"6":
		{
			"location":
			{
				"x": -2795.4617924841587,
				"y": -9140.7013853375684,
				"z": -18645.304802970837
			},
			"rotation":
			{
				"pitch": 0,
				"yaw": 89.99999930282722,
				"roll": -0
			},
			"bRandomRotation": false,
			"instanceId":
			{
				"guid": "6064631583971803205",
				"typeId": "5111011",
				"name": "None"
			}
		},
		"7":
		{
			"location":
			{
				"x": -2566.4399593577255,
				"y": -8998.7759476186475,
				"z": -18594.710106033883
			},
			"rotation":
			{
				"pitch": -0,
				"yaw": -149.99999883804517,
				"roll": 0
			},
			"bRandomRotation": false,
			"instanceId":
			{
				"guid": "6064631583972655174",
				"typeId": "5111011",
				"name": "None"
			}
		},
		"8":
		{
			"location":
			{
				"x": -2688.1490190533223,
				"y": -9449.0238963940064,
				"z": -18592.550199417696
			},
			"rotation":
			{
				"pitch": -0,
				"yaw": -79.999999380290731,
				"roll": 0
			},
			"bRandomRotation": false,
			"instanceId":
			{
				"guid": "6064631583973441607",
				"typeId": "5111011",
				"name": "None"
			}
		},
		"9":
		{
			"location":
			{
				"x": -5628.5793405669974,
				"y": -5730.4737260710681,
				"z": -17890.13670199336
			},
			"rotation":
			{
				"pitch": 0,
				"yaw": 0,
				"roll": 0
			},
			"bRandomRotation": false,
			"instanceId":
			{
				"guid": "6064631583981109320",
				"typeId": "5111011",
				"name": "None"
			}
		},
		"10":
		{
			"location":
			{
				"x": -6028.1490190533223,
				"y": -5209.0238963940064,
				"z": -17840.136709122286
			},
			"rotation":
			{
				"pitch": 0,
				"yaw": 69.999999457754285,
				"roll": -0
			},
			"bRandomRotation": false,
			"instanceId":
			{
				"guid": "6064631583963742273",
				"typeId": "5111011",
				"name": "None"
			}
		},
		"11":
		{
			"location":
			{
				"x": -5588.1490190533223,
				"y": -4999.0238963940064,
				"z": -17890.136700675022
			},
			"rotation":
			{
				"pitch": 0,
				"yaw": 109.99999914789987,
				"roll": -0
			},
			"bRandomRotation": false,
			"instanceId":
			{
				"guid": "6064631583983272010",
				"typeId": "5111011",
				"name": "None"
			}
		},
		"12":
		{
			"location":
			{
				"x": -7575.4617924841587,
				"y": -6710.7013853375684,
				"z": -18739.868045201067
			},
			"rotation":
			{
				"pitch": 0,
				"yaw": 0,
				"roll": -0
			},
			"bRandomRotation": false,
			"instanceId":
			{
				"guid": "6064631583983992907",
				"typeId": "5111011",
				"name": "None"
			}
		},
		"13":
		{
			"location":
			{
				"x": 84.53820751584135,
				"y": -7930.7013853375684,
				"z": -17890.136699888564
			},
			"rotation":
			{
				"pitch": 0,
				"yaw": 0,
				"roll": 0
			},
			"bRandomRotation": false,
			"instanceId":
			{
				"guid": "6064631583985172556",
				"typeId": "5111011",
				"name": "None"
			}
		},
		"14":
		{
			"location":
			{
				"x": -458.14901905332226,
				"y": -7859.0238966373145,
				"z": -17892.550213858616
			},
			"rotation":
			{
				"pitch": 0,
				"yaw": 89.999999302826964,
				"roll": -0
			},
			"bRandomRotation": false,
			"instanceId":
			{
				"guid": "6064631583986614349",
				"typeId": "5111011",
				"name": "None"
			}
		},
		"15":
		{
			"location":
			{
				"x": 661.85097218572628,
				"y": -7879.0238963940064,
				"z": -17890.136700675022
			},
			"rotation":
			{
				"pitch": 0,
				"yaw": 89.999999302827177,
				"roll": -0
			},
			"bRandomRotation": false,
			"instanceId":
			{
				"guid": "6064631583987400782",
				"typeId": "5111011",
				"name": "None"
			}
		},
		"16":
		{
			"location":
			{
				"x": -458.57934056699742,
				"y": -7730.4737260710681,
				"z": -17840.136695181835
			},
			"rotation":
			{
				"pitch": -0,
				"yaw": -89.999999302826964,
				"roll": 0
			},
			"bRandomRotation": false,
			"instanceId":
			{
				"guid": "6064631583957778496",
				"typeId": "5111011",
				"name": "None"
			}
		}
	},
	"filterOverrideId":
	{
		"guid": "6064633585865588736",
		"typeId": "5111003",
		"name": "None"
	},
	"populationAreaId":
	{
		"guid": "0",
		"typeId": "5171420",
		"name": "None"
	},
	"timedDespawnId":
	{
		"guid": "0",
		"typeId": "5882300",
		"name": "None"
	},
	"overrideActivationRange": 0,
	"gameplayTags":
	{
		"gameplayTags": [],
		"parentTags": []
	},
	"alignmentOverridesIds": [],
	"guid": "6064631583957778495",
	"name": "PopSet_CSB_Forsaken_Blades_Center_Int_01",
	"typeId": "5111005"
}