{
	"populationInstancesMap":
	{
		"1":
		{
			"location":
			{
				"x": -909.38467952830251,
				"y": -12286.957602029201,
				"z": -1862.4406947019907
			},
			"rotation":
			{
				"pitch": -0,
				"yaw": -109.99999914789987,
				"roll": 0
			},
			"bRandomRotation": false,
			"instanceId":
			{
				"guid": "6064630270761781274",
				"typeId": "5111011",
				"name": "None"
			}
		},
		"2":
		{
			"location":
			{
				"x": -2057.9475664754864,
				"y": -5352.706012589857,
				"z": -2111.3356073971427
			},
			"rotation":
			{
				"pitch": -0,
				"yaw": -77.482881908415607,
				"roll": 0
			},
			"bRandomRotation": false,
			"instanceId":
			{
				"guid": "6064630270761781274",
				"typeId": "5111011",
				"name": "None"
			}
		},
		"3":
		{
			"location":
			{
				"x": -341.90508383826818,
				"y": -10143.544216615614,
				"z": -2088.1671000398037
			},
			"rotation":
			{
				"pitch": 0,
				"yaw": 37.741943850999832,
				"roll": -0
			},
			"bRandomRotation": false,
			"instanceId":
			{
				"guid": "6064630270761781272",
				"typeId": "5111011",
				"name": "None"
			}
		},
		"4":
		{
			"location":
			{
				"x": -140.65356762567535,
				"y": -4413.3499171073781,
				"z": -2320.8549300522227
			},
			"rotation":
			{
				"pitch": -0,
				"yaw": -105.31456201256749,
				"roll": 0
			},
			"bRandomRotation": false,
			"instanceId":
			{
				"guid": "6064630270761781276",
				"typeId": "5111011",
				"name": "None"
			}
		},
		"5":
		{
			"location":
			{
				"x": -1617.3016930837184,
				"y": -7298.7333969615865,
				"z": -2016.2184934133602
			},
			"rotation":
			{
				"pitch": 0,
				"yaw": 169.99999868311772,
				"roll": -0
			},
			"bRandomRotation": false,
			"instanceId":
			{
				"guid": "6064630270761781272",
				"typeId": "5111011",
				"name": "None"
			}
		},
		"6":
		{
			"location":
			{
				"x": 1842.4267752369633,
				"y": -10331.118793106172,
				"z": -2297.864472682586
			},
			"rotation":
			{
				"pitch": 0,
				"yaw": 0,
				"roll": -0
			},
			"bRandomRotation": false,
			"instanceId":
			{
				"guid": "6064630270761781292",
				"typeId": "5111011",
				"name": "None"
			}
		},
		"7":
		{
			"location":
			{
				"x": 1736.8939405606361,
				"y": -9809.567522109719,
				"z": -2311.6624329100596
			},
			"rotation":
			{
				"pitch": 0,
				"yaw": 0,
				"roll": -0
			},
			"bRandomRotation": false,
			"instanceId":
			{
				"guid": "6064630270761781292",
				"typeId": "5111011",
				"name": "None"
			}
		},
		"8":
		{
			"location":
			{
				"x": 3273.1205456235912,
				"y": -8055.9753620144911,
				"z": -2319.9042973427568
			},
			"rotation":
			{
				"pitch": 0,
				"yaw": 0,
				"roll": 0
			},
			"bRandomRotation": false,
			"instanceId":
			{
				"guid": "6064630270761781292",
				"typeId": "5111011",
				"name": "None"
			}
		},
		"9":
		{
			"location":
			{
				"x": 2475.5872752395226,
				"y": -4815.0180165747879,
				"z": -2161.5012437118658
			},
			"rotation":
			{
				"pitch": 0,
				"yaw": 0,
				"roll": -0
			},
			"bRandomRotation": false,
			"instanceId":
			{
				"guid": "6064630270761781292",
				"typeId": "5111011",
				"name": "None"
			}
		},
		"10":
		{
			"location":
			{
				"x": 1889.2864879188128,
				"y": -5553.2972646702547,
				"z": -2181.8815675340902
			},
			"rotation":
			{
				"pitch": 0,
				"yaw": 0,
				"roll": -0
			},
			"bRandomRotation": false,
			"instanceId":
			{
				"guid": "6064630270761781292",
				"typeId": "5111011",
				"name": "None"
			}
		},
		"12":
		{
			"location":
			{
				"x": 3556.14558371366,
				"y": -11509.044550387305,
				"z": -2258.8042277670338
			},
			"rotation":
			{
				"pitch": 0,
				"yaw": 0,
				"roll": 0
			},
			"bRandomRotation": false,
			"instanceId":
			{
				"guid": "6064630270761781292",
				"typeId": "5111011",
				"name": "None"
			}
		},
		"13":
		{
			"location":
			{
				"x": 2341.7817920000002,
				"y": -20941.879117,
				"z": -2293.9530610000002
			},
			"rotation":
			{
				"pitch": 0,
				"yaw": 0,
				"roll": -0
			},
			"bRandomRotation": false,
			"instanceId":
			{
				"guid": "6064630270761781292",
				"typeId": "5111011",
				"name": "None"
			}
		},
		"14":
		{
			"location":
			{
				"x": 1320.2766810000001,
				"y": -20708.333653000002,
				"z": -2261.5939819999999
			},
			"rotation":
			{
				"pitch": 0,
				"yaw": 0,
				"roll": -0
			},
			"bRandomRotation": false,
			"instanceId":
			{
				"guid": "6064630270761781292",
				"typeId": "5111011",
				"name": "None"
			}
		},
		"15":
		{
			"location":
			{
				"x": 1428.356094,
				"y": -15262.787365,
				"z": -2216.48092
			},
			"rotation":
			{
				"pitch": 0,
				"yaw": 0,
				"roll": -0
			},
			"bRandomRotation": false,
			"instanceId":
			{
				"guid": "6064630270761781292",
				"typeId": "5111011",
				"name": "None"
			}
		},
		"16":
		{
			"location":
			{
				"x": 807.67991199999994,
				"y": -15749.021514,
				"z": -1979.2248529999999
			},
			"rotation":
			{
				"pitch": 0,
				"yaw": 0,
				"roll": -0
			},
			"bRandomRotation": false,
			"instanceId":
			{
				"guid": "6064630270761784282",
				"typeId": "5111011",
				"name": "None"
			}
		},
		"17":
		{
			"location":
			{
				"x": 4338.8002932586242,
				"y": -18538.761437949259,
				"z": -2020.4396973283674
			},
			"rotation":
			{
				"pitch": 0,
				"yaw": 117.88347689748218,
				"roll": 0
			},
			"bRandomRotation": false,
			"instanceId":
			{
				"guid": "6064630526781095936",
				"typeId": "5111011",
				"name": "None"
			}
		},
		"18":
		{
			"location":
			{
				"x": 4616.2846614089794,
				"y": -15859.948692704784,
				"z": -1896.5602711884094
			},
			"rotation":
			{
				"pitch": 0,
				"yaw": 130.23546535450896,
				"roll": 0
			},
			"bRandomRotation": false,
			"instanceId":
			{
				"guid": "6064630270761781276",
				"typeId": "5111011",
				"name": "None"
			}
		},
		"19":
		{
			"location":
			{
				"x": -3340.4710188671015,
				"y": -24632.805917636259,
				"z": -1855.3899194727146
			},
			"rotation":
			{
				"pitch": 0,
				"yaw": 5.6362855715153302,
				"roll": -0
			},
			"bRandomRotation": false,
			"instanceId":
			{
				"guid": "6064630270761781276",
				"typeId": "5111011",
				"name": "None"
			}
		},
		"20":
		{
			"location":
			{
				"x": 3394.9423019445967,
				"y": -23754.708112469176,
				"z": -2168.973717970066
			},
			"rotation":
			{
				"pitch": 0,
				"yaw": 108.88718840692064,
				"roll": -0
			},
			"bRandomRotation": false,
			"instanceId":
			{
				"guid": "6064630270761781276",
				"typeId": "5111011",
				"name": "None"
			}
		},
		"21":
		{
			"location":
			{
				"x": 5714.2897130310303,
				"y": -4263.5459359375527,
				"z": -2099.9324188133323
			},
			"rotation":
			{
				"pitch": -0,
				"yaw": -125.16022364733213,
				"roll": 0
			},
			"bRandomRotation": false,
			"instanceId":
			{
				"guid": "6064630526995005448",
				"typeId": "5111011",
				"name": "None"
			}
		},
		"22":
		{
			"location":
			{
				"x": 5004.8860177833121,
				"y": -5322.6709005268058,
				"z": -2029.63957172749
			},
			"rotation":
			{
				"pitch": 0,
				"yaw": 44.468166389575266,
				"roll": -0
			},
			"bRandomRotation": false,
			"instanceId":
			{
				"guid": "6064630526997626889",
				"typeId": "5111011",
				"name": "None"
			}
		},
		"23":
		{
			"location":
			{
				"x": 6256.667922777473,
				"y": 235.44656991283409,
				"z": -2143.9303723681442
			},
			"rotation":
			{
				"pitch": 0,
				"yaw": 153.16003036464303,
				"roll": -0
			},
			"bRandomRotation": false,
			"instanceId":
			{
				"guid": "6064630270761781276",
				"typeId": "5111011",
				"name": "None"
			}
		},
		"24":
		{
			"location":
			{
				"x": 11849.544102230109,
				"y": -2917.0402425314533,
				"z": 2138.6734217061203
			},
			"rotation":
			{
				"pitch": -0,
				"yaw": -89.445467245480984,
				"roll": 0
			},
			"bRandomRotation": false,
			"instanceId":
			{
				"guid": "6064630532481613824",
				"typeId": "5111011",
				"name": "None"
			}
		},