{
	"populationInstancesMap":
	{
		"1":
		{
			"location":
			{
				"x": 42545.047357226606,
				"y": -54396.793199796055,
				"z": -1773.9005506608337
			},
			"rotation":
			{
				"pitch": -0,
				"yaw": -53.358410957366573,
				"roll": 0
			},
			"bRandomRotation": false,
			"instanceId":
			{
				"guid": "6064630270761779597",
				"typeId": "5111011",
				"name": "None"
			}
		},
		"2":
		{
			"location":
			{
				"x": 41768.773120860336,
				"y": -55435.4677711564,
				"z": -1851.3872726741702
			},
			"rotation":
			{
				"pitch": -0,
				"yaw": -109.02299532195673,
				"roll": 0
			},
			"bRandomRotation": false,
			"instanceId":
			{
				"guid": "6064630270761764717",
				"typeId": "5111011",
				"name": "None"
			}
		},
		"3":
		{
			"location":
			{
				"x": 41134.372131817392,
				"y": -55999.053845560295,
				"z": -1850.1573060573173
			},
			"rotation":
			{
				"pitch": -0,
				"yaw": -40.4823228682422,
				"roll": 0
			},
			"bRandomRotation": false,
			"instanceId":
			{
				"guid": "6064630270761764717",
				"typeId": "5111011",
				"name": "None"
			}
		},
		"4":
		{
			"location":
			{
				"x": 43048.762394204852,
				"y": -52896.75804407883,
				"z": -1866.5951206460632
			},
			"rotation":
			{
				"pitch": 0,
				"yaw": 0,
				"roll": -0
			},
			"bRandomRotation": false,
			"instanceId":
			{
				"guid": "6064630270761764717",
				"typeId": "5111011",
				"name": "None"
			}
		},
		"5":
		{
			"location":
			{
				"x": 43443.377038423321,
				"y": -53448.769889181422,
				"z": -1815.8265429861349
			},
			"rotation":
			{
				"pitch": -0,
				"yaw": -45.819586161719549,
				"roll": 0
			},
			"bRandomRotation": false,
			"instanceId":
			{
				"guid": "6064630270761764717",
				"typeId": "5111011",
				"name": "None"
			}
		},
		"6":
		{
			"location":
			{
				"x": 43439.684685090324,
				"y": -55231.740087797982,
				"z": -2260.5788073121239
			},
			"rotation":
			{
				"pitch": 0,
				"yaw": 0,
				"roll": -0
			},
			"bRandomRotation": false,
			"instanceId":
			{
				"guid": "6064630270761764717",
				"typeId": "5111011",
				"name": "None"
			}
		},
		"7":
		{
			"location":
			{
				"x": 42614.24453333742,
				"y": -56450.379986575106,
				"z": -2209.3945740760628
			},
			"rotation":
			{
				"pitch": -0,
				"yaw": -71.760940818964329,
				"roll": 0
			},
			"bRandomRotation": false,
			"instanceId":
			{
				"guid": "6064630270761764717",
				"typeId": "5111011",
				"name": "None"
			}
		},
		"8":
		{
			"location":
			{
				"x": 42490.461810220731,
				"y": -54081.4414643005,
				"z": -1738.421903151484
			},
			"rotation":
			{
				"pitch": 0,
				"yaw": 0,
				"roll": -0
			},
			"bRandomRotation": false,
			"instanceId":
			{
				"guid": "6064630270761779606",
				"typeId": "5111011",
				"name": "None"
			}
		},
		"9":
		{
			"location":
			{
				"x": 48895.745772550115,
				"y": -65514.890517561464,
				"z": -3286.7938133720963
			},
			"rotation":
			{
				"pitch": 0,
				"yaw": 0,
				"roll": -0
			},
			"bRandomRotation": false,
			"instanceId":
			{
				"guid": "6064630270761779609",
				"typeId": "5111011",
				"name": "None"
			}
		},
		"10":
		{
			"location":
			{
				"x": 66864.817326404154,
				"y": -71066.476458812773,
				"z": 470.28099356618259
			},
			"rotation":
			{
				"pitch": 0,
				"yaw": 0,
				"roll": -0
			},
			"bRandomRotation": false,
			"instanceId":
			{
				"guid": "6064630270761779612",
				"typeId": "5111011",
				"name": "None"
			}
		},
		"11":
		{
			"location":
			{
				"x": 66659.366734915529,
				"y": -71523.562646989245,
				"z": 470.28090556079587
			},
			"rotation":
			{
				"pitch": 0,
				"yaw": 0,
				"roll": -0
			},
			"bRandomRotation": false,
			"instanceId":
			{
				"guid": "6064630270761779615",
				"typeId": "5111011",
				"name": "None"
			}
		}
	},
	"filterOverrideId":
	{
		"guid": "0",
		"typeId": "5111003",
		"name": "None"
	},
	"populationAreaId":
	{
		"guid": "0",
		"typeId": "5171420",
		"name": "None"
	},
	"timedDespawnId":
	{
		"guid": "0",
		"typeId": "5882300",
		"name": "None"
	},
	"overrideActivationRange": 0,
	"gameplayTags":
	{
		"gameplayTags": [],
		"parentTags": []
	},
	"alignmentOverridesIds": [],
	"guid": "6064630270761779596",
	"name": "SA_0009_GemspringHounds_DP_CinderMaidHut",
	"typeId": "5111005"
}