{
	"populationInstancesMap":
	{
		"1":
		{
			"location":
			{
				"x": -826586.99075239769,
				"y": 383637.3582051149,
				"z": 10721.27811381127
			},
			"rotation":
			{
				"pitch": 0,
				"yaw": 91.891925506992365,
				"roll": -0
			},
			"bRandomRotation": false,
			"instanceId":
			{
				"guid": "6064631913272639630",
				"typeId": "5111011",
				"name": "None"
			}
		},
		"2":
		{
			"location":
			{
				"x": -830172.67318980512,
				"y": 407044.42231361929,
				"z": 10592.646563136117
			},
			"rotation":
			{
				"pitch": 0,
				"yaw": 110.79801435947839,
				"roll": -0
			},
			"bRandomRotation": false,
			"instanceId":
			{
				"guid": "6064631913272639630",
				"typeId": "5111011",
				"name": "None"
			}
		},
		"3":
		{
			"location":
			{
				"x": -828361.17777619639,
				"y": 415272.34744332754,
				"z": 10557.884722186818
			},
			"rotation":
			{
				"pitch": 0,
				"yaw": 110.79801435947839,
				"roll": -0
			},
			"bRandomRotation": false,
			"instanceId":
			{
				"guid": "6064631913272639630",
				"typeId": "5111011",
				"name": "None"
			}
		},
		"4":
		{
			"location":
			{
				"x": -825020.63230601186,
				"y": 425234.3112669228,
				"z": 11933.732161260628
			},
			"rotation":
			{
				"pitch": 0,
				"yaw": 110.79801435947839,
				"roll": -0
			},
			"bRandomRotation": false,
			"instanceId":
			{
				"guid": "6064631913272639630",
				"typeId": "5111011",
				"name": "None"
			}
		},
		"5":
		{
			"location":
			{
				"x": -827694.62485156348,
				"y": 428627.19213625015,
				"z": 13572.647154862745
			},
			"rotation":
			{
				"pitch": -0,
				"yaw": -52.942879306121533,
				"roll": 0
			},
			"bRandomRotation": false,
			"instanceId":
			{
				"guid": "6064631913272639630",
				"typeId": "5111011",
				"name": "None"
			}
		},
		"6":
		{
			"location":
			{
				"x": -842275.43446649739,
				"y": 401166.67973287532,
				"z": 10983.743420877163
			},
			"rotation":
			{
				"pitch": -0,
				"yaw": -52.942879306121533,
				"roll": 0
			},
			"bRandomRotation": false,
			"instanceId":
			{
				"guid": "6064631913272639630",
				"typeId": "5111011",
				"name": "None"
			}
		},
		"7":
		{
			"location":
			{
				"x": -837658.74593012338,
				"y": 401202.12851774116,
				"z": 10910.598408726801
			},
			"rotation":
			{
				"pitch": -0,
				"yaw": -52.942879306121533,
				"roll": 0
			},
			"bRandomRotation": false,
			"instanceId":
			{
				"guid": "6064631913272639630",
				"typeId": "5111011",
				"name": "None"
			}
		},
		"8":
		{
			"location":
			{
				"x": -835622.06420622231,
				"y": 424238.35298718559,
				"z": 11459.17148172507
			},
			"rotation":
			{
				"pitch": -0,
				"yaw": -52.942879306121533,
				"roll": 0
			},
			"bRandomRotation": false,
			"instanceId":
			{
				"guid": "6064631913272639630",
				"typeId": "5111011",
				"name": "None"
			}
		}
	},
	"filterOverrideId":
	{
		"guid": "0",
		"typeId": "5111003",
		"name": "None"
	},
	"populationAreaId":
	{
		"guid": "0",
		"typeId": "5171420",
		"name": "None"
	},
	"timedDespawnId":
	{
		"guid": "0",
		"typeId": "5882300",
		"name": "None"
	},
	"overrideActivationRange": 0,
	"gameplayTags":
	{
		"gameplayTags": [],
		"parentTags": []
	},
	"alignmentOverridesIds": [],
	"guid": "6064631913249308806",
	"name": "PopulationSet_6064631913249308806",
	"typeId": "5111005"
}