{
	"populationInstancesMap":
	{
		"1":
		{
			"location":
			{
				"x": -914379.08463218319,
				"y": 778831.28900577989,
				"z": 10667.686467803316
			},
			"rotation":
			{
				"pitch": -6.3998998420476596,
				"yaw": -156.30240807515355,
				"roll": 3.4005310709731083e-15
			},
			"bRandomRotation": false,
			"instanceId":
			{
				"guid": "6064632230510395400",
				"typeId": "5111011",
				"name": "None"
			}
		},
		"2":
		{
			"location":
			{
				"x": -912317.59130897245,
				"y": 783860.70770931349,
				"z": 10631.612284732015
			},
			"rotation":
			{
				"pitch": -6.3998998420476596,
				"yaw": -76.302408694862805,
				"roll": 9.2014370155742927e-15
			},
			"bRandomRotation": false,
			"instanceId":
			{
				"guid": "6064632230510395400",
				"typeId": "5111011",
				"name": "None"
			}
		},
		"3":
		{
			"location":
			{
				"x": -906867.80616679206,
				"y": 783251.52761441178,
				"z": 11031.255918314244
			},
			"rotation":
			{
				"pitch": -6.3998998420477138,
				"yaw": 133.69759246709228,
				"roll": 1.2401936847078396e-14
			},
			"bRandomRotation": false,
			"instanceId":
			{
				"guid": "6064632230510395400",
				"typeId": "5111011",
				"name": "None"
			}
		},
		"4":
		{
			"location":
			{
				"x": -917382.66553176183,
				"y": 782571.54719092033,
				"z": 10646.22806068432
			},
			"rotation":
			{
				"pitch": -6.3998998420477156,
				"yaw": 73.697592931874254,
				"roll": 1.8002811552210574e-14
			},
			"bRandomRotation": false,
			"instanceId":
			{
				"guid": "6064632230510395400",
				"typeId": "5111011",
				"name": "None"
			}
		},
		"5":
		{
			"location":
			{
				"x": -911835.43606024946,
				"y": 791298.9843534237,
				"z": 10597.60455878531
			},
			"rotation":
			{
				"pitch": -6.3998998420477156,
				"yaw": -156.30240807515338,
				"roll": 2.2603530059997723e-14
			},
			"bRandomRotation": false,
			"instanceId":
			{
				"guid": "6064632230510395400",
				"typeId": "5111011",
				"name": "None"
			}
		},
		"6":
		{
			"location":
			{
				"x": -1138810.4629254849,
				"y": 672941.26389252499,
				"z": 10562.673661343313
			},
			"rotation":
			{
				"pitch": -6.3998998420477156,
				"yaw": -156.30240807515338,
				"roll": 2.2603530059997723e-14
			},
			"bRandomRotation": false,
			"instanceId":
			{
				"guid": "6064632230510395400",
				"typeId": "5111011",
				"name": "None"
			}
		},
		"7":
		{
			"location":
			{
				"x": -1139978.2329542181,
				"y": 676539.069495067,
				"z": 10607.380835607328
			},
			"rotation":
			{
				"pitch": -6.3998998420477156,
				"yaw": 133.69759246709222,
				"roll": 2.4003748736280769e-14
			},
			"bRandomRotation": false,
			"instanceId":
			{
				"guid": "6064632230510395400",
				"typeId": "5111011",
				"name": "None"
			}
		},
		"8":
		{
			"location":
			{
				"x": -1143980.9345921727,
				"y": 683009.91220898391,
				"z": 10584.841753513027
			},
			"rotation":
			{
				"pitch": -6.3998998420477173,
				"yaw": 23.697593319192436,
				"roll": 2.9004529723005927e-14
			},
			"bRandomRotation": false,
			"instanceId":
			{
				"guid": "6064632230510395400",
				"typeId": "5111011",
				"name": "None"
			}
		},
		"9":
		{
			"location":
			{
				"x": -1135378.6740544632,
				"y": 683440.29842527013,
				"z": 11480.349649535496
			},
			"rotation":
			{
				"pitch": -6.3998998420477138,
				"yaw": 53.69759308680144,
				"roll": 3.1604935836103009e-14
			},
			"bRandomRotation": false,
			"instanceId":
			{
				"guid": "6064632230510395400",
				"typeId": "5111011",
				"name": "None"
			}
		},
		"10":
		{
			"location":
			{
				"x": -1134182.3530791043,
				"y": 687320.8606240754,
				"z": 11480.34953693944
			},
			"rotation":
			{
				"pitch": -6.3998998420477164,
				"yaw": -116.30240559631631,
				"roll": 3.4005310709731085e-14
			},
			"bRandomRotation": false,
			"instanceId":
			{
				"guid": "6064632230510395400",
				"typeId": "5111011",
				"name": "None"
			}
		},
		"11":
		{
			"location":
			{
				"x": -1160470.7890175814,
				"y": 659735.51266243076,
				"z": 10623.468023788319
			},
			"rotation":
			{
				"pitch": -6.3998998420477147,
				"yaw": -116.30240559631631,
				"roll": 3.44053731886691e-14
			},
			"bRandomRotation": false,
			"instanceId":
			{
				"guid": "6064632230510395400",
				"typeId": "5111011",
				"name": "None"
			}
		},
		"12":
		{
			"location":
			{
				"x": -1160837.9832964852,
				"y": 655777.56864399614,
				"z": 7276.3952572481248
			},
			"rotation":
			{
				"pitch": -6.3998998420477173,
				"yaw": -176.30240513153419,
				"roll": 3.710579492150069e-14
			},
			"bRandomRotation": false,
			"instanceId":
			{
				"guid": "6064632230510395400",
				"typeId": "5111011",
				"name": "None"
			}
		},
		"13":
		{
			"location":
			{
				"x": -1158375.4657368134,
				"y": 652874.72948538605,
				"z": 10763.449770126614
			},
			"rotation":
			{
				"pitch": -6.3998998420476578,
				"yaw": 63.697595798029411,
				"roll": 4.2406622767429348e-14
			},
			"bRandomRotation": false,
			"instanceId":
			{
				"guid": "6064632230510395400",
				"typeId": "5111011",
				"name": "None"
			}
		},
		"14":
		{
			"location":
			{
				"x": -1154977.662568419,
				"y": 641494.34975410439,
				"z": 10555.536213753569
			},
			"rotation":
			{
				"pitch": -6.3998998420476587,
				"yaw": 63.69759579802939,
				"roll": 4.2406622767429348e-14
			},
			"bRandomRotation": false,
			"instanceId":
			{
				"guid": "6064632230510395400",
				"typeId": "5111011",
				"name": "None"
			}
		},
		"15":
		{
			"location":
			{
				"x": -1156496.353256807,
				"y": 635856.02821568388,
				"z": 10611.671411065781
			},
			"rotation":
			{
				"pitch": -6.3998998420476569,
				"yaw": 13.697596185347525,
				"roll": 4.4206903922650412e-14
			},
			"bRandomRotation": false,
			"instanceId":
			{
				"guid": "6064632230510395400",
				"typeId": "5111011",
				"name": "None"
			}
		},
		"16":
		{
			"location":
			{
				"x": -1100175.313666258,
				"y": 769272.49824449397,
				"z": 10544.378665938588
			},
			"rotation":
			{
				"pitch": -6.3998998420476569,
				"yaw": 13.697596185347525,
				"roll": 4.4206903922650412e-14
			},
			"bRandomRotation": false,
			"instanceId":
			{
				"guid": "6064632230510395400",
				"typeId": "5111011",
				"name": "None"
			}
		},
		"17":
		{
			"location":
			{
				"x": -1102739.5108953053,
				"y": 767528.96504504315,
				"z": 10486.496867624594
			},
			"rotation":
			{
				"pitch": -6.3998998420476587,
				"yaw": 63.697595798029035,
				"roll": 4.520706011999544e-14
			},
			"bRandomRotation": false,
			"instanceId":
			{
				"guid": "6064632230510395400",
				"typeId": "5111011",
				"name": "None"
			}
		},
		"18":
		{
			"location":
			{
				"x": -1104479.6216875133,
				"y": 772272.17271597963,
				"z": 11600.980271050352
			},
			"rotation":
			{
				"pitch": -6.3998998420476614,
				"yaw": -26.302403504798182,
				"roll": 4.7807466233092521e-14
			},
			"bRandomRotation": false,
			"instanceId":
			{
				"guid": "6064632230510395400",
				"typeId": "5111011",
				"name": "None"
			}
		},
		"19":
		{
			"location":
			{
				"x": -1100641.7782624518,
				"y": 772917.51780124241,
				"z": 11487.243527037101
			},
			"rotation":
			{
				"pitch": -6.3998998420476587,
				"yaw": -66.302403194943381,
				"roll": 5.0007809867251594e-14
			},
			"bRandomRotation": false,
			"instanceId":
			{
				"guid": "6064632230510395400",
				"typeId": "5111011",
				"name": "None"
			}
		},
		"20":
		{
			"location":
			{
				"x": -1098033.5833935714,
				"y": 770868.54907391011,
				"z": 10584.727216551755
			},
			"rotation":
			{
				"pitch": -6.3998998420476587,
				"yaw": -66.302403194943381,
				"roll": 4.9607747388313579e-14
			},
			"bRandomRotation": false,
			"instanceId":
			{
				"guid": "6064632230510395400",
				"typeId": "5111011",
				"name": "None"
			}
		},
		"21":
		{
			"location":
			{
				"x": -805329.83467679925,
				"y": 521241.385731677,
				"z": 13641.704177185657
			},