{
	"populationInstancesMap":
	{
		"1":
		{
			"location":
			{
				"x": 3595.8066638596356,
				"y": 15226.429101560381,
				"z": 2711.0579162536415
			},
			"rotation":
			{
				"pitch": -0,
				"yaw": -50.980231661397447,
				"roll": 0
			},
			"bRandomRotation": false,
			"instanceId":
			{
				"guid": "6064631822576058388",
				"typeId": "5111011",
				"name": "None"
			}
		},
		"2":
		{
			"location":
			{
				"x": 3575.1558815967292,
				"y": 14792.060001569451,
				"z": 2679.55080578657
			},
			"rotation":
			{
				"pitch": -0,
				"yaw": -36.762745639267003,
				"roll": 0
			},
			"bRandomRotation": false,
			"instanceId":
			{
				"guid": "6064631822555742218",
				"typeId": "5111011",
				"name": "None"
			}
		},
		"3":
		{
			"location":
			{
				"x": 3677.8643202569801,
				"y": 14950.072292295867,
				"z": 2678.5823497066085
			},
			"rotation":
			{
				"pitch": -0,
				"yaw": -58.280133080543962,
				"roll": 0
			},
			"bRandomRotation": false,
			"instanceId":
			{
				"guid": "6064631822555742218",
				"typeId": "5111011",
				"name": "None"
			}
		},
		"4":
		{
			"location":
			{
				"x": 3850.1317653027363,
				"y": 15014.231111309608,
				"z": 2663.2521692388145
			},
			"rotation":
			{
				"pitch": -0,
				"yaw": -46.015048995234395,
				"roll": 0
			},
			"bRandomRotation": false,
			"instanceId":
			{
				"guid": "6064631822555742218",
				"typeId": "5111011",
				"name": "None"
			}
		},
		"5":
		{
			"location":
			{
				"x": 4009.0303849939955,
				"y": 15100.514553671353,
				"z": 2649.8955750608693
			},
			"rotation":
			{
				"pitch": -0,
				"yaw": -47.044936147156761,
				"roll": 0
			},
			"bRandomRotation": false,
			"instanceId":
			{
				"guid": "6064631822555742218",
				"typeId": "5111011",
				"name": "None"
			}
		},
		"6":
		{
			"location":
			{
				"x": -4270.4406766967149,
				"y": 16941.496264981455,
				"z": 2811.9720667949296
			},
			"rotation":
			{
				"pitch": -0,
				"yaw": -127.83939953294062,
				"roll": 0
			},
			"bRandomRotation": false,
			"instanceId":
			{
				"guid": "6064631822595784734",
				"typeId": "5111011",
				"name": "None"
			}
		},
		"7":
		{
			"location":
			{
				"x": -4160.3984749078518,
				"y": 16835.329704043805,
				"z": 2808.7364563582232
			},
			"rotation":
			{
				"pitch": -0,
				"yaw": -126.62557319988844,
				"roll": 0
			},
			"bRandomRotation": false,
			"instanceId":
			{
				"guid": "6064631822595784734",
				"typeId": "5111011",
				"name": "None"
			}
		},
		"8":
		{
			"location":
			{
				"x": -4036.3389009205857,
				"y": 16744.145840104669,
				"z": 2810.1521669678004
			},
			"rotation":
			{
				"pitch": -0,
				"yaw": -125.47603713762702,
				"roll": 0
			},
			"bRandomRotation": false,
			"instanceId":
			{
				"guid": "6064631822595784734",
				"typeId": "5111011",
				"name": "None"
			}
		},
		"9":
		{
			"location":
			{
				"x": -3909.1933476161212,
				"y": 16658.095698245452,
				"z": 2814.1570761966068
			},
			"rotation":
			{
				"pitch": -0,
				"yaw": -124.13495804458724,
				"roll": 0
			},
			"bRandomRotation": false,
			"instanceId":
			{
				"guid": "6064631822595784734",
				"typeId": "5111011",
				"name": "None"
			}
		},
		"10":
		{
			"location":
			{
				"x": -4379.4897170563927,
				"y": 16425.768997890758,
				"z": 2802.2813159403486
			},
			"rotation":
			{
				"pitch": 0,
				"yaw": 50.389756281153183,
				"roll": -0
			},
			"bRandomRotation": false,
			"instanceId":
			{
				"guid": "6064631822595784734",
				"typeId": "5111011",
				"name": "None"
			}
		},
		"11":
		{
			"location":
			{
				"x": -8358.9740510545671,
				"y": 20194.562736995053,
				"z": 2833.3649846030567
			},
			"rotation":
			{
				"pitch": 0,
				"yaw": 46.266591135825152,
				"roll": -0
			},
			"bRandomRotation": false,
			"instanceId":
			{
				"guid": "6064631822595784734",
				"typeId": "5111011",
				"name": "None"
			}
		},
		"12":
		{
			"location":
			{
				"x": -8235.831351774279,
				"y": 20082.843168987543,
				"z": 2825.9014157425045
			},
			"rotation":
			{
				"pitch": 0,
				"yaw": 44.557131717535135,
				"roll": -0
			},
			"bRandomRotation": false,
			"instanceId":
			{
				"guid": "6064631822595784734",
				"typeId": "5111011",
				"name": "None"
			}
		},
		"13":
		{
			"location":
			{
				"x": -8110.3710757918889,
				"y": 19935.061901369598,
				"z": 2818.3443289730567
			},
			"rotation":
			{
				"pitch": 0,
				"yaw": 44.183720130704366,
				"roll": -0
			},
			"bRandomRotation": false,
			"instanceId":
			{
				"guid": "6064631822595784734",
				"typeId": "5111011",
				"name": "None"
			}
		},
		"14":
		{
			"location":
			{
				"x": -7970.6290886712959,
				"y": 19781.783434330369,
				"z": 2811.2174256825274
			},
			"rotation":
			{
				"pitch": 0,
				"yaw": 44.008272283407521,
				"roll": -0
			},
			"bRandomRotation": false,
			"instanceId":
			{
				"guid": "6064631822595784734",
				"typeId": "5111011",
				"name": "None"
			}
		},
		"15":
		{
			"location":
			{
				"x": -7795.8079638010822,
				"y": 20403.497050792095,
				"z": 2811.2173674752266
			},
			"rotation":
			{
				"pitch": -0,
				"yaw": -135.88885074690799,
				"roll": 0
			},
			"bRandomRotation": false,
			"instanceId":
			{
				"guid": "6064631822595784734",
				"typeId": "5111011",
				"name": "None"
			}
		}
	},
	"filterOverrideId":
	{
		"guid": "0",
		"typeId": "5111003",
		"name": "None"
	},
	"populationAreaId":
	{
		"guid": "0",
		"typeId": "5171420",
		"name": "None"
	},
	"timedDespawnId":
	{
		"guid": "0",
		"typeId": "5882300",
		"name": "None"
	},
	"overrideActivationRange": 0,
	"gameplayTags":
	{
		"gameplayTags": [],
		"parentTags": []
	},
	"alignmentOverridesIds": [],
	"guid": "6064631822584905751",
	"name": "PopSet_Church_Of_Stars_Haunt05",
	"typeId": "5111005"
}