{
	"populationInstancesMap":
	{
		"1":
		{
			"location":
			{
				"x": 47953.848767944633,
				"y": 27225.980359055942,
				"z": 18343.479727547689
			},
			"rotation":
			{
				"pitch": 0,
				"yaw": 0,
				"roll": 0
			},
			"bRandomRotation": false,
			"instanceId":
			{
				"guid": "6064631963170766868",
				"typeId": "5111011",
				"name": "None"
			}
		},
		"2":
		{
			"location":
			{
				"x": 47997.11471996348,
				"y": 27737.873351886235,
				"z": 18343.479727547689
			},
			"rotation":
			{
				"pitch": 0,
				"yaw": 79.999999380291115,
				"roll": -0
			},
			"bRandomRotation": false,
			"instanceId":
			{
				"guid": "6064631963170766868",
				"typeId": "5111011",
				"name": "None"
			}
		},
		"3":
		{
			"location":
			{
				"x": 48477.749577548755,
				"y": 28119.2933451397,
				"z": 18343.479727547689
			},
			"rotation":
			{
				"pitch": 0,
				"yaw": 6.5547567373869252e-13,
				"roll": -0
			},
			"bRandomRotation": false,
			"instanceId":
			{
				"guid": "6064631963170766868",
				"typeId": "5111011",
				"name": "None"
			}
		},
		"4":
		{
			"location":
			{
				"x": 48637.118538327501,
				"y": 28692.813019786136,
				"z": 18343.479727547689
			},
			"rotation":
			{
				"pitch": 0,
				"yaw": 114.99999910916839,
				"roll": -0
			},
			"bRandomRotation": false,
			"instanceId":
			{
				"guid": "6064631963170766868",
				"typeId": "5111011",
				"name": "None"
			}
		},
		"5":
		{
			"location":
			{
				"x": 44876.88816958182,
				"y": 30722.716130672914,
				"z": 18343.479727547689
			},
			"rotation":
			{
				"pitch": 0,
				"yaw": 114.99999910916839,
				"roll": 0
			},
			"bRandomRotation": false,
			"instanceId":
			{
				"guid": "6064631963170766868",
				"typeId": "5111011",
				"name": "None"
			}
		},
		"6":
		{
			"location":
			{
				"x": 44231.129002986687,
				"y": 29766.283349735699,
				"z": 18343.479727547689
			},
			"rotation":
			{
				"pitch": 0,
				"yaw": 114.99999910916839,
				"roll": 0
			},
			"bRandomRotation": false,
			"instanceId":
			{
				"guid": "6064631963170766868",
				"typeId": "5111011",
				"name": "None"
			}
		},
		"7":
		{
			"location":
			{
				"x": 44700.095511159147,
				"y": 30137.328999454403,
				"z": 18343.479727547689
			},
			"rotation":
			{
				"pitch": -0,
				"yaw": -170.00000147180916,
				"roll": 0
			},
			"bRandomRotation": false,
			"instanceId":
			{
				"guid": "6064631963170766868",
				"typeId": "5111011",
				"name": "None"
			}
		},
		"8":
		{
			"location":
			{
				"x": 44169.925491454727,
				"y": 29250.890827457628,
				"z": 18343.479727547689
			},
			"rotation":
			{
				"pitch": 0,
				"yaw": -170.00000147180916,
				"roll": 0
			},
			"bRandomRotation": false,
			"instanceId":
			{
				"guid": "6064631963170766868",
				"typeId": "5111011",
				"name": "None"
			}
		},
		"9":
		{
			"location":
			{
				"x": 48475.345257800705,
				"y": 30121.524347734055,
				"z": 17899.665284367253
			},
			"rotation":
			{
				"pitch": 0,
				"yaw": -170.00000147180916,
				"roll": 0
			},
			"bRandomRotation": false,
			"instanceId":
			{
				"guid": "6064631963189772318",
				"typeId": "5111011",
				"name": "None"
			}
		},
		"10":
		{
			"location":
			{
				"x": 46293.52326673911,
				"y": 31467.65453506256,
				"z": 17899.665284367253
			},
			"rotation":
			{
				"pitch": -0,
				"yaw": -85.000002130250891,
				"roll": 0
			},
			"bRandomRotation": false,
			"instanceId":
			{
				"guid": "6064631963189772318",
				"typeId": "5111011",
				"name": "None"
			}
		},
		"11":
		{
			"location":
			{
				"x": 47666.859232986993,
				"y": 31802.255603073205,
				"z": 18058.534904858006
			},
			"rotation":
			{
				"pitch": 0,
				"yaw": 74.999996630330571,
				"roll": -0
			},
			"bRandomRotation": false,
			"instanceId":
			{
				"guid": "6064631963189772318",
				"typeId": "5111011",
				"name": "None"
			}
		},
		"12":
		{
			"location":
			{
				"x": 44588.399702206691,
				"y": 23204.382552909447,
				"z": 17118.212307963942
			},
			"rotation":
			{
				"pitch": 0,
				"yaw": 59.999999535219089,
				"roll": -0
			},
			"bRandomRotation": false,
			"instanceId":
			{
				"guid": "6064631963189772318",
				"typeId": "5111011",
				"name": "None"
			}
		},
		"13":
		{
			"location":
			{
				"x": 44830.596429694502,
				"y": 23064.550204477924,
				"z": 17118.212307963942
			},
			"rotation":
			{
				"pitch": 0,
				"yaw": 59.999999535219089,
				"roll": 0
			},
			"bRandomRotation": false,
			"instanceId":
			{
				"guid": "6064631963189772318",
				"typeId": "5111011",
				"name": "None"
			}
		},
		"14":
		{
			"location":
			{
				"x": 42270.879009543038,
				"y": 24542.403773737478,
				"z": 17118.212307963942
			},
			"rotation":
			{
				"pitch": 0,
				"yaw": 59.999999535219089,
				"roll": 0
			},
			"bRandomRotation": false,
			"instanceId":
			{
				"guid": "6064631963189772318",
				"typeId": "5111011",
				"name": "None"
			}
		},
		"15":
		{
			"location":
			{
				"x": 42030.733947287015,
				"y": 24681.051592672939,
				"z": 17118.212307963942
			},
			"rotation":
			{
				"pitch": 0,
				"yaw": 59.999999535219089,
				"roll": 0
			},
			"bRandomRotation": false,
			"instanceId":
			{
				"guid": "6064631963189772318",
				"typeId": "5111011",
				"name": "None"
			}
		},
		"16":
		{
			"location":
			{
				"x": 44232.685872135487,
				"y": 19110.708373884787,
				"z": 18375.70849636841
			},
			"rotation":
			{
				"pitch": 0,
				"yaw": 0,
				"roll": 0
			},
			"bRandomRotation": false,
			"instanceId":
			{
				"guid": "6064631963170766868",
				"typeId": "5111011",
				"name": "None"
			}
		},
		"17":
		{
			"location":
			{
				"x": 44334.868612109254,
				"y": 18258.341965929201,
				"z": 18038.39349631908
			},
			"rotation":
			{
				"pitch": -0,
				"yaw": -64.999999496486282,
				"roll": 0
			},
			"bRandomRotation": false,
			"instanceId":
			{
				"guid": "6064631963170766868",
				"typeId": "5111011",
				"name": "None"
			}
		},
		"18":
		{
			"location":
			{
				"x": 43327.407577338439,
				"y": 18878.97596893345,
				"z": 17994.485263191313
			},
			"rotation":
			{
				"pitch": -0,
				"yaw": -104.9999991866319,
				"roll": 0
			},
			"bRandomRotation": false,
			"instanceId":
			{
				"guid": "6064631963170766868",
				"typeId": "5111011",
				"name": "None"
			}
		},
		"19":
		{
			"location":
			{
				"x": 43939.768130357086,
				"y": 20099.489936006779,
				"z": 17998.943793996001
			},
			"rotation":
			{
				"pitch": 0,
				"yaw": 135.00000174293211,
				"roll": -0
			},
			"bRandomRotation": false,
			"instanceId":
			{
				"guid": "6064631963170766868",
				"typeId": "5111011",
				"name": "None"
			}
		},
		"20":
		{
			"location":
			{
				"x": 38888.979219438304,
				"y": 22167.522783999761,
				"z": 18375.708498014737
			},
			"rotation":
			{
				"pitch": 0,
				"yaw": 119.99999907043596,
				"roll": -0
			},
			"bRandomRotation": false,
			"instanceId":
			{
				"guid": "6064631963170766868",
				"typeId": "5111011",
				"name": "None"
			}
		},
		"21":
		{
			"location":
			{
				"x": 38065.230350081591,
				"y": 22044.990534465833,
				"z": 18079.749351243492
			},
			"rotation":
			{
				"pitch": -0,
				"yaw": -165.00000151054178,
				"roll": 0
			},
			"bRandomRotation": false,
			"instanceId":
			{
				"guid": "6064631963170766868",
				"typeId": "5111011",
				"name": "None"
			}
		},
		"22":
		{
			"location":
			{
				"x": 39135.003207617323,
				"y": 21314.197779974951,
				"z": 18008.464799598041
			},
			"rotation":
			{
				"pitch": -0,
				"yaw": -85.000002130251801,
				"roll": 0
			},
			"bRandomRotation": false,
			"instanceId":
			{
				"guid": "6064631963170766868",
				"typeId": "5111011",
				"name": "None"
			}
		},
		"23":
		{
			"location":
			{
				"x": 39853.768864079073,
				"y": 22428.434498593509,
				"z": 17958.819933357732
			},
			"rotation":
			{
				"pitch": -0,
				"yaw": -10.000002711229513,
				"roll": 0
			},
			"bRandomRotation": false,