{
	"populationInstancesMap":
	{
		"1":
		{
			"location":
			{
				"x": -734086.15871407569,
				"y": 497934.96493411984,
				"z": 21489.637410218351
			},
			"rotation":
			{
				"pitch": 0,
				"yaw": 0,
				"roll": 0
			},
			"bRandomRotation": false,
			"instanceId":
			{
				"guid": "6064630949534498817",
				"typeId": "5111011",
				"name": "None"
			}
		},
		"2":
		{
			"location":
			{
				"x": -733805.17399667914,
				"y": 498009.66381697933,
				"z": 21532.44943120658
			},
			"rotation":
			{
				"pitch": -0,
				"yaw": -158.48217598045707,
				"roll": 0
			},
			"bRandomRotation": false,
			"instanceId":
			{
				"guid": "6064630949546819586",
				"typeId": "5111011",
				"name": "None"
			}
		},
		"3":
		{
			"location":
			{
				"x": -733855.9496050186,
				"y": 497790.32376761961,
				"z": 21534.33533882281
			},
			"rotation":
			{
				"pitch": 0,
				"yaw": 128.72292737023594,
				"roll": -0
			},
			"bRandomRotation": false,
			"instanceId":
			{
				"guid": "6064630949546819586",
				"typeId": "5111011",
				"name": "None"
			}
		},
		"4":
		{
			"location":
			{
				"x": -733370.81141610758,
				"y": 494485.90498555242,
				"z": 21499.079571741284
			},
			"rotation":
			{
				"pitch": -0,
				"yaw": -86.175447946143322,
				"roll": 0
			},
			"bRandomRotation": false,
			"instanceId":
			{
				"guid": "6064630949546819586",
				"typeId": "5111011",
				"name": "None"
			}
		},
		"5":
		{
			"location":
			{
				"x": -733161.02356639015,
				"y": 494552.15585298481,
				"z": 21505.825044105884
			},
			"rotation":
			{
				"pitch": -0,
				"yaw": -79.070422395174248,
				"roll": 0
			},
			"bRandomRotation": false,
			"instanceId":
			{
				"guid": "6064630949534498817",
				"typeId": "5111011",
				"name": "None"
			}
		},
		"6":
		{
			"location":
			{
				"x": -733786.21846949775,
				"y": 496455.9398673136,
				"z": 21631.75097006137
			},
			"rotation":
			{
				"pitch": 0,
				"yaw": 0,
				"roll": 0
			},
			"bRandomRotation": false,
			"instanceId":
			{
				"guid": "6064630949534498817",
				"typeId": "5111011",
				"name": "None"
			}
		},
		"7":
		{
			"location":
			{
				"x": -733576.55455515767,
				"y": 496371.94138976344,
				"z": 21634.932499783583
			},
			"rotation":
			{
				"pitch": 0,
				"yaw": 156.15559557573943,
				"roll": -0
			},
			"bRandomRotation": false,
			"instanceId":
			{
				"guid": "6064630949565825031",
				"typeId": "5111011",
				"name": "None"
			}
		},
		"8":
		{
			"location":
			{
				"x": -733603.75956418517,
				"y": 496582.66403564904,
				"z": 21647.870902532195
			},
			"rotation":
			{
				"pitch": -0,
				"yaw": -152.05030518499598,
				"roll": 0
			},
			"bRandomRotation": false,
			"instanceId":
			{
				"guid": "6064630949565825031",
				"typeId": "5111011",
				"name": "None"
			}
		},
		"9":
		{
			"location":
			{
				"x": -733331.94954351685,
				"y": 503001.78773939773,
				"z": 23010.029726816654
			},
			"rotation":
			{
				"pitch": 0,
				"yaw": 175.75182994227626,
				"roll": -0
			},
			"bRandomRotation": false,
			"instanceId":
			{
				"guid": "6064630949534498817",
				"typeId": "5111011",
				"name": "None"
			}
		},
		"10":
		{
			"location":
			{
				"x": -731314.1389759708,
				"y": 499442.78229838831,
				"z": 21907.261814748206
			},
			"rotation":
			{
				"pitch": -0,
				"yaw": -121.30624393812843,
				"roll": 0
			},
			"bRandomRotation": false,
			"instanceId":
			{
				"guid": "6064630949534498817",
				"typeId": "5111011",
				"name": "None"
			}
		},
		"11":
		{
			"location":
			{
				"x": -731530.07305689331,
				"y": 499294.36725957197,
				"z": 21861.303239591402
			},
			"rotation":
			{
				"pitch": 0,
				"yaw": 0,
				"roll": 0
			},
			"bRandomRotation": false,
			"instanceId":
			{
				"guid": "6064630949546819586",
				"typeId": "5111011",
				"name": "None"
			}
		},
		"12":
		{
			"location":
			{
				"x": -729145.98470081773,
				"y": 502072.19675275561,
				"z": 22499.513407225237
			},
			"rotation":
			{
				"pitch": -0,
				"yaw": -110.96932201584777,
				"roll": 0
			},
			"bRandomRotation": false,
			"instanceId":
			{
				"guid": "6064630949546819586",
				"typeId": "5111011",
				"name": "None"
			}
		},
		"13":
		{
			"location":
			{
				"x": -729371.18536087312,
				"y": 502004.35878158268,
				"z": 22471.847873456252
			},
			"rotation":
			{
				"pitch": 0,
				"yaw": 0,
				"roll": 0
			},
			"bRandomRotation": false,
			"instanceId":
			{
				"guid": "6064630949534498817",
				"typeId": "5111011",
				"name": "None"
			}
		},
		"14":
		{
			"location":
			{
				"x": -730782.78309158143,
				"y": 502150.02832400333,
				"z": 22626.783541700759
			},
			"rotation":
			{
				"pitch": 0,
				"yaw": 0,
				"roll": 0
			},
			"bRandomRotation": false,
			"instanceId":
			{
				"guid": "6064630949635358734",
				"typeId": "5111011",
				"name": "None"
			}
		},
		"15":
		{
			"location":
			{
				"x": -728562.06349271128,
				"y": 499062.74642247206,
				"z": 21630.529876097757
			},
			"rotation":
			{
				"pitch": -0,
				"yaw": -45.167924828357741,
				"roll": 0
			},
			"bRandomRotation": false,
			"instanceId":
			{
				"guid": "6064630949637062671",
				"typeId": "5111011",
				"name": "None"
			}
		},
		"16":
		{
			"location":
			{
				"x": -726739.62315423309,
				"y": 499924.47093624249,
				"z": 22035.985376814602
			},
			"rotation":
			{
				"pitch": -0,
				"yaw": -87.42422091677669,
				"roll": 0
			},
			"bRandomRotation": false,
			"instanceId":
			{
				"guid": "6064630949637062671",
				"typeId": "5111011",
				"name": "None"
			}
		},
		"17":
		{
			"location":
			{
				"x": -727735.98185090709,
				"y": 496558.20917687594,
				"z": 21134.187980805367
			},
			"rotation":
			{
				"pitch": 0,
				"yaw": 33.3259014252274,
				"roll": -0
			},
			"bRandomRotation": false,
			"instanceId":
			{
				"guid": "6064630949637062671",
				"typeId": "5111011",
				"name": "None"
			}
		},
		"18":
		{
			"location":
			{
				"x": -728069.72295625799,
				"y": 502118.44045667764,
				"z": 22634.566115887432
			},
			"rotation":
			{
				"pitch": 0,
				"yaw": 0,
				"roll": 0
			},
			"bRandomRotation": false,
			"instanceId":
			{
				"guid": "6064630949637062671",
				"typeId": "5111011",
				"name": "None"
			}
		},
		"19":
		{
			"location":
			{
				"x": -733887.070937115,
				"y": 499791.21797746915,
				"z": 21442.928988785461
			},
			"rotation":
			{
				"pitch": 0,
				"yaw": 0,
				"roll": 0
			},
			"bRandomRotation": false,
			"instanceId":
			{
				"guid": "6064630949637062671",
				"typeId": "5111011",
				"name": "None"
			}
		},
		"20":
		{
			"location":
			{
				"x": -735349.99429989886,
				"y": 500365.88833723427,
				"z": 21017.904778922533
			},
			"rotation":
			{
				"pitch": 0,
				"yaw": 131.41033251178951,
				"roll": -0
			},
			"bRandomRotation": false,
			"instanceId":
			{
				"guid": "6064630949637062671",
				"typeId": "5111011",
				"name": "None"
			}
		},
		"21":
		{
			"location":
			{
				"x": -738491.53447422979,
				"y": 501656.97594923497,
				"z": 19802.529087890936
			},
			"rotation":
			{
				"pitch": 0,
				"yaw": 0,
				"roll": 0
			},
			"bRandomRotation": false,
			"instanceId":
			{
				"guid": "6064630949637062671",
				"typeId": "5111011",
				"name": "None"
			}
		},
		"22":
		{
			"location":
			{
				"x": -726310.38948729588,
				"y": 497843.91742090165,
				"z": 21099.103795600993
			},
			"rotation":
			{
				"pitch": 0,
				"yaw": 0,
				"roll": 0
			},
			"bRandomRotation": false,
			"instanceId":
			{
				"guid": "6064630949679792150",
				"typeId": "5111011",
				"name": "None"
			}
		},
		"23":
		{
			"location":
			{
				"x": -736225.92511401139,
				"y": 501442.6527371165,
				"z": 20516.363549441343
			},
			"rotation":
			{
				"pitch": 0,
				"yaw": 0,
				"roll": 0
			},
			"bRandomRotation": false,
			"instanceId":
			{
				"guid": "6064630949679792150",
				"typeId": "5111011",
				"name": "None"
			}
		}
	},
	"filterOverrideId":
	{
		"guid": "0",