{
	"populationInstancesMap":
	{
		"1":
		{
			"location":
			{
				"x": 23048.021146073123,
				"y": 883.90164764576502,
				"z": 195.99999188554386
			},
			"rotation":
			{
				"pitch": 0,
				"yaw": 0,
				"roll": 0
			},
			"bRandomRotation": false,
			"instanceId":
			{
				"guid": "6064630650576961556",
				"typeId": "5111011",
				"name": "None"
			}
		},
		"2":
		{
			"location":
			{
				"x": 23054.623574643196,
				"y": 509.48090148315839,
				"z": 196.00000796687044
			},
			"rotation":
			{
				"pitch": 0,
				"yaw": 0,
				"roll": 0
			},
			"bRandomRotation": false,
			"instanceId":
			{
				"guid": "6064630650579779605",
				"typeId": "5111011",
				"name": "None"
			}
		},
		"3":
		{
			"location":
			{
				"x": 23107.302117367606,
				"y": 143.4273659477027,
				"z": 196.00010184243934
			},
			"rotation":
			{
				"pitch": 0,
				"yaw": 0,
				"roll": 0
			},
			"bRandomRotation": false,
			"instanceId":
			{
				"guid": "6064630650581221398",
				"typeId": "5111011",
				"name": "None"
			}
		},
		"4":
		{
			"location":
			{
				"x": 23040.791196541191,
				"y": 1402.6159643214537,
				"z": 196.00008581679015
			},
			"rotation":
			{
				"pitch": 0,
				"yaw": 0,
				"roll": 0
			},
			"bRandomRotation": false,
			"instanceId":
			{
				"guid": "6064630650582401047",
				"typeId": "5111011",
				"name": "None"
			}
		},
		"5":
		{
			"location":
			{
				"x": 23072.202578107859,
				"y": -270.07893126096451,
				"z": 196.00007872593687
			},
			"rotation":
			{
				"pitch": 0,
				"yaw": 0,
				"roll": 0
			},
			"bRandomRotation": false,
			"instanceId":
			{
				"guid": "6064630650583449624",
				"typeId": "5111011",
				"name": "None"
			}
		},
		"6":
		{
			"location":
			{
				"x": 23062.676413812977,
				"y": -669.88125246885443,
				"z": 196.00004870630585
			},
			"rotation":
			{
				"pitch": 0,
				"yaw": 0,
				"roll": 0
			},
			"bRandomRotation": false,
			"instanceId":
			{
				"guid": "6064630650584367129",
				"typeId": "5111011",
				"name": "None"
			}
		},
		"7":
		{
			"location":
			{
				"x": 23042.336332879833,
				"y": -1062.9138349088939,
				"z": 196.00005458794055
			},
			"rotation":
			{
				"pitch": 0,
				"yaw": 0,
				"roll": 0
			},
			"bRandomRotation": false,
			"instanceId":
			{
				"guid": "6064630650585219098",
				"typeId": "5111011",
				"name": "None"
			}
		},
		"8":
		{
			"location":
			{
				"x": 23039.290317115465,
				"y": -1465.6544196217044,
				"z": 196.00012291357223
			},
			"rotation":
			{
				"pitch": 0,
				"yaw": 0,
				"roll": 0
			},
			"bRandomRotation": false,
			"instanceId":
			{
				"guid": "6064630650589216795",
				"typeId": "5111011",
				"name": "None"
			}
		},
		"9":
		{
			"location":
			{
				"x": 23809.593105288655,
				"y": 907.76956605950852,
				"z": 196.00005110299776
			},
			"rotation":
			{
				"pitch": -0,
				"yaw": -179.99999860565379,
				"roll": 0
			},
			"bRandomRotation": false,
			"instanceId":
			{
				"guid": "6064630654914265089",
				"typeId": "5111011",
				"name": "None"
			}
		},
		"10":
		{
			"location":
			{
				"x": 23809.593105896245,
				"y": 1397.8072005879581,
				"z": 196.00005154349037
			},
			"rotation":
			{
				"pitch": -0,
				"yaw": -179.99999860565379,
				"roll": 0
			},
			"bRandomRotation": false,
			"instanceId":
			{
				"guid": "6064630654937989122",
				"typeId": "5111011",
				"name": "None"
			}
		},
		"11":
		{
			"location":
			{
				"x": 23810.766798618635,
				"y": 509.48088162251895,
				"z": 196.00000796687044
			},
			"rotation":
			{
				"pitch": -0,
				"yaw": -179.99999860565379,
				"roll": 0
			},
			"bRandomRotation": false,
			"instanceId":
			{
				"guid": "6064630654946050051",
				"typeId": "5111011",
				"name": "None"
			}
		},
		"12":
		{
			"location":
			{
				"x": 23797.055526754521,
				"y": 143.42737245412781,
				"z": 196.0000945464933
			},
			"rotation":
			{
				"pitch": 0,
				"yaw": 179.99999860565401,
				"roll": -0
			},
			"bRandomRotation": false,
			"instanceId":
			{
				"guid": "6064630654955290628",
				"typeId": "5111011",
				"name": "None"
			}
		},
		"13":
		{
			"location":
			{
				"x": 23800.606535261821,
				"y": -270.07893004508469,
				"z": 196.00007872593687
			},
			"rotation":
			{
				"pitch": -0,
				"yaw": -179.99999860565379,
				"roll": 0
			},
			"bRandomRotation": false,
			"instanceId":
			{
				"guid": "6064630654959091717",
				"typeId": "5111011",
				"name": "None"
			}
		},
		"14":
		{
			"location":
			{
				"x": 23799.71195444281,
				"y": -669.88124764764439,
				"z": 196.00004870630585
			},
			"rotation":
			{
				"pitch": -0,
				"yaw": -179.99999860565379,
				"roll": 0
			},
			"bRandomRotation": false,
			"instanceId":
			{
				"guid": "6064630654962106374",
				"typeId": "5111011",
				"name": "None"
			}
		},
		"15":
		{
			"location":
			{
				"x": 23788.764268070299,
				"y": -1062.9138345114523,
				"z": 196.00004135149391
			},
			"rotation":
			{
				"pitch": 0,
				"yaw": 179.99999860565401,
				"roll": -0
			},
			"bRandomRotation": false,
			"instanceId":
			{
				"guid": "6064630654965186567",
				"typeId": "5111011",
				"name": "None"
			}
		},
		"16":
		{
			"location":
			{
				"x": 23785.990455601677,
				"y": -1465.6544191194,
				"z": 196.00013873766852
			},
			"rotation":
			{
				"pitch": 0,
				"yaw": 179.99999860565401,
				"roll": -0
			},
			"bRandomRotation": false,
			"instanceId":
			{
				"guid": "6064630654968332296",
				"typeId": "5111011",
				"name": "None"
			}
		}
	},
	"filterOverrideId":
	{
		"guid": "0",
		"typeId": "5111003",
		"name": "None"
	},
	"populationAreaId":
	{
		"guid": "0",
		"typeId": "5171420",
		"name": "None"
	},
	"timedDespawnId":
	{
		"guid": "0",
		"typeId": "5882300",
		"name": "None"
	},
	"overrideActivationRange": 0,
	"gameplayTags":
	{
		"gameplayTags": [],
		"parentTags": []
	},
	"alignmentOverridesIds": [],
	"guid": "6064630650563526674",
	"name": "Profession_NPCs_ArtisanTestLevel",
	"typeId": "5111005"
}