{
	"populationInstancesMap":
	{
		"1":
		{
			"location":
			{
				"x": -1769.2334768939763,
				"y": 3072.4266137011,
				"z": -77602.119775846921
			},
			"rotation":
			{
				"pitch": 0,
				"yaw": 0,
				"roll": -0
			},
			"bRandomRotation": false,
			"instanceId":
			{
				"guid": "6064633306711654447",
				"typeId": "5111011",
				"name": "None"
			}
		},
		"2":
		{
			"location":
			{
				"x": -2949.5170132766943,
				"y": 2352.3524030955159,
				"z": -77614.782287541952
			},
			"rotation":
			{
				"pitch": 0,
				"yaw": -64.999999496486041,
				"roll": 0
			},
			"bRandomRotation": false,
			"instanceId":
			{
				"guid": "6064633306729873465",
				"typeId": "5111011",
				"name": "None"
			}
		},
		"3":
		{
			"location":
			{
				"x": -3494.5170132766943,
				"y": 2297.3524030955159,
				"z": -77614.782272283162
			},
			"rotation":
			{
				"pitch": 0,
				"yaw": 0,
				"roll": -0
			},
			"bRandomRotation": false,
			"instanceId":
			{
				"guid": "6064633306794623049",
				"typeId": "5111011",
				"name": "None"
			}
		},
		"4":
		{
			"location":
			{
				"x": -404.51701327669434,
				"y": 2342.3524030955159,
				"z": -77614.782287541952
			},
			"rotation":
			{
				"pitch": 0,
				"yaw": -154.99999879931349,
				"roll": 0
			},
			"bRandomRotation": false,
			"instanceId":
			{
				"guid": "6064633306783809605",
				"typeId": "5111011",
				"name": "None"
			}
		},
		"5":
		{
			"location":
			{
				"x": -449.23347689397633,
				"y": 2152.4266137011,
				"z": -77602.119775846921
			},
			"rotation":
			{
				"pitch": 0,
				"yaw": -104.99999918663174,
				"roll": 0
			},
			"bRandomRotation": false,
			"instanceId":
			{
				"guid": "6064633306784989254",
				"typeId": "5111011",
				"name": "None"
			}
		},
		"6":
		{
			"location":
			{
				"x": -2054.2334768939763,
				"y": 3037.4266137011,
				"z": -77602.119775846921
			},
			"rotation":
			{
				"pitch": 0,
				"yaw": 0,
				"roll": -0
			},
			"bRandomRotation": false,
			"instanceId":
			{
				"guid": "6064633306787741767",
				"typeId": "5111011",
				"name": "None"
			}
		},
		"7":
		{
			"location":
			{
				"x": -1304.5170132766943,
				"y": 2587.3524030955159,
				"z": -77602.119772991166
			},
			"rotation":
			{
				"pitch": 0,
				"yaw": -64.999999496486154,
				"roll": 0
			},
			"bRandomRotation": false,
			"instanceId":
			{
				"guid": "6064633306794623049",
				"typeId": "5111011",
				"name": "None"
			}
		},
		"8":
		{
			"location":
			{
				"x": -2324.5170132766943,
				"y": 1007.3524030955159,
				"z": -77614.782287541952
			},
			"rotation":
			{
				"pitch": 0,
				"yaw": 74.999999419022686,
				"roll": 0
			},
			"bRandomRotation": false,
			"instanceId":
			{
				"guid": "6064633306729873465",
				"typeId": "5111011",
				"name": "None"
			}
		},
		"9":
		{
			"location":
			{
				"x": -2289.2334768939763,
				"y": 1127.4266137011,
				"z": -77614.782288761955
			},
			"rotation":
			{
				"pitch": 0,
				"yaw": -99.999999225363666,
				"roll": 0
			},
			"bRandomRotation": false,
			"instanceId":
			{
				"guid": "6064633306784989254",
				"typeId": "5111011",
				"name": "None"
			}
		},
		"10":
		{
			"location":
			{
				"x": -2539.5170132766943,
				"y": 1317.3524030955159,
				"z": -77614.782287541952
			},
			"rotation":
			{
				"pitch": 0,
				"yaw": 74.999999419022672,
				"roll": 0
			},
			"bRandomRotation": false,
			"instanceId":
			{
				"guid": "6064633306783809605",
				"typeId": "5111011",
				"name": "None"
			}
		}
	},
	"filterOverrideId":
	{
		"guid": "0",
		"typeId": "5111003",
		"name": "None"
	},
	"populationAreaId":
	{
		"guid": "0",
		"typeId": "5171420",
		"name": "None"
	},
	"timedDespawnId":
	{
		"guid": "0",
		"typeId": "5882300",
		"name": "None"
	},
	"overrideActivationRange": 0,
	"gameplayTags":
	{
		"gameplayTags": [
			{
				"tagName": "Quest.Commission.TUR.SubalfireLighthouse.Dreadtide"
			}
		],
		"parentTags": [
			{
				"tagName": "Quest.Commission.TUR.SubalfireLighthouse"
			},
			{
				"tagName": "Quest.Commission.TUR"
			},
			{
				"tagName": "Quest.Commission"
			},
			{
				"tagName": "Quest"
			}
		]
	},
	"alignmentOverridesIds": [],
	"guid": "6064633306711654446",
	"name": "PopSet_TUR_Pocket_Dungeons_Subalfire_Lighthouse_Dreadtide_Goblins_Floor_1",
	"typeId": "5111005"
}