{
	"populationInstancesMap":
	{
		"1":
		{
			"location":
			{
				"x": 7559.469094717293,
				"y": -3543.5879017888219,
				"z": 1686.3734089638056
			},
			"rotation":
			{
				"pitch": 0,
				"yaw": 0,
				"roll": -0
			},
			"bRandomRotation": false,
			"instanceId":
			{
				"guid": "6064630270761765557",
				"typeId": "5111011",
				"name": "None"
			}
		},
		"2":
		{
			"location":
			{
				"x": 9658.264775890857,
				"y": -3064.5465567295323,
				"z": 2218.6016200207996
			},
			"rotation":
			{
				"pitch": 0,
				"yaw": 79.999999380290618,
				"roll": -0
			},
			"bRandomRotation": false,
			"instanceId":
			{
				"guid": "6064630270761765557",
				"typeId": "5111011",
				"name": "None"
			}
		},
		"3":
		{
			"location":
			{
				"x": 8500.2796488950262,
				"y": -2107.8565985423338,
				"z": 1681.9126727482872
			},
			"rotation":
			{
				"pitch": 0,
				"yaw": 139.99999891550851,
				"roll": -0
			},
			"bRandomRotation": false,
			"instanceId":
			{
				"guid": "6064630270761765557",
				"typeId": "5111011",
				"name": "None"
			}
		},
		"4":
		{
			"location":
			{
				"x": 7047.5710746981204,
				"y": -2230.066849752795,
				"z": 1741.6172840266336
			},
			"rotation":
			{
				"pitch": 0,
				"yaw": 69.999999457754271,
				"roll": -0
			},
			"bRandomRotation": false,
			"instanceId":
			{
				"guid": "6064630270761765557",
				"typeId": "5111011",
				"name": "None"
			}
		},
		"5":
		{
			"location":
			{
				"x": 7429.4275902993977,
				"y": -3731.4405525382317,
				"z": 1694.2844326152735
			},
			"rotation":
			{
				"pitch": 0,
				"yaw": 0,
				"roll": -0
			},
			"bRandomRotation": false,
			"instanceId":
			{
				"guid": "6064630270761764811",
				"typeId": "5111011",
				"name": "None"
			}
		},
		"6":
		{
			"location":
			{
				"x": 6273.3738786595641,
				"y": -1637.4220515000052,
				"z": 1692.9520502329869
			},
			"rotation":
			{
				"pitch": 0,
				"yaw": 129.99999899297228,
				"roll": -0
			},
			"bRandomRotation": false,
			"instanceId":
			{
				"guid": "6064630270761764811",
				"typeId": "5111011",
				"name": "None"
			}
		},
		"7":
		{
			"location":
			{
				"x": 8202.0909501670394,
				"y": -3199.3143500429578,
				"z": 1732.9008311804537
			},
			"rotation":
			{
				"pitch": -0,
				"yaw": -150.00000162673703,
				"roll": 0
			},
			"bRandomRotation": false,
			"instanceId":
			{
				"guid": "6064630270761763556",
				"typeId": "5111011",
				"name": "None"
			}
		},
		"8":
		{
			"location":
			{
				"x": 8258.0557978638681,
				"y": -3175.2245233262365,
				"z": 1735.2690698013539
			},
			"rotation":
			{
				"pitch": 0,
				"yaw": 0,
				"roll": -0
			},
			"bRandomRotation": false,
			"instanceId":
			{
				"guid": "6064630270761764813",
				"typeId": "5111011",
				"name": "None"
			}
		}
	},
	"filterOverrideId":
	{
		"guid": "0",
		"typeId": "5111003",
		"name": "None"
	},
	"populationAreaId":
	{
		"guid": "0",
		"typeId": "5171420",
		"name": "None"
	},
	"timedDespawnId":
	{
		"guid": "0",
		"typeId": "5882300",
		"name": "None"
	},
	"overrideActivationRange": 0,
	"gameplayTags":
	{
		"gameplayTags": [],
		"parentTags": []
	},
	"alignmentOverridesIds": [],
	"guid": "6064630270761774908",
	"name": "MASS_0002_CCC_Phase01_Cemetery_IdolOfOzok",
	"typeId": "5111005"
}