{
	"populationInstancesMap":
	{
		"2":
		{
			"location":
			{
				"x": -246.72003559593577,
				"y": 954.17703920893837,
				"z": -8.94611167725634
			},
			"rotation":
			{
				"pitch": 0,
				"yaw": -169.99999868311758,
				"roll": 0
			},
			"bRandomRotation": false,
			"instanceId":
			{
				"guid": "6064633623957995567",
				"typeId": "5111011",
				"name": "None"
			}
		},
		"3":
		{
			"location":
			{
				"x": 163.27996440406423,
				"y": 694.17703920893837,
				"z": 19.043246135241134
			},
			"rotation":
			{
				"pitch": 0,
				"yaw": -169.99999868311758,
				"roll": 0
			},
			"bRandomRotation": false,
			"instanceId":
			{
				"guid": "6064633623957995567",
				"typeId": "5111011",
				"name": "None"
			}
		},
		"4":
		{
			"location":
			{
				"x": -1166.7200355959358,
				"y": -175.82296079106163,
				"z": -42.088786530779544
			},
			"rotation":
			{
				"pitch": 0,
				"yaw": 100.00000201405568,
				"roll": 0
			},
			"bRandomRotation": false,
			"instanceId":
			{
				"guid": "6064633623957995567",
				"typeId": "5111011",
				"name": "None"
			}
		},
		"5":
		{
			"location":
			{
				"x": -1046.7200355959358,
				"y": -575.82296079106163,
				"z": -31.600069587422695
			},
			"rotation":
			{
				"pitch": 0,
				"yaw": 70.000002246446599,
				"roll": 0
			},
			"bRandomRotation": false,
			"instanceId":
			{
				"guid": "6064633623957995567",
				"typeId": "5111011",
				"name": "None"
			}
		},
		"6":
		{
			"location":
			{
				"x": -396.72003559593577,
				"y": -555.82296079106163,
				"z": 2.7706884692179301
			},
			"rotation":
			{
				"pitch": 0,
				"yaw": 100.00000201405571,
				"roll": 0
			},
			"bRandomRotation": false,
			"instanceId":
			{
				"guid": "6064633623957995567",
				"typeId": "5111011",
				"name": "None"
			}
		},
		"1":
		{
			"location":
			{
				"x": -336.72003559593577,
				"y": 424.17703920893837,
				"z": -39.81140381593832
			},
			"rotation":
			{
				"pitch": 0,
				"yaw": -119.99999907043558,
				"roll": 0
			},
			"bRandomRotation": false,
			"instanceId":
			{
				"guid": "6064633623957995567",
				"typeId": "5111011",
				"name": "None"
			}
		},
		"7":
		{
			"location":
			{
				"x": 160.81955820170697,
				"y": -667.113891067449,
				"z": 38.184517692801819
			},
			"rotation":
			{
				"pitch": 0,
				"yaw": 119.99999907043605,
				"roll": 0
			},
			"bRandomRotation": false,
			"instanceId":
			{
				"guid": "6064633623968415792",
				"typeId": "5111011",
				"name": "None"
			}
		},
		"8":
		{
			"location":
			{
				"x": -969.18044179829303,
				"y": 2122.886108932551,
				"z": 130.47807472404929
			},
			"rotation":
			{
				"pitch": 0,
				"yaw": -119.99999907043593,
				"roll": 0
			},
			"bRandomRotation": false,
			"instanceId":
			{
				"guid": "6064633623968415792",
				"typeId": "5111011",
				"name": "None"
			}
		},
		"9":
		{
			"location":
			{
				"x": -409.18044179829303,
				"y": 1362.886108932551,
				"z": 20.297022380296767
			},
			"rotation":
			{
				"pitch": 0,
				"yaw": -119.99999907043596,
				"roll": 0
			},
			"bRandomRotation": false,
			"instanceId":
			{
				"guid": "6064633623968415792",
				"typeId": "5111011",
				"name": "None"
			}
		},
		"10":
		{
			"location":
			{
				"x": 600.81955820170697,
				"y": 462.886108932551,
				"z": 49.38565223869773
			},
			"rotation":
			{
				"pitch": 0,
				"yaw": -100.00000201405535,
				"roll": 0
			},
			"bRandomRotation": false,
			"instanceId":
			{
				"guid": "6064633623968415792",
				"typeId": "5111011",
				"name": "None"
			}
		},
		"11":
		{
			"location":
			{
				"x": -1137.9743526850361,
				"y": -1152.5370767500717,
				"z": -31.069266632162908
			},
			"rotation":
			{
				"pitch": 0,
				"yaw": 19.999999845072672,
				"roll": 0
			},
			"bRandomRotation": false,
			"instanceId":
			{
				"guid": "6064633623975559217",
				"typeId": "5111011",
				"name": "None"
			}
		},
		"12":
		{
			"location":
			{
				"x": 312.02564731496386,
				"y": 1097.4629232499283,
				"z": 57.203233270178316
			},
			"rotation":
			{
				"pitch": 0,
				"yaw": -159.99999876058149,
				"roll": 0
			},
			"bRandomRotation": false,
			"instanceId":
			{
				"guid": "6064633623975559217",
				"typeId": "5111011",
				"name": "None"
			}
		}
	},
	"filterOverrideId":
	{
		"guid": "0",
		"typeId": "5111003",
		"name": "None"
	},
	"populationAreaId":
	{
		"guid": "0",
		"typeId": "5171420",
		"name": "None"
	},
	"timedDespawnId":
	{
		"guid": "0",
		"typeId": "5882300",
		"name": "None"
	},
	"overrideActivationRange": 0,
	"gameplayTags":
	{
		"gameplayTags": [],
		"parentTags": []
	},
	"alignmentOverridesIds": [],
	"guid": "6064633623946592300",
	"name": "EVT_RVR_0003_ZephyrWind_Wave1_PopulationSet",
	"typeId": "5111005"
}