{
	"populationInstancesMap":
	{
		"1":
		{
			"location":
			{
				"x": 3290.9449361651205,
				"y": -131.7335487321252,
				"z": 1850.4127718818745
			},
			"rotation":
			{
				"pitch": 0,
				"yaw": -79.999999380290532,
				"roll": 0
			},
			"bRandomRotation": false,
			"instanceId":
			{
				"guid": "6064632263391772706",
				"typeId": "5111011",
				"name": "None"
			}
		},
		"2":
		{
			"location":
			{
				"x": 4501.8696562122786,
				"y": 1493.3356724434998,
				"z": 89.545005861378741
			},
			"rotation":
			{
				"pitch": 0,
				"yaw": 99.999999225363425,
				"roll": 0
			},
			"bRandomRotation": false,
			"instanceId":
			{
				"guid": "6064632263407435811",
				"typeId": "5111011",
				"name": "None"
			}
		},
		"3":
		{
			"location":
			{
				"x": 5203.4167089296971,
				"y": -873.37575518724043,
				"z": 950.41278884683379
			},
			"rotation":
			{
				"pitch": 0,
				"yaw": -169.99999868311792,
				"roll": 0
			},
			"bRandomRotation": false,
			"instanceId":
			{
				"guid": "6064632263410581540",
				"typeId": "5111011",
				"name": "None"
			}
		},
		"4":
		{
			"location":
			{
				"x": 4004.8251399289584,
				"y": -647.58140114776324,
				"z": 81.131441908075431
			},
			"rotation":
			{
				"pitch": 0,
				"yaw": -169.99999868311792,
				"roll": 0
			},
			"bRandomRotation": false,
			"instanceId":
			{
				"guid": "6064632269148457192",
				"typeId": "5111011",
				"name": "None"
			}
		},
		"5":
		{
			"location":
			{
				"x": 3960.4059179296019,
				"y": 1419.1191671983106,
				"z": 123.453320422861
			},
			"rotation":
			{
				"pitch": 0,
				"yaw": 129.99999899297239,
				"roll": 0
			},
			"bRandomRotation": false,
			"instanceId":
			{
				"guid": "6064632467319750656",
				"typeId": "5111011",
				"name": "None"
			}
		},
		"6":
		{
			"location":
			{
				"x": 2996.8544571419479,
				"y": -571.21220381837338,
				"z": 950.4127625637957
			},
			"rotation":
			{
				"pitch": 0,
				"yaw": 0,
				"roll": -0
			},
			"bRandomRotation": false,
			"instanceId":
			{
				"guid": "6064632467322372097",
				"typeId": "5111011",
				"name": "None"
			}
		},
		"7":
		{
			"location":
			{
				"x": 2592.6384376726346,
				"y": -790.39072066510562,
				"z": 1850.412715461438
			},
			"rotation":
			{
				"pitch": 0,
				"yaw": -170.00000147180944,
				"roll": 0
			},
			"bRandomRotation": false,
			"instanceId":
			{
				"guid": "6064632467325386754",
				"typeId": "5111011",
				"name": "None"
			}
		},
		"8":
		{
			"location":
			{
				"x": 2726.0844073686749,
				"y": -1622.478688228759,
				"z": 1850.4127380195114
			},
			"rotation":
			{
				"pitch": 0,
				"yaw": 9.9999999225363254,
				"roll": 0
			},
			"bRandomRotation": false,
			"instanceId":
			{
				"guid": "6064632467327418371",
				"typeId": "5111011",
				"name": "None"
			}
		}
	},
	"filterOverrideId":
	{
		"guid": "0",
		"typeId": "5111003",
		"name": "None"
	},
	"populationAreaId":
	{
		"guid": "0",
		"typeId": "5171420",
		"name": "None"
	},
	"timedDespawnId":
	{
		"guid": "0",
		"typeId": "5882300",
		"name": "None"
	},
	"overrideActivationRange": 0,
	"gameplayTags":
	{
		"gameplayTags": [],
		"parentTags": []
	},
	"alignmentOverridesIds": [],
	"guid": "6064632258209447986",
	"name": "EVT_RVR_RosewaterTower_Stage04_Victory",
	"typeId": "5111005"
}