{
	"populationInstancesMap":
	{
		"1":
		{
			"location":
			{
				"x": -405099.06368389371,
				"y": 909443.08251310245,
				"z": 7705.8495131169238
			},
			"rotation":
			{
				"pitch": 0.85729621406127743,
				"yaw": -159.67583456036323,
				"roll": -4.1116251569364994
			},
			"bRandomRotation": false,
			"instanceId":
			{
				"guid": "6064632988032040960",
				"typeId": "5111011",
				"name": "None"
			}
		},
		"2":
		{
			"location":
			{
				"x": -405889.92402081622,
				"y": 908527.06989866763,
				"z": 7708.3912389623374
			},
			"rotation":
			{
				"pitch": -4.1769969175690571,
				"yaw": 92.569552756262908,
				"roll": 0.4383988949893447
			},
			"bRandomRotation": false,
			"instanceId":
			{
				"guid": "6064632988032040960",
				"typeId": "5111011",
				"name": "None"
			}
		},
		"3":
		{
			"location":
			{
				"x": -406464.86710407014,
				"y": 905239.08565133333,
				"z": 7687.4501933479396
			},
			"rotation":
			{
				"pitch": -3.0148556546731156,
				"yaw": 142.74142209977305,
				"roll": -2.9253551208123572
			},
			"bRandomRotation": false,
			"instanceId":
			{
				"guid": "6064632988032040960",
				"typeId": "5111011",
				"name": "None"
			}
		},
		"4":
		{
			"location":
			{
				"x": -376218.70760871208,
				"y": 832819.05992558051,
				"z": 12705.241077769164
			},
			"rotation":
			{
				"pitch": -3.1810187520489439,
				"yaw": 139.38148782947405,
				"roll": -2.7437225637793312
			},
			"bRandomRotation": false,
			"instanceId":
			{
				"guid": "6064632988032040960",
				"typeId": "5111011",
				"name": "None"
			}
		},
		"5":
		{
			"location":
			{
				"x": -375335.25097407697,
				"y": 832931.23539906833,
				"z": 12739.947240781623
			},
			"rotation":
			{
				"pitch": -4.1994740947049554,
				"yaw": 97.749495261287336,
				"roll": 0.05983347417695814
			},
			"bRandomRotation": false,
			"instanceId":
			{
				"guid": "6064632988032040960",
				"typeId": "5111011",
				"name": "None"
			}
		},
		"6":
		{
			"location":
			{
				"x": -380748.62612786354,
				"y": 832194.13427388226,
				"z": 12734.257254027048
			},
			"rotation":
			{
				"pitch": -2.8578062971525942,
				"yaw": 145.73919914120808,
				"roll": -3.0789549863442871
			},
			"bRandomRotation": false,
			"instanceId":
			{
				"guid": "6064632988032040960",
				"typeId": "5111011",
				"name": "None"
			}
		},
		"7":
		{
			"location":
			{
				"x": -379742.70931249065,
				"y": 825802.71577768726,
				"z": 12739.289791137782
			},
			"rotation":
			{
				"pitch": 0.0027831374202933767,
				"yaw": -171.39558678899289,
				"roll": -4.1998986408075902
			},
			"bRandomRotation": false,
			"instanceId":
			{
				"guid": "6064632988032040960",
				"typeId": "5111011",
				"name": "None"
			}
		},
		"8":
		{
			"location":
			{
				"x": -375164.00419271796,
				"y": 823705.67427432048,
				"z": 12731.051739126517
			},
			"rotation":
			{
				"pitch": -4.1980686154225859,
				"yaw": 96.871589940835989,
				"roll": 0.12411215195311859
			},
			"bRandomRotation": false,
			"instanceId":
			{
				"guid": "6064632988032040960",
				"typeId": "5111011",
				"name": "None"
			}
		},
		"9":
		{
			"location":
			{
				"x": -434064.67524802068,
				"y": 818436.00791901839,
				"z": 12742.293379401404
			},
			"rotation":
			{
				"pitch": 1.959336550927252,
				"yaw": -19.199743687505549,
				"roll": 3.7155807276913655
			},
			"bRandomRotation": false,
			"instanceId":
			{
				"guid": "6064632988032040960",
				"typeId": "5111011",
				"name": "None"
			}
		},
		"10":
		{
			"location":
			{
				"x": -433836.53497339861,
				"y": 819629.6555337907,
				"z": 12747.282697043254
			},
			"rotation":
			{
				"pitch": 4.0834026761255604,
				"yaw": -67.88364734115865,
				"roll": 0.98316639269138206
			},
			"bRandomRotation": false,
			"instanceId":
			{
				"guid": "6064632988032040960",
				"typeId": "5111011",
				"name": "None"
			}
		},
		"11":
		{
			"location":
			{
				"x": -427056.84405895881,
				"y": 811307.98865419801,
				"z": 12723.787365298243
			},
			"rotation":
			{
				"pitch": 1.9966395494347657,
				"yaw": -19.776049204889162,
				"roll": 3.6956890621299689
			},
			"bRandomRotation": false,
			"instanceId":
			{
				"guid": "6064632988032040960",
				"typeId": "5111011",
				"name": "None"
			}
		},
		"12":
		{
			"location":
			{
				"x": -427449.23419247457,
				"y": 809731.11962943571,
				"z": 12765.584476291166
			},
			"rotation":
			{
				"pitch": 4.1254308171614698,
				"yaw": -92.258018628801977,
				"roll": -0.78806769532252552
			},
			"bRandomRotation": false,
			"instanceId":
			{
				"guid": "6064632988032040960",
				"typeId": "5111011",
				"name": "None"
			}
		},
		"13":
		{
			"location":
			{
				"x": -424242.35772700002,
				"y": 816330.75121400005,
				"z": 12698.70376
			},
			"rotation":
			{
				"pitch": 4.1254308171614751,
				"yaw": -92.258018628802162,
				"roll": -0.78806769532252607
			},
			"bRandomRotation": false,
			"instanceId":
			{
				"guid": "6064632988032040960",
				"typeId": "5111011",
				"name": "None"
			}
		}
	},
	"filterOverrideId":
	{
		"guid": "0",
		"typeId": "5111003",
		"name": "None"
	},
	"populationAreaId":
	{
		"guid": "0",
		"typeId": "5171420",
		"name": "None"
	},
	"timedDespawnId":
	{
		"guid": "0",
		"typeId": "5882300",
		"name": "None"
	},
	"overrideActivationRange": 0,
	"gameplayTags":
	{
		"gameplayTags": [],
		"parentTags": []
	},
	"alignmentOverridesIds": [],
	"guid": "6064632983127064584",
	"name": "PopSet_Hunting_Hippo_Lvl10",
	"typeId": "5111005"
}