{
	"populationInstancesMap":
	{
		"1":
		{
			"location":
			{
				"x": -1063.8656404643407,
				"y": -2207.7409211159684,
				"z": 72.735217927972371
			},
			"rotation":
			{
				"pitch": 0,
				"yaw": 0,
				"roll": -0
			},
			"bRandomRotation": false,
			"instanceId":
			{
				"guid": "6064633210396476158",
				"typeId": "5111011",
				"name": "None"
			}
		},
		"2":
		{
			"location":
			{
				"x": -1184.9532320124999,
				"y": -1195.9460275270976,
				"z": 60.808960062626284
			},
			"rotation":
			{
				"pitch": 0,
				"yaw": 0,
				"roll": -0
			},
			"bRandomRotation": false,
			"instanceId":
			{
				"guid": "6064633210396476158",
				"typeId": "5111011",
				"name": "None"
			}
		},
		"3":
		{
			"location":
			{
				"x": -1324.2994925293315,
				"y": -1648.9858284005895,
				"z": 51.482622689379241
			},
			"rotation":
			{
				"pitch": 0,
				"yaw": 20.428515822983833,
				"roll": 0
			},
			"bRandomRotation": false,
			"instanceId":
			{
				"guid": "6064633210396476158",
				"typeId": "5111011",
				"name": "None"
			}
		},
		"4":
		{
			"location":
			{
				"x": -621.54252674197778,
				"y": -2459.3488374445587,
				"z": 104.87456948737236
			},
			"rotation":
			{
				"pitch": 0,
				"yaw": 20.428515822983833,
				"roll": 0
			},
			"bRandomRotation": false,
			"instanceId":
			{
				"guid": "6064633210396476158",
				"typeId": "5111011",
				"name": "None"
			}
		},
		"5":
		{
			"location":
			{
				"x": -386.17828905118222,
				"y": -2782.5644891415723,
				"z": 122.78621021073195
			},
			"rotation":
			{
				"pitch": 0,
				"yaw": 20.428515822983833,
				"roll": 0
			},
			"bRandomRotation": false,
			"instanceId":
			{
				"guid": "6064633210396476158",
				"typeId": "5111011",
				"name": "None"
			}
		},
		"6":
		{
			"location":
			{
				"x": 1019.1462731294014,
				"y": -2487.6197728139814,
				"z": 1.4600450592724883
			},
			"rotation":
			{
				"pitch": 0,
				"yaw": 178.31412451906459,
				"roll": 0
			},
			"bRandomRotation": false,
			"instanceId":
			{
				"guid": "6064633210396476158",
				"typeId": "5111011",
				"name": "None"
			}
		},
		"7":
		{
			"location":
			{
				"x": 1038.7685898004274,
				"y": -1944.0157421603799,
				"z": -17.631542029025695
			},
			"rotation":
			{
				"pitch": 0,
				"yaw": 178.31412451906459,
				"roll": 0
			},
			"bRandomRotation": false,
			"instanceId":
			{
				"guid": "6064633210396476158",
				"typeId": "5111011",
				"name": "None"
			}
		},
		"8":
		{
			"location":
			{
				"x": 872.14562903551268,
				"y": -1431.8368990011513,
				"z": -5.466778385658472
			},
			"rotation":
			{
				"pitch": 0,
				"yaw": 178.31412451906459,
				"roll": 0
			},
			"bRandomRotation": false,
			"instanceId":
			{
				"guid": "6064633210396476158",
				"typeId": "5111011",
				"name": "None"
			}
		},
		"9":
		{
			"location":
			{
				"x": 678.16897417820292,
				"y": -969.21131281508133,
				"z": 10.440387938389904
			},
			"rotation":
			{
				"pitch": 0,
				"yaw": 178.31412451906459,
				"roll": 0
			},
			"bRandomRotation": false,
			"instanceId":
			{
				"guid": "6064633210396476158",
				"typeId": "5111011",
				"name": "None"
			}
		},
		"10":
		{
			"location":
			{
				"x": 897.37096469696553,
				"y": -2982.6460262264591,
				"z": 32.679120194238749
			},
			"rotation":
			{
				"pitch": 0,
				"yaw": 178.31412451906459,
				"roll": 0
			},
			"bRandomRotation": false,
			"instanceId":
			{
				"guid": "6064633210396476158",
				"typeId": "5111011",
				"name": "None"
			}
		}
	},
	"filterOverrideId":
	{
		"guid": "0",
		"typeId": "5111003",
		"name": "None"
	},
	"populationAreaId":
	{
		"guid": "0",
		"typeId": "5171420",
		"name": "None"
	},
	"timedDespawnId":
	{
		"guid": "0",
		"typeId": "5882300",
		"name": "None"
	},
	"overrideActivationRange": 0,
	"gameplayTags":
	{
		"gameplayTags": [],
		"parentTags": []
	},
	"alignmentOverridesIds": [],
	"guid": "6064633210396476157",
	"name": "EVT_SAN_0013_BottledUp_Wave1_Enemies",
	"typeId": "5111005"
}