{
	"populationInstancesMap":
	{
		"1":
		{
			"location":
			{
				"x": 2715.7722272902029,
				"y": 2158.0030227076495,
				"z": 891.85424781570327
			},
			"rotation":
			{
				"pitch": 0,
				"yaw": 0,
				"roll": 0
			},
			"bRandomRotation": false,
			"instanceId":
			{
				"guid": "6064631941184421889",
				"typeId": "5111011",
				"name": "None"
			}
		},
		"2":
		{
			"location":
			{
				"x": 2884.8757808951195,
				"y": 1672.5642605145695,
				"z": 919.41074390207541
			},
			"rotation":
			{
				"pitch": 0,
				"yaw": 119.99999907043622,
				"roll": -0
			},
			"bRandomRotation": false,
			"instanceId":
			{
				"guid": "6064631941189468162",
				"typeId": "5111011",
				"name": "None"
			}
		},
		"3":
		{
			"location":
			{
				"x": 3231.3042745846324,
				"y": 1308.8754841878545,
				"z": 767.8890993471141
			},
			"rotation":
			{
				"pitch": 0.00053393378422615602,
				"yaw": 0.023310969427916783,
				"roll": -1.3114424780482068
			},
			"bRandomRotation": false,
			"instanceId":
			{
				"guid": "6064631953441947659",
				"typeId": "5111011",
				"name": "None"
			}
		},
		"4":
		{
			"location":
			{
				"x": -9607.0711028452497,
				"y": -24099.052737117629,
				"z": 3628.2949050704883
			},
			"rotation":
			{
				"pitch": 0,
				"yaw": 179.99999860565416,
				"roll": -0
			},
			"bRandomRotation": false,
			"instanceId":
			{
				"guid": "6064631953464360974",
				"typeId": "5111011",
				"name": "None"
			}
		},
		"5":
		{
			"location":
			{
				"x": 66480.562132479972,
				"y": 45334.062084150733,
				"z": 4226.327069314877
			},
			"rotation":
			{
				"pitch": 0,
				"yaw": 90.000002091519079,
				"roll": 0
			},
			"bRandomRotation": false,
			"instanceId":
			{
				"guid": "6064632082433245188",
				"typeId": "5111011",
				"name": "None"
			}
		},
		"6":
		{
			"location":
			{
				"x": 66514.364834477194,
				"y": 46045.419923853013,
				"z": 4322.3270243178613
			},
			"rotation":
			{
				"pitch": 0,
				"yaw": -89.999999302827078,
				"roll": 0
			},
			"bRandomRotation": false,
			"instanceId":
			{
				"guid": "6064632082440716293",
				"typeId": "5111011",
				"name": "None"
			}
		},
		"7":
		{
			"location":
			{
				"x": 65812.149547745707,
				"y": 45411.422916928655,
				"z": 4322.3270480109004
			},
			"rotation":
			{
				"pitch": 0,
				"yaw": -9.999999922536345,
				"roll": 0
			},
			"bRandomRotation": false,
			"instanceId":
			{
				"guid": "6064632082440716293",
				"typeId": "5111011",
				"name": "None"
			}
		},
		"8":
		{
			"location":
			{
				"x": 66771.138420896605,
				"y": 45011.088346514967,
				"z": 4322.3270263103004
			},
			"rotation":
			{
				"pitch": 0,
				"yaw": 129.99999899297239,
				"roll": 0
			},
			"bRandomRotation": false,
			"instanceId":
			{
				"guid": "6064632082440716293",
				"typeId": "5111011",
				"name": "None"
			}
		},
		"9":
		{
			"location":
			{
				"x": 7466.3033620030619,
				"y": 26871.488884870894,
				"z": 1147.9636551322074
			},
			"rotation":
			{
				"pitch": 0,
				"yaw": 59.999999535217604,
				"roll": 0
			},
			"bRandomRotation": false,
			"instanceId":
			{
				"guid": "6064632282047447195",
				"typeId": "5111011",
				"name": "None"
			}
		},
		"10":
		{
			"location":
			{
				"x": 7742.209938957938,
				"y": 27170.491501877084,
				"z": 1243.3798735479904
			},
			"rotation":
			{
				"pitch": 0,
				"yaw": 0,
				"roll": -0
			},
			"bRandomRotation": false,
			"instanceId":
			{
				"guid": "6064632282052952220",
				"typeId": "5111011",
				"name": "None"
			}
		},
		"11":
		{
			"location":
			{
				"x": 76238.967502960935,
				"y": 5624.8273933520541,
				"z": 4334.1655496190742
			},
			"rotation":
			{
				"pitch": 0,
				"yaw": 109.99999914789983,
				"roll": 0
			},
			"bRandomRotation": false,
			"instanceId":
			{
				"guid": "6064632282062651549",
				"typeId": "5111011",
				"name": "None"
			}
		},
		"12":
		{
			"location":
			{
				"x": 22330.848603731836,
				"y": 59535.545671755797,
				"z": 2229.7283626451499
			},
			"rotation":
			{
				"pitch": 0,
				"yaw": 0,
				"roll": -0
			},
			"bRandomRotation": false,
			"instanceId":
			{
				"guid": "6064632416711737395",
				"typeId": "5111011",
				"name": "None"
			}
		},
		"13":
		{
			"location":
			{
				"x": 76211.969826041954,
				"y": 5481.1590514633572,
				"z": 4198.0548548890001
			},
			"rotation":
			{
				"pitch": -5.6843418860808002e-14,
				"yaw": -19.999999845073596,
				"roll": -5.6843418860808015e-14
			},
			"bRandomRotation": false,
			"instanceId":
			{
				"guid": "6064632461584171075",
				"typeId": "5111011",
				"name": "None"
			}
		}
	},
	"filterOverrideId":
	{
		"guid": "0",
		"typeId": "5111003",
		"name": "None"
	},
	"populationAreaId":
	{
		"guid": "0",
		"typeId": "5171420",
		"name": "None"
	},
	"timedDespawnId":
	{
		"guid": "0",
		"typeId": "5882300",
		"name": "None"
	},
	"overrideActivationRange": 0,
	"gameplayTags":
	{
		"gameplayTags": [],
		"parentTags": []
	},
	"alignmentOverridesIds": [],
	"guid": "6064631754534486018",
	"name": "RVR_COMM_NorthLionhold_UpperRuins",
	"typeId": "5111005"
}