{
	"populationInstancesMap":
	{
		"1":
		{
			"location":
			{
				"x": -6592.7305274095852,
				"y": -12746.058622660843,
				"z": -53594.701415326694
			},
			"rotation":
			{
				"pitch": 0,
				"yaw": 0,
				"roll": -0
			},
			"bRandomRotation": false,
			"instanceId":
			{
				"guid": "6064633306356056068",
				"typeId": "5111011",
				"name": "None"
			}
		},
		"2":
		{
			"location":
			{
				"x": -7557.7305274095852,
				"y": -13811.058622660843,
				"z": -53594.701415326694
			},
			"rotation":
			{
				"pitch": 0,
				"yaw": 0,
				"roll": -0
			},
			"bRandomRotation": false,
			"instanceId":
			{
				"guid": "6064633306356056068",
				"typeId": "5111011",
				"name": "None"
			}
		},
		"3":
		{
			"location":
			{
				"x": -5412.7305274095852,
				"y": -13286.058622660843,
				"z": -53594.701415326694
			},
			"rotation":
			{
				"pitch": 0,
				"yaw": 0,
				"roll": -0
			},
			"bRandomRotation": false,
			"instanceId":
			{
				"guid": "6064633306356056068",
				"typeId": "5111011",
				"name": "None"
			}
		},
		"4":
		{
			"location":
			{
				"x": -11372.730527409585,
				"y": -3566.058622660843,
				"z": -53594.701415326694
			},
			"rotation":
			{
				"pitch": 0,
				"yaw": 0,
				"roll": -0
			},
			"bRandomRotation": false,
			"instanceId":
			{
				"guid": "6064633306356056068",
				"typeId": "5111011",
				"name": "None"
			}
		},
		"5":
		{
			"location":
			{
				"x": -12922.730527409585,
				"y": -3566.058622660843,
				"z": -53532.423849506384
			},
			"rotation":
			{
				"pitch": 0,
				"yaw": 0,
				"roll": -0
			},
			"bRandomRotation": false,
			"instanceId":
			{
				"guid": "6064633306356056068",
				"typeId": "5111011",
				"name": "None"
			}
		},
		"6":
		{
			"location":
			{
				"x": -13252.730527409585,
				"y": -411.05862266084296,
				"z": -53361.530400812539
			},
			"rotation":
			{
				"pitch": 0,
				"yaw": 0,
				"roll": -0
			},
			"bRandomRotation": false,
			"instanceId":
			{
				"guid": "6064633306356056068",
				"typeId": "5111011",
				"name": "None"
			}
		},
		"7":
		{
			"location":
			{
				"x": -11897.730527409585,
				"y": -5096.058622660843,
				"z": -53523.322170929729
			},
			"rotation":
			{
				"pitch": 0,
				"yaw": 0,
				"roll": -0
			},
			"bRandomRotation": false,
			"instanceId":
			{
				"guid": "6064633306368573450",
				"typeId": "5111011",
				"name": "None"
			}
		},
		"8":
		{
			"location":
			{
				"x": -3112.7305274095852,
				"y": -15076.058622660843,
				"z": -53527.945728156294
			},
			"rotation":
			{
				"pitch": 0,
				"yaw": 0,
				"roll": -0
			},
			"bRandomRotation": false,
			"instanceId":
			{
				"guid": "6064633306368573450",
				"typeId": "5111011",
				"name": "None"
			}
		},
		"9":
		{
			"location":
			{
				"x": -3682.7305274095852,
				"y": -3551.058622660843,
				"z": -53625.563131458301
			},
			"rotation":
			{
				"pitch": 0,
				"yaw": 0,
				"roll": -0
			},
			"bRandomRotation": false,
			"instanceId":
			{
				"guid": "6064633306368573450",
				"typeId": "5111011",
				"name": "None"
			}
		},
		"10":
		{
			"location":
			{
				"x": -3422.7305274095852,
				"y": -3836.058622660843,
				"z": -53553.448468470022
			},
			"rotation":
			{
				"pitch": 0,
				"yaw": 54.999999573949921,
				"roll": 0
			},
			"bRandomRotation": false,
			"instanceId":
			{
				"guid": "6064633306368573450",
				"typeId": "5111011",
				"name": "None"
			}
		},
		"11":
		{
			"location":
			{
				"x": 417.26947259041481,
				"y": -5071.058622660843,
				"z": -52488.448468470022
			},
			"rotation":
			{
				"pitch": 0,
				"yaw": 94.999999264095209,
				"roll": 0
			},
			"bRandomRotation": false,
			"instanceId":
			{
				"guid": "6064633306368573450",
				"typeId": "5111011",
				"name": "None"
			}
		},
		"12":
		{
			"location":
			{
				"x": 107.26947259041481,
				"y": -5071.058622660843,
				"z": -52438.448468470022
			},
			"rotation":
			{
				"pitch": 0,
				"yaw": 69.999999457754413,
				"roll": 0
			},
			"bRandomRotation": false,
			"instanceId":
			{
				"guid": "6064633306368573450",
				"typeId": "5111011",
				"name": "None"
			}
		},
		"13":
		{
			"location":
			{
				"x": 3537.2694725904148,
				"y": -1936.058622660843,
				"z": -52524.36925927813
			},
			"rotation":
			{
				"pitch": 0,
				"yaw": 69.999999457754399,
				"roll": 0
			},
			"bRandomRotation": false,
			"instanceId":
			{
				"guid": "6064633306356056068",
				"typeId": "5111011",
				"name": "None"
			}
		},
		"14":
		{
			"location":
			{
				"x": 2467.2694725904148,
				"y": -3116.058622660843,
				"z": -52722.77724033282
			},
			"rotation":
			{
				"pitch": 0,
				"yaw": 69.999999457754399,
				"roll": 0
			},
			"bRandomRotation": false,
			"instanceId":
			{
				"guid": "6064633306356056068",
				"typeId": "5111011",
				"name": "None"
			}
		},
		"15":
		{
			"location":
			{
				"x": 3282.2694725904148,
				"y": -2416.058622660843,
				"z": -52478.561426831846
			},
			"rotation":
			{
				"pitch": 0,
				"yaw": -19.99999984507258,
				"roll": 0
			},
			"bRandomRotation": false,
			"instanceId":
			{
				"guid": "6064633306368573450",
				"typeId": "5111011",
				"name": "None"
			}
		},
		"16":
		{
			"location":
			{
				"x": 4317.2694725904148,
				"y": -1906.058622660843,
				"z": -52358.3803118172
			},
			"rotation":
			{
				"pitch": 0,
				"yaw": -99.999999225363311,
				"roll": 0
			},
			"bRandomRotation": false,
			"instanceId":
			{
				"guid": "6064633306356056068",
				"typeId": "5111011",
				"name": "None"
			}
		},
		"17":
		{
			"location":
			{
				"x": 6872.2694725904148,
				"y": 5738.941377339157,
				"z": -52440.95243929523
			},
			"rotation":
			{
				"pitch": 0,
				"yaw": -99.999999225363382,
				"roll": 0
			},
			"bRandomRotation": false,
			"instanceId":
			{
				"guid": "6064633306356056068",
				"typeId": "5111011",
				"name": "None"
			}
		},
		"18":
		{
			"location":
			{
				"x": 6402.2694725904148,
				"y": 6233.941377339157,
				"z": -52440.95243929523
			},
			"rotation":
			{
				"pitch": 0,
				"yaw": -99.999999225363425,
				"roll": 0
			},
			"bRandomRotation": false,
			"instanceId":
			{
				"guid": "6064633306368573450",
				"typeId": "5111011",
				"name": "None"
			}
		},
		"19":
		{
			"location":
			{
				"x": 6657.2694725904148,
				"y": 6078.941377339157,
				"z": -52440.95243929523
			},
			"rotation":
			{
				"pitch": 0,
				"yaw": 34.999999728877214,
				"roll": 0
			},
			"bRandomRotation": false,
			"instanceId":
			{
				"guid": "6064633306368573450",
				"typeId": "5111011",
				"name": "None"
			}
		},
		"20":
		{
			"location":
			{
				"x": 7032.2694725904148,
				"y": 5163.941377339157,
				"z": -52440.95243929523
			},
			"rotation":
			{
				"pitch": 0,
				"yaw": -150.00000162673692,
				"roll": 0
			},
			"bRandomRotation": false,
			"instanceId":
			{
				"guid": "6064633306368573450",
				"typeId": "5111011",
				"name": "None"
			}
		},
		"21":
		{
			"location":
			{
				"x": -777.73052740958519,
				"y": -7101.058622660843,
				"z": -52715.929556287425
			},
			"rotation":
			{
				"pitch": 0,
				"yaw": 109.99999914789986,
				"roll": 0
			},
			"bRandomRotation": false,
			"instanceId":
			{
				"guid": "6064633306368573450",
				"typeId": "5111011",
				"name": "None"
			}
		},
		"22":
		{
			"location":
			{
				"x": -972.73052740958519,
				"y": -6576.058622660843,
				"z": -52784.676938587232
			},
			"rotation":
			{
				"pitch": 0,
				"yaw": -50.000002401373749,
				"roll": 0
			},
			"bRandomRotation": false,
			"instanceId":
			{
				"guid": "6064633306368573450",
				"typeId": "5111011",
				"name": "None"
			}
		}
	},
	"filterOverrideId":
	{
		"guid": "0",
		"typeId": "5111003",
		"name": "None"
	},
	"populationAreaId":
	{
		"guid": "0",
		"typeId": "5171420",
		"name": "None"
	},
	"timedDespawnId":
	{
		"guid": "0",
		"typeId": "5882300",
		"name": "None"
	},
	"overrideActivationRange": 0,