{
	"populationInstancesMap":
	{
		"1":
		{
			"location":
			{
				"x": 269.49182207416743,
				"y": -20787.901480875909,
				"z": -5558.9592778489987
			},
			"rotation":
			{
				"pitch": 0,
				"yaw": 0,
				"roll": -0
			},
			"bRandomRotation": false,
			"instanceId":
			{
				"guid": "6064632717204979716",
				"typeId": "5111011",
				"name": "None"
			}
		},
		"2":
		{
			"location":
			{
				"x": -4154.0263077693526,
				"y": -19750.271922830842,
				"z": -5058.9592559690418
			},
			"rotation":
			{
				"pitch": 0,
				"yaw": 0,
				"roll": -0
			},
			"bRandomRotation": false,
			"instanceId":
			{
				"guid": "6064633095533101056",
				"typeId": "5111011",
				"name": "None"
			}
		},
		"3":
		{
			"location":
			{
				"x": -3588.5042820589151,
				"y": -19648.32763862412,
				"z": -5058.9592864841416
			},
			"rotation":
			{
				"pitch": 0,
				"yaw": -49.99999961268167,
				"roll": 0
			},
			"bRandomRotation": false,
			"instanceId":
			{
				"guid": "6064633095537426433",
				"typeId": "5111011",
				"name": "None"
			}
		},
		"4":
		{
			"location":
			{
				"x": -1754.5194021293428,
				"y": -17636.142737121671,
				"z": -5058.9592864841416
			},
			"rotation":
			{
				"pitch": 0,
				"yaw": -49.99999961268167,
				"roll": 0
			},
			"bRandomRotation": false,
			"instanceId":
			{
				"guid": "6064633095537426433",
				"typeId": "5111011",
				"name": "None"
			}
		},
		"5":
		{
			"location":
			{
				"x": 222.75017666583881,
				"y": -15330.961767279892,
				"z": -5058.9592864841416
			},
			"rotation":
			{
				"pitch": 0,
				"yaw": -49.99999961268167,
				"roll": 0
			},
			"bRandomRotation": false,
			"instanceId":
			{
				"guid": "6064633095543586819",
				"typeId": "5111011",
				"name": "None"
			}
		},
		"6":
		{
			"location":
			{
				"x": 5562.2470350610092,
				"y": -19496.257445650874,
				"z": -5058.9592864841416
			},
			"rotation":
			{
				"pitch": 0,
				"yaw": 130.00000178166434,
				"roll": 0
			},
			"bRandomRotation": false,
			"instanceId":
			{
				"guid": "6064633095546863620",
				"typeId": "5111011",
				"name": "None"
			}
		},
		"7":
		{
			"location":
			{
				"x": 4368.7430933406577,
				"y": -21407.642044417677,
				"z": -5058.9592864841416
			},
			"rotation":
			{
				"pitch": 0,
				"yaw": 130.00000178166434,
				"roll": 0
			},
			"bRandomRotation": false,
			"instanceId":
			{
				"guid": "6064633095537426433",
				"typeId": "5111011",
				"name": "None"
			}
		},
		"8":
		{
			"location":
			{
				"x": 860.48499547247775,
				"y": -22774.652896153042,
				"z": -5536.1443671482066
			},
			"rotation":
			{
				"pitch": 0,
				"yaw": 130.00000178166434,
				"roll": 0
			},
			"bRandomRotation": false,
			"instanceId":
			{
				"guid": "6064633095553155078",
				"typeId": "5111011",
				"name": "None"
			}
		},
		"9":
		{
			"location":
			{
				"x": 807.74284175247885,
				"y": -25087.451605577138,
				"z": -5058.9592559690418
			},
			"rotation":
			{
				"pitch": 0,
				"yaw": 59.999999535218009,
				"roll": 0
			},
			"bRandomRotation": false,
			"instanceId":
			{
				"guid": "6064633095533101056",
				"typeId": "5111011",
				"name": "None"
			}
		},
		"10":
		{
			"location":
			{
				"x": 2961.378867487656,
				"y": -22452.874214070733,
				"z": -5054.959298387862
			},
			"rotation":
			{
				"pitch": 0,
				"yaw": 139.99999891550868,
				"roll": 0
			},
			"bRandomRotation": false,
			"instanceId":
			{
				"guid": "6064633095565672456",
				"typeId": "5111011",
				"name": "None"
			}
		},
		"11":
		{
			"location":
			{
				"x": -89.202165318420157,
				"y": -16629.614420371479,
				"z": -5054.959298387862
			},
			"rotation":
			{
				"pitch": 0,
				"yaw": -40.00000247883743,
				"roll": 0
			},
			"bRandomRotation": false,
			"instanceId":
			{
				"guid": "6064633095565672456",
				"typeId": "5111011",
				"name": "None"
			}
		},
		"12":
		{
			"location":
			{
				"x": 4812.3669546940364,
				"y": -15035.143875109265,
				"z": -5354.959269758243
			},
			"rotation":
			{
				"pitch": 0,
				"yaw": 9.9999999225364089,
				"roll": 0
			},
			"bRandomRotation": false,
			"instanceId":
			{
				"guid": "6064633095572357130",
				"typeId": "5111011",
				"name": "None"
			}
		},
		"13":
		{
			"location":
			{
				"x": 5843.725558277918,
				"y": -16288.778363632853,
				"z": -5354.959269758243
			},
			"rotation":
			{
				"pitch": 0,
				"yaw": 59.999999535218009,
				"roll": 0
			},
			"bRandomRotation": false,
			"instanceId":
			{
				"guid": "6064633095572357130",
				"typeId": "5111011",
				"name": "None"
			}
		}
	},
	"filterOverrideId":
	{
		"guid": "0",
		"typeId": "5111003",
		"name": "None"
	},
	"populationAreaId":
	{
		"guid": "0",
		"typeId": "5171420",
		"name": "None"
	},
	"timedDespawnId":
	{
		"guid": "0",
		"typeId": "5882300",
		"name": "None"
	},
	"overrideActivationRange": 0,
	"gameplayTags":
	{
		"gameplayTags": [],
		"parentTags": []
	},
	"alignmentOverridesIds": [],
	"guid": "6064632744658993174",
	"name": "PopSet_BefallenForge_Fireelemental_Skeleton_ForgelordZammer",
	"typeId": "5111005"
}