{
	"populationInstancesMap":
	{
		"1":
		{
			"location":
			{
				"x": -3977.3175201669146,
				"y": -13992.669673110124,
				"z": 3.9199955608637538e-05
			},
			"rotation":
			{
				"pitch": 0,
				"yaw": 0,
				"roll": -0
			},
			"bRandomRotation": false,
			"instanceId":
			{
				"guid": "6064633816485593361",
				"typeId": "5111011",
				"name": "None"
			}
		},
		"2":
		{
			"location":
			{
				"x": -3973.5823902360262,
				"y": -12974.968462719935,
				"z": 6.1676934365095804e-05
			},
			"rotation":
			{
				"pitch": 0,
				"yaw": 0,
				"roll": -0
			},
			"bRandomRotation": false,
			"instanceId":
			{
				"guid": "6064633816510497046",
				"typeId": "5111011",
				"name": "None"
			}
		},
		"3":
		{
			"location":
			{
				"x": -3975.4245173385871,
				"y": -11999.349684688577,
				"z": 6.0363920965755824e-05
			},
			"rotation":
			{
				"pitch": 0,
				"yaw": 0,
				"roll": -0
			},
			"bRandomRotation": false,
			"instanceId":
			{
				"guid": "6064633816517247255",
				"typeId": "5111011",
				"name": "None"
			}
		},
		"4":
		{
			"location":
			{
				"x": -3978.2820406087212,
				"y": -10986.702022490657,
				"z": 4.5046657305647386e-05
			},
			"rotation":
			{
				"pitch": 0,
				"yaw": 0,
				"roll": -0
			},
			"bRandomRotation": false,
			"instanceId":
			{
				"guid": "6064633816521310488",
				"typeId": "5111011",
				"name": "None"
			}
		},
		"5":
		{
			"location":
			{
				"x": -3979.2591660878916,
				"y": -10009.971902266532,
				"z": 2.2462980268755928e-05
			},
			"rotation":
			{
				"pitch": 0,
				"yaw": 0,
				"roll": -0
			},
			"bRandomRotation": false,
			"instanceId":
			{
				"guid": "6064633816565809433",
				"typeId": "5111011",
				"name": "None"
			}
		},
		"6":
		{
			"location":
			{
				"x": -3991.3978111457891,
				"y": -9006.7776736820451,
				"z": 3.0950627660786267e-05
			},
			"rotation":
			{
				"pitch": 0,
				"yaw": 0,
				"roll": -0
			},
			"bRandomRotation": false,
			"instanceId":
			{
				"guid": "6064633816569741594",
				"typeId": "5111011",
				"name": "None"
			}
		},
		"7":
		{
			"location":
			{
				"x": -3996.7899265617684,
				"y": -7998.449028147219,
				"z": 9.3651135102845728e-05
			},
			"rotation":
			{
				"pitch": 0,
				"yaw": 0,
				"roll": -0
			},
			"bRandomRotation": false,
			"instanceId":
			{
				"guid": "6064633816573411611",
				"typeId": "5111011",
				"name": "None"
			}
		},
		"8":
		{
			"location":
			{
				"x": -3981.7192891965092,
				"y": -6987.5846650261283,
				"z": 4.4824403630627785e-05
			},
			"rotation":
			{
				"pitch": 0,
				"yaw": 0,
				"roll": -0
			},
			"bRandomRotation": false,
			"instanceId":
			{
				"guid": "6064633816576557340",
				"typeId": "5111011",
				"name": "None"
			}
		}
	},
	"filterOverrideId":
	{
		"guid": "0",
		"typeId": "5111003",
		"name": "None"
	},
	"populationAreaId":
	{
		"guid": "0",
		"typeId": "5171420",
		"name": "None"
	},
	"timedDespawnId":
	{
		"guid": "0",
		"typeId": "5882300",
		"name": "None"
	},
	"overrideActivationRange": 0,
	"gameplayTags":
	{
		"gameplayTags": [],
		"parentTags": []
	},
	"alignmentOverridesIds": [],
	"guid": "6064633816485593360",
	"name": "PopulationSet_ANV_Artisans",
	"typeId": "5111005"
}