{
	"populationInstancesMap":
	{
		"1":
		{
			"location":
			{
				"x": 14302.996997406823,
				"y": 15143.562986600678,
				"z": -981.73168370745043
			},
			"rotation":
			{
				"pitch": -0,
				"yaw": -109.99999914790034,
				"roll": 0
			},
			"bRandomRotation": false,
			"instanceId":
			{
				"guid": "6064630270761766841",
				"typeId": "5111011",
				"name": "None"
			}
		},
		"2":
		{
			"location":
			{
				"x": 8653.5096555508208,
				"y": 6677.7375187065918,
				"z": -2311.3774791874675
			},
			"rotation":
			{
				"pitch": -0,
				"yaw": -109.99999914790007,
				"roll": 0
			},
			"bRandomRotation": false,
			"instanceId":
			{
				"guid": "6064630270761766843",
				"typeId": "5111011",
				"name": "None"
			}
		},
		"3":
		{
			"location":
			{
				"x": 12583.777781891637,
				"y": 10849.804574551526,
				"z": -2073.224852756277
			},
			"rotation":
			{
				"pitch": 0,
				"yaw": 0,
				"roll": -0
			},
			"bRandomRotation": false,
			"instanceId":
			{
				"guid": "6064630270761766845",
				"typeId": "5111011",
				"name": "None"
			}
		},
		"4":
		{
			"location":
			{
				"x": 16352.535010167747,
				"y": 10161.596511222655,
				"z": -1886.193123723433
			},
			"rotation":
			{
				"pitch": -0,
				"yaw": -169.99999868311761,
				"roll": 0
			},
			"bRandomRotation": false,
			"instanceId":
			{
				"guid": "6064630270761766845",
				"typeId": "5111011",
				"name": "None"
			}
		},
		"5":
		{
			"location":
			{
				"x": 13164.726094884682,
				"y": 9028.0484172515571,
				"z": -2035.3165240881408
			},
			"rotation":
			{
				"pitch": 0,
				"yaw": 179.99999860565401,
				"roll": -0
			},
			"bRandomRotation": false,
			"instanceId":
			{
				"guid": "6064630270761766845",
				"typeId": "5111011",
				"name": "None"
			}
		},
		"6":
		{
			"location":
			{
				"x": 15473.453769973828,
				"y": 13822.537603254314,
				"z": -550.64600809190415
			},
			"rotation":
			{
				"pitch": 0,
				"yaw": 0,
				"roll": -0
			},
			"bRandomRotation": false,
			"instanceId":
			{
				"guid": "6064630270761766845",
				"typeId": "5111011",
				"name": "None"
			}
		},
		"7":
		{
			"location":
			{
				"x": 12612.070051288232,
				"y": 14943.81628366129,
				"z": -550.64607612231885
			},
			"rotation":
			{
				"pitch": 0,
				"yaw": 0,
				"roll": -0
			},
			"bRandomRotation": false,
			"instanceId":
			{
				"guid": "6064630270761766845",
				"typeId": "5111011",
				"name": "None"
			}
		},
		"8":
		{
			"location":
			{
				"x": -341.90508383826818,
				"y": -10143.544216615614,
				"z": -2088.1671000398037
			},
			"rotation":
			{
				"pitch": 0,
				"yaw": 37.741943850999832,
				"roll": -0
			},
			"bRandomRotation": false,
			"instanceId":
			{
				"guid": "6064630270761781272",
				"typeId": "5111011",
				"name": "None"
			}
		},
		"9":
		{
			"location":
			{
				"x": -909.38467952830251,
				"y": -12286.957602029201,
				"z": -1862.4406947019907
			},
			"rotation":
			{
				"pitch": -0,
				"yaw": -109.99999914789987,
				"roll": 0
			},
			"bRandomRotation": false,
			"instanceId":
			{
				"guid": "6064630270761781274",
				"typeId": "5111011",
				"name": "None"
			}
		},
		"10":
		{
			"location":
			{
				"x": -140.65356762567535,
				"y": -4413.3499171073781,
				"z": -2320.8549300522227
			},
			"rotation":
			{
				"pitch": -0,
				"yaw": -105.31456201256749,
				"roll": 0
			},
			"bRandomRotation": false,
			"instanceId":
			{
				"guid": "6064630270761781276",
				"typeId": "5111011",
				"name": "None"
			}
		},
		"11":
		{
			"location":
			{
				"x": -2057.9475664754864,
				"y": -5352.706012589857,
				"z": -2111.3356073971427
			},
			"rotation":
			{
				"pitch": -0,
				"yaw": -77.482881908415607,
				"roll": 0
			},
			"bRandomRotation": false,
			"instanceId":
			{
				"guid": "6064630270761781274",
				"typeId": "5111011",
				"name": "None"
			}
		},
		"12":
		{
			"location":
			{
				"x": -1617.3016930837184,
				"y": -7298.7333969615865,
				"z": -2016.2184934133602
			},
			"rotation":
			{
				"pitch": 0,
				"yaw": 169.99999868311772,
				"roll": -0
			},
			"bRandomRotation": false,
			"instanceId":
			{
				"guid": "6064630270761781272",
				"typeId": "5111011",
				"name": "None"
			}
		},
		"13":
		{
			"location":
			{
				"x": 18306.921771047055,
				"y": 8866.7143417329062,
				"z": -2022.9930053204553
			},
			"rotation":
			{
				"pitch": 0,
				"yaw": 0,
				"roll": -0
			},
			"bRandomRotation": false,
			"instanceId":
			{
				"guid": "6064630270761766855",
				"typeId": "5111011",
				"name": "None"
			}
		},
		"14":
		{
			"location":
			{
				"x": 21772.815058551147,
				"y": 8071.0717654046603,
				"z": -2198.7165283321774
			},
			"rotation":
			{
				"pitch": 0,
				"yaw": 0,
				"roll": -0
			},
			"bRandomRotation": false,
			"instanceId":
			{
				"guid": "6064630270761766855",
				"typeId": "5111011",
				"name": "None"
			}
		},
		"15":
		{
			"location":
			{
				"x": 6930.448048193939,
				"y": 14497.060795696452,
				"z": -1681.9625216085988
			},
			"rotation":
			{
				"pitch": 0,
				"yaw": 0,
				"roll": -0
			},
			"bRandomRotation": false,
			"instanceId":
			{
				"guid": "6064630270761766855",
				"typeId": "5111011",
				"name": "None"
			}
		},
		"16":
		{
			"location":
			{
				"x": 9148.7319128698437,
				"y": 14642.783231924754,
				"z": -1997.8300791794081
			},
			"rotation":
			{
				"pitch": 0,
				"yaw": 0,
				"roll": -0
			},
			"bRandomRotation": false,
			"instanceId":
			{
				"guid": "6064630270761766855",
				"typeId": "5111011",
				"name": "None"
			}
		},
		"17":
		{
			"location":
			{
				"x": 8697.5254565530922,
				"y": 11962.26688123506,
				"z": -1750.0869258754501
			},
			"rotation":
			{
				"pitch": 0,
				"yaw": 0,
				"roll": -0
			},
			"bRandomRotation": false,
			"instanceId":
			{
				"guid": "6064630270761766855",
				"typeId": "5111011",
				"name": "None"
			}
		},
		"18":
		{
			"location":
			{
				"x": 18534.777870088932,
				"y": 12257.458685180638,
				"z": -1897.5784423892874
			},
			"rotation":
			{
				"pitch": 0,
				"yaw": 0,
				"roll": -0
			},
			"bRandomRotation": false,
			"instanceId":
			{
				"guid": "6064630270761766855",
				"typeId": "5111011",
				"name": "None"
			}
		},
		"19":
		{
			"location":
			{
				"x": 14496.568029072601,
				"y": 18987.166995403008,
				"z": -692.08027081661567
			},
			"rotation":
			{
				"pitch": -0,
				"yaw": -9.9999999225365155,
				"roll": 0
			},
			"bRandomRotation": false,
			"instanceId":
			{
				"guid": "6064630270761766867",
				"typeId": "5111011",
				"name": "None"
			}
		},
		"20":
		{
			"location":
			{
				"x": 1842.4267752369633,
				"y": -10331.118793106172,
				"z": -2297.864472682586
			},
			"rotation":
			{
				"pitch": 0,
				"yaw": 0,
				"roll": -0
			},
			"bRandomRotation": false,
			"instanceId":
			{
				"guid": "6064630270761781292",
				"typeId": "5111011",
				"name": "None"
			}
		},
		"21":
		{
			"location":
			{
				"x": 1736.8939405606361,
				"y": -9809.567522109719,
				"z": -2311.6624329100596
			},
			"rotation":
			{
				"pitch": 0,
				"yaw": 0,
				"roll": -0
			},
			"bRandomRotation": false,
			"instanceId":
			{
				"guid": "6064630270761781292",
				"typeId": "5111011",
				"name": "None"
			}
		},
		"22":
		{
			"location":
			{
				"x": 3273.1205456235912,
				"y": -8055.9753620144911,
				"z": -2319.9042973427568
			},
			"rotation":
			{
				"pitch": 0,
				"yaw": 0,
				"roll": 0
			},
			"bRandomRotation": false,
			"instanceId":
			{
				"guid": "6064630270761781292",
				"typeId": "5111011",
				"name": "None"
			}
		},
		"23":
		{
			"location":
			{
				"x": 2475.5872752395226,
				"y": -4815.0180165747879,
				"z": -2161.5012437118658
			},
			"rotation":
			{
				"pitch": 0,
				"yaw": 0,
				"roll": -0
			},
			"bRandomRotation": false,
			"instanceId":
			{
				"guid": "6064630270761781292",
				"typeId": "5111011",
				"name": "None"
			}
		},
		"24":
		{
			"location":
			{
				"x": 1889.2864879188128,