{
	"populationInstancesMap":
	{
		"1":
		{
			"location":
			{
				"x": 57595.18985425189,
				"y": -26277.334294413333,
				"z": 6992.2331097781125
			},
			"rotation":
			{
				"pitch": 0,
				"yaw": -19.999999845072693,
				"roll": 0
			},
			"bRandomRotation": false,
			"instanceId":
			{
				"guid": "6064632774375572264",
				"typeId": "5111011",
				"name": "None"
			}
		},
		"2":
		{
			"location":
			{
				"x": 55265.53114550488,
				"y": -17751.809150682646,
				"z": 6605.7349008911633
			},
			"rotation":
			{
				"pitch": 0,
				"yaw": 39.999999690145373,
				"roll": 0
			},
			"bRandomRotation": false,
			"instanceId":
			{
				"guid": "6064632774375572264",
				"typeId": "5111011",
				"name": "None"
			}
		},
		"3":
		{
			"location":
			{
				"x": 50360.129099767393,
				"y": -18122.115217092913,
				"z": 6501.985270804179
			},
			"rotation":
			{
				"pitch": 0,
				"yaw": 109.99999914789977,
				"roll": 0
			},
			"bRandomRotation": false,
			"instanceId":
			{
				"guid": "6064632774375572264",
				"typeId": "5111011",
				"name": "None"
			}
		},
		"4":
		{
			"location":
			{
				"x": 44453.667022795067,
				"y": -18508.769968894776,
				"z": 5710.8792514009701
			},
			"rotation":
			{
				"pitch": 0,
				"yaw": 109.9999991478998,
				"roll": 0
			},
			"bRandomRotation": false,
			"instanceId":
			{
				"guid": "6064632774375572264",
				"typeId": "5111011",
				"name": "None"
			}
		},
		"5":
		{
			"location":
			{
				"x": 42629.870454649528,
				"y": -28239.124244889594,
				"z": 5839.7421721359724
			},
			"rotation":
			{
				"pitch": 0,
				"yaw": 169.99999868311784,
				"roll": 0
			},
			"bRandomRotation": false,
			"instanceId":
			{
				"guid": "6064632774375572264",
				"typeId": "5111011",
				"name": "None"
			}
		},
		"6":
		{
			"location":
			{
				"x": 46762.517550877179,
				"y": -23307.770455674967,
				"z": 6671.9946274822241
			},
			"rotation":
			{
				"pitch": 0,
				"yaw": -70.000002246446158,
				"roll": 0
			},
			"bRandomRotation": false,
			"instanceId":
			{
				"guid": "6064632774375572264",
				"typeId": "5111011",
				"name": "None"
			}
		},
		"7":
		{
			"location":
			{
				"x": 65471.244722075848,
				"y": -17007.338662046357,
				"z": 6686.3522505701376
			},
			"rotation":
			{
				"pitch": 0,
				"yaw": -140.00000170420049,
				"roll": 0
			},
			"bRandomRotation": false,
			"instanceId":
			{
				"guid": "6064632774375572264",
				"typeId": "5111011",
				"name": "None"
			}
		},
		"8":
		{
			"location":
			{
				"x": 62709.956980350777,
				"y": -11146.44780930737,
				"z": 3828.9222369427416
			},
			"rotation":
			{
				"pitch": 0,
				"yaw": -140.00000170420049,
				"roll": 0
			},
			"bRandomRotation": false,
			"instanceId":
			{
				"guid": "6064632774375572264",
				"typeId": "5111011",
				"name": "None"
			}
		},
		"9":
		{
			"location":
			{
				"x": 52078.085002876469,
				"y": -22680.560236313264,
				"z": 6401.2489745359044
			},
			"rotation":
			{
				"pitch": 0,
				"yaw": -70.000002246446158,
				"roll": 0
			},
			"bRandomRotation": false,
			"instanceId":
			{
				"guid": "6064632774379307821",
				"typeId": "5111011",
				"name": "None"
			}
		},
		"10":
		{
			"location":
			{
				"x": 96958.561756321287,
				"y": -10782.096955292276,
				"z": 5906.5054533841949
			},
			"rotation":
			{
				"pitch": 0,
				"yaw": 19.999997056380813,
				"roll": 0
			},
			"bRandomRotation": false,
			"instanceId":
			{
				"guid": "6064632774375572264",
				"typeId": "5111011",
				"name": "None"
			}
		},
		"11":
		{
			"location":
			{
				"x": 101767.01787168067,
				"y": -3205.7565045236843,
				"z": 4910.8524970303943
			},
			"rotation":
			{
				"pitch": 0,
				"yaw": 19.99999705638082,
				"roll": 0
			},
			"bRandomRotation": false,
			"instanceId":
			{
				"guid": "6064632774375572264",
				"typeId": "5111011",
				"name": "None"
			}
		},
		"12":
		{
			"location":
			{
				"x": 95845.96021489054,
				"y": 1769.8833991251886,
				"z": 5092.5400800384368
			},
			"rotation":
			{
				"pitch": 0,
				"yaw": 129.99999620428059,
				"roll": 0
			},
			"bRandomRotation": false,
			"instanceId":
			{
				"guid": "6064632774375572264",
				"typeId": "5111011",
				"name": "None"
			}
		},
		"13":
		{
			"location":
			{
				"x": 91953.200515598,
				"y": 1303.1589345659595,
				"z": 4837.1396089474301
			},
			"rotation":
			{
				"pitch": 0,
				"yaw": 149.99999604935326,
				"roll": 0
			},
			"bRandomRotation": false,
			"instanceId":
			{
				"guid": "6064632774375572264",
				"typeId": "5111011",
				"name": "None"
			}
		},
		"14":
		{
			"location":
			{
				"x": 86146.678877412196,
				"y": -9238.0407945084153,
				"z": 5475.5602643900138
			},
			"rotation":
			{
				"pitch": 0,
				"yaw": 159.99999597188963,
				"roll": 0
			},
			"bRandomRotation": false,
			"instanceId":
			{
				"guid": "6064632774375572264",
				"typeId": "5111011",
				"name": "None"
			}
		},
		"15":
		{
			"location":
			{
				"x": 90937.884195634164,
				"y": -11126.061738689314,
				"z": 5451.2699978764222
			},
			"rotation":
			{
				"pitch": 0,
				"yaw": 159.99999597188963,
				"roll": 0
			},
			"bRandomRotation": false,
			"instanceId":
			{
				"guid": "6064632774379307821",
				"typeId": "5111011",
				"name": "None"
			}
		}
	},
	"filterOverrideId":
	{
		"guid": "0",
		"typeId": "5111003",
		"name": "None"
	},
	"populationAreaId":
	{
		"guid": "0",
		"typeId": "5171420",
		"name": "None"
	},
	"timedDespawnId":
	{
		"guid": "0",
		"typeId": "5882300",
		"name": "None"
	},
	"overrideActivationRange": 0,
	"gameplayTags":
	{
		"gameplayTags": [],
		"parentTags": []
	},
	"alignmentOverridesIds": [],
	"guid": "6064632751588966400",
	"name": "SAN_Aithanahr_Wilderness_North_Pillars",
	"typeId": "5111005"
}