{
	"populationInstancesMap":
	{
		"1":
		{
			"location":
			{
				"x": -213352.437468827,
				"y": 52291.054453950725,
				"z": -409.13833154745953
			},
			"rotation":
			{
				"pitch": 0,
				"yaw": 177.93715002028287,
				"roll": 0
			},
			"bRandomRotation": false,
			"instanceId":
			{
				"guid": "6064630270761780653",
				"typeId": "5111011",
				"name": "None"
			}
		},
		"2":
		{
			"location":
			{
				"x": -213708.37507425656,
				"y": 51959.978691255674,
				"z": -412.97568972208137
			},
			"rotation":
			{
				"pitch": 0,
				"yaw": 115.39161213362476,
				"roll": 0
			},
			"bRandomRotation": false,
			"instanceId":
			{
				"guid": "6064630270761780640",
				"typeId": "5111011",
				"name": "None"
			}
		},
		"3":
		{
			"location":
			{
				"x": -213913.42334139731,
				"y": 52550.464592996635,
				"z": -412.36649363736069
			},
			"rotation":
			{
				"pitch": 0,
				"yaw": -3.7726952440561381,
				"roll": 0
			},
			"bRandomRotation": false,
			"instanceId":
			{
				"guid": "6064630270761780549",
				"typeId": "5111011",
				"name": "None"
			}
		},
		"4":
		{
			"location":
			{
				"x": -214140.6159779767,
				"y": 52295.482728033676,
				"z": -285.50015838031686
			},
			"rotation":
			{
				"pitch": 0,
				"yaw": 153.98335512244785,
				"roll": 0
			},
			"bRandomRotation": false,
			"instanceId":
			{
				"guid": "6064630532060479493",
				"typeId": "5111011",
				"name": "None"
			}
		},
		"5":
		{
			"location":
			{
				"x": -214158.5725070202,
				"y": 53057.923467850662,
				"z": -308.17654229079199
			},
			"rotation":
			{
				"pitch": 0,
				"yaw": -171.94638583335961,
				"roll": 0
			},
			"bRandomRotation": false,
			"instanceId":
			{
				"guid": "6064630656575209474",
				"typeId": "5111011",
				"name": "None"
			}
		},
		"6":
		{
			"location":
			{
				"x": -213557.09320301283,
				"y": 53007.186317852349,
				"z": -399.35477087373329
			},
			"rotation":
			{
				"pitch": 0,
				"yaw": 90.573074487424847,
				"roll": 0
			},
			"bRandomRotation": false,
			"instanceId":
			{
				"guid": "6064630270761780685",
				"typeId": "5111011",
				"name": "None"
			}
		},
		"7":
		{
			"location":
			{
				"x": -215052.29924434656,
				"y": 53480.652399411425,
				"z": -314.45371552008328
			},
			"rotation":
			{
				"pitch": 0,
				"yaw": 0,
				"roll": -0
			},
			"bRandomRotation": false,
			"instanceId":
			{
				"guid": "6064632393799958579",
				"typeId": "5111011",
				"name": "None"
			}
		}
	},
	"filterOverrideId":
	{
		"guid": "0",
		"typeId": "5111003",
		"name": "None"
	},
	"populationAreaId":
	{
		"guid": "0",
		"typeId": "5171420",
		"name": "None"
	},
	"timedDespawnId":
	{
		"guid": "0",
		"typeId": "5882300",
		"name": "None"
	},
	"overrideActivationRange": 0,
	"gameplayTags":
	{
		"gameplayTags": [],
		"parentTags": []
	},
	"alignmentOverridesIds": [],
	"guid": "6064630520624513055",
	"name": "ArtiasnshipPOI_Smithy",
	"typeId": "5111005"
}