{
	"populationInstancesMap":
	{
		"1":
		{
			"location":
			{
				"x": 4527.2142578272615,
				"y": -9687.271536057815,
				"z": 91.040743264094999
			},
			"rotation":
			{
				"pitch": 0,
				"yaw": 135.58365616286702,
				"roll": 0
			},
			"bRandomRotation": false,
			"instanceId":
			{
				"guid": "6064632745272148010",
				"typeId": "5111011",
				"name": "None"
			}
		},
		"2":
		{
			"location":
			{
				"x": 5194.2983260774054,
				"y": -8607.4570509782061,
				"z": 91.040704899654884
			},
			"rotation":
			{
				"pitch": 0,
				"yaw": -167.85998337941729,
				"roll": 0
			},
			"bRandomRotation": false,
			"instanceId":
			{
				"guid": "6064632745281978412",
				"typeId": "5111011",
				"name": "None"
			}
		},
		"3":
		{
			"location":
			{
				"x": 3833.6727431525942,
				"y": -10270.796470066067,
				"z": 91.040704899654884
			},
			"rotation":
			{
				"pitch": 0,
				"yaw": 10.043545037984138,
				"roll": 0
			},
			"bRandomRotation": false,
			"instanceId":
			{
				"guid": "6064632745284534317",
				"typeId": "5111011",
				"name": "None"
			}
		},
		"4":
		{
			"location":
			{
				"x": 6702.7293881883379,
				"y": -13941.270432456746,
				"z": 95.040766604624878
			},
			"rotation":
			{
				"pitch": 0,
				"yaw": 62.623989140695549,
				"roll": 0
			},
			"bRandomRotation": false,
			"instanceId":
			{
				"guid": "6064632745293774894",
				"typeId": "5111011",
				"name": "None"
			}
		},
		"5":
		{
			"location":
			{
				"x": 6378.0886756710242,
				"y": -11574.260303447372,
				"z": 95.040766604624878
			},
			"rotation":
			{
				"pitch": 0,
				"yaw": -51.108902950355962,
				"roll": 0
			},
			"bRandomRotation": false,
			"instanceId":
			{
				"guid": "6064632745295675439",
				"typeId": "5111011",
				"name": "None"
			}
		},
		"6":
		{
			"location":
			{
				"x": 6329.9026087096427,
				"y": -13225.05485735042,
				"z": 175.04076749574233
			},
			"rotation":
			{
				"pitch": 0,
				"yaw": -135.33010159670766,
				"roll": 0
			},
			"bRandomRotation": false,
			"instanceId":
			{
				"guid": "6064632745298427952",
				"typeId": "5111011",
				"name": "None"
			}
		},
		"7":
		{
			"location":
			{
				"x": 3063.3287959280424,
				"y": -14398.146096304874,
				"z": 109.34631282837108
			},
			"rotation":
			{
				"pitch": 0,
				"yaw": 137.46280352942892,
				"roll": 0
			},
			"bRandomRotation": false,
			"instanceId":
			{
				"guid": "6064632744431124489",
				"typeId": "5111011",
				"name": "None"
			}
		},
		"8":
		{
			"location":
			{
				"x": 5155.0843282272108,
				"y": -16533.571651766542,
				"z": 109.34631282837108
			},
			"rotation":
			{
				"pitch": 0,
				"yaw": -47.923558752783606,
				"roll": 0
			},
			"bRandomRotation": false,
			"instanceId":
			{
				"guid": "6064632744431124489",
				"typeId": "5111011",
				"name": "None"
			}
		},
		"9":
		{
			"location":
			{
				"x": 1280.6932617179118,
				"y": -18226.141846398474,
				"z": 109.34631282837108
			},
			"rotation":
			{
				"pitch": 0,
				"yaw": 54.535799119738627,
				"roll": 0
			},
			"bRandomRotation": false,
			"instanceId":
			{
				"guid": "6064632744431124489",
				"typeId": "5111011",
				"name": "None"
			}
		},
		"10":
		{
			"location":
			{
				"x": -2373.0692589166574,
				"y": -14910.360787771293,
				"z": 126.65569189640883
			},
			"rotation":
			{
				"pitch": 0,
				"yaw": -45.328301764312933,
				"roll": 0
			},
			"bRandomRotation": false,
			"instanceId":
			{
				"guid": "6064632745311600692",
				"typeId": "5111011",
				"name": "None"
			}
		},
		"11":
		{
			"location":
			{
				"x": 3890.8208146283869,
				"y": -21260.66058778658,
				"z": 126.65569189640883
			},
			"rotation":
			{
				"pitch": 0,
				"yaw": 132.18191966548116,
				"roll": 0
			},
			"bRandomRotation": false,
			"instanceId":
			{
				"guid": "6064632745311600692",
				"typeId": "5111011",
				"name": "None"
			}
		}
	},
	"filterOverrideId":
	{
		"guid": "0",
		"typeId": "5111003",
		"name": "None"
	},
	"populationAreaId":
	{
		"guid": "0",
		"typeId": "5171420",
		"name": "None"
	},
	"timedDespawnId":
	{
		"guid": "0",
		"typeId": "5882300",
		"name": "None"
	},
	"overrideActivationRange": 0,
	"gameplayTags":
	{
		"gameplayTags": [],
		"parentTags": []
	},
	"alignmentOverridesIds": [],
	"guid": "6064632745272148009",
	"name": "PopSet_BefallenForge_Dunir_MagmaGolem_Skeleton",
	"typeId": "5111005"
}