{
	"populationInstancesMap":
	{
		"1":
		{
			"location":
			{
				"x": 1050.8348094103858,
				"y": -5763.9783312685322,
				"z": 1621.608376367185
			},
			"rotation":
			{
				"pitch": 0,
				"yaw": -39.999999690145394,
				"roll": 0
			},
			"bRandomRotation": false,
			"instanceId":
			{
				"guid": "6064632587023351812",
				"typeId": "5111011",
				"name": "None"
			}
		},
		"2":
		{
			"location":
			{
				"x": 1212.3006259487011,
				"y": -20171.882093457156,
				"z": 2139.0464341308543
			},
			"rotation":
			{
				"pitch": 0,
				"yaw": 19.999999845072615,
				"roll": 0
			},
			"bRandomRotation": false,
			"instanceId":
			{
				"guid": "6064632587030560773",
				"typeId": "5111011",
				"name": "None"
			}
		},
		"3":
		{
			"location":
			{
				"x": -10841.853125459282,
				"y": -22195.908162293606,
				"z": 2255.8218350742045
			},
			"rotation":
			{
				"pitch": 0,
				"yaw": -49.999999612681783,
				"roll": 0
			},
			"bRandomRotation": false,
			"instanceId":
			{
				"guid": "6064632587030560773",
				"typeId": "5111011",
				"name": "None"
			}
		},
		"4":
		{
			"location":
			{
				"x": -13960.284107486485,
				"y": -7338.4983959706733,
				"z": 1639.9541203281206
			},
			"rotation":
			{
				"pitch": 0,
				"yaw": 90.000002091519008,
				"roll": 0
			},
			"bRandomRotation": false,
			"instanceId":
			{
				"guid": "6064632587030560773",
				"typeId": "5111011",
				"name": "None"
			}
		},
		"5":
		{
			"location":
			{
				"x": -40.284107486484572,
				"y": 8271.5016040293267,
				"z": 4504.5157437656108
			},
			"rotation":
			{
				"pitch": 0,
				"yaw": 10.000002711228236,
				"roll": 0
			},
			"bRandomRotation": false,
			"instanceId":
			{
				"guid": "6064632587030560773",
				"typeId": "5111011",
				"name": "None"
			}
		},
		"6":
		{
			"location":
			{
				"x": -3837.8746087669861,
				"y": -2785.9305745820748,
				"z": 2397.4684584140432
			},
			"rotation":
			{
				"pitch": 0,
				"yaw": 10.000002711228237,
				"roll": 0
			},
			"bRandomRotation": false,
			"instanceId":
			{
				"guid": "6064632587030560773",
				"typeId": "5111011",
				"name": "None"
			}
		},
		"7":
		{
			"location":
			{
				"x": 16258.284068874316,
				"y": 11145.379715663265,
				"z": 236.1992933749807
			},
			"rotation":
			{
				"pitch": 0,
				"yaw": -39.999996901453649,
				"roll": 0
			},
			"bRandomRotation": false,
			"instanceId":
			{
				"guid": "6064632587030560773",
				"typeId": "5111011",
				"name": "None"
			}
		},
		"8":
		{
			"location":
			{
				"x": 10299.923052824335,
				"y": 29029.40705858625,
				"z": 1462.3207617831886
			},
			"rotation":
			{
				"pitch": 0,
				"yaw": -149.99999604935329,
				"roll": 0
			},
			"bRandomRotation": false,
			"instanceId":
			{
				"guid": "6064632587030560773",
				"typeId": "5111011",
				"name": "None"
			}
		},
		"9":
		{
			"location":
			{
				"x": -6989.6294227798935,
				"y": 20155.790254073567,
				"z": 2499.55505367771
			},
			"rotation":
			{
				"pitch": 0,
				"yaw": -9.9999971338446016,
				"roll": 0
			},
			"bRandomRotation": false,
			"instanceId":
			{
				"guid": "6064632587030560773",
				"typeId": "5111011",
				"name": "None"
			}
		},
		"10":
		{
			"location":
			{
				"x": -6040.724979194114,
				"y": 40682.867015194497,
				"z": 3233.5685814120752
			},
			"rotation":
			{
				"pitch": 0,
				"yaw": -69.999996669062739,
				"roll": 0
			},
			"bRandomRotation": false,
			"instanceId":
			{
				"guid": "6064632587030560773",
				"typeId": "5111011",
				"name": "None"
			}
		},
		"11":
		{
			"location":
			{
				"x": 17776.543012705864,
				"y": 45329.05312877649,
				"z": 1379.4679734042675
			},
			"rotation":
			{
				"pitch": 0,
				"yaw": -39.999996901453699,
				"roll": 0
			},
			"bRandomRotation": false,
			"instanceId":
			{
				"guid": "6064632587030560773",
				"typeId": "5111011",
				"name": "None"
			}
		},
		"12":
		{
			"location":
			{
				"x": 28695.292551111663,
				"y": 25998.013101980439,
				"z": 2422.6223702792722
			},
			"rotation":
			{
				"pitch": 0,
				"yaw": 80.000002168982164,
				"roll": 0
			},
			"bRandomRotation": false,
			"instanceId":
			{
				"guid": "6064632587030560773",
				"typeId": "5111011",
				"name": "None"
			}
		},
		"13":
		{
			"location":
			{
				"x": 31081.179074020823,
				"y": 2384.9733675498283,
				"z": 670.29224801362761
			},
			"rotation":
			{
				"pitch": 0,
				"yaw": 80.000002168982164,
				"roll": 0
			},
			"bRandomRotation": false,
			"instanceId":
			{
				"guid": "6064632587030560773",
				"typeId": "5111011",
				"name": "None"
			}
		},
		"14":
		{
			"location":
			{
				"x": 19398.59622785938,
				"y": -8989.1665138901444,
				"z": 2053.9874163730074
			},
			"rotation":
			{
				"pitch": 0,
				"yaw": -9.9999971338448272,
				"roll": 0
			},
			"bRandomRotation": false,
			"instanceId":
			{
				"guid": "6064632587030560773",
				"typeId": "5111011",
				"name": "None"
			}
		},
		"15":
		{
			"location":
			{
				"x": 26543.921697606565,
				"y": -24556.440646872041,
				"z": 2158.3820476230121
			},
			"rotation":
			{
				"pitch": 0,
				"yaw": -129.99999620428085,
				"roll": 0
			},
			"bRandomRotation": false,
			"instanceId":
			{
				"guid": "6064632587030560773",
				"typeId": "5111011",
				"name": "None"
			}
		},
		"16":
		{
			"location":
			{
				"x": 13838.091746513033,
				"y": -21851.574223253527,
				"z": 1890.3126408359331
			},
			"rotation":
			{
				"pitch": 0,
				"yaw": 59.999999535217881,
				"roll": 0
			},
			"bRandomRotation": false,
			"instanceId":
			{
				"guid": "6064632587030560773",
				"typeId": "5111011",
				"name": "None"
			}
		},
		"17":
		{
			"location":
			{
				"x": -16041.085092713824,
				"y": -35135.107787876041,
				"z": 1917.8983510898197
			},
			"rotation":
			{
				"pitch": 0,
				"yaw": 39.999999690145025,
				"roll": 0
			},
			"bRandomRotation": false,
			"instanceId":
			{
				"guid": "6064632587030560773",
				"typeId": "5111011",
				"name": "None"
			}
		},
		"18":
		{
			"location":
			{
				"x": -28347.15641681361,
				"y": -25214.26061809354,
				"z": 2596.1787024570167
			},
			"rotation":
			{
				"pitch": 0,
				"yaw": 39.999999690145053,
				"roll": 0
			},
			"bRandomRotation": false,
			"instanceId":
			{
				"guid": "6064632587030560773",
				"typeId": "5111011",
				"name": "None"
			}
		},
		"19":
		{
			"location":
			{
				"x": -28746.1212027648,
				"y": -9834.6298662420595,
				"z": 2600.2414795688182
			},
			"rotation":
			{
				"pitch": 0,
				"yaw": -19.999999845072921,
				"roll": 0
			},
			"bRandomRotation": false,
			"instanceId":
			{
				"guid": "6064632587030560773",
				"typeId": "5111011",
				"name": "None"
			}
		},
		"20":
		{
			"location":
			{
				"x": -28117.775003817631,
				"y": 3089.908077308326,
				"z": 2075.1159692172605
			},
			"rotation":
			{
				"pitch": 0,
				"yaw": 19.99999984507242,
				"roll": 0
			},
			"bRandomRotation": false,
			"instanceId":
			{
				"guid": "6064632587030560773",
				"typeId": "5111011",
				"name": "None"
			}
		},
		"21":
		{
			"location":
			{
				"x": -22660.955319168279,
				"y": 17452.415481282747,
				"z": 2750.4344285922507
			},
			"rotation":
			{
				"pitch": 0,
				"yaw": -39.999999690145678,
				"roll": 0
			},
			"bRandomRotation": false,
			"instanceId":
			{
				"guid": "6064632587030560773",
				"typeId": "5111011",
				"name": "None"
			}
		},
		"22":
		{
			"location":
			{
				"x": -16728.654748531291,
				"y": 7735.995876325178,
				"z": 2890.6628000766159
			},
			"rotation":
			{
				"pitch": 0,
				"yaw": 150.00000162673638,
				"roll": 0
			},
			"bRandomRotation": false,
			"instanceId":
			{
				"guid": "6064632587030560773",
				"typeId": "5111011",
				"name": "None"
			}
		},
		"23":
		{
			"location":
			{
				"x": 6046.3441314802039,
				"y": 47183.453665332287,
				"z": 1645.4072848422456
			},
			"rotation":
			{
				"pitch": 0,
				"yaw": 150.00000162673638,
				"roll": 0
			},