{
	"populationInstancesMap":
	{
		"1":
		{
			"location":
			{
				"x": -575.11780614973895,
				"y": -564.2560943904449,
				"z": -1.2555118360069173e-05
			},
			"rotation":
			{
				"pitch": 0,
				"yaw": 91.637159272621986,
				"roll": 0
			},
			"bRandomRotation": false,
			"instanceId":
			{
				"guid": "6064630270761777489",
				"typeId": "5111011",
				"name": "None"
			}
		},
		"2":
		{
			"location":
			{
				"x": -679.89319708121843,
				"y": 404.40027379038071,
				"z": 96.000002665011721
			},
			"rotation":
			{
				"pitch": 0,
				"yaw": -39.629190078294648,
				"roll": 0
			},
			"bRandomRotation": false,
			"instanceId":
			{
				"guid": "6064630270761777492",
				"typeId": "5111011",
				"name": "None"
			}
		},
		"3":
		{
			"location":
			{
				"x": 142.43245339201709,
				"y": -391.32028469610327,
				"z": -8.0436047937837429e-06
			},
			"rotation":
			{
				"pitch": 0,
				"yaw": 180,
				"roll": 0
			},
			"bRandomRotation": false,
			"instanceId":
			{
				"guid": "6064630270761777495",
				"typeId": "5111011",
				"name": "None"
			}
		},
		"4":
		{
			"location":
			{
				"x": -1182.7798122764052,
				"y": 1206.6606976469541,
				"z": -1.8067926760068076e-05
			},
			"rotation":
			{
				"pitch": 0,
				"yaw": 2.5834367575913668,
				"roll": 0
			},
			"bRandomRotation": false,
			"instanceId":
			{
				"guid": "6064630270761777501",
				"typeId": "5111011",
				"name": "None"
			}
		},
		"5":
		{
			"location":
			{
				"x": 264.8259803775976,
				"y": 1131.2615341646924,
				"z": 96.000012212254489
			},
			"rotation":
			{
				"pitch": 0,
				"yaw": 102.01546632954886,
				"roll": 0
			},
			"bRandomRotation": false,
			"instanceId":
			{
				"guid": "6064630656835911681",
				"typeId": "5111011",
				"name": "None"
			}
		},
		"6":
		{
			"location":
			{
				"x": -387.76007208192158,
				"y": 1144.2901562200229,
				"z": 96.000002567004117
			},
			"rotation":
			{
				"pitch": 0,
				"yaw": 115.18899461281343,
				"roll": 0
			},
			"bRandomRotation": false,
			"instanceId":
			{
				"guid": "6064632315652734982",
				"typeId": "5111011",
				"name": "None"
			}
		},
		"7":
		{
			"location":
			{
				"x": -1189.2645471128158,
				"y": -507.2778076656079,
				"z": 95.99997723923309
			},
			"rotation":
			{
				"pitch": 0,
				"yaw": 49.958775537370492,
				"roll": 0
			},
			"bRandomRotation": false,
			"instanceId":
			{
				"guid": "6064632315663613959",
				"typeId": "5111011",
				"name": "None"
			}
		}
	},
	"filterOverrideId":
	{
		"guid": "0",
		"typeId": "5111003",
		"name": "None"
	},
	"populationAreaId":
	{
		"guid": "0",
		"typeId": "5171420",
		"name": "None"
	},
	"timedDespawnId":
	{
		"guid": "0",
		"typeId": "5882300",
		"name": "None"
	},
	"overrideActivationRange": 0,
	"gameplayTags":
	{
		"gameplayTags": [],
		"parentTags": []
	},
	"alignmentOverridesIds": [],
	"guid": "6064630270761777488",
	"name": "ServiceBuilding_L3_AgriculturalSupply_Operational",
	"typeId": "5111005"
}