{
	"populationInstancesMap":
	{
		"1":
		{
			"location":
			{
				"x": 14047.611337344046,
				"y": 11282.201625467394,
				"z": -1889.087303047294
			},
			"rotation":
			{
				"pitch": -0,
				"yaw": -24.940496342863362,
				"roll": 0
			},
			"bRandomRotation": false,
			"instanceId":
			{
				"guid": "6064631266495234051",
				"typeId": "5111011",
				"name": "None"
			}
		},
		"2":
		{
			"location":
			{
				"x": 14158.680346958106,
				"y": 12432.735461113742,
				"z": -1748.7326029816541
			},
			"rotation":
			{
				"pitch": 0,
				"yaw": 168.05704460364265,
				"roll": -0
			},
			"bRandomRotation": false,
			"instanceId":
			{
				"guid": "6064631272791539721",
				"typeId": "5111011",
				"name": "None"
			}
		},
		"3":
		{
			"location":
			{
				"x": 12757.319755884819,
				"y": 12968.254042667104,
				"z": -1744.8161565664341
			},
			"rotation":
			{
				"pitch": 0,
				"yaw": 0,
				"roll": 0
			},
			"bRandomRotation": false,
			"instanceId":
			{
				"guid": "6064631272791539721",
				"typeId": "5111011",
				"name": "None"
			}
		},
		"4":
		{
			"location":
			{
				"x": 16593.886216228362,
				"y": 11827.766149298055,
				"z": -1992.7714295792321
			},
			"rotation":
			{
				"pitch": -0,
				"yaw": -164.09574284540392,
				"roll": 0
			},
			"bRandomRotation": false,
			"instanceId":
			{
				"guid": "6064631273725034498",
				"typeId": "5111011",
				"name": "None"
			}
		},
		"5":
		{
			"location":
			{
				"x": 17636.294091345975,
				"y": 11262.19778127037,
				"z": -2029.7349730041624
			},
			"rotation":
			{
				"pitch": -0,
				"yaw": -142.27949654229707,
				"roll": 0
			},
			"bRandomRotation": false,
			"instanceId":
			{
				"guid": "6064631273582100491",
				"typeId": "5111011",
				"name": "None"
			}
		},
		"6":
		{
			"location":
			{
				"x": 18626.961987128132,
				"y": 11051.850915815681,
				"z": -1889.595565781523
			},
			"rotation":
			{
				"pitch": 0,
				"yaw": 154.19032826700183,
				"roll": -0
			},
			"bRandomRotation": false,
			"instanceId":
			{
				"guid": "6064631273582100491",
				"typeId": "5111011",
				"name": "None"
			}
		},
		"7":
		{
			"location":
			{
				"x": 18486.86633590539,
				"y": 12916.20126122178,
				"z": -2100.2732552963862
			},
			"rotation":
			{
				"pitch": -0,
				"yaw": -133.82337197093511,
				"roll": 0
			},
			"bRandomRotation": false,
			"instanceId":
			{
				"guid": "6064631272808054798",
				"typeId": "5111011",
				"name": "None"
			}
		},
		"8":
		{
			"location":
			{
				"x": 9691.4293440075126,
				"y": 15587.562014906434,
				"z": -2104.7569078062479
			},
			"rotation":
			{
				"pitch": -0,
				"yaw": -96.079999770246516,
				"roll": 0
			},
			"bRandomRotation": false,
			"instanceId":
			{
				"guid": "6064631272808054798",
				"typeId": "5111011",
				"name": "None"
			}
		},
		"9":
		{
			"location":
			{
				"x": 10349.27191682416,
				"y": 15402.074057846679,
				"z": -2104.7569005961977
			},
			"rotation":
			{
				"pitch": -0,
				"yaw": -127.11144213711357,
				"roll": 0
			},
			"bRandomRotation": false,
			"instanceId":
			{
				"guid": "6064631272808054798",
				"typeId": "5111011",
				"name": "None"
			}
		},
		"10":
		{
			"location":
			{
				"x": 12500.799823778798,
				"y": 8190.3211972946301,
				"z": -2254.5061075176891
			},
			"rotation":
			{
				"pitch": 0,
				"yaw": 172.30164735888573,
				"roll": -0
			},
			"bRandomRotation": false,
			"instanceId":
			{
				"guid": "6064631272791539721",
				"typeId": "5111011",
				"name": "None"
			}
		},
		"11":
		{
			"location":
			{
				"x": 13986.153693278902,
				"y": 15983.682510822662,
				"z": -1063.0378285958905
			},
			"rotation":
			{
				"pitch": 0,
				"yaw": 0,
				"roll": 0
			},
			"bRandomRotation": false,
			"instanceId":
			{
				"guid": "6064631272791539721",
				"typeId": "5111011",
				"name": "None"
			}
		},
		"12":
		{
			"location":
			{
				"x": 15183.09976646502,
				"y": 15569.967562210397,
				"z": -1065.9939798904397
			},
			"rotation":
			{
				"pitch": 0,
				"yaw": 173.33264533972829,
				"roll": -0
			},
			"bRandomRotation": false,
			"instanceId":
			{
				"guid": "6064631272791539721",
				"typeId": "5111011",
				"name": "None"
			}
		},
		"13":
		{
			"location":
			{
				"x": 17270.434436655138,
				"y": 15782.254408085835,
				"z": -790.12259468318189
			},
			"rotation":
			{
				"pitch": 0,
				"yaw": 161.66951077000687,
				"roll": -0
			},
			"bRandomRotation": false,
			"instanceId":
			{
				"guid": "6064631273725034498",
				"typeId": "5111011",
				"name": "None"
			}
		}
	},
	"filterOverrideId":
	{
		"guid": "0",
		"typeId": "5111003",
		"name": "None"
	},
	"populationAreaId":
	{
		"guid": "0",
		"typeId": "5171420",
		"name": "None"
	},
	"timedDespawnId":
	{
		"guid": "0",
		"typeId": "5882300",
		"name": "None"
	},
	"overrideActivationRange": 0,
	"gameplayTags":
	{
		"gameplayTags": [],
		"parentTags": []
	},
	"alignmentOverridesIds": [],
	"guid": "6064631386230556189",
	"name": "RVR_Oakenbane_Goblin_Destructibles_Outer",
	"typeId": "5111005"
}