{
	"populationInstancesMap":
	{
		"1":
		{
			"location":
			{
				"x": 3227.4898477734532,
				"y": 508.15884099699906,
				"z": 659.20721547030917
			},
			"rotation":
			{
				"pitch": 0,
				"yaw": 100.00000201405551,
				"roll": -0
			},
			"bRandomRotation": false,
			"instanceId":
			{
				"guid": "6064630270761777607",
				"typeId": "5111011",
				"name": "None"
			}
		},
		"2":
		{
			"location":
			{
				"x": 3198.7886878163554,
				"y": 721.85657371053821,
				"z": 69.709583203926741
			},
			"rotation":
			{
				"pitch": 0,
				"yaw": 9.9999999225364959,
				"roll": -0
			},
			"bRandomRotation": false,
			"instanceId":
			{
				"guid": "6064630270761777610",
				"typeId": "5111011",
				"name": "None"
			}
		},
		"3":
		{
			"location":
			{
				"x": 3485.7775182188489,
				"y": 888.87471622522571,
				"z": 1331.7382189913515
			},
			"rotation":
			{
				"pitch": 0,
				"yaw": 130.00000178166439,
				"roll": -0
			},
			"bRandomRotation": false,
			"instanceId":
			{
				"guid": "6064630270761777613",
				"typeId": "5111011",
				"name": "None"
			}
		},
		"4":
		{
			"location":
			{
				"x": 3394.936899320106,
				"y": 95.995206639636308,
				"z": -18.464654427927599
			},
			"rotation":
			{
				"pitch": -0,
				"yaw": -59.99999953521796,
				"roll": 0
			},
			"bRandomRotation": false,
			"instanceId":
			{
				"guid": "6064630270761777616",
				"typeId": "5111011",
				"name": "None"
			}
		},
		"5":
		{
			"location":
			{
				"x": 3935.9572831016267,
				"y": 1578.127865488641,
				"z": -230.86381801186508
			},
			"rotation":
			{
				"pitch": -0,
				"yaw": -59.999999535218009,
				"roll": 0
			},
			"bRandomRotation": false,
			"instanceId":
			{
				"guid": "6064630270761777619",
				"typeId": "5111011",
				"name": "None"
			}
		},
		"6":
		{
			"location":
			{
				"x": 1411.2677971110679,
				"y": 1120.9310501103755,
				"z": -207.52864517569105
			},
			"rotation":
			{
				"pitch": 0,
				"yaw": 0,
				"roll": -0
			},
			"bRandomRotation": false,
			"instanceId":
			{
				"guid": "6064630270761778380",
				"typeId": "5111011",
				"name": "None"
			}
		},
		"7":
		{
			"location":
			{
				"x": 5043.0827202703804,
				"y": 4.2010770802153274,
				"z": -295.99649175403465
			},
			"rotation":
			{
				"pitch": 0,
				"yaw": 170.0000014718099,
				"roll": -0
			},
			"bRandomRotation": false,
			"instanceId":
			{
				"guid": "6064630270761778380",
				"typeId": "5111011",
				"name": "None"
			}
		},
		"8":
		{
			"location":
			{
				"x": 4464.7057320935419,
				"y": 1830.8662922653893,
				"z": -356.12614700912673
			},
			"rotation":
			{
				"pitch": 0,
				"yaw": 89.999999302826964,
				"roll": -0
			},
			"bRandomRotation": false,
			"instanceId":
			{
				"guid": "6064630270761778380",
				"typeId": "5111011",
				"name": "None"
			}
		},
		"9":
		{
			"location":
			{
				"x": -1170.5836625657976,
				"y": 206.68678235492553,
				"z": -643.78989655857367
			},
			"rotation":
			{
				"pitch": -0,
				"yaw": -149.99999883804492,
				"roll": 0
			},
			"bRandomRotation": false,
			"instanceId":
			{
				"guid": "6064630270761778380",
				"typeId": "5111011",
				"name": "None"
			}
		},
		"10":
		{
			"location":
			{
				"x": -1488.5737751527922,
				"y": -1167.3575391538034,
				"z": -1041.5571220614984
			},
			"rotation":
			{
				"pitch": 0,
				"yaw": 160.00000154927338,
				"roll": -0
			},
			"bRandomRotation": false,
			"instanceId":
			{
				"guid": "6064630270761778380",
				"typeId": "5111011",
				"name": "None"
			}
		}
	},
	"filterOverrideId":
	{
		"guid": "0",
		"typeId": "5111003",
		"name": "None"
	},
	"populationAreaId":
	{
		"guid": "0",
		"typeId": "5171420",
		"name": "None"
	},
	"timedDespawnId":
	{
		"guid": "0",
		"typeId": "5882300",
		"name": "None"
	},
	"overrideActivationRange": 0,
	"gameplayTags":
	{
		"gameplayTags": [],
		"parentTags": []
	},
	"alignmentOverridesIds": [],
	"guid": "6064630270761777606",
	"name": "MISS_0015_TPT_Phase03_TowerArcana",
	"typeId": "5111005"
}