{
	"populationInstancesMap":
	{
		"1":
		{
			"location":
			{
				"x": -4522.9484428699361,
				"y": -8687.6064993204782,
				"z": -6496.7927443496901
			},
			"rotation":
			{
				"pitch": 0,
				"yaw": 0,
				"roll": -0
			},
			"bRandomRotation": false,
			"instanceId":
			{
				"guid": "6064631714701443076",
				"typeId": "5111011",
				"name": "None"
			}
		},
		"2":
		{
			"location":
			{
				"x": -9402.7688439256744,
				"y": 439.01732145517599,
				"z": -4508.2228722689542
			},
			"rotation":
			{
				"pitch": 0,
				"yaw": -60.94166569133499,
				"roll": 0
			},
			"bRandomRotation": false,
			"instanceId":
			{
				"guid": "6064631714701443076",
				"typeId": "5111011",
				"name": "None"
			}
		},
		"3":
		{
			"location":
			{
				"x": -6936.7810850829119,
				"y": 4368.9940290688537,
				"z": -3479.6305962864026
			},
			"rotation":
			{
				"pitch": 0,
				"yaw": -122.51463410384677,
				"roll": 0
			},
			"bRandomRotation": false,
			"instanceId":
			{
				"guid": "6064631714701443076",
				"typeId": "5111011",
				"name": "None"
			}
		},
		"4":
		{
			"location":
			{
				"x": 2853.7299998542294,
				"y": 2166.0930275375722,
				"z": -572.56795079918811
			},
			"rotation":
			{
				"pitch": 0,
				"yaw": -122.51463410384677,
				"roll": 0
			},
			"bRandomRotation": false,
			"instanceId":
			{
				"guid": "6064631714701443076",
				"typeId": "5111011",
				"name": "None"
			}
		},
		"5":
		{
			"location":
			{
				"x": -3958.1136034098454,
				"y": 7389.5704557287972,
				"z": -2746.9666040730845
			},
			"rotation":
			{
				"pitch": 0,
				"yaw": -61.85556983785289,
				"roll": 0
			},
			"bRandomRotation": false,
			"instanceId":
			{
				"guid": "6064631714701443076",
				"typeId": "5111011",
				"name": "None"
			}
		},
		"6":
		{
			"location":
			{
				"x": -246.65833192842547,
				"y": 1750.7695322008803,
				"z": 9.9612099485348153
			},
			"rotation":
			{
				"pitch": 0,
				"yaw": -74.218477693531653,
				"roll": 0
			},
			"bRandomRotation": false,
			"instanceId":
			{
				"guid": "6064631714701443076",
				"typeId": "5111011",
				"name": "None"
			}
		},
		"7":
		{
			"location":
			{
				"x": -857.97166061855387,
				"y": 544.1663588299416,
				"z": 9.961206373944151
			},
			"rotation":
			{
				"pitch": 0,
				"yaw": -74.218477693531653,
				"roll": 0
			},
			"bRandomRotation": false,
			"instanceId":
			{
				"guid": "6064631714701443076",
				"typeId": "5111011",
				"name": "None"
			}
		},
		"8":
		{
			"location":
			{
				"x": -4192.8371423742501,
				"y": -1.318814022350125,
				"z": 9.9612146804938675
			},
			"rotation":
			{
				"pitch": 0,
				"yaw": -74.218477693531653,
				"roll": 0
			},
			"bRandomRotation": false,
			"instanceId":
			{
				"guid": "6064631714701443076",
				"typeId": "5111011",
				"name": "None"
			}
		},
		"9":
		{
			"location":
			{
				"x": -3993.8635230088839,
				"y": -2186.7475904386956,
				"z": 615.4073232495939
			},
			"rotation":
			{
				"pitch": 0,
				"yaw": -47.253896058922457,
				"roll": 0
			},
			"bRandomRotation": false,
			"instanceId":
			{
				"guid": "6064631714701443076",
				"typeId": "5111011",
				"name": "None"
			}
		},
		"10":
		{
			"location":
			{
				"x": -1799.46444111038,
				"y": -1979.423243353609,
				"z": 9.9611980137342471
			},
			"rotation":
			{
				"pitch": 0,
				"yaw": -47.253896058922457,
				"roll": 0
			},
			"bRandomRotation": false,
			"instanceId":
			{
				"guid": "6064631714701443076",
				"typeId": "5111011",
				"name": "None"
			}
		},
		"11":
		{
			"location":
			{
				"x": -4283.825604478945,
				"y": 2037.0499221432256,
				"z": -0.95332756877905922
			},
			"rotation":
			{
				"pitch": 0,
				"yaw": 135.16278035024206,
				"roll": 0
			},
			"bRandomRotation": false,
			"instanceId":
			{
				"guid": "6064631720380531274",
				"typeId": "5111011",
				"name": "None"
			}
		}
	},
	"filterOverrideId":
	{
		"guid": "0",
		"typeId": "5111003",
		"name": "None"
	},
	"populationAreaId":
	{
		"guid": "0",
		"typeId": "5171420",
		"name": "None"
	},
	"timedDespawnId":
	{
		"guid": "0",
		"typeId": "5882300",
		"name": "None"
	},
	"overrideActivationRange": 0,
	"gameplayTags":
	{
		"gameplayTags": [],
		"parentTags": []
	},
	"alignmentOverridesIds": [],
	"guid": "6064631714701443075",
	"name": "RVR_COMM_NikaBraeCarePackage",
	"typeId": "5111005"
}