{
	"populationInstancesMap":
	{
		"1":
		{
			"location":
			{
				"x": -6108.7836199888261,
				"y": 6136.8002845796291,
				"z": 3718.9659358478493
			},
			"rotation":
			{
				"pitch": 0,
				"yaw": 89.323380345605813,
				"roll": 0
			},
			"bRandomRotation": false,
			"instanceId":
			{
				"guid": "6064632190547263507",
				"typeId": "5111011",
				"name": "None"
			}
		},
		"2":
		{
			"location":
			{
				"x": -8229.2581145493314,
				"y": 6294.5128447078168,
				"z": 3767.1906470510658
			},
			"rotation":
			{
				"pitch": 0,
				"yaw": 58.746764924557105,
				"roll": -0
			},
			"bRandomRotation": false,
			"instanceId":
			{
				"guid": "6064632190646682112",
				"typeId": "5111011",
				"name": "None"
			}
		},
		"3":
		{
			"location":
			{
				"x": -5314.841702425736,
				"y": 6110.5501597059192,
				"z": 3714.8426253985999
			},
			"rotation":
			{
				"pitch": 0,
				"yaw": 89.323380345605813,
				"roll": 0
			},
			"bRandomRotation": false,
			"instanceId":
			{
				"guid": "6064632190654218753",
				"typeId": "5111011",
				"name": "None"
			}
		},
		"4":
		{
			"location":
			{
				"x": -11102.366525291698,
				"y": 6128.7199026137823,
				"z": 3708.2876559996657
			},
			"rotation":
			{
				"pitch": 0,
				"yaw": 96.312917332460671,
				"roll": -0
			},
			"bRandomRotation": false,
			"instanceId":
			{
				"guid": "6064632190657233410",
				"typeId": "5111011",
				"name": "None"
			}
		},
		"5":
		{
			"location":
			{
				"x": -10322.366525291698,
				"y": 6128.7199026137823,
				"z": 3708.2876559996657
			},
			"rotation":
			{
				"pitch": 0,
				"yaw": 106.56302962151844,
				"roll": -0
			},
			"bRandomRotation": false,
			"instanceId":
			{
				"guid": "6064632190673158659",
				"typeId": "5111011",
				"name": "None"
			}
		},
		"6":
		{
			"location":
			{
				"x": -7313.7836199888261,
				"y": 6136.8002845796291,
				"z": 3718.9659358478493
			},
			"rotation":
			{
				"pitch": 0,
				"yaw": 87.79681011015613,
				"roll": -0
			},
			"bRandomRotation": false,
			"instanceId":
			{
				"guid": "6064632190676173316",
				"typeId": "5111011",
				"name": "None"
			}
		},
		"7":
		{
			"location":
			{
				"x": -1726.2274871063419,
				"y": 6143.73669426376,
				"z": 3703.4748807209653
			},
			"rotation":
			{
				"pitch": 0,
				"yaw": 89.323380345605813,
				"roll": 0
			},
			"bRandomRotation": false,
			"instanceId":
			{
				"guid": "6064632190680498693",
				"typeId": "5111011",
				"name": "None"
			}
		},
		"8":
		{
			"location":
			{
				"x": -1139.6261023785919,
				"y": 6139.9427425131435,
				"z": 3710.5480318430746
			},
			"rotation":
			{
				"pitch": 0,
				"yaw": 89.323380345605813,
				"roll": 0
			},
			"bRandomRotation": false,
			"instanceId":
			{
				"guid": "6064632190685282822",
				"typeId": "5111011",
				"name": "None"
			}
		},
		"9":
		{
			"location":
			{
				"x": -3067.4396080463193,
				"y": 7569.8709741266211,
				"z": 3734.4840733499186
			},
			"rotation":
			{
				"pitch": 0,
				"yaw": 70.464949984549349,
				"roll": -0
			},
			"bRandomRotation": false,
			"instanceId":
			{
				"guid": "6064632190688559623",
				"typeId": "5111011",
				"name": "None"
			}
		},
		"10":
		{
			"location":
			{
				"x": 4204.890370337991,
				"y": 8879.7939431706909,
				"z": 3702.4455803427336
			},
			"rotation":
			{
				"pitch": 0,
				"yaw": 171.6757869344097,
				"roll": -0
			},
			"bRandomRotation": false,
			"instanceId":
			{
				"guid": "6064632190692098568",
				"typeId": "5111011",
				"name": "None"
			}
		},
		"11":
		{
			"location":
			{
				"x": 4193.3356289149961,
				"y": 8294.9020967357792,
				"z": 3696.5221912120869
			},
			"rotation":
			{
				"pitch": 0,
				"yaw": 179.82053108590512,
				"roll": -0
			},
			"bRandomRotation": false,
			"instanceId":
			{
				"guid": "6064632190695965193",
				"typeId": "5111011",
				"name": "None"
			}
		},
		"12":
		{
			"location":
			{
				"x": 2593.8349345449824,
				"y": 7558.8687121828552,
				"z": 3628.4127861343186
			},
			"rotation":
			{
				"pitch": 0,
				"yaw": 106.78409459271502,
				"roll": -0
			},
			"bRandomRotation": false,
			"instanceId":
			{
				"guid": "6064632190699569674",
				"typeId": "5111011",
				"name": "None"
			}
		},
		"13":
		{
			"location":
			{
				"x": -340.85674669663422,
				"y": 6137.5631384571316,
				"z": 3709.5956468809163
			},
			"rotation":
			{
				"pitch": 0,
				"yaw": 89.323380345605813,
				"roll": 0
			},
			"bRandomRotation": false,
			"instanceId":
			{
				"guid": "6064632190702780939",
				"typeId": "5111011",
				"name": "None"
			}
		},
		"14":
		{
			"location":
			{
				"x": -15253.473744637915,
				"y": 10557.298106264672,
				"z": 3709.8035190518203
			},
			"rotation":
			{
				"pitch": 0,
				"yaw": 52.244925766854927,
				"roll": -0
			},
			"bRandomRotation": false,
			"instanceId":
			{
				"guid": "6064632190707696140",
				"typeId": "5111011",
				"name": "None"
			}
		},
		"15":
		{
			"location":
			{
				"x": -15255.021160975797,
				"y": 13966.086194876465,
				"z": 3713.833375851631
			},
			"rotation":
			{
				"pitch": 0,
				"yaw": 17.887746743929405,
				"roll": -0
			},
			"bRandomRotation": false,
			"instanceId":
			{
				"guid": "6064632190717002253",
				"typeId": "5111011",
				"name": "None"
			}
		},
		"16":
		{
			"location":
			{
				"x": -15255.021160975797,
				"y": 13371.086194876465,
				"z": 3713.833375851631
			},
			"rotation":
			{
				"pitch": 0,
				"yaw": 9.4960659961570091,
				"roll": -0
			},
			"bRandomRotation": false,
			"instanceId":
			{
				"guid": "6064632190724276750",
				"typeId": "5111011",
				"name": "None"
			}
		},
		"17":
		{
			"location":
			{
				"x": -15255.021160975797,
				"y": 13371.086194876465,
				"z": 3713.833375851631
			},
			"rotation":
			{
				"pitch": 0,
				"yaw": 9.4960659961570091,
				"roll": -0
			},
			"bRandomRotation": false,
			"instanceId":
			{
				"guid": "6064632190728077839",
				"typeId": "5111011",
				"name": "None"
			}
		},
		"18":
		{
			"location":
			{
				"x": -8770.3712464257842,
				"y": 5619.0492836093763,
				"z": 3626.1729121157987
			},
			"rotation":
			{
				"pitch": 0,
				"yaw": 0,
				"roll": 0
			},
			"bRandomRotation": false,
			"instanceId":
			{
				"guid": "6064632190734369296",
				"typeId": "5111011",
				"name": "None"
			}
		},
		"19":
		{
			"location":
			{
				"x": -11560.799474075786,
				"y": 5543.8686643852852,
				"z": 3571.2534289825271
			},
			"rotation":
			{
				"pitch": 0,
				"yaw": 0,
				"roll": 0
			},
			"bRandomRotation": false,
			"instanceId":
			{
				"guid": "6064632190734369296",
				"typeId": "5111011",
				"name": "None"
			}
		},
		"20":
		{
			"location":
			{
				"x": -15766.887379566557,
				"y": 9376.6285228877096,
				"z": 3573.1581308684908
			},
			"rotation":
			{
				"pitch": 0,
				"yaw": 0,
				"roll": 0
			},
			"bRandomRotation": false,
			"instanceId":
			{
				"guid": "6064632190734369296",
				"typeId": "5111011",
				"name": "None"
			}
		},
		"21":
		{
			"location":
			{
				"x": -6462.2961541885743,
				"y": 5556.9825867968611,
				"z": 3571.2534381970399
			},
			"rotation":
			{
				"pitch": 0,
				"yaw": 0,
				"roll": 0
			},
			"bRandomRotation": false,
			"instanceId":
			{
				"guid": "6064632190734369296",
				"typeId": "5111011",
				"name": "None"
			}
		},
		"22":
		{
			"location":
			{
				"x": -3110.1741077301558,
				"y": 5529.588377950713,
				"z": 3621.2533553378089
			},
			"rotation":
			{
				"pitch": 0,
				"yaw": 0,
				"roll": 0
			},
			"bRandomRotation": false,
			"instanceId":
			{
				"guid": "6064632190734369296",
				"typeId": "5111011",
				"name": "None"
			}
		},
		"23":
		{
			"location":
			{
				"x": 2587.413214612403,
				"y": 5499.9218771859305,
				"z": 3621.2535222448896
			},
			"rotation":
			{
				"pitch": 0,
				"yaw": 0,
				"roll": 0
			},
			"bRandomRotation": false,
			"instanceId":
			{
				"guid": "6064632190734369296",
				"typeId": "5111011",