{
	"populationInstancesMap":
	{
		"1":
		{
			"location":
			{
				"x": -9410.6190004724776,
				"y": 5841.1950078610098,
				"z": 50.01964744353063
			},
			"rotation":
			{
				"pitch": -0,
				"yaw": -49.261915362569809,
				"roll": 0
			},
			"bRandomRotation": false,
			"instanceId":
			{
				"guid": "6064630270761768661",
				"typeId": "5111011",
				"name": "None"
			}
		},
		"2":
		{
			"location":
			{
				"x": -9160.6190004724776,
				"y": 6091.1950078610098,
				"z": 50.01964744353063
			},
			"rotation":
			{
				"pitch": -0,
				"yaw": -49.261915362569809,
				"roll": 0
			},
			"bRandomRotation": false,
			"instanceId":
			{
				"guid": "6064630270761768661",
				"typeId": "5111011",
				"name": "None"
			}
		},
		"3":
		{
			"location":
			{
				"x": -8910.6190004724776,
				"y": 6341.1950078610098,
				"z": 50.01964744353063
			},
			"rotation":
			{
				"pitch": -0,
				"yaw": -49.261915362569809,
				"roll": 0
			},
			"bRandomRotation": false,
			"instanceId":
			{
				"guid": "6064630270761768661",
				"typeId": "5111011",
				"name": "None"
			}
		},
		"4":
		{
			"location":
			{
				"x": -9612.6666177222505,
				"y": 6030.9206861412385,
				"z": 50.01961111241144
			},
			"rotation":
			{
				"pitch": -0,
				"yaw": -49.261915362569809,
				"roll": 0
			},
			"bRandomRotation": false,
			"instanceId":
			{
				"guid": "6064630270761768661",
				"typeId": "5111011",
				"name": "None"
			}
		},
		"5":
		{
			"location":
			{
				"x": -9362.6666177222505,
				"y": 6280.9206861412385,
				"z": 50.01961111241144
			},
			"rotation":
			{
				"pitch": -0,
				"yaw": -49.261915362569809,
				"roll": 0
			},
			"bRandomRotation": false,
			"instanceId":
			{
				"guid": "6064630270761768661",
				"typeId": "5111011",
				"name": "None"
			}
		},
		"6":
		{
			"location":
			{
				"x": -9112.6666177222505,
				"y": 6530.9206861412385,
				"z": 50.01961111241144
			},
			"rotation":
			{
				"pitch": -0,
				"yaw": -49.261915362569809,
				"roll": 0
			},
			"bRandomRotation": false,
			"instanceId":
			{
				"guid": "6064630270761768661",
				"typeId": "5111011",
				"name": "None"
			}
		},
		"7":
		{
			"location":
			{
				"x": -9839.1935285736108,
				"y": 6246.6365753769642,
				"z": 50.019657002181702
			},
			"rotation":
			{
				"pitch": -0,
				"yaw": -49.261915362569809,
				"roll": 0
			},
			"bRandomRotation": false,
			"instanceId":
			{
				"guid": "6064630270761768661",
				"typeId": "5111011",
				"name": "None"
			}
		},
		"8":
		{
			"location":
			{
				"x": -9589.1935285736108,
				"y": 6496.6365753769642,
				"z": 50.019657002181702
			},
			"rotation":
			{
				"pitch": -0,
				"yaw": -49.261915362569809,
				"roll": 0
			},
			"bRandomRotation": false,
			"instanceId":
			{
				"guid": "6064630270761768661",
				"typeId": "5111011",
				"name": "None"
			}
		}
	},
	"filterOverrideId":
	{
		"guid": "0",
		"typeId": "5111003",
		"name": "None"
	},
	"populationAreaId":
	{
		"guid": "0",
		"typeId": "5171420",
		"name": "None"
	},
	"timedDespawnId":
	{
		"guid": "0",
		"typeId": "5882300",
		"name": "None"
	},
	"overrideActivationRange": 0,
	"gameplayTags":
	{
		"gameplayTags": [],
		"parentTags": []
	},
	"alignmentOverridesIds": [],
	"guid": "6064630270761775686",
	"name": "StoryArcSpawns_0006_RuinsofAela_GoblinP2_Hunter",
	"typeId": "5111005"
}