{
	"populationInstancesMap":
	{
		"1":
		{
			"location":
			{
				"x": 2864.550337924622,
				"y": 14700.767137679388,
				"z": -4627.2545668087369
			},
			"rotation":
			{
				"pitch": 0,
				"yaw": 0,
				"roll": -0
			},
			"bRandomRotation": false,
			"instanceId":
			{
				"guid": "6064633294705789320",
				"typeId": "5111011",
				"name": "None"
			}
		},
		"2":
		{
			"location":
			{
				"x": 4346.2947238567285,
				"y": 17945.447875998216,
				"z": -4831.6324181100954
			},
			"rotation":
			{
				"pitch": 0,
				"yaw": -119.99999907043617,
				"roll": 0
			},
			"bRandomRotation": false,
			"instanceId":
			{
				"guid": "6064633294705789320",
				"typeId": "5111011",
				"name": "None"
			}
		},
		"3":
		{
			"location":
			{
				"x": -15127.154507097555,
				"y": 5647.320773592859,
				"z": -2143.6703925273796
			},
			"rotation":
			{
				"pitch": 0,
				"yaw": -119.99999907043617,
				"roll": 0
			},
			"bRandomRotation": false,
			"instanceId":
			{
				"guid": "6064633294705789320",
				"typeId": "5111011",
				"name": "None"
			}
		},
		"4":
		{
			"location":
			{
				"x": -13728.822288593045,
				"y": 3814.3864485957311,
				"z": -1395.0591670302256
			},
			"rotation":
			{
				"pitch": 0,
				"yaw": -119.99999907043617,
				"roll": 0
			},
			"bRandomRotation": false,
			"instanceId":
			{
				"guid": "6064633294705789320",
				"typeId": "5111011",
				"name": "None"
			}
		},
		"5":
		{
			"location":
			{
				"x": 11116.796148388879,
				"y": 11154.489993147901,
				"z": -4734.1041343348998
			},
			"rotation":
			{
				"pitch": 0,
				"yaw": -119.99999907043617,
				"roll": 0
			},
			"bRandomRotation": false,
			"instanceId":
			{
				"guid": "6064633294705789320",
				"typeId": "5111011",
				"name": "None"
			}
		},
		"6":
		{
			"location":
			{
				"x": -18111.538874466205,
				"y": 13895.551453733409,
				"z": -6415.2270345991765
			},
			"rotation":
			{
				"pitch": 0,
				"yaw": -119.99999907043617,
				"roll": 0
			},
			"bRandomRotation": false,
			"instanceId":
			{
				"guid": "6064633294705789320",
				"typeId": "5111011",
				"name": "None"
			}
		},
		"7":
		{
			"location":
			{
				"x": -31322.176911511226,
				"y": 3589.7295081991469,
				"z": -371.68471868991037
			},
			"rotation":
			{
				"pitch": 0,
				"yaw": -119.99999907043617,
				"roll": 0
			},
			"bRandomRotation": false,
			"instanceId":
			{
				"guid": "6064633294705789320",
				"typeId": "5111011",
				"name": "None"
			}
		},
		"8":
		{
			"location":
			{
				"x": -21161.958375891903,
				"y": -422.22182276146486,
				"z": -663.97885854293418
			},
			"rotation":
			{
				"pitch": 0,
				"yaw": -119.99999907043617,
				"roll": 0
			},
			"bRandomRotation": false,
			"instanceId":
			{
				"guid": "6064633294705789320",
				"typeId": "5111011",
				"name": "None"
			}
		},
		"9":
		{
			"location":
			{
				"x": 25117.643615229987,
				"y": 6382.4690252895816,
				"z": -4803.5916486262076
			},
			"rotation":
			{
				"pitch": 0,
				"yaw": -119.99999907043617,
				"roll": 0
			},
			"bRandomRotation": false,
			"instanceId":
			{
				"guid": "6064633294705789320",
				"typeId": "5111011",
				"name": "None"
			}
		},
		"10":
		{
			"location":
			{
				"x": -20278.477611867478,
				"y": -13652.251845942868,
				"z": -195.60350676390044
			},
			"rotation":
			{
				"pitch": 0,
				"yaw": -119.99999907043617,
				"roll": 0
			},
			"bRandomRotation": false,
			"instanceId":
			{
				"guid": "6064633294705789320",
				"typeId": "5111011",
				"name": "None"
			}
		},
		"11":
		{
			"location":
			{
				"x": -22417.021829394856,
				"y": -21011.14686835988,
				"z": 7.146927775351287
			},
			"rotation":
			{
				"pitch": 0,
				"yaw": -119.99999907043617,
				"roll": 0
			},
			"bRandomRotation": false,
			"instanceId":
			{
				"guid": "6064633294705789320",
				"typeId": "5111011",
				"name": "None"
			}
		},
		"12":
		{
			"location":
			{
				"x": -14806.35894961399,
				"y": -31367.069890778046,
				"z": -565.2035504965279
			},
			"rotation":
			{
				"pitch": 0,
				"yaw": -119.99999907043617,
				"roll": 0
			},
			"bRandomRotation": false,
			"instanceId":
			{
				"guid": "6064633294705789320",
				"typeId": "5111011",
				"name": "None"
			}
		},
		"13":
		{
			"location":
			{
				"x": -12109.338182423031,
				"y": -33079.416597373551,
				"z": -314.36774816467187
			},
			"rotation":
			{
				"pitch": 0,
				"yaw": -119.99999907043617,
				"roll": 0
			},
			"bRandomRotation": false,
			"instanceId":
			{
				"guid": "6064633294705789320",
				"typeId": "5111011",
				"name": "None"
			}
		},
		"14":
		{
			"location":
			{
				"x": 3470.9949754537083,
				"y": -37997.839719157259,
				"z": -5223.3412199614877
			},
			"rotation":
			{
				"pitch": 0,
				"yaw": -119.99999907043617,
				"roll": 0
			},
			"bRandomRotation": false,
			"instanceId":
			{
				"guid": "6064633294705789320",
				"typeId": "5111011",
				"name": "None"
			}
		},
		"15":
		{
			"location":
			{
				"x": 19626.650972147938,
				"y": -10944.32865045208,
				"z": -4824.4260930883793
			},
			"rotation":
			{
				"pitch": 0,
				"yaw": -119.99999907043617,
				"roll": 0
			},
			"bRandomRotation": false,
			"instanceId":
			{
				"guid": "6064633294705789320",
				"typeId": "5111011",
				"name": "None"
			}
		},
		"16":
		{
			"location":
			{
				"x": 26282.589533507358,
				"y": -14923.926618918311,
				"z": -4829.2931114585335
			},
			"rotation":
			{
				"pitch": 0,
				"yaw": -119.99999907043617,
				"roll": 0
			},
			"bRandomRotation": false,
			"instanceId":
			{
				"guid": "6064633294705789320",
				"typeId": "5111011",
				"name": "None"
			}
		},
		"17":
		{
			"location":
			{
				"x": 14295.228792694164,
				"y": -29263.418931248423,
				"z": -4968.3281638290155
			},
			"rotation":
			{
				"pitch": 0,
				"yaw": -119.99999907043617,
				"roll": 0
			},
			"bRandomRotation": false,
			"instanceId":
			{
				"guid": "6064633294705789320",
				"typeId": "5111011",
				"name": "None"
			}
		},
		"18":
		{
			"location":
			{
				"x": 24320.226084215799,
				"y": -33714.855488559871,
				"z": -6802.5432689600821
			},
			"rotation":
			{
				"pitch": 0,
				"yaw": -119.99999907043617,
				"roll": 0
			},
			"bRandomRotation": false,
			"instanceId":
			{
				"guid": "6064633294705789320",
				"typeId": "5111011",
				"name": "None"
			}
		}
	},
	"filterOverrideId":
	{
		"guid": "0",
		"typeId": "5111003",
		"name": "None"
	},
	"populationAreaId":
	{
		"guid": "0",
		"typeId": "5171420",
		"name": "None"
	},
	"timedDespawnId":
	{
		"guid": "0",
		"typeId": "5882300",
		"name": "None"
	},
	"overrideActivationRange": 0,
	"gameplayTags":
	{
		"gameplayTags": [],
		"parentTags": []
	},
	"alignmentOverridesIds": [],
	"guid": "6064633294705265030",
	"name": "EVT_TUR_0001_IguanaSteaks_Hidden_SpawnIguanas_Set",
	"typeId": "5111005"
}