{
	"populationInstancesMap":
	{
		"1":
		{
			"location":
			{
				"x": 22217.910201707666,
				"y": 9363.304205362685,
				"z": 3625.322379413863
			},
			"rotation":
			{
				"pitch": -0,
				"yaw": -104.99999918663188,
				"roll": 0
			},
			"bRandomRotation": false,
			"instanceId":
			{
				"guid": "6064630270761770714",
				"typeId": "5111011",
				"name": "None"
			}
		},
		"2":
		{
			"location":
			{
				"x": 22856.435239233324,
				"y": 9086.0656972204597,
				"z": 3638.90805256573
			},
			"rotation":
			{
				"pitch": -0,
				"yaw": -104.9999991866319,
				"roll": 0
			},
			"bRandomRotation": false,
			"instanceId":
			{
				"guid": "6064630270761770714",
				"typeId": "5111011",
				"name": "None"
			}
		},
		"3":
		{
			"location":
			{
				"x": 23820.007863870058,
				"y": 12340.106867807939,
				"z": 3675.6700726960989
			},
			"rotation":
			{
				"pitch": -0,
				"yaw": -69.99999945775447,
				"roll": 0
			},
			"bRandomRotation": false,
			"instanceId":
			{
				"guid": "6064630270761770702",
				"typeId": "5111011",
				"name": "None"
			}
		},
		"4":
		{
			"location":
			{
				"x": 22553.876220211605,
				"y": 12609.70291670016,
				"z": 3675.6701287882624
			},
			"rotation":
			{
				"pitch": -0,
				"yaw": -170.00000147180953,
				"roll": 0
			},
			"bRandomRotation": false,
			"instanceId":
			{
				"guid": "6064630270761770702",
				"typeId": "5111011",
				"name": "None"
			}
		},
		"5":
		{
			"location":
			{
				"x": 23222.798487914915,
				"y": 11763.30258922396,
				"z": 3735.6701256892011
			},
			"rotation":
			{
				"pitch": -0,
				"yaw": -110.00000193659169,
				"roll": 0
			},
			"bRandomRotation": false,
			"instanceId":
			{
				"guid": "6064630270761770720",
				"typeId": "5111011",
				"name": "None"
			}
		},
		"6":
		{
			"location":
			{
				"x": 22702.663465693164,
				"y": 11803.386150923863,
				"z": 3675.6700852050417
			},
			"rotation":
			{
				"pitch": -0,
				"yaw": -100.00000201405551,
				"roll": 0
			},
			"bRandomRotation": false,
			"instanceId":
			{
				"guid": "6064630270761770720",
				"typeId": "5111011",
				"name": "None"
			}
		},
		"7":
		{
			"location":
			{
				"x": 20559.396438703261,
				"y": 4625.8388598498059,
				"z": 2190.7481573224541
			},
			"rotation":
			{
				"pitch": -0,
				"yaw": -89.999999302827533,
				"roll": 0
			},
			"bRandomRotation": false,
			"instanceId":
			{
				"guid": "6064630270761770714",
				"typeId": "5111011",
				"name": "None"
			}
		},
		"8":
		{
			"location":
			{
				"x": 22398.291963372081,
				"y": -12417.528872705909,
				"z": 118.68354956368057
			},
			"rotation":
			{
				"pitch": -0,
				"yaw": -104.99999918663214,
				"roll": 0
			},
			"bRandomRotation": false,
			"instanceId":
			{
				"guid": "6064630270761770714",
				"typeId": "5111011",
				"name": "None"
			}
		},
		"9":
		{
			"location":
			{
				"x": 21231.815887616525,
				"y": -12360.373866506881,
				"z": 132.04038411542751
			},
			"rotation":
			{
				"pitch": -0,
				"yaw": -104.99999918663221,
				"roll": 0
			},
			"bRandomRotation": false,
			"instanceId":
			{
				"guid": "6064630270761770714",
				"typeId": "5111011",
				"name": "None"
			}
		},
		"10":
		{
			"location":
			{
				"x": 21758.280140936382,
				"y": -12627.973497438856,
				"z": 85.683015911974508
			},
			"rotation":
			{
				"pitch": -0,
				"yaw": -104.99999918663225,
				"roll": 0
			},
			"bRandomRotation": false,
			"instanceId":
			{
				"guid": "6064630270761770714",
				"typeId": "5111011",
				"name": "None"
			}
		},
		"11":
		{
			"location":
			{
				"x": 21721.077969889622,
				"y": -9456.1803360802733,
				"z": 313.69020894939604
			},
			"rotation":
			{
				"pitch": -0,
				"yaw": -104.99999918663232,
				"roll": 0
			},
			"bRandomRotation": false,
			"instanceId":
			{
				"guid": "6064630270761770714",
				"typeId": "5111011",
				"name": "None"
			}
		},
		"12":
		{
			"location":
			{
				"x": 20945.878741512068,
				"y": -6414.8557802106661,
				"z": 262.9722648404495
			},
			"rotation":
			{
				"pitch": -0,
				"yaw": -79.999999380290731,
				"roll": 0
			},
			"bRandomRotation": false,
			"instanceId":
			{
				"guid": "6064630270761770714",
				"typeId": "5111011",
				"name": "None"
			}
		},
		"13":
		{
			"location":
			{
				"x": 21493.887382357534,
				"y": -5879.2376311324042,
				"z": 298.75007609219756
			},
			"rotation":
			{
				"pitch": -0,
				"yaw": -89.999999302827135,
				"roll": 0
			},
			"bRandomRotation": false,
			"instanceId":
			{
				"guid": "6064630270761770714",
				"typeId": "5111011",
				"name": "None"
			}
		},
		"14":
		{
			"location":
			{
				"x": 21390.028000681494,
				"y": -6602.854502037706,
				"z": 262.73328387227957
			},
			"rotation":
			{
				"pitch": -0,
				"yaw": -79.999999380290731,
				"roll": 0
			},
			"bRandomRotation": false,
			"instanceId":
			{
				"guid": "6064630270761770714",
				"typeId": "5111011",
				"name": "None"
			}
		},
		"15":
		{
			"location":
			{
				"x": 23318.46639463734,
				"y": 11431.757411791521,
				"z": 3675.6701220239829
			},
			"rotation":
			{
				"pitch": -0,
				"yaw": -105.00000197532374,
				"roll": 0
			},
			"bRandomRotation": false,
			"instanceId":
			{
				"guid": "6064630270761770720",
				"typeId": "5111011",
				"name": "None"
			}
		},
		"16":
		{
			"location":
			{
				"x": 22868.463856960698,
				"y": 11474.225687213097,
				"z": 3675.6700175516307
			},
			"rotation":
			{
				"pitch": -0,
				"yaw": -105.00000197532381,
				"roll": 0
			},
			"bRandomRotation": false,
			"instanceId":
			{
				"guid": "6064630270761770720",
				"typeId": "5111011",
				"name": "None"
			}
		},
		"17":
		{
			"location":
			{
				"x": 23263.980409476222,
				"y": 12705.822076106168,
				"z": 3675.6701582011519
			},
			"rotation":
			{
				"pitch": -0,
				"yaw": -69.99999945775447,
				"roll": 0
			},
			"bRandomRotation": false,
			"instanceId":
			{
				"guid": "6064630270761770702",
				"typeId": "5111011",
				"name": "None"
			}
		},
		"18":
		{
			"location":
			{
				"x": 13683.530932124646,
				"y": -1537.3233267157993,
				"z": 123.62943780396381
			},
			"rotation":
			{
				"pitch": -0,
				"yaw": -14.99999988380455,
				"roll": 0
			},
			"bRandomRotation": false,
			"instanceId":
			{
				"guid": "6064630270761770720",
				"typeId": "5111011",
				"name": "None"
			}
		},
		"19":
		{
			"location":
			{
				"x": 13333.846672532869,
				"y": -1920.5098430619546,
				"z": 109.91037568669526
			},
			"rotation":
			{
				"pitch": -0,
				"yaw": -14.99999988380455,
				"roll": 0
			},
			"bRandomRotation": false,
			"instanceId":
			{
				"guid": "6064630270761770720",
				"typeId": "5111011",
				"name": "None"
			}
		},
		"20":
		{
			"location":
			{
				"x": 13016.41505347933,
				"y": -1538.9270722682122,
				"z": 100.9932148501066
			},
			"rotation":
			{
				"pitch": -0,
				"yaw": -14.99999988380455,
				"roll": 0
			},
			"bRandomRotation": false,
			"instanceId":
			{
				"guid": "6064630270761770720",
				"typeId": "5111011",
				"name": "None"
			}
		},
		"21":
		{
			"location":
			{
				"x": 13226.011225787901,
				"y": -2461.0938334977618,
				"z": 78.869033847635365
			},
			"rotation":
			{
				"pitch": -0,
				"yaw": -14.99999988380455,
				"roll": 0
			},
			"bRandomRotation": false,
			"instanceId":
			{
				"guid": "6064630270761770720",
				"typeId": "5111011",
				"name": "None"
			}
		},
		"22":
		{
			"location":
			{
				"x": 12470.030520908258,
				"y": -2062.0256875008854,
				"z": 72.023892766501376
			},
			"rotation":
			{
				"pitch": -0,
				"yaw": -14.99999988380455,
				"roll": 0
			},
			"bRandomRotation": false,
			"instanceId":
			{
				"guid": "6064630270761770720",
				"typeId": "5111011",
				"name": "None"
			}
		}
	},
	"filterOverrideId":
	{
		"guid": "0",
		"typeId": "5111003",
		"name": "None"
	},
	"populationAreaId":
	{
		"guid": "0",
		"typeId": "5171420",
		"name": "None"
	},
	"timedDespawnId":
	{
		"guid": "0",