{
	"populationInstancesMap":
	{
		"1":
		{
			"location":
			{
				"x": 5977.4183257548138,
				"y": -3174.1775085707195,
				"z": -276.15200744628055
			},
			"rotation":
			{
				"pitch": 0,
				"yaw": 0,
				"roll": 0
			},
			"bRandomRotation": true,
			"instanceId":
			{
				"guid": "6064631391309070355",
				"typeId": "5111011",
				"name": "None"
			}
		},
		"2":
		{
			"location":
			{
				"x": 4572.2856223178096,
				"y": -4223.9811046735849,
				"z": -295.975203308657
			},
			"rotation":
			{
				"pitch": 0,
				"yaw": 0,
				"roll": 0
			},
			"bRandomRotation": true,
			"instanceId":
			{
				"guid": "6064631391309070355",
				"typeId": "5111011",
				"name": "None"
			}
		},
		"3":
		{
			"location":
			{
				"x": 9222.0485106579727,
				"y": -4837.3147563370876,
				"z": -174.76531497652104
			},
			"rotation":
			{
				"pitch": -0,
				"yaw": -95.668064881024833,
				"roll": 0
			},
			"bRandomRotation": true,
			"instanceId":
			{
				"guid": "6064631391309070355",
				"typeId": "5111011",
				"name": "None"
			}
		},
		"4":
		{
			"location":
			{
				"x": 9654.4393580042524,
				"y": -2637.0540384928463,
				"z": -736.88253595460992
			},
			"rotation":
			{
				"pitch": -0,
				"yaw": -95.668064881024833,
				"roll": 0
			},
			"bRandomRotation": true,
			"instanceId":
			{
				"guid": "6064631391309070355",
				"typeId": "5111011",
				"name": "None"
			}
		},
		"5":
		{
			"location":
			{
				"x": 617.73118950705975,
				"y": -9488.0050395571161,
				"z": -1032.5118958357289
			},
			"rotation":
			{
				"pitch": -0,
				"yaw": -95.668064881024875,
				"roll": 0
			},
			"bRandomRotation": true,
			"instanceId":
			{
				"guid": "6064631391309070355",
				"typeId": "5111011",
				"name": "None"
			}
		},
		"6":
		{
			"location":
			{
				"x": 3546.7474451529561,
				"y": -12031.117790680612,
				"z": -280.01728313207423
			},
			"rotation":
			{
				"pitch": -0,
				"yaw": -95.668064881024989,
				"roll": 0
			},
			"bRandomRotation": true,
			"instanceId":
			{
				"guid": "6064631391309070355",
				"typeId": "5111011",
				"name": "None"
			}
		},
		"7":
		{
			"location":
			{
				"x": 6588.7298583788797,
				"y": -687.85761507949792,
				"z": -620.23734180274187
			},
			"rotation":
			{
				"pitch": -0,
				"yaw": -95.668064881024989,
				"roll": 0
			},
			"bRandomRotation": true,
			"instanceId":
			{
				"guid": "6064631391309070355",
				"typeId": "5111011",
				"name": "None"
			}
		},
		"8":
		{
			"location":
			{
				"x": 8609.2241339085158,
				"y": 4650.9577754816273,
				"z": -1169.0604341845356
			},
			"rotation":
			{
				"pitch": -0,
				"yaw": -95.668064881025103,
				"roll": 0
			},
			"bRandomRotation": true,
			"instanceId":
			{
				"guid": "6064631391309070355",
				"typeId": "5111011",
				"name": "None"
			}
		},
		"9":
		{
			"location":
			{
				"x": 7492.1223451567348,
				"y": 3685.7445346092572,
				"z": -898.02446649870581
			},
			"rotation":
			{
				"pitch": -0,
				"yaw": -95.668064881025103,
				"roll": 0
			},
			"bRandomRotation": true,
			"instanceId":
			{
				"guid": "6064631391309070355",
				"typeId": "5111011",
				"name": "None"
			}
		}
	},
	"filterOverrideId":
	{
		"guid": "0",
		"typeId": "5111003",
		"name": "None"
	},
	"populationAreaId":
	{
		"guid": "0",
		"typeId": "5171420",
		"name": "None"
	},
	"timedDespawnId":
	{
		"guid": "0",
		"typeId": "5882300",
		"name": "None"
	},
	"overrideActivationRange": 0,
	"gameplayTags":
	{
		"gameplayTags": [],
		"parentTags": []
	},
	"alignmentOverridesIds": [],
	"guid": "6064631391300943883",
	"name": "PopulationSet_6064631391300943883",
	"typeId": "5111005"
}