{
	"populationInstancesMap":
	{
		"1":
		{
			"location":
			{
				"x": -4480.13839226251,
				"y": -343.35388856113423,
				"z": -294.73471826906462
			},
			"rotation":
			{
				"pitch": 0,
				"yaw": 37.989928411591798,
				"roll": 0
			},
			"bRandomRotation": false,
			"instanceId":
			{
				"guid": "6064632711583825949",
				"typeId": "5111011",
				"name": "None"
			}
		},
		"2":
		{
			"location":
			{
				"x": -4430.3831034166506,
				"y": -99.261724486830644,
				"z": -274.89049881239953
			},
			"rotation":
			{
				"pitch": 0,
				"yaw": -54.71072092763989,
				"roll": 0
			},
			"bRandomRotation": false,
			"instanceId":
			{
				"guid": "6064632711583825949",
				"typeId": "5111011",
				"name": "None"
			}
		},
		"3":
		{
			"location":
			{
				"x": -4962.7896432265406,
				"y": 3049.1631391094998,
				"z": -140.51757985653057
			},
			"rotation":
			{
				"pitch": 0,
				"yaw": 37.989928411591812,
				"roll": 0
			},
			"bRandomRotation": false,
			"instanceId":
			{
				"guid": "6064632711583825949",
				"typeId": "5111011",
				"name": "None"
			}
		},
		"4":
		{
			"location":
			{
				"x": -4845.138406851911,
				"y": 3251.0184199452633,
				"z": -86.62054580318545
			},
			"rotation":
			{
				"pitch": 0,
				"yaw": -85.411579934259635,
				"roll": 0
			},
			"bRandomRotation": false,
			"instanceId":
			{
				"guid": "6064632711583825949",
				"typeId": "5111011",
				"name": "None"
			}
		},
		"5":
		{
			"location":
			{
				"x": -5326.5231387199601,
				"y": 3318.8623022731626,
				"z": -26.257758636344079
			},
			"rotation":
			{
				"pitch": 0,
				"yaw": -138.46296932012325,
				"roll": 0
			},
			"bRandomRotation": false,
			"instanceId":
			{
				"guid": "6064632711583825949",
				"typeId": "5111011",
				"name": "None"
			}
		},
		"6":
		{
			"location":
			{
				"x": -2736.8345895173261,
				"y": 3041.5591388054891,
				"z": -207.59324038743762
			},
			"rotation":
			{
				"pitch": 0,
				"yaw": -52.282510368782596,
				"roll": 0
			},
			"bRandomRotation": false,
			"instanceId":
			{
				"guid": "6064632711583825949",
				"typeId": "5111011",
				"name": "None"
			}
		},
		"7":
		{
			"location":
			{
				"x": -2437.6990847617853,
				"y": 3037.594790474046,
				"z": -218.77249177602789
			},
			"rotation":
			{
				"pitch": 0,
				"yaw": -138.46296932012325,
				"roll": 0
			},
			"bRandomRotation": false,
			"instanceId":
			{
				"guid": "6064632711583825949",
				"typeId": "5111011",
				"name": "None"
			}
		},
		"8":
		{
			"location":
			{
				"x": -4024.0614169579931,
				"y": 2964.6685567317763,
				"z": -230.17786320331288
			},
			"rotation":
			{
				"pitch": 0,
				"yaw": -49.099058145520353,
				"roll": 0
			},
			"bRandomRotation": false,
			"instanceId":
			{
				"guid": "6064632711583825949",
				"typeId": "5111011",
				"name": "None"
			}
		},
		"9":
		{
			"location":
			{
				"x": -4644.133488552412,
				"y": -4005.0209682456916,
				"z": -202.80475752063103
			},
			"rotation":
			{
				"pitch": 0,
				"yaw": -154.8937649645992,
				"roll": 0
			},
			"bRandomRotation": false,
			"instanceId":
			{
				"guid": "6064632711583825949",
				"typeId": "5111011",
				"name": "None"
			}
		},
		"10":
		{
			"location":
			{
				"x": -4858.3533704014262,
				"y": -4438.4103083640803,
				"z": -55.361299230356963
			},
			"rotation":
			{
				"pitch": 0,
				"yaw": 135.48792849456018,
				"roll": 0
			},
			"bRandomRotation": false,
			"instanceId":
			{
				"guid": "6064632711583825949",
				"typeId": "5111011",
				"name": "None"
			}
		},
		"11":
		{
			"location":
			{
				"x": -5326.8888117088936,
				"y": -4430.8687877417542,
				"z": -84.350281456037919
			},
			"rotation":
			{
				"pitch": 0,
				"yaw": 51.809325169399919,
				"roll": 0
			},
			"bRandomRotation": false,
			"instanceId":
			{
				"guid": "6064632711583825949",
				"typeId": "5111011",
				"name": "None"
			}
		},
		"12":
		{
			"location":
			{
				"x": -6402.6976664838148,
				"y": -4853.4314727582969,
				"z": 25.557697753249158
			},
			"rotation":
			{
				"pitch": 0,
				"yaw": 51.809325169399926,
				"roll": 0
			},
			"bRandomRotation": false,
			"instanceId":
			{
				"guid": "6064632711583825949",
				"typeId": "5111011",
				"name": "None"
			}
		},
		"13":
		{
			"location":
			{
				"x": -2782.4100480449852,
				"y": -4044.1343144297134,
				"z": -117.67196103555398
			},
			"rotation":
			{
				"pitch": 0,
				"yaw": 20.832016534569402,
				"roll": 0
			},
			"bRandomRotation": false,
			"instanceId":
			{
				"guid": "6064632711583825949",
				"typeId": "5111011",
				"name": "None"
			}
		},
		"14":
		{
			"location":
			{
				"x": -2187.8399509999435,
				"y": -3951.2590267697815,
				"z": -139.34018568786632
			},
			"rotation":
			{
				"pitch": 0,
				"yaw": 175.96083758678725,
				"roll": 0
			},
			"bRandomRotation": false,
			"instanceId":
			{
				"guid": "6064632711583825949",
				"typeId": "5111011",
				"name": "None"
			}
		}
	},
	"filterOverrideId":
	{
		"guid": "0",
		"typeId": "5111003",
		"name": "None"
	},
	"populationAreaId":
	{
		"guid": "0",
		"typeId": "5171420",
		"name": "None"
	},
	"timedDespawnId":
	{
		"guid": "0",
		"typeId": "5882300",
		"name": "None"
	},
	"overrideActivationRange": 0,
	"gameplayTags":
	{
		"gameplayTags": [],
		"parentTags": []
	},
	"alignmentOverridesIds": [],
	"guid": "6064632711505641725",
	"name": "PopulationSet_6064632711505641725",
	"typeId": "5111005"
}