{
	"populationInstancesMap":
	{
		"1":
		{
			"location":
			{
				"x": -1232.1493327015551,
				"y": -1077.3786979106881,
				"z": -5.941651602370257e-05
			},
			"rotation":
			{
				"pitch": 0,
				"yaw": -36.088894140771693,
				"roll": 0
			},
			"bRandomRotation": false,
			"instanceId":
			{
				"guid": "6064633861365760039",
				"typeId": "5111011",
				"name": "None"
			}
		},
		"2":
		{
			"location":
			{
				"x": 787.16138404338653,
				"y": 901.44822214864371,
				"z": -0.00013659132673637941
			},
			"rotation":
			{
				"pitch": 0,
				"yaw": 132.64046814114994,
				"roll": 0
			},
			"bRandomRotation": false,
			"instanceId":
			{
				"guid": "6064633861365760039",
				"typeId": "5111011",
				"name": "None"
			}
		},
		"3":
		{
			"location":
			{
				"x": 1.0491184522863506,
				"y": 0.55934629801413394,
				"z": -2.3178969513537595e-05
			},
			"rotation":
			{
				"pitch": 0,
				"yaw": 0,
				"roll": -0
			},
			"bRandomRotation": false,
			"instanceId":
			{
				"guid": "6064633861370216488",
				"typeId": "5111011",
				"name": "None"
			}
		},
		"4":
		{
			"location":
			{
				"x": -1382.1054313097145,
				"y": 229.14996739839762,
				"z": 159.99994441803028
			},
			"rotation":
			{
				"pitch": 0,
				"yaw": 0,
				"roll": -0
			},
			"bRandomRotation": false,
			"instanceId":
			{
				"guid": "6064633861374410793",
				"typeId": "5111011",
				"name": "None"
			}
		},
		"5":
		{
			"location":
			{
				"x": -434.10230296693851,
				"y": -1043.5907262415585,
				"z": 159.99997847649684
			},
			"rotation":
			{
				"pitch": 0,
				"yaw": 0,
				"roll": -0
			},
			"bRandomRotation": false,
			"instanceId":
			{
				"guid": "6064633861377228842",
				"typeId": "5111011",
				"name": "None"
			}
		},
		"6":
		{
			"location":
			{
				"x": -277.38978923667617,
				"y": 1116.7467678818257,
				"z": 160.0001041617561
			},
			"rotation":
			{
				"pitch": 0,
				"yaw": 0,
				"roll": -0
			},
			"bRandomRotation": false,
			"instanceId":
			{
				"guid": "6064633861377228842",
				"typeId": "5111011",
				"name": "None"
			}
		},
		"7":
		{
			"location":
			{
				"x": 837.16800882506061,
				"y": -1320.704721511248,
				"z": 160.00017869271051
			},
			"rotation":
			{
				"pitch": 0,
				"yaw": 0,
				"roll": -0
			},
			"bRandomRotation": false,
			"instanceId":
			{
				"guid": "6064633861378867243",
				"typeId": "5111011",
				"name": "None"
			}
		},
		"8":
		{
			"location":
			{
				"x": 1623.9625525953898,
				"y": 174.17289059608675,
				"z": 159.99983736576814
			},
			"rotation":
			{
				"pitch": 0,
				"yaw": 0,
				"roll": -0
			},
			"bRandomRotation": false,
			"instanceId":
			{
				"guid": "6064633861378867243",
				"typeId": "5111011",
				"name": "None"
			}
		},
		"9":
		{
			"location":
			{
				"x": 228.92628462613686,
				"y": 215.29070042791955,
				"z": 159.99990816801437
			},
			"rotation":
			{
				"pitch": 0,
				"yaw": -139.15778560176585,
				"roll": 0
			},
			"bRandomRotation": false,
			"instanceId":
			{
				"guid": "6064633861381423148",
				"typeId": "5111011",
				"name": "None"
			}
		}
	},
	"filterOverrideId":
	{
		"guid": "0",
		"typeId": "5111003",
		"name": "None"
	},
	"populationAreaId":
	{
		"guid": "0",
		"typeId": "5171420",
		"name": "None"
	},
	"timedDespawnId":
	{
		"guid": "0",
		"typeId": "5882300",
		"name": "None"
	},
	"overrideActivationRange": 0,
	"gameplayTags":
	{
		"gameplayTags": [],
		"parentTags": []
	},
	"alignmentOverridesIds": [],
	"guid": "6064633861355798564",
	"name": "PCG_Wilderherd_Minotaur_camp_small",
	"typeId": "5111005"
}