{
	"populationInstancesMap":
	{
		"1":
		{
			"location":
			{
				"x": 1433.587387,
				"y": -566.01174100000003,
				"z": -288.54552200000001
			},
			"rotation":
			{
				"pitch": 0,
				"yaw": 179.99999860565413,
				"roll": -0
			},
			"bRandomRotation": false,
			"instanceId":
			{
				"guid": "6064631447814733863",
				"typeId": "5111011",
				"name": "None"
			}
		},
		"2":
		{
			"location":
			{
				"x": 534.75230899999997,
				"y": -44.872154999999999,
				"z": -35.829776000000003
			},
			"rotation":
			{
				"pitch": 0,
				"yaw": 79.999999380290632,
				"roll": -0
			},
			"bRandomRotation": false,
			"instanceId":
			{
				"guid": "6064631447817027624",
				"typeId": "5111011",
				"name": "None"
			}
		},
		"3":
		{
			"location":
			{
				"x": 606.30879100000004,
				"y": -1745.749472,
				"z": -574.06652799999995
			},
			"rotation":
			{
				"pitch": 0,
				"yaw": 59.999999535218073,
				"roll": -0
			},
			"bRandomRotation": false,
			"instanceId":
			{
				"guid": "6064631447817027624",
				"typeId": "5111011",
				"name": "None"
			}
		},
		"4":
		{
			"location":
			{
				"x": -130.30964299999999,
				"y": -926.52488200000005,
				"z": -288.34112800000003
			},
			"rotation":
			{
				"pitch": -0,
				"yaw": -109.99999914789949,
				"roll": 0
			},
			"bRandomRotation": false,
			"instanceId":
			{
				"guid": "6064631447817027624",
				"typeId": "5111011",
				"name": "None"
			}
		},
		"5":
		{
			"location":
			{
				"x": -235.77109999999999,
				"y": -291.71764400000001,
				"z": -59.794893999999999
			},
			"rotation":
			{
				"pitch": -0,
				"yaw": -129.99999899297234,
				"roll": 0
			},
			"bRandomRotation": false,
			"instanceId":
			{
				"guid": "6064631447817027624",
				"typeId": "5111011",
				"name": "None"
			}
		},
		"6":
		{
			"location":
			{
				"x": 33.452182675944641,
				"y": -2427.4040692743147,
				"z": -386.45693912852948
			},
			"rotation":
			{
				"pitch": 0,
				"yaw": 79.999999380290632,
				"roll": 0
			},
			"bRandomRotation": false,
			"instanceId":
			{
				"guid": "6064631447817027624",
				"typeId": "5111011",
				"name": "None"
			}
		},
		"7":
		{
			"location":
			{
				"x": 465.5652607610682,
				"y": -959.05081767064985,
				"z": -207.8601621326161
			},
			"rotation":
			{
				"pitch": 0,
				"yaw": 79.999999380290632,
				"roll": 0
			},
			"bRandomRotation": false,
			"instanceId":
			{
				"guid": "6064631447817027624",
				"typeId": "5111011",
				"name": "None"
			}
		},
		"8":
		{
			"location":
			{
				"x": 1258.2001248942688,
				"y": -920.50561150570866,
				"z": -244.61950871655245
			},
			"rotation":
			{
				"pitch": 0,
				"yaw": 79.999999380290632,
				"roll": 0
			},
			"bRandomRotation": false,
			"instanceId":
			{
				"guid": "6064631447817027624",
				"typeId": "5111011",
				"name": "None"
			}
		},
		"9":
		{
			"location":
			{
				"x": 596.38435719895642,
				"y": -2544.6209557574475,
				"z": -455.84412397241067
			},
			"rotation":
			{
				"pitch": 0,
				"yaw": -83.769300528315782,
				"roll": 0
			},
			"bRandomRotation": false,
			"instanceId":
			{
				"guid": "6064631447817027624",
				"typeId": "5111011",
				"name": "None"
			}
		},
		"10":
		{
			"location":
			{
				"x": -240.07189191807993,
				"y": -2880.1201277400833,
				"z": -283.50943589282906
			},
			"rotation":
			{
				"pitch": 0,
				"yaw": -83.769300528315782,
				"roll": 0
			},
			"bRandomRotation": false,
			"instanceId":
			{
				"guid": "6064631447817027624",
				"typeId": "5111011",
				"name": "None"
			}
		}
	},
	"filterOverrideId":
	{
		"guid": "0",
		"typeId": "5111003",
		"name": "None"
	},
	"populationAreaId":
	{
		"guid": "0",
		"typeId": "5171420",
		"name": "None"
	},
	"timedDespawnId":
	{
		"guid": "0",
		"typeId": "5882300",
		"name": "None"
	},
	"overrideActivationRange": 0,
	"gameplayTags":
	{
		"gameplayTags": [],
		"parentTags": []
	},
	"alignmentOverridesIds": [],
	"guid": "6064631447759421477",
	"name": "EVT_PS_RVR_LionholdBatyard_RIP_Graverobbers",
	"typeId": "5111005"
}