{
	"populationInstancesMap":
	{
		"1":
		{
			"location":
			{
				"x": 4496.662667861674,
				"y": 1514.3348666956881,
				"z": 95.525945295308702
			},
			"rotation":
			{
				"pitch": 0,
				"yaw": 99.999999225363581,
				"roll": 0
			},
			"bRandomRotation": false,
			"instanceId":
			{
				"guid": "6064633810653610407",
				"typeId": "5111011",
				"name": "None"
			}
		},
		"8":
		{
			"location":
			{
				"x": 4057.8401301186532,
				"y": 1365.9462908389978,
				"z": 159.69892663636438
			},
			"rotation":
			{
				"pitch": 0,
				"yaw": 25.962088414643507,
				"roll": 0
			},
			"bRandomRotation": false,
			"instanceId":
			{
				"guid": "6064633810506809766",
				"typeId": "5111011",
				"name": "None"
			}
		},
		"2":
		{
			"location":
			{
				"x": 5081.5126875783317,
				"y": 1925.0135854319669,
				"z": 159.81410812109061
			},
			"rotation":
			{
				"pitch": 0,
				"yaw": -148.7837529795747,
				"roll": 0
			},
			"bRandomRotation": false,
			"instanceId":
			{
				"guid": "6064633810506809766",
				"typeId": "5111011",
				"name": "None"
			}
		},
		"3":
		{
			"location":
			{
				"x": 4168.3645061526913,
				"y": 1991.4287706096657,
				"z": 159.78240820473275
			},
			"rotation":
			{
				"pitch": 0,
				"yaw": -39.099365695378658,
				"roll": 0
			},
			"bRandomRotation": false,
			"instanceId":
			{
				"guid": "6064633810506809766",
				"typeId": "5111011",
				"name": "None"
			}
		},
		"4":
		{
			"location":
			{
				"x": 4608.1717115587089,
				"y": 976.13918266398832,
				"z": 169.08551184591124
			},
			"rotation":
			{
				"pitch": 0,
				"yaw": 94.035808021423634,
				"roll": 0
			},
			"bRandomRotation": false,
			"instanceId":
			{
				"guid": "6064633810506809766",
				"typeId": "5111011",
				"name": "None"
			}
		},
		"5":
		{
			"location":
			{
				"x": 4576.5174391833134,
				"y": 2154.4607724043308,
				"z": 159.74059121710616
			},
			"rotation":
			{
				"pitch": 0,
				"yaw": -87.741757027925431,
				"roll": 0
			},
			"bRandomRotation": false,
			"instanceId":
			{
				"guid": "6064633810506809766",
				"typeId": "5111011",
				"name": "None"
			}
		},
		"6":
		{
			"location":
			{
				"x": 5117.6001254830044,
				"y": 1354.0261608788278,
				"z": 159.74889039288792
			},
			"rotation":
			{
				"pitch": 0,
				"yaw": 150.2748629484631,
				"roll": 0
			},
			"bRandomRotation": false,
			"instanceId":
			{
				"guid": "6064633810506809766",
				"typeId": "5111011",
				"name": "None"
			}
		},
		"7":
		{
			"location":
			{
				"x": 4711.0389730120078,
				"y": 1557.5063486142317,
				"z": 159.64584988257593
			},
			"rotation":
			{
				"pitch": 0,
				"yaw": 150.2748629484631,
				"roll": 0
			},
			"bRandomRotation": false,
			"instanceId":
			{
				"guid": "6064633810506809766",
				"typeId": "5111011",
				"name": "None"
			}
		}
	},
	"filterOverrideId":
	{
		"guid": "0",
		"typeId": "5111003",
		"name": "None"
	},
	"populationAreaId":
	{
		"guid": "0",
		"typeId": "5171420",
		"name": "None"
	},
	"timedDespawnId":
	{
		"guid": "0",
		"typeId": "5882300",
		"name": "None"
	},
	"overrideActivationRange": 0,
	"gameplayTags":
	{
		"gameplayTags": [],
		"parentTags": []
	},
	"alignmentOverridesIds": [],
	"guid": "6064633810167464355",
	"name": "EVT_ANV_0007_RamkinKidnapper_EmbattledNikua_Stage01_1",
	"typeId": "5111005"
}