{
	"populationInstancesMap":
	{
		"1":
		{
			"location":
			{
				"x": -1102.9052734375,
				"y": 1138.28466796875,
				"z": 55.467926025390625
			},
			"rotation":
			{
				"pitch": 0,
				"yaw": 0,
				"roll": 0
			},
			"bRandomRotation": false,
			"instanceId":
			{
				"guid": "6064630270761768220",
				"typeId": "5111011",
				"name": "None"
			}
		},
		"2":
		{
			"location":
			{
				"x": 266.711181640625,
				"y": 272.49307250976562,
				"z": 55.467926025390625
			},
			"rotation":
			{
				"pitch": 0,
				"yaw": 0,
				"roll": 0
			},
			"bRandomRotation": false,
			"instanceId":
			{
				"guid": "6064630270761768220",
				"typeId": "5111011",
				"name": "None"
			}
		},
		"3":
		{
			"location":
			{
				"x": -176.83416748046875,
				"y": -1690.2734375,
				"z": 55.46795654296875
			},
			"rotation":
			{
				"pitch": 0,
				"yaw": 16.305065155029297,
				"roll": 0
			},
			"bRandomRotation": false,
			"instanceId":
			{
				"guid": "6064630270761769604",
				"typeId": "5111011",
				"name": "None"
			}
		},
		"4":
		{
			"location":
			{
				"x": 1122.9683837890625,
				"y": -1003.5061645507812,
				"z": 55.468505859375
			},
			"rotation":
			{
				"pitch": 0,
				"yaw": 70.363616943359375,
				"roll": 0
			},
			"bRandomRotation": false,
			"instanceId":
			{
				"guid": "6064630270761769606",
				"typeId": "5111011",
				"name": "None"
			}
		},
		"5":
		{
			"location":
			{
				"x": -1622.32275390625,
				"y": 1126.1064453125,
				"z": 55.468505859375
			},
			"rotation":
			{
				"pitch": 0,
				"yaw": -12.967700958251953,
				"roll": 0
			},
			"bRandomRotation": false,
			"instanceId":
			{
				"guid": "6064630270761768365",
				"typeId": "5111011",
				"name": "None"
			}
		},
		"6":
		{
			"location":
			{
				"x": 2145.7529296875,
				"y": 946.284912109375,
				"z": 55.468719482421875
			},
			"rotation":
			{
				"pitch": 0,
				"yaw": 0,
				"roll": 0
			},
			"bRandomRotation": false,
			"instanceId":
			{
				"guid": "6064630270761769600",
				"typeId": "5111011",
				"name": "None"
			}
		},
		"7":
		{
			"location":
			{
				"x": 486.923095703125,
				"y": 2455.128662109375,
				"z": 55.468475341796875
			},
			"rotation":
			{
				"pitch": 0,
				"yaw": 0,
				"roll": 0
			},
			"bRandomRotation": false,
			"instanceId":
			{
				"guid": "6064630270761769600",
				"typeId": "5111011",
				"name": "None"
			}
		},
		"8":
		{
			"location":
			{
				"x": -1507.8455810546875,
				"y": -2226.195556640625,
				"z": 55.33538818359375
			},
			"rotation":
			{
				"pitch": 0,
				"yaw": 0,
				"roll": 0
			},
			"bRandomRotation": false,
			"instanceId":
			{
				"guid": "6064630270761769600",
				"typeId": "5111011",
				"name": "None"
			}
		},
		"9":
		{
			"location":
			{
				"x": -2967.36865234375,
				"y": 536.77874755859375,
				"z": 55.468780517578125
			},
			"rotation":
			{
				"pitch": 0,
				"yaw": 0,
				"roll": 0
			},
			"bRandomRotation": false,
			"instanceId":
			{
				"guid": "6064630270761769600",
				"typeId": "5111011",
				"name": "None"
			}
		},
		"10":
		{
			"location":
			{
				"x": -92.68133544921875,
				"y": -204.6065673828125,
				"z": 50.37225341796875
			},
			"rotation":
			{
				"pitch": 0,
				"yaw": 0,
				"roll": 0
			},
			"bRandomRotation": false,
			"instanceId":
			{
				"guid": "6064630270761768270",
				"typeId": "5111011",
				"name": "None"
			}
		},
		"11":
		{
			"location":
			{
				"x": 1396.82763671875,
				"y": -283.820068359375,
				"z": 55.467857360839844
			},
			"rotation":
			{
				"pitch": 0,
				"yaw": 69.544158935546875,
				"roll": 0
			},
			"bRandomRotation": false,
			"instanceId":
			{
				"guid": "6064630270761766307",
				"typeId": "5111011",
				"name": "None"
			}
		},
		"12":
		{
			"location":
			{
				"x": -642.60833740234375,
				"y": 1772.040771484375,
				"z": 60.075057983398438
			},
			"rotation":
			{
				"pitch": 0,
				"yaw": 176.90328979492188,
				"roll": 0
			},
			"bRandomRotation": false,
			"instanceId":
			{
				"guid": "6064630270761766307",
				"typeId": "5111011",
				"name": "None"
			}
		},
		"13":
		{
			"location":
			{
				"x": 1001.8267211914062,
				"y": 1948.9254150390625,
				"z": 59.9969482421875
			},
			"rotation":
			{
				"pitch": 0,
				"yaw": 139.60928344726562,
				"roll": 0
			},
			"bRandomRotation": false,
			"instanceId":
			{
				"guid": "6064630270761763461",
				"typeId": "5111011",
				"name": "None"
			}
		},
		"14":
		{
			"location":
			{
				"x": 423.52252197265625,
				"y": -1452.5079345703125,
				"z": 55.467979431152344
			},
			"rotation":
			{
				"pitch": 0,
				"yaw": 22.694799423217773,
				"roll": 0
			},
			"bRandomRotation": false,
			"instanceId":
			{
				"guid": "6064630270761766322",
				"typeId": "5111011",
				"name": "None"
			}
		},
		"15":
		{
			"location":
			{
				"x": -495.52203369140625,
				"y": 288.35308837890625,
				"z": 55.468788146972656
			},
			"rotation":
			{
				"pitch": 0,
				"yaw": -65.321067810058594,
				"roll": 0
			},
			"bRandomRotation": false,
			"instanceId":
			{
				"guid": "6064630270761766333",
				"typeId": "5111011",
				"name": "None"
			}
		},
		"16":
		{
			"location":
			{
				"x": -2055.8017578125,
				"y": -1140.3109130859375,
				"z": 17.243896484375
			},
			"rotation":
			{
				"pitch": 0,
				"yaw": 43.025074005126953,
				"roll": 0
			},
			"bRandomRotation": false,
			"instanceId":
			{
				"guid": "6064630270761763450",
				"typeId": "5111011",
				"name": "None"
			}
		},
		"17":
		{
			"location":
			{
				"x": -1446.8673095703125,
				"y": 1698.7193603515625,
				"z": 55.46728515625
			},
			"rotation":
			{
				"pitch": 0,
				"yaw": 46.695709228515625,
				"roll": 0
			},
			"bRandomRotation": false,
			"instanceId":
			{
				"guid": "6064630270761768302",
				"typeId": "5111011",
				"name": "None"
			}
		},
		"18":
		{
			"location":
			{
				"x": -1124.809814453125,
				"y": 1928.3372802734375,
				"z": 55.46728515625
			},
			"rotation":
			{
				"pitch": 0,
				"yaw": 25.528924942016602,
				"roll": 0
			},
			"bRandomRotation": false,
			"instanceId":
			{
				"guid": "6064630270761768302",
				"typeId": "5111011",
				"name": "None"
			}
		},
		"19":
		{
			"location":
			{
				"x": -370.48574829101562,
				"y": -2109.11767578125,
				"z": 55.46728515625
			},
			"rotation":
			{
				"pitch": 0,
				"yaw": 2.419973611831665,
				"roll": 0
			},
			"bRandomRotation": false,
			"instanceId":
			{
				"guid": "6064630270761768302",
				"typeId": "5111011",
				"name": "None"
			}
		},
		"20":
		{
			"location":
			{
				"x": 4.6922454833984375,
				"y": -2049.30712890625,
				"z": 55.46728515625
			},
			"rotation":
			{
				"pitch": 0,
				"yaw": 14.762056350708008,
				"roll": 0
			},
			"bRandomRotation": false,
			"instanceId":
			{
				"guid": "6064630270761768302",
				"typeId": "5111011",
				"name": "None"
			}
		},
		"21":
		{
			"location":
			{
				"x": 352.02041625976562,
				"y": -1898.8294677734375,
				"z": 55.46728515625
			},
			"rotation":
			{
				"pitch": 0,
				"yaw": 33.520778656005859,
				"roll": 0
			},
			"bRandomRotation": false,
			"instanceId":
			{
				"guid": "6064630270761768302",
				"typeId": "5111011",
				"name": "None"
			}
		},
		"22":
		{
			"location":
			{
				"x": 1652.4111328125,
				"y": -881.774169921875,
				"z": 55.46728515625
			},
			"rotation":
			{
				"pitch": 0,
				"yaw": 64.577499389648438,
				"roll": 0
			},
			"bRandomRotation": false,
			"instanceId":
			{
				"guid": "6064630270761768302",
				"typeId": "5111011",
				"name": "None"
			}
		},
		"23":
		{
			"location":
			{
				"x": 1774.7496337890625,
				"y": -522.095947265625,
				"z": 55.46728515625
			},
			"rotation":
			{
				"pitch": 0,
				"yaw": 76.919265747070312,
				"roll": 0
			},
			"bRandomRotation": false,
			"instanceId":
			{
				"guid": "6064630270761768302",
				"typeId": "5111011",
				"name": "None"
			}
		},
		"24":
		{
			"location":
			{
				"x": 1803.91064453125,
				"y": -144.69671630859375,