{
	"populationInstancesMap":
	{
		"1":
		{
			"location":
			{
				"x": -4170.0422429653117,
				"y": 33284.197840329027,
				"z": -18101.216173326909
			},
			"rotation":
			{
				"pitch": 0,
				"yaw": -29.999999767609047,
				"roll": 0
			},
			"bRandomRotation": false,
			"instanceId":
			{
				"guid": "6064632988809887843",
				"typeId": "5111011",
				"name": "None"
			}
		},
		"2":
		{
			"location":
			{
				"x": 14133.327429956873,
				"y": 13879.315283583594,
				"z": -8818.8714755281508
			},
			"rotation":
			{
				"pitch": 0,
				"yaw": -29.999999767609108,
				"roll": 0
			},
			"bRandomRotation": false,
			"instanceId":
			{
				"guid": "6064632988809887843",
				"typeId": "5111011",
				"name": "None"
			}
		},
		"3":
		{
			"location":
			{
				"x": 11808.565685909591,
				"y": -19671.108066726592,
				"z": -7689.7191562683183
			},
			"rotation":
			{
				"pitch": 0,
				"yaw": 89.999999302827135,
				"roll": 0
			},
			"bRandomRotation": false,
			"instanceId":
			{
				"guid": "6064632988809887843",
				"typeId": "5111011",
				"name": "None"
			}
		},
		"4":
		{
			"location":
			{
				"x": -1502.7364218644798,
				"y": 45.564440781716257,
				"z": -1194.6318904320578
			},
			"rotation":
			{
				"pitch": 0,
				"yaw": -109.99999914789987,
				"roll": 0
			},
			"bRandomRotation": false,
			"instanceId":
			{
				"guid": "6064632988809887843",
				"typeId": "5111011",
				"name": "None"
			}
		},
		"5":
		{
			"location":
			{
				"x": -40109.800813597161,
				"y": -37737.742886169115,
				"z": -14264.605663352688
			},
			"rotation":
			{
				"pitch": 0,
				"yaw": 170.00000147180944,
				"roll": 0
			},
			"bRandomRotation": false,
			"instanceId":
			{
				"guid": "6064632988809887843",
				"typeId": "5111011",
				"name": "None"
			}
		},
		"6":
		{
			"location":
			{
				"x": -66987.417078493512,
				"y": -18823.667620163062,
				"z": -16758.102848883595
			},
			"rotation":
			{
				"pitch": 0,
				"yaw": -9.999999922536345,
				"roll": 0
			},
			"bRandomRotation": false,
			"instanceId":
			{
				"guid": "6064632988809887843",
				"typeId": "5111011",
				"name": "None"
			}
		},
		"7":
		{
			"location":
			{
				"x": -45618.914965887554,
				"y": 26312.616461383295,
				"z": -18118.991561241535
			},
			"rotation":
			{
				"pitch": 0,
				"yaw": 179.99999860565413,
				"roll": 0
			},
			"bRandomRotation": false,
			"instanceId":
			{
				"guid": "6064632988831842409",
				"typeId": "5111011",
				"name": "None"
			}
		}
	},
	"filterOverrideId":
	{
		"guid": "0",
		"typeId": "5111003",
		"name": "None"
	},
	"populationAreaId":
	{
		"guid": "0",
		"typeId": "5171420",
		"name": "None"
	},
	"timedDespawnId":
	{
		"guid": "0",
		"typeId": "5882300",
		"name": "None"
	},
	"overrideActivationRange": 0,
	"gameplayTags":
	{
		"gameplayTags": [],
		"parentTags": []
	},
	"alignmentOverridesIds": [],
	"guid": "6064632988783673442",
	"name": "CSQ_RVR_Corridor_SecondSword_to_Joeva_Watchtowers",
	"typeId": "5111005"
}