{
	"populationInstancesMap":
	{
		"1":
		{
			"location":
			{
				"x": 683.95121406007092,
				"y": -2254.05788281071,
				"z": 756.58141094655912
			},
			"rotation":
			{
				"pitch": 0,
				"yaw": 0,
				"roll": -0
			},
			"bRandomRotation": false,
			"instanceId":
			{
				"guid": "6064630270761777837",
				"typeId": "5111011",
				"name": "None"
			}
		},
		"2":
		{
			"location":
			{
				"x": 1540.1886925392319,
				"y": -2710.1082424840424,
				"z": 719.00125257279979
			},
			"rotation":
			{
				"pitch": 0,
				"yaw": 79.999999380290518,
				"roll": -0
			},
			"bRandomRotation": false,
			"instanceId":
			{
				"guid": "6064630270761778717",
				"typeId": "5111011",
				"name": "None"
			}
		},
		"3":
		{
			"location":
			{
				"x": 1507.3997614459367,
				"y": -1725.0964810615988,
				"z": 676.19198403732662
			},
			"rotation":
			{
				"pitch": 0,
				"yaw": 140.00000170420049,
				"roll": -0
			},
			"bRandomRotation": false,
			"instanceId":
			{
				"guid": "6064630270761778717",
				"typeId": "5111011",
				"name": "None"
			}
		},
		"4":
		{
			"location":
			{
				"x": 525.84536653873511,
				"y": -2770.008143999672,
				"z": 771.62757037375195
			},
			"rotation":
			{
				"pitch": 0,
				"yaw": 170.0000014718099,
				"roll": -0
			},
			"bRandomRotation": false,
			"instanceId":
			{
				"guid": "6064630270761777844",
				"typeId": "5111011",
				"name": "None"
			}
		},
		"5":
		{
			"location":
			{
				"x": 1395.219121061964,
				"y": -2695.0008366459515,
				"z": 682.56141092916187
			},
			"rotation":
			{
				"pitch": 0,
				"yaw": 0,
				"roll": -0
			},
			"bRandomRotation": false,
			"instanceId":
			{
				"guid": "6064630270761777847",
				"typeId": "5111011",
				"name": "None"
			}
		},
		"6":
		{
			"location":
			{
				"x": 1258.3711122906534,
				"y": -2692.1309148320579,
				"z": 692.1550048821955
			},
			"rotation":
			{
				"pitch": 0,
				"yaw": 0,
				"roll": -0
			},
			"bRandomRotation": false,
			"instanceId":
			{
				"guid": "6064630270761777847",
				"typeId": "5111011",
				"name": "None"
			}
		},
		"7":
		{
			"location":
			{
				"x": 582.74059272441082,
				"y": -3202.7802396480693,
				"z": 733.38706020725476
			},
			"rotation":
			{
				"pitch": 0,
				"yaw": 0,
				"roll": -0
			},
			"bRandomRotation": false,
			"instanceId":
			{
				"guid": "6064630270761777847",
				"typeId": "5111011",
				"name": "None"
			}
		},
		"8":
		{
			"location":
			{
				"x": 1080.3640654596966,
				"y": -1236.2618129052571,
				"z": 650.50907404994905
			},
			"rotation":
			{
				"pitch": 0,
				"yaw": 0,
				"roll": -0
			},
			"bRandomRotation": false,
			"instanceId":
			{
				"guid": "6064630270761777847",
				"typeId": "5111011",
				"name": "None"
			}
		},
		"9":
		{
			"location":
			{
				"x": 84.963454768061638,
				"y": -2750.0661220106995,
				"z": 730.94663781650161
			},
			"rotation":
			{
				"pitch": -0,
				"yaw": -149.99999883804492,
				"roll": 0
			},
			"bRandomRotation": false,
			"instanceId":
			{
				"guid": "6064630270761777847",
				"typeId": "5111011",
				"name": "None"
			}
		}
	},
	"filterOverrideId":
	{
		"guid": "0",
		"typeId": "5111003",
		"name": "None"
	},
	"populationAreaId":
	{
		"guid": "0",
		"typeId": "5171420",
		"name": "None"
	},
	"timedDespawnId":
	{
		"guid": "0",
		"typeId": "5882300",
		"name": "None"
	},
	"overrideActivationRange": 0,
	"gameplayTags":
	{
		"gameplayTags": [],
		"parentTags": []
	},
	"alignmentOverridesIds": [],
	"guid": "6064630270761777836",
	"name": "MISS_0020_KOC_Phase01_CrossroadsWell",
	"typeId": "5111005"
}