{
	"populationInstancesMap":
	{
		"1":
		{
			"location":
			{
				"x": -7464.6333659999946,
				"y": -864.96851300005801,
				"z": 996.00002300000051
			},
			"rotation":
			{
				"pitch": 0,
				"yaw": -49.99999961268167,
				"roll": 0
			},
			"bRandomRotation": false,
			"instanceId":
			{
				"guid": "6064633142390817178",
				"typeId": "5111011",
				"name": "None"
			}
		},
		"2":
		{
			"location":
			{
				"x": -7297.2160491491668,
				"y": -989.75410010281485,
				"z": 996.00002300000051
			},
			"rotation":
			{
				"pitch": 0,
				"yaw": 160.00000154927358,
				"roll": 0
			},
			"bRandomRotation": false,
			"instanceId":
			{
				"guid": "6064633142390817178",
				"typeId": "5111011",
				"name": "None"
			}
		},
		"3":
		{
			"location":
			{
				"x": -8068.6322670090012,
				"y": -2172.0487145460211,
				"z": 996.00002300000051
			},
			"rotation":
			{
				"pitch": 0,
				"yaw": 10.000002711228396,
				"roll": 0
			},
			"bRandomRotation": false,
			"instanceId":
			{
				"guid": "6064633142484403147",
				"typeId": "5111011",
				"name": "None"
			}
		},
		"4":
		{
			"location":
			{
				"x": -6789.0247511217894,
				"y": -3065.3413165966049,
				"z": 996.00002300000051
			},
			"rotation":
			{
				"pitch": 0,
				"yaw": 80.000002168982746,
				"roll": 0
			},
			"bRandomRotation": false,
			"instanceId":
			{
				"guid": "6064633142488204237",
				"typeId": "5111011",
				"name": "None"
			}
		},
		"5":
		{
			"location":
			{
				"x": -6098.6860402105667,
				"y": -1856.8577775211306,
				"z": 996.00002300000051
			},
			"rotation":
			{
				"pitch": 0,
				"yaw": 80.000002168982746,
				"roll": 0
			},
			"bRandomRotation": false,
			"instanceId":
			{
				"guid": "6064633142488204237",
				"typeId": "5111011",
				"name": "None"
			}
		},
		"6":
		{
			"location":
			{
				"x": -3375.1185924789461,
				"y": -4378.103572294116,
				"z": 996.00002300000051
			},
			"rotation":
			{
				"pitch": 0,
				"yaw": 80.000002168982746,
				"roll": 0
			},
			"bRandomRotation": false,
			"instanceId":
			{
				"guid": "6064633142488204237",
				"typeId": "5111011",
				"name": "None"
			}
		},
		"7":
		{
			"location":
			{
				"x": -2344.4667649986222,
				"y": -2694.118670007796,
				"z": 996.00002300000051
			},
			"rotation":
			{
				"pitch": 0,
				"yaw": -139.99999891550868,
				"roll": 0
			},
			"bRandomRotation": false,
			"instanceId":
			{
				"guid": "6064633142488204237",
				"typeId": "5111011",
				"name": "None"
			}
		},
		"8":
		{
			"location":
			{
				"x": -4330.5154718733684,
				"y": -2693.814675585134,
				"z": 996.00002300000051
			},
			"rotation":
			{
				"pitch": 0,
				"yaw": 150.00000162673712,
				"roll": 0
			},
			"bRandomRotation": false,
			"instanceId":
			{
				"guid": "6064633142488204237",
				"typeId": "5111011",
				"name": "None"
			}
		},
		"9":
		{
			"location":
			{
				"x": -3793.5729184771481,
				"y": 1176.1972944618901,
				"z": 996.00002300000051
			},
			"rotation":
			{
				"pitch": 0,
				"yaw": -119.99999907043579,
				"roll": 0
			},
			"bRandomRotation": false,
			"instanceId":
			{
				"guid": "6064633142488204237",
				"typeId": "5111011",
				"name": "None"
			}
		},
		"10":
		{
			"location":
			{
				"x": -3932.4914691319282,
				"y": 1964.043495368911,
				"z": 996.00002300000051
			},
			"rotation":
			{
				"pitch": 0,
				"yaw": 50.00000240137382,
				"roll": 0
			},
			"bRandomRotation": false,
			"instanceId":
			{
				"guid": "6064633142488204237",
				"typeId": "5111011",
				"name": "None"
			}
		},
		"11":
		{
			"location":
			{
				"x": -4652.7782171553408,
				"y": 1276.7687273431802,
				"z": 996.00002300000051
			},
			"rotation":
			{
				"pitch": 0,
				"yaw": 170.00000147180941,
				"roll": 0
			},
			"bRandomRotation": false,
			"instanceId":
			{
				"guid": "6064633142512452571",
				"typeId": "5111011",
				"name": "None"
			}
		},
		"12":
		{
			"location":
			{
				"x": 120.22565639880486,
				"y": -385.99254308082163,
				"z": 996.0000250899875
			},
			"rotation":
			{
				"pitch": 0,
				"yaw": 169.99999868311767,
				"roll": 0
			},
			"bRandomRotation": false,
			"instanceId":
			{
				"guid": "6064633141964636165",
				"typeId": "5111011",
				"name": "None"
			}
		},
		"13":
		{
			"location":
			{
				"x": -478.3830343389709,
				"y": 330.78878214315046,
				"z": 996.00002300000051
			},
			"rotation":
			{
				"pitch": 0,
				"yaw": -79.999999380291001,
				"roll": 0
			},
			"bRandomRotation": false,
			"instanceId":
			{
				"guid": "6064633142512452571",
				"typeId": "5111011",
				"name": "None"
			}
		},
		"14":
		{
			"location":
			{
				"x": -1444.2818089168577,
				"y": -1332.2023655389203,
				"z": 996.00002300000051
			},
			"rotation":
			{
				"pitch": 0,
				"yaw": -79.999999380291001,
				"roll": 0
			},
			"bRandomRotation": false,
			"instanceId":
			{
				"guid": "6064633142512452571",
				"typeId": "5111011",
				"name": "None"
			}
		}
	},
	"filterOverrideId":
	{
		"guid": "6064631187196411904",
		"typeId": "5111003",
		"name": "None"
	},
	"populationAreaId":
	{
		"guid": "0",
		"typeId": "5171420",
		"name": "None"
	},
	"timedDespawnId":
	{
		"guid": "0",
		"typeId": "5882300",
		"name": "None"
	},
	"overrideActivationRange": 0,
	"gameplayTags":
	{
		"gameplayTags": [],
		"parentTags": []
	},
	"alignmentOverridesIds": [],
	"guid": "6064633142390817177",
	"name": "Pop_Merchant_Jackal_Night",
	"typeId": "5111005"
}