{
	"populationInstancesMap":
	{
		"1":
		{
			"location":
			{
				"x": 16820.359915472218,
				"y": -96943.31115142518,
				"z": 4048.8521147634492
			},
			"rotation":
			{
				"pitch": 0,
				"yaw": 88.32015238789478,
				"roll": -0
			},
			"bRandomRotation": false,
			"instanceId":
			{
				"guid": "6064630270761780148",
				"typeId": "5111011",
				"name": "None"
			}
		},
		"2":
		{
			"location":
			{
				"x": 17298.274402419571,
				"y": -95667.636537656013,
				"z": 3960.7221396322821
			},
			"rotation":
			{
				"pitch": 0,
				"yaw": 159.99999876058126,
				"roll": -0
			},
			"bRandomRotation": false,
			"instanceId":
			{
				"guid": "6064630270761780151",
				"typeId": "5111011",
				"name": "None"
			}
		},
		"3":
		{
			"location":
			{
				"x": 16816.506520264782,
				"y": -96202.823758804938,
				"z": 4049.7104345886801
			},
			"rotation":
			{
				"pitch": 0,
				"yaw": 99.999999225363169,
				"roll": -0
			},
			"bRandomRotation": false,
			"instanceId":
			{
				"guid": "6064630270761780154",
				"typeId": "5111011",
				"name": "None"
			}
		},
		"4":
		{
			"location":
			{
				"x": 16043.064309242414,
				"y": -93795.3293223785,
				"z": 3201.2542798987251
			},
			"rotation":
			{
				"pitch": 0,
				"yaw": 109.99999914789959,
				"roll": -0
			},
			"bRandomRotation": false,
			"instanceId":
			{
				"guid": "6064630270761780151",
				"typeId": "5111011",
				"name": "None"
			}
		},
		"5":
		{
			"location":
			{
				"x": 16245.633845638717,
				"y": -93457.806065886223,
				"z": 3171.1232540909514
			},
			"rotation":
			{
				"pitch": 0,
				"yaw": 49.999999612681485,
				"roll": -0
			},
			"bRandomRotation": false,
			"instanceId":
			{
				"guid": "6064630270761780154",
				"typeId": "5111011",
				"name": "None"
			}
		},
		"6":
		{
			"location":
			{
				"x": 16586.580854383181,
				"y": -93751.318150680279,
				"z": 3092.0286560472941
			},
			"rotation":
			{
				"pitch": 0,
				"yaw": 49.999999612681471,
				"roll": -0
			},
			"bRandomRotation": false,
			"instanceId":
			{
				"guid": "6064630270761780151",
				"typeId": "5111011",
				"name": "None"
			}
		},
		"7":
		{
			"location":
			{
				"x": 17248.33244633954,
				"y": -90992.727207178075,
				"z": 2631.9900630625179
			},
			"rotation":
			{
				"pitch": -0,
				"yaw": -19.999999845072864,
				"roll": 0
			},
			"bRandomRotation": false,
			"instanceId":
			{
				"guid": "6064630270761780154",
				"typeId": "5111011",
				"name": "None"
			}
		},
		"8":
		{
			"location":
			{
				"x": 17279.732513932628,
				"y": -91527.897995775857,
				"z": 2648.578054940228
			},
			"rotation":
			{
				"pitch": -0,
				"yaw": -69.999999457754598,
				"roll": 0
			},
			"bRandomRotation": false,
			"instanceId":
			{
				"guid": "6064630270761780151",
				"typeId": "5111011",
				"name": "None"
			}
		},
		"9":
		{
			"location":
			{
				"x": 19135.299984888639,
				"y": -93835.172114262416,
				"z": 2860.015994863963
			},
			"rotation":
			{
				"pitch": -0,
				"yaw": -1.7053025658242404e-13,
				"roll": 0
			},
			"bRandomRotation": false,
			"instanceId":
			{
				"guid": "6064630270761780151",
				"typeId": "5111011",
				"name": "None"
			}
		},
		"10":
		{
			"location":
			{
				"x": 19075.51010783331,
				"y": -93124.435500964173,
				"z": 2807.741519176865
			},
			"rotation":
			{
				"pitch": -0,
				"yaw": -39.999999690145394,
				"roll": 0
			},
			"bRandomRotation": false,
			"instanceId":
			{
				"guid": "6064630270761780151",
				"typeId": "5111011",
				"name": "None"
			}
		},
		"11":
		{
			"location":
			{
				"x": 20018.075914937188,
				"y": -93223.861450277036,
				"z": 2887.2365909231594
			},
			"rotation":
			{
				"pitch": -0,
				"yaw": -39.999999690145394,
				"roll": 0
			},
			"bRandomRotation": false,
			"instanceId":
			{
				"guid": "6064630270761780151",
				"typeId": "5111011",
				"name": "None"
			}
		},
		"12":
		{
			"location":
			{
				"x": 20253.837787830504,
				"y": -94119.002447700885,
				"z": 3075.5028770390509
			},
			"rotation":
			{
				"pitch": 0,
				"yaw": 19.999999845072477,
				"roll": -0
			},
			"bRandomRotation": false,
			"instanceId":
			{
				"guid": "6064630270761780154",
				"typeId": "5111011",
				"name": "None"
			}
		},
		"13":
		{
			"location":
			{
				"x": 22811.223284391337,
				"y": -94662.064456608496,
				"z": 2839.5395490609226
			},
			"rotation":
			{
				"pitch": -0,
				"yaw": -119.9999990704364,
				"roll": 0
			},
			"bRandomRotation": false,
			"instanceId":
			{
				"guid": "6064630270761780154",
				"typeId": "5111011",
				"name": "None"
			}
		},
		"14":
		{
			"location":
			{
				"x": 22434.102276588324,
				"y": -95181.962253348553,
				"z": 2775.7013393810066
			},
			"rotation":
			{
				"pitch": -0,
				"yaw": -39.999999690145394,
				"roll": 0
			},
			"bRandomRotation": false,
			"instanceId":
			{
				"guid": "6064630270761780151",
				"typeId": "5111011",
				"name": "None"
			}
		},
		"15":
		{
			"location":
			{
				"x": 24572.616037359927,
				"y": -97726.327932349697,
				"z": 2462.2287787268197
			},
			"rotation":
			{
				"pitch": -0,
				"yaw": -159.99999876058124,
				"roll": 0
			},
			"bRandomRotation": false,
			"instanceId":
			{
				"guid": "6064630270761780151",
				"typeId": "5111011",
				"name": "None"
			}
		},
		"16":
		{
			"location":
			{
				"x": 24221.789466095972,
				"y": -97466.145207209163,
				"z": 2526.2433903818819
			},
			"rotation":
			{
				"pitch": -0,
				"yaw": -159.99999876058124,
				"roll": 0
			},
			"bRandomRotation": false,
			"instanceId":
			{
				"guid": "6064630270761780151",
				"typeId": "5111011",
				"name": "None"
			}
		},
		"17":
		{
			"location":
			{
				"x": 20259.297680160613,
				"y": -100646.73674358963,
				"z": 1098.6058317781135
			},
			"rotation":
			{
				"pitch": -0,
				"yaw": -119.99999907043644,
				"roll": 0
			},
			"bRandomRotation": false,
			"instanceId":
			{
				"guid": "6064630270761780154",
				"typeId": "5111011",
				"name": "None"
			}
		},
		"18":
		{
			"location":
			{
				"x": 20939.487893140991,
				"y": -101386.09211911034,
				"z": 1201.5648731759738
			},
			"rotation":
			{
				"pitch": -0,
				"yaw": -159.99999876058166,
				"roll": 0
			},
			"bRandomRotation": false,
			"instanceId":
			{
				"guid": "6064630270761780154",
				"typeId": "5111011",
				"name": "None"
			}
		},
		"19":
		{
			"location":
			{
				"x": 20381.559613121441,
				"y": -101517.53709128744,
				"z": 978.16390828325893
			},
			"rotation":
			{
				"pitch": -0,
				"yaw": -159.99999876058124,
				"roll": 0
			},
			"bRandomRotation": false,
			"instanceId":
			{
				"guid": "6064630270761780151",
				"typeId": "5111011",
				"name": "None"
			}
		},
		"20":
		{
			"location":
			{
				"x": 14995.393679413246,
				"y": -101559.28690370737,
				"z": -123.25600770557685
			},
			"rotation":
			{
				"pitch": 0,
				"yaw": 140.00000170420077,
				"roll": -0
			},
			"bRandomRotation": false,
			"instanceId":
			{
				"guid": "6064630270761780151",
				"typeId": "5111011",
				"name": "None"
			}
		},
		"21":
		{
			"location":
			{
				"x": 15373.602746730088,
				"y": -101146.53614788002,
				"z": -47.832593857781831
			},
			"rotation":
			{
				"pitch": 0,
				"yaw": 140.00000170420077,
				"roll": -0
			},
			"bRandomRotation": false,
			"instanceId":
			{
				"guid": "6064630270761780151",
				"typeId": "5111011",
				"name": "None"
			}
		},
		"22":
		{
			"location":
			{
				"x": 14050.977194114705,
				"y": -99592.661560430599,
				"z": -613.91183161631307
			},
			"rotation":
			{
				"pitch": 0,
				"yaw": 140.00000170420077,
				"roll": -0
			},
			"bRandomRotation": false,
			"instanceId":
			{
				"guid": "6064630270761780151",
				"typeId": "5111011",
				"name": "None"
			}
		},
		"23":
		{
			"location":
			{
				"x": 10953.12537018978,
				"y": -98700.591591827164,
				"z": -1467.5376730396947
			},
			"rotation":
			{
				"pitch": 0,
				"yaw": 110.00000193659164,