{
	"populationInstancesMap":
	{
		"1":
		{
			"location":
			{
				"x": -650685.29963671591,
				"y": 581983.06750969845,
				"z": 13922.081271734412
			},
			"rotation":
			{
				"pitch": -0,
				"yaw": -99.999999225363382,
				"roll": 0
			},
			"bRandomRotation": false,
			"instanceId":
			{
				"guid": "6064630609875042310",
				"typeId": "5111011",
				"name": "None"
			}
		},
		"2":
		{
			"location":
			{
				"x": -652749.64917750645,
				"y": 581098.98298581422,
				"z": 13851.520380775748
			},
			"rotation":
			{
				"pitch": 0,
				"yaw": 0,
				"roll": 0
			},
			"bRandomRotation": false,
			"instanceId":
			{
				"guid": "6064630609952047119",
				"typeId": "5111011",
				"name": "None"
			}
		},
		"3":
		{
			"location":
			{
				"x": -653210.81116841943,
				"y": 581441.79828636255,
				"z": 13862.127694173279
			},
			"rotation":
			{
				"pitch": 0,
				"yaw": -29.999999767609047,
				"roll": 0
			},
			"bRandomRotation": false,
			"instanceId":
			{
				"guid": "6064630609749475330",
				"typeId": "5111011",
				"name": "None"
			}
		},
		"4":
		{
			"location":
			{
				"x": -653573.65165021154,
				"y": 580895.29446690797,
				"z": 13815.823000764489
			},
			"rotation":
			{
				"pitch": 0,
				"yaw": 1.6875389974302379e-13,
				"roll": -0
			},
			"bRandomRotation": false,
			"instanceId":
			{
				"guid": "6064630609949556748",
				"typeId": "5111011",
				"name": "None"
			}
		},
		"5":
		{
			"location":
			{
				"x": -652780.72441603302,
				"y": 579059.43459099333,
				"z": 14025.612947114849
			},
			"rotation":
			{
				"pitch": -0,
				"yaw": -29.999999767609047,
				"roll": 0
			},
			"bRandomRotation": false,
			"instanceId":
			{
				"guid": "6064630609749475330",
				"typeId": "5111011",
				"name": "None"
			}
		},
		"6":
		{
			"location":
			{
				"x": -655721.34767844214,
				"y": 578533.71952005627,
				"z": 13957.1943271817
			},
			"rotation":
			{
				"pitch": -0,
				"yaw": -29.999999767609047,
				"roll": 0
			},
			"bRandomRotation": false,
			"instanceId":
			{
				"guid": "6064630609749475330",
				"typeId": "5111011",
				"name": "None"
			}
		},
		"7":
		{
			"location":
			{
				"x": -653732.86317256663,
				"y": 575308.65954590542,
				"z": 15316.667508319682
			},
			"rotation":
			{
				"pitch": -0,
				"yaw": -29.999999767609047,
				"roll": 0
			},
			"bRandomRotation": false,
			"instanceId":
			{
				"guid": "6064630609749475330",
				"typeId": "5111011",
				"name": "None"
			}
		},
		"8":
		{
			"location":
			{
				"x": -649699.75490628229,
				"y": 579492.8319535664,
				"z": 13823.525634342597
			},
			"rotation":
			{
				"pitch": 0,
				"yaw": 59.999999535217981,
				"roll": -0
			},
			"bRandomRotation": false,
			"instanceId":
			{
				"guid": "6064630609749475330",
				"typeId": "5111011",
				"name": "None"
			}
		},
		"9":
		{
			"location":
			{
				"x": -652557.95958254335,
				"y": 579413.78230142151,
				"z": 13953.36271488583
			},
			"rotation":
			{
				"pitch": 0,
				"yaw": 70.000002246446286,
				"roll": -0
			},
			"bRandomRotation": false,
			"instanceId":
			{
				"guid": "6064630609875042310",
				"typeId": "5111011",
				"name": "None"
			}
		},
		"10":
		{
			"location":
			{
				"x": -653355.28247557511,
				"y": 579113.71450116567,
				"z": 14069.744318793657
			},
			"rotation":
			{
				"pitch": 0,
				"yaw": 70.000002246446257,
				"roll": -0
			},
			"bRandomRotation": false,
			"instanceId":
			{
				"guid": "6064630609875042310",
				"typeId": "5111011",
				"name": "None"
			}
		},
		"11":
		{
			"location":
			{
				"x": -655735.73684479308,
				"y": 578791.3783099486,
				"z": 13922.36545591313
			},
			"rotation":
			{
				"pitch": 0,
				"yaw": 70.000002246446257,
				"roll": -0
			},
			"bRandomRotation": false,
			"instanceId":
			{
				"guid": "6064630609875042310",
				"typeId": "5111011",
				"name": "None"
			}
		},
		"12":
		{
			"location":
			{
				"x": -649847.35797080991,
				"y": 579904.38391315495,
				"z": 13808.651005382701
			},
			"rotation":
			{
				"pitch": 0,
				"yaw": 150.00000162673697,
				"roll": -0
			},
			"bRandomRotation": false,
			"instanceId":
			{
				"guid": "6064630609875042310",
				"typeId": "5111011",
				"name": "None"
			}
		},
		"13":
		{
			"location":
			{
				"x": -654002.19457880245,
				"y": 575546.40105712321,
				"z": 15234.455325406298
			},
			"rotation":
			{
				"pitch": 0,
				"yaw": 80.000002168982547,
				"roll": -0
			},
			"bRandomRotation": false,
			"instanceId":
			{
				"guid": "6064630609875042310",
				"typeId": "5111011",
				"name": "None"
			}
		},
		"14":
		{
			"location":
			{
				"x": -653060.2319206259,
				"y": 575585.78230661724,
				"z": 15163.562043719499
			},
			"rotation":
			{
				"pitch": 0,
				"yaw": 80.000002168982547,
				"roll": -0
			},
			"bRandomRotation": false,
			"instanceId":
			{
				"guid": "6064630609875042310",
				"typeId": "5111011",
				"name": "None"
			}
		},
		"15":
		{
			"location":
			{
				"x": -653319.52889088343,
				"y": 579388.88620763307,
				"z": 13989.250875749003
			},
			"rotation":
			{
				"pitch": 0,
				"yaw": 0,
				"roll": 0
			},
			"bRandomRotation": false,
			"instanceId":
			{
				"guid": "6064630609949556748",
				"typeId": "5111011",
				"name": "None"
			}
		},
		"16":
		{
			"location":
			{
				"x": -655720.28951249318,
				"y": 578378.30046071636,
				"z": 14013.30150655848
			},
			"rotation":
			{
				"pitch": 0,
				"yaw": 0,
				"roll": 0
			},
			"bRandomRotation": false,
			"instanceId":
			{
				"guid": "6064630609949556748",
				"typeId": "5111011",
				"name": "None"
			}
		},
		"17":
		{
			"location":
			{
				"x": -653677.76275851589,
				"y": 575600.22616458347,
				"z": 15196.991009844975
			},
			"rotation":
			{
				"pitch": 0,
				"yaw": 0,
				"roll": 0
			},
			"bRandomRotation": false,
			"instanceId":
			{
				"guid": "6064630609949556748",
				"typeId": "5111011",
				"name": "None"
			}
		},
		"18":
		{
			"location":
			{
				"x": -652932.93949294335,
				"y": 579361.22091257316,
				"z": 14000.850627926138
			},
			"rotation":
			{
				"pitch": 0,
				"yaw": 0,
				"roll": 0
			},
			"bRandomRotation": false,
			"instanceId":
			{
				"guid": "6064630609952047119",
				"typeId": "5111011",
				"name": "None"
			}
		},
		"19":
		{
			"location":
			{
				"x": -649619.81669129233,
				"y": 579689.94175665802,
				"z": 13812.788692111921
			},
			"rotation":
			{
				"pitch": 0,
				"yaw": 0,
				"roll": 0
			},
			"bRandomRotation": false,
			"instanceId":
			{
				"guid": "6064630609952047119",
				"typeId": "5111011",
				"name": "None"
			}
		},
		"20":
		{
			"location":
			{
				"x": -650361.07574016682,
				"y": 579768.28600642912,
				"z": 13832.903984933568
			},
			"rotation":
			{
				"pitch": 0,
				"yaw": 0,
				"roll": 0
			},
			"bRandomRotation": false,
			"instanceId":
			{
				"guid": "6064630609952047119",
				"typeId": "5111011",
				"name": "None"
			}
		},
		"21":
		{
			"location":
			{
				"x": -651577.01354604692,
				"y": 580473.67080956709,
				"z": 13907.96449065406
			},
			"rotation":
			{
				"pitch": 0,
				"yaw": 29.99999976760903,
				"roll": -0
			},
			"bRandomRotation": false,
			"instanceId":
			{
				"guid": "6064630609958141970",
				"typeId": "5111011",
				"name": "None"
			}
		},
		"22":
		{
			"location":
			{
				"x": -650700.34170705394,
				"y": 578326.3388582879,
				"z": 14061.665447163654
			},
			"rotation":
			{
				"pitch": 0,
				"yaw": 29.999999767609047,
				"roll": -0
			},
			"bRandomRotation": false,
			"instanceId":
			{
				"guid": "6064630609958141970",
				"typeId": "5111011",
				"name": "None"
			}
		},
		"23":
		{
			"location":
			{
				"x": -649543.6872774004,
				"y": 578027.71035199962,
				"z": 13985.561488909128
			},
			"rotation":
			{
				"pitch": 0,
				"yaw": 29.999999767609069,
				"roll": -0
			},
			"bRandomRotation": false,
			"instanceId":
			{
				"guid": "6064630609958141970",
				"typeId": "5111011",