{
	"populationInstancesMap":
	{
		"1":
		{
			"location":
			{
				"x": -471278.43897421088,
				"y": 545600.07000340929,
				"z": 11843.807652598953
			},
			"rotation":
			{
				"pitch": 0,
				"yaw": 38.922028580634951,
				"roll": 0
			},
			"bRandomRotation": false,
			"instanceId":
			{
				"guid": "6064632756871364648",
				"typeId": "5111011",
				"name": "None"
			}
		},
		"2":
		{
			"location":
			{
				"x": -469368.63427360822,
				"y": 546240.49292876909,
				"z": 11874.671757823562
			},
			"rotation":
			{
				"pitch": 0,
				"yaw": 38.922028580634951,
				"roll": 0
			},
			"bRandomRotation": false,
			"instanceId":
			{
				"guid": "6064632756871364648",
				"typeId": "5111011",
				"name": "None"
			}
		},
		"3":
		{
			"location":
			{
				"x": -469642.6231018519,
				"y": 544641.95382777578,
				"z": 12231.351309270203
			},
			"rotation":
			{
				"pitch": 0,
				"yaw": -152.96310226555971,
				"roll": 0
			},
			"bRandomRotation": false,
			"instanceId":
			{
				"guid": "6064632756871364648",
				"typeId": "5111011",
				"name": "None"
			}
		},
		"4":
		{
			"location":
			{
				"x": -401381.1849278778,
				"y": 592805.07124820433,
				"z": 15390.90097697614
			},
			"rotation":
			{
				"pitch": 0,
				"yaw": -152.96310226555971,
				"roll": 0
			},
			"bRandomRotation": false,
			"instanceId":
			{
				"guid": "6064632756871364648",
				"typeId": "5111011",
				"name": "None"
			}
		},
		"5":
		{
			"location":
			{
				"x": -400635.57711726113,
				"y": 588344.27170694806,
				"z": 15430.147715221323
			},
			"rotation":
			{
				"pitch": 0,
				"yaw": 122.68123874892929,
				"roll": 0
			},
			"bRandomRotation": false,
			"instanceId":
			{
				"guid": "6064632756871364648",
				"typeId": "5111011",
				"name": "None"
			}
		},
		"6":
		{
			"location":
			{
				"x": -401054.65349343757,
				"y": 589968.23520185484,
				"z": 15395.684909337531
			},
			"rotation":
			{
				"pitch": 0,
				"yaw": -89.944142816572821,
				"roll": 0
			},
			"bRandomRotation": false,
			"instanceId":
			{
				"guid": "6064632756871364648",
				"typeId": "5111011",
				"name": "None"
			}
		},
		"7":
		{
			"location":
			{
				"x": -455565.85261194163,
				"y": 658531.6923336623,
				"z": 13494.820941666963
			},
			"rotation":
			{
				"pitch": 0,
				"yaw": -89.944142816572821,
				"roll": 0
			},
			"bRandomRotation": false,
			"instanceId":
			{
				"guid": "6064632756871364648",
				"typeId": "5111011",
				"name": "None"
			}
		},
		"8":
		{
			"location":
			{
				"x": -457538.4987206693,
				"y": 657229.98619015701,
				"z": 13533.945516003274
			},
			"rotation":
			{
				"pitch": 0,
				"yaw": 164.70743151762633,
				"roll": 0
			},
			"bRandomRotation": false,
			"instanceId":
			{
				"guid": "6064632756871364648",
				"typeId": "5111011",
				"name": "None"
			}
		},
		"9":
		{
			"location":
			{
				"x": -459093.98254193447,
				"y": 658639.43323963298,
				"z": 13554.284277501432
			},
			"rotation":
			{
				"pitch": 0,
				"yaw": -52.143997279184873,
				"roll": 0
			},
			"bRandomRotation": false,
			"instanceId":
			{
				"guid": "6064632756871364648",
				"typeId": "5111011",
				"name": "None"
			}
		},
		"10":
		{
			"location":
			{
				"x": -455195.85261194163,
				"y": 655341.6923336623,
				"z": 13292.69475992868
			},
			"rotation":
			{
				"pitch": 0,
				"yaw": -89.944142816572821,
				"roll": 0
			},
			"bRandomRotation": false,
			"instanceId":
			{
				"guid": "6064632756871364648",
				"typeId": "5111011",
				"name": "None"
			}
		},
		"11":
		{
			"location":
			{
				"x": -459043.98254193447,
				"y": 656359.43323963298,
				"z": 13551.92695562643
			},
			"rotation":
			{
				"pitch": 0,
				"yaw": -52.143997279184873,
				"roll": 0
			},
			"bRandomRotation": false,
			"instanceId":
			{
				"guid": "6064632756871364648",
				"typeId": "5111011",
				"name": "None"
			}
		},
		"12":
		{
			"location":
			{
				"x": -457253.98254193447,
				"y": 654839.43323963298,
				"z": 13455.675346642052
			},
			"rotation":
			{
				"pitch": 0,
				"yaw": -52.143997279184873,
				"roll": 0
			},
			"bRandomRotation": false,
			"instanceId":
			{
				"guid": "6064632756871364648",
				"typeId": "5111011",
				"name": "None"
			}
		},
		"13":
		{
			"location":
			{
				"x": -455855.85261194163,
				"y": 653791.6923336623,
				"z": 13317.666697382447
			},
			"rotation":
			{
				"pitch": 0,
				"yaw": -89.944142816572821,
				"roll": 0
			},
			"bRandomRotation": false,
			"instanceId":
			{
				"guid": "6064632756871364648",
				"typeId": "5111011",
				"name": "None"
			}
		},
		"14":
		{
			"location":
			{
				"x": -458965.85261194163,
				"y": 654491.6923336623,
				"z": 13553.190875751585
			},
			"rotation":
			{
				"pitch": 0,
				"yaw": -89.944142816572821,
				"roll": 0
			},
			"bRandomRotation": false,
			"instanceId":
			{
				"guid": "6064632756871364648",
				"typeId": "5111011",
				"name": "None"
			}
		},
		"15":
		{
			"location":
			{
				"x": -457505.85261194163,
				"y": 652711.6923336623,
				"z": 13512.29339274377
			},
			"rotation":
			{
				"pitch": 0,
				"yaw": -89.944142816572821,
				"roll": 0
			},
			"bRandomRotation": false,
			"instanceId":
			{
				"guid": "6064632756871364648",
				"typeId": "5111011",
				"name": "None"
			}
		},
		"16":
		{
			"location":
			{
				"x": -474118.43897421088,
				"y": 544120.07000340929,
				"z": 12137.033613194653
			},
			"rotation":
			{
				"pitch": 0,
				"yaw": 38.922028580634951,
				"roll": 0
			},
			"bRandomRotation": false,
			"instanceId":
			{
				"guid": "6064632756871364648",
				"typeId": "5111011",
				"name": "None"
			}
		},
		"17":
		{
			"location":
			{
				"x": -472238.43897421088,
				"y": 543250.07000340929,
				"z": 12149.876098350898
			},
			"rotation":
			{
				"pitch": 0,
				"yaw": 38.922028580634951,
				"roll": 0
			},
			"bRandomRotation": false,
			"instanceId":
			{
				"guid": "6064632756871364648",
				"typeId": "5111011",
				"name": "None"
			}
		},
		"18":
		{
			"location":
			{
				"x": -472648.43897421088,
				"y": 545030.07000340929,
				"z": 11995.096565782536
			},
			"rotation":
			{
				"pitch": 0,
				"yaw": 38.922028580634951,
				"roll": 0
			},
			"bRandomRotation": false,
			"instanceId":
			{
				"guid": "6064632756871364648",
				"typeId": "5111011",
				"name": "None"
			}
		},
		"19":
		{
			"location":
			{
				"x": -470398.43897421088,
				"y": 542940.07000340929,
				"z": 12501.085557384096
			},
			"rotation":
			{
				"pitch": 0,
				"yaw": 38.922028580634951,
				"roll": 0
			},
			"bRandomRotation": false,
			"instanceId":
			{
				"guid": "6064632756871364648",
				"typeId": "5111011",
				"name": "None"
			}
		},
		"20":
		{
			"location":
			{
				"x": -473828.43897421088,
				"y": 542180.07000340929,
				"z": 12458.700584947575
			},
			"rotation":
			{
				"pitch": 0,
				"yaw": 38.922028580634951,
				"roll": 0
			},
			"bRandomRotation": false,
			"instanceId":
			{
				"guid": "6064632756871364648",
				"typeId": "5111011",
				"name": "None"
			}
		},
		"21":
		{
			"location":
			{
				"x": -399735.57711726113,
				"y": 592544.27170694806,
				"z": 15387.722095006477
			},
			"rotation":
			{
				"pitch": 0,
				"yaw": 122.68123874892927,
				"roll": 0
			},
			"bRandomRotation": false,
			"instanceId":
			{
				"guid": "6064632756871364648",
				"typeId": "5111011",
				"name": "None"
			}
		},
		"22":
		{
			"location":
			{
				"x": -398555.57711726113,
				"y": 586694.27170694806,
				"z": 15507.084553099736
			},
			"rotation":
			{
				"pitch": 0,
				"yaw": 122.68123874892927,
				"roll": 0
			},
			"bRandomRotation": false,
			"instanceId":
			{
				"guid": "6064632756871364648",
				"typeId": "5111011",
				"name": "None"
			}
		},
		"23":
		{
			"location":
			{
				"x": -402295.57711726113,
				"y": 591384.27170694806,
				"z": 15393.00714608069
			},
			"rotation":
			{
				"pitch": 0,
				"yaw": 122.68123874892927,
				"roll": 0
			},