{
	"populationInstancesMap":
	{
		"1":
		{
			"location":
			{
				"x": 6049.8406218832824,
				"y": -14882.59121804568,
				"z": 248.66280881878447
			},
			"rotation":
			{
				"pitch": 0,
				"yaw": 117.17467450671813,
				"roll": 0
			},
			"bRandomRotation": false,
			"instanceId":
			{
				"guid": "6064632201777251645",
				"typeId": "5111011",
				"name": "None"
			}
		},
		"2":
		{
			"location":
			{
				"x": 6026.6309966262197,
				"y": -14005.531145378714,
				"z": 577.76761546545094
			},
			"rotation":
			{
				"pitch": 0,
				"yaw": 167.51475377157587,
				"roll": -0
			},
			"bRandomRotation": false,
			"instanceId":
			{
				"guid": "6064632201681438008",
				"typeId": "5111011",
				"name": "None"
			}
		},
		"3":
		{
			"location":
			{
				"x": 5752.171100722393,
				"y": -16509.980288703926,
				"z": 478.77875780566683
			},
			"rotation":
			{
				"pitch": 0,
				"yaw": -39.670178584405683,
				"roll": 0
			},
			"bRandomRotation": false,
			"instanceId":
			{
				"guid": "6064632201678161205",
				"typeId": "5111011",
				"name": "None"
			}
		},
		"4":
		{
			"location":
			{
				"x": 6629.2987851359649,
				"y": -15080.375344772707,
				"z": 579.25406361335081
			},
			"rotation":
			{
				"pitch": -0,
				"yaw": -141.54234890760159,
				"roll": 0
			},
			"bRandomRotation": false,
			"instanceId":
			{
				"guid": "6064632201674097972",
				"typeId": "5111011",
				"name": "None"
			}
		},
		"5":
		{
			"location":
			{
				"x": 5068.2354853223078,
				"y": -14180.160418463871,
				"z": 470.48866797132359
			},
			"rotation":
			{
				"pitch": 0,
				"yaw": -39.670178584405683,
				"roll": 0
			},
			"bRandomRotation": false,
			"instanceId":
			{
				"guid": "6064632201678161205",
				"typeId": "5111011",
				"name": "None"
			}
		},
		"6":
		{
			"location":
			{
				"x": 7048.0473193607759,
				"y": -16461.834875963163,
				"z": 525.03439941747274
			},
			"rotation":
			{
				"pitch": 0,
				"yaw": -39.670178584405683,
				"roll": 0
			},
			"bRandomRotation": false,
			"instanceId":
			{
				"guid": "6064632201678161205",
				"typeId": "5111011",
				"name": "None"
			}
		},
		"7":
		{
			"location":
			{
				"x": 5892.6649644830031,
				"y": -14890.446502994047,
				"z": 310.04282661938305
			},
			"rotation":
			{
				"pitch": 0,
				"yaw": 117.17467450671813,
				"roll": 0
			},
			"bRandomRotation": false,
			"instanceId":
			{
				"guid": "6064632201797764414",
				"typeId": "5111011",
				"name": "None"
			}
		},
		"8":
		{
			"location":
			{
				"x": 6203.5122792724287,
				"y": -14881.01194535871,
				"z": 201.67761380116463
			},
			"rotation":
			{
				"pitch": 0,
				"yaw": 117.17467450671813,
				"roll": 0
			},
			"bRandomRotation": false,
			"instanceId":
			{
				"guid": "6064632201800385855",
				"typeId": "5111011",
				"name": "None"
			}
		},
		"9":
		{
			"location":
			{
				"x": 5530.3834169678157,
				"y": -16037.399700047914,
				"z": 477.57172083539626
			},
			"rotation":
			{
				"pitch": 0,
				"yaw": 65.378768050778817,
				"roll": 0
			},
			"bRandomRotation": false,
			"instanceId":
			{
				"guid": "6064632231018692618",
				"typeId": "5111011",
				"name": "None"
			}
		},
		"10":
		{
			"location":
			{
				"x": 7308.0959881495219,
				"y": -5248.3910352280363,
				"z": 687.84600706646052
			},
			"rotation":
			{
				"pitch": 0,
				"yaw": -134.62123318863982,
				"roll": 0
			},
			"bRandomRotation": false,
			"instanceId":
			{
				"guid": "6064632586650124299",
				"typeId": "5111011",
				"name": "None"
			}
		},
		"11":
		{
			"location":
			{
				"x": 7171.4781666999916,
				"y": -5163.1897274046205,
				"z": 674.55799634080358
			},
			"rotation":
			{
				"pitch": 0,
				"yaw": -94.621233498494476,
				"roll": 0
			},
			"bRandomRotation": false,
			"instanceId":
			{
				"guid": "6064632586650124299",
				"typeId": "5111011",
				"name": "None"
			}
		},
		"12":
		{
			"location":
			{
				"x": 6918.823108832119,
				"y": -5017.3777006602613,
				"z": 655.64994553259567
			},
			"rotation":
			{
				"pitch": 0,
				"yaw": -84.621233575958172,
				"roll": 0
			},
			"bRandomRotation": false,
			"instanceId":
			{
				"guid": "6064632586650124299",
				"typeId": "5111011",
				"name": "None"
			}
		}
	},
	"filterOverrideId":
	{
		"guid": "0",
		"typeId": "5111003",
		"name": "None"
	},
	"populationAreaId":
	{
		"guid": "0",
		"typeId": "5171420",
		"name": "None"
	},
	"timedDespawnId":
	{
		"guid": "0",
		"typeId": "5882300",
		"name": "None"
	},
	"overrideActivationRange": 0,
	"gameplayTags":
	{
		"gameplayTags": [],
		"parentTags": []
	},
	"alignmentOverridesIds": [],
	"guid": "6064632201685697849",
	"name": "RVR_Aela_Portal_Ruins_North_Sickly_Goblins",
	"typeId": "5111005"
}