{
	"populationInstancesMap":
	{
		"1":
		{
			"location":
			{
				"x": 2503.0096816681325,
				"y": 2418.2402122024214,
				"z": -2405.2294602320967
			},
			"rotation":
			{
				"pitch": 0,
				"yaw": 0,
				"roll": -0
			},
			"bRandomRotation": false,
			"instanceId":
			{
				"guid": "6064633775841148949",
				"typeId": "5111011",
				"name": "None"
			}
		},
		"2":
		{
			"location":
			{
				"x": 1335.164267892018,
				"y": 2978.2737314966507,
				"z": -2405.2294602320967
			},
			"rotation":
			{
				"pitch": 0,
				"yaw": 0,
				"roll": -0
			},
			"bRandomRotation": false,
			"instanceId":
			{
				"guid": "6064633775847112726",
				"typeId": "5111011",
				"name": "None"
			}
		},
		"3":
		{
			"location":
			{
				"x": -55.5951318370644,
				"y": 249.53404946392402,
				"z": -2405.2294602320967
			},
			"rotation":
			{
				"pitch": 0,
				"yaw": 0,
				"roll": -0
			},
			"bRandomRotation": false,
			"instanceId":
			{
				"guid": "6064633775847768087",
				"typeId": "5111011",
				"name": "None"
			}
		},
		"4":
		{
			"location":
			{
				"x": -2299.5633509056643,
				"y": 1702.4606593603967,
				"z": -2399.6122514940557
			},
			"rotation":
			{
				"pitch": 0,
				"yaw": 0,
				"roll": -0
			},
			"bRandomRotation": false,
			"instanceId":
			{
				"guid": "6064633775848226840",
				"typeId": "5111011",
				"name": "None"
			}
		},
		"5":
		{
			"location":
			{
				"x": -1863.7998677555006,
				"y": 3171.9176058387384,
				"z": -2399.6122514940557
			},
			"rotation":
			{
				"pitch": 0,
				"yaw": -81.230655205690937,
				"roll": 0
			},
			"bRandomRotation": false,
			"instanceId":
			{
				"guid": "6064633775849144345",
				"typeId": "5111011",
				"name": "None"
			}
		},
		"6":
		{
			"location":
			{
				"x": -1714.8479302758351,
				"y": 2972.0553771005943,
				"z": -2399.6122514940557
			},
			"rotation":
			{
				"pitch": 0,
				"yaw": 165.95979698190115,
				"roll": 0
			},
			"bRandomRotation": false,
			"instanceId":
			{
				"guid": "6064633775849603098",
				"typeId": "5111011",
				"name": "None"
			}
		},
		"7":
		{
			"location":
			{
				"x": 2016.3161107348278,
				"y": 960.74313627404626,
				"z": -2432.7453721666657
			},
			"rotation":
			{
				"pitch": 0,
				"yaw": 38.568584845641602,
				"roll": 0
			},
			"bRandomRotation": false,
			"instanceId":
			{
				"guid": "6064633775907602433",
				"typeId": "5111011",
				"name": "None"
			}
		},
		"8":
		{
			"location":
			{
				"x": 1063.3326505203731,
				"y": 234.34538461396005,
				"z": -2432.7453721666657
			},
			"rotation":
			{
				"pitch": 0,
				"yaw": -136.35707453164838,
				"roll": 0
			},
			"bRandomRotation": false,
			"instanceId":
			{
				"guid": "6064633775908847618",
				"typeId": "5111011",
				"name": "None"
			}
		},
		"9":
		{
			"location":
			{
				"x": 2324.7197242081165,
				"y": -322.01725086080842,
				"z": -2432.7453721666657
			},
			"rotation":
			{
				"pitch": 0,
				"yaw": -136.35707453164838,
				"roll": 0
			},
			"bRandomRotation": false,
			"instanceId":
			{
				"guid": "6064633775909240835",
				"typeId": "5111011",
				"name": "None"
			}
		},
		"10":
		{
			"location":
			{
				"x": 7524.9740472985432,
				"y": -4526.6612725685118,
				"z": -2432.7453721666657
			},
			"rotation":
			{
				"pitch": 0,
				"yaw": -175.45103045323029,
				"roll": 0
			},
			"bRandomRotation": false,
			"instanceId":
			{
				"guid": "6064633775909896196",
				"typeId": "5111011",
				"name": "None"
			}
		},
		"11":
		{
			"location":
			{
				"x": 7225.9009741942864,
				"y": -5903.9396039418643,
				"z": -2432.7453721666657
			},
			"rotation":
			{
				"pitch": 0,
				"yaw": -136.35707453164838,
				"roll": 0
			},
			"bRandomRotation": false,
			"instanceId":
			{
				"guid": "6064633775913697285",
				"typeId": "5111011",
				"name": "None"
			}
		},
		"12":
		{
			"location":
			{
				"x": 9193.5610508711543,
				"y": -6296.4231159696355,
				"z": -2432.7453721666657
			},
			"rotation":
			{
				"pitch": 0,
				"yaw": -136.35707453164838,
				"roll": 0
			},
			"bRandomRotation": false,
			"instanceId":
			{
				"guid": "6064633775915270150",
				"typeId": "5111011",
				"name": "None"
			}
		}
	},
	"filterOverrideId":
	{
		"guid": "0",
		"typeId": "5111003",
		"name": "None"
	},
	"populationAreaId":
	{
		"guid": "0",
		"typeId": "5171420",
		"name": "None"
	},
	"timedDespawnId":
	{
		"guid": "0",
		"typeId": "5882300",
		"name": "None"
	},
	"overrideActivationRange": 0,
	"gameplayTags":
	{
		"gameplayTags": [],
		"parentTags": []
	},
	"alignmentOverridesIds": [],
	"guid": "6064633775841148948",
	"name": "ANV_Pocket_Dungeon_Nexus_Regulator_PopSet_Crab_01",
	"typeId": "5111005"
}