{
	"populationInstancesMap":
	{
		"1":
		{
			"location":
			{
				"x": 4513.7581745893694,
				"y": -21430.306900186115,
				"z": -2630.1592955387005
			},
			"rotation":
			{
				"pitch": 0,
				"yaw": 123.26763176591923,
				"roll": 0
			},
			"bRandomRotation": false,
			"instanceId":
			{
				"guid": "6064632744390557702",
				"typeId": "5111011",
				"name": "None"
			}
		},
		"2":
		{
			"location":
			{
				"x": 4310.1386509267613,
				"y": -17839.361766728456,
				"z": -2240.6536625427543
			},
			"rotation":
			{
				"pitch": 0,
				"yaw": -50.027583901853575,
				"roll": 0
			},
			"bRandomRotation": false,
			"instanceId":
			{
				"guid": "6064632744431124489",
				"typeId": "5111011",
				"name": "None"
			}
		},
		"3":
		{
			"location":
			{
				"x": 1943.2850722910371,
				"y": -15464.674280672334,
				"z": -2240.6536625427543
			},
			"rotation":
			{
				"pitch": 0,
				"yaw": 134.00146737608387,
				"roll": 0
			},
			"bRandomRotation": false,
			"instanceId":
			{
				"guid": "6064632744431124489",
				"typeId": "5111011",
				"name": "None"
			}
		},
		"4":
		{
			"location":
			{
				"x": 2330.1301956446841,
				"y": -16114.338646957651,
				"z": -2240.6536515041171
			},
			"rotation":
			{
				"pitch": 0,
				"yaw": -85.819629992731109,
				"roll": 0
			},
			"bRandomRotation": false,
			"instanceId":
			{
				"guid": "6064632744452358156",
				"typeId": "5111011",
				"name": "None"
			}
		},
		"5":
		{
			"location":
			{
				"x": 3851.9503457886167,
				"y": -17044.935440604226,
				"z": -2240.6536515041171
			},
			"rotation":
			{
				"pitch": 0,
				"yaw": 80.107448331463587,
				"roll": 0
			},
			"bRandomRotation": false,
			"instanceId":
			{
				"guid": "6064632744452358156",
				"typeId": "5111011",
				"name": "None"
			}
		},
		"6":
		{
			"location":
			{
				"x": 2692.0026460848749,
				"y": -19179.390181204537,
				"z": -2654.9592766017759
			},
			"rotation":
			{
				"pitch": 0,
				"yaw": -63.02276475160572,
				"roll": 0
			},
			"bRandomRotation": false,
			"instanceId":
			{
				"guid": "6064632744452358156",
				"typeId": "5111011",
				"name": "None"
			}
		},
		"7":
		{
			"location":
			{
				"x": -161.27435062336735,
				"y": -17050.560527336202,
				"z": -2654.9592766017759
			},
			"rotation":
			{
				"pitch": 0,
				"yaw": -45.099482558635536,
				"roll": 0
			},
			"bRandomRotation": false,
			"instanceId":
			{
				"guid": "6064632744452358156",
				"typeId": "5111011",
				"name": "None"
			}
		},
		"8":
		{
			"location":
			{
				"x": 4503.2196022705175,
				"y": -9444.9215391360922,
				"z": -2654.9592876404131
			},
			"rotation":
			{
				"pitch": 0,
				"yaw": 94.193470003851658,
				"roll": 0
			},
			"bRandomRotation": false,
			"instanceId":
			{
				"guid": "6064632744431124489",
				"typeId": "5111011",
				"name": "None"
			}
		},
		"9":
		{
			"location":
			{
				"x": 6349.825020134449,
				"y": -11646.884767517215,
				"z": -2658.9592892060646
			},
			"rotation":
			{
				"pitch": 0,
				"yaw": 0,
				"roll": -0
			},
			"bRandomRotation": false,
			"instanceId":
			{
				"guid": "6064632744509046801",
				"typeId": "5111011",
				"name": "None"
			}
		},
		"10":
		{
			"location":
			{
				"x": 6515.137126732152,
				"y": -11517.50668159395,
				"z": -2658.9592663874482
			},
			"rotation":
			{
				"pitch": 0,
				"yaw": -60.978751424867355,
				"roll": 0
			},
			"bRandomRotation": false,
			"instanceId":
			{
				"guid": "6064632744511078418",
				"typeId": "5111011",
				"name": "None"
			}
		},
		"11":
		{
			"location":
			{
				"x": 7866.1244202691596,
				"y": -9108.9934242841555,
				"z": -2654.9592894712132
			},
			"rotation":
			{
				"pitch": 0,
				"yaw": -88.245818847216242,
				"roll": 0
			},
			"bRandomRotation": false,
			"instanceId":
			{
				"guid": "6064632744518877203",
				"typeId": "5111011",
				"name": "None"
			}
		},
		"12":
		{
			"location":
			{
				"x": 10363.967861830955,
				"y": -11613.704613512498,
				"z": -3754.9592810239501
			},
			"rotation":
			{
				"pitch": 0,
				"yaw": -139.49789945095554,
				"roll": 0
			},
			"bRandomRotation": false,
			"instanceId":
			{
				"guid": "6064632744518877203",
				"typeId": "5111011",
				"name": "None"
			}
		},
		"13":
		{
			"location":
			{
				"x": 7971.1276370657142,
				"y": -13042.437527421163,
				"z": -4274.9592629584895
			},
			"rotation":
			{
				"pitch": 0,
				"yaw": 139.47613083625382,
				"roll": 0
			},
			"bRandomRotation": false,
			"instanceId":
			{
				"guid": "6064632744636973077",
				"typeId": "5111011",
				"name": "None"
			}
		},
		"14":
		{
			"location":
			{
				"x": 5525.4082395785954,
				"y": -15325.690710184514,
				"z": -5288.8363477719995
			},
			"rotation":
			{
				"pitch": 0,
				"yaw": -139.49789945095554,
				"roll": 0
			},
			"bRandomRotation": false,
			"instanceId":
			{
				"guid": "6064632745261203495",
				"typeId": "5111011",
				"name": "None"
			}
		}
	},
	"filterOverrideId":
	{
		"guid": "0",
		"typeId": "5111003",
		"name": "None"
	},
	"populationAreaId":
	{
		"guid": "0",
		"typeId": "5171420",
		"name": "None"
	},
	"timedDespawnId":
	{
		"guid": "0",
		"typeId": "5882300",
		"name": "None"
	},
	"overrideActivationRange": 0,
	"gameplayTags":
	{
		"gameplayTags": [],
		"parentTags": []
	},
	"alignmentOverridesIds": [],
	"guid": "6064632744390557701",
	"name": "PopSet_BefallenForge_Fireelemental_Skeleton_Reaper01",
	"typeId": "5111005"
}