{
	"populationInstancesMap":
	{
		"1":
		{
			"location":
			{
				"x": -959481.50869526935,
				"y": 451815.17228416988,
				"z": 13446.400637190702
			},
			"rotation":
			{
				"pitch": 0,
				"yaw": 0,
				"roll": 0
			},
			"bRandomRotation": false,
			"instanceId":
			{
				"guid": "6064631006206558209",
				"typeId": "5111011",
				"name": "None"
			}
		},
		"2":
		{
			"location":
			{
				"x": -960880.06473230629,
				"y": 456749.19269870507,
				"z": 12926.877825407193
			},
			"rotation":
			{
				"pitch": 0,
				"yaw": 172.61984501219322,
				"roll": -0
			},
			"bRandomRotation": false,
			"instanceId":
			{
				"guid": "6064631006242668546",
				"typeId": "5111011",
				"name": "None"
			}
		},
		"3":
		{
			"location":
			{
				"x": -960320.83516325045,
				"y": 454201.62461970217,
				"z": 13217.140184194202
			},
			"rotation":
			{
				"pitch": -0,
				"yaw": -177.54621280001615,
				"roll": 0
			},
			"bRandomRotation": false,
			"instanceId":
			{
				"guid": "6064631006242668546",
				"typeId": "5111011",
				"name": "None"
			}
		},
		"4":
		{
			"location":
			{
				"x": -960413.68173216935,
				"y": 451423.87377712294,
				"z": 13416.594571206724
			},
			"rotation":
			{
				"pitch": 0,
				"yaw": 135.26467747708188,
				"roll": -0
			},
			"bRandomRotation": false,
			"instanceId":
			{
				"guid": "6064631006242668546",
				"typeId": "5111011",
				"name": "None"
			}
		},
		"5":
		{
			"location":
			{
				"x": -960594.03311860515,
				"y": 452738.2680080533,
				"z": 13293.631640574962
			},
			"rotation":
			{
				"pitch": 0,
				"yaw": 165.17310246388726,
				"roll": -0
			},
			"bRandomRotation": false,
			"instanceId":
			{
				"guid": "6064631006206558209",
				"typeId": "5111011",
				"name": "None"
			}
		},
		"6":
		{
			"location":
			{
				"x": -962790.76334382535,
				"y": 455523.25726091838,
				"z": 12769.33498001587
			},
			"rotation":
			{
				"pitch": -0,
				"yaw": -149.81217539102866,
				"roll": 0
			},
			"bRandomRotation": false,
			"instanceId":
			{
				"guid": "6064631006206558209",
				"typeId": "5111011",
				"name": "None"
			}
		},
		"7":
		{
			"location":
			{
				"x": -962520.12924492441,
				"y": 452661.60398483108,
				"z": 12786.374589606026
			},
			"rotation":
			{
				"pitch": -0,
				"yaw": -166.75868913230477,
				"roll": 0
			},
			"bRandomRotation": false,
			"instanceId":
			{
				"guid": "6064631006242668546",
				"typeId": "5111011",
				"name": "None"
			}
		},
		"8":
		{
			"location":
			{
				"x": -963769.33179019892,
				"y": 455717.49895152153,
				"z": 12591.605883946879
			},
			"rotation":
			{
				"pitch": -0,
				"yaw": -102.75233836825564,
				"roll": 0
			},
			"bRandomRotation": false,
			"instanceId":
			{
				"guid": "6064631006242668546",
				"typeId": "5111011",
				"name": "None"
			}
		},
		"9":
		{
			"location":
			{
				"x": -969043.12352970359,
				"y": 467727.17777725455,
				"z": 12503.226973214183
			},
			"rotation":
			{
				"pitch": -0,
				"yaw": -177.92368274740747,
				"roll": 0
			},
			"bRandomRotation": false,
			"instanceId":
			{
				"guid": "6064631006242668546",
				"typeId": "5111011",
				"name": "None"
			}
		},
		"10":
		{
			"location":
			{
				"x": -968717.62756909104,
				"y": 465600.69498013362,
				"z": 12470.587188127291
			},
			"rotation":
			{
				"pitch": 0,
				"yaw": 156.25107949621801,
				"roll": -0
			},
			"bRandomRotation": false,
			"instanceId":
			{
				"guid": "6064631006242668546",
				"typeId": "5111011",
				"name": "None"
			}
		},
		"11":
		{
			"location":
			{
				"x": -967729.59937055281,
				"y": 468222.65944463684,
				"z": 12483.381732427601
			},
			"rotation":
			{
				"pitch": 0,
				"yaw": 161.46941053563887,
				"roll": -0
			},
			"bRandomRotation": false,
			"instanceId":
			{
				"guid": "6064631006242668546",
				"typeId": "5111011",
				"name": "None"
			}
		},
		"12":
		{
			"location":
			{
				"x": -965818.85389802011,
				"y": 466336.37398248544,
				"z": 12471.559796433927
			},
			"rotation":
			{
				"pitch": 0,
				"yaw": 177.46822078444893,
				"roll": -0
			},
			"bRandomRotation": false,
			"instanceId":
			{
				"guid": "6064631006206558209",
				"typeId": "5111011",
				"name": "None"
			}
		},
		"13":
		{
			"location":
			{
				"x": -965669.64464674378,
				"y": 468134.80420435383,
				"z": 12413.494045967162
			},
			"rotation":
			{
				"pitch": -0,
				"yaw": -167.95524533242298,
				"roll": 0
			},
			"bRandomRotation": false,
			"instanceId":
			{
				"guid": "6064631006206558209",
				"typeId": "5111011",
				"name": "None"
			}
		},
		"14":
		{
			"location":
			{
				"x": -967608.92031359009,
				"y": 466354.22619909537,
				"z": 12469.976545324145
			},
			"rotation":
			{
				"pitch": 0,
				"yaw": 163.47066586051977,
				"roll": -0
			},
			"bRandomRotation": false,
			"instanceId":
			{
				"guid": "6064631006206558209",
				"typeId": "5111011",
				"name": "None"
			}
		},
		"15":
		{
			"location":
			{
				"x": -966818.17593433533,
				"y": 468172.19023153401,
				"z": 12474.587785624375
			},
			"rotation":
			{
				"pitch": 0,
				"yaw": 170.50553214459327,
				"roll": -0
			},
			"bRandomRotation": false,
			"instanceId":
			{
				"guid": "6064631006242668546",
				"typeId": "5111011",
				"name": "None"
			}
		},
		"16":
		{
			"location":
			{
				"x": -969641.06724494498,
				"y": 465348.80824938882,
				"z": 12447.703395340421
			},
			"rotation":
			{
				"pitch": -0,
				"yaw": -177.41379657667568,
				"roll": 0
			},
			"bRandomRotation": false,
			"instanceId":
			{
				"guid": "6064631006242668546",
				"typeId": "5111011",
				"name": "None"
			}
		},
		"17":
		{
			"location":
			{
				"x": -964890.49728391564,
				"y": 475977.69023322448,
				"z": 13009.092472187447
			},
			"rotation":
			{
				"pitch": -0,
				"yaw": -175.48210519385373,
				"roll": 0
			},
			"bRandomRotation": false,
			"instanceId":
			{
				"guid": "6064631006242668546",
				"typeId": "5111011",
				"name": "None"
			}
		},
		"18":
		{
			"location":
			{
				"x": -965523.88440617651,
				"y": 474990.14409484458,
				"z": 12970.748937972116
			},
			"rotation":
			{
				"pitch": -0,
				"yaw": -165.2561083825681,
				"roll": 0
			},
			"bRandomRotation": false,
			"instanceId":
			{
				"guid": "6064631006242668546",
				"typeId": "5111011",
				"name": "None"
			}
		},
		"19":
		{
			"location":
			{
				"x": -965536.71842351486,
				"y": 475827.71567597223,
				"z": 12971.682839293971
			},
			"rotation":
			{
				"pitch": 0,
				"yaw": 179.63994407874529,
				"roll": -0
			},
			"bRandomRotation": false,
			"instanceId":
			{
				"guid": "6064631006206558209",
				"typeId": "5111011",
				"name": "None"
			}
		},
		"20":
		{
			"location":
			{
				"x": -966350.557036752,
				"y": 475089.59723175096,
				"z": 12866.758192757394
			},
			"rotation":
			{
				"pitch": -0,
				"yaw": -170.86806557793977,
				"roll": 0
			},
			"bRandomRotation": false,
			"instanceId":
			{
				"guid": "6064631006242668546",
				"typeId": "5111011",
				"name": "None"
			}
		},
		"21":
		{
			"location":
			{
				"x": -966382.45599507017,
				"y": 475913.06248262402,
				"z": 12886.403761707306
			},
			"rotation":
			{
				"pitch": 0,
				"yaw": 172.81193520342384,
				"roll": -0
			},
			"bRandomRotation": false,
			"instanceId":
			{
				"guid": "6064631006242668546",
				"typeId": "5111011",
				"name": "None"
			}
		},
		"22":
		{
			"location":
			{
				"x": -967260.70959342201,
				"y": 475083.68499171664,
				"z": 12662.890237062747
			},
			"rotation":
			{
				"pitch": 0,
				"yaw": 128.13216302231297,
				"roll": -0
			},
			"bRandomRotation": false,
			"instanceId":
			{
				"guid": "6064631006242668546",
				"typeId": "5111011",
				"name": "None"
			}
		},
		"23":
		{
			"location":
			{
				"x": -967132.80712103797,
				"y": 475821.51220448554,
				"z": 12791.231098755277
			},
			"rotation":
			{
				"pitch": 0,
				"yaw": 170.25159619738918,
				"roll": -0
			},