{
	"populationInstancesMap":
	{
		"1":
		{
			"location":
			{
				"x": -5660.0227114690215,
				"y": -28655.076124823107,
				"z": 1507.5681748800605
			},
			"rotation":
			{
				"pitch": 0,
				"yaw": 0,
				"roll": -0
			},
			"bRandomRotation": false,
			"instanceId":
			{
				"guid": "6064630677799370777",
				"typeId": "5111011",
				"name": "None"
			}
		},
		"2":
		{
			"location":
			{
				"x": -10311.405983047087,
				"y": -27448.216250865316,
				"z": 702.79248297165168
			},
			"rotation":
			{
				"pitch": 0,
				"yaw": 0,
				"roll": -0
			},
			"bRandomRotation": false,
			"instanceId":
			{
				"guid": "6064630677799370777",
				"typeId": "5111011",
				"name": "None"
			}
		},
		"3":
		{
			"location":
			{
				"x": 1111.3204180446724,
				"y": -37958.16993103343,
				"z": 301.67370899102184
			},
			"rotation":
			{
				"pitch": 0,
				"yaw": 0,
				"roll": -0
			},
			"bRandomRotation": false,
			"instanceId":
			{
				"guid": "6064630677799370777",
				"typeId": "5111011",
				"name": "None"
			}
		},
		"4":
		{
			"location":
			{
				"x": 432.23176022224834,
				"y": -35736.90750935112,
				"z": 614.5781852107948
			},
			"rotation":
			{
				"pitch": 0,
				"yaw": 0,
				"roll": -0
			},
			"bRandomRotation": false,
			"instanceId":
			{
				"guid": "6064630677799370777",
				"typeId": "5111011",
				"name": "None"
			}
		},
		"5":
		{
			"location":
			{
				"x": -4490.4915073388629,
				"y": -24141.136218426713,
				"z": 903.5395473195822
			},
			"rotation":
			{
				"pitch": 0,
				"yaw": 0,
				"roll": 0
			},
			"bRandomRotation": false,
			"instanceId":
			{
				"guid": "6064630677799567386",
				"typeId": "5111011",
				"name": "None"
			}
		},
		"6":
		{
			"location":
			{
				"x": -5008.8623131951153,
				"y": -24579.735071207484,
				"z": 903.54212265372826
			},
			"rotation":
			{
				"pitch": 0,
				"yaw": 0,
				"roll": -0
			},
			"bRandomRotation": false,
			"instanceId":
			{
				"guid": "6064630677799567386",
				"typeId": "5111011",
				"name": "None"
			}
		},
		"7":
		{
			"location":
			{
				"x": -4496.542426031474,
				"y": -27625.640659965404,
				"z": 1291.0036481252168
			},
			"rotation":
			{
				"pitch": 0,
				"yaw": 0,
				"roll": 0
			},
			"bRandomRotation": false,
			"instanceId":
			{
				"guid": "6064630677799567386",
				"typeId": "5111011",
				"name": "None"
			}
		},
		"8":
		{
			"location":
			{
				"x": -3351.8591559807483,
				"y": -33442.010388440394,
				"z": 836.96853198929739
			},
			"rotation":
			{
				"pitch": 0,
				"yaw": 0,
				"roll": -0
			},
			"bRandomRotation": false,
			"instanceId":
			{
				"guid": "6064630677799567386",
				"typeId": "5111011",
				"name": "None"
			}
		},
		"9":
		{
			"location":
			{
				"x": -3351.8591559807483,
				"y": -33442.010388440394,
				"z": 836.96853198929739
			},
			"rotation":
			{
				"pitch": 0,
				"yaw": 0,
				"roll": -0
			},
			"bRandomRotation": false,
			"instanceId":
			{
				"guid": "6064630677799567386",
				"typeId": "5111011",
				"name": "None"
			}
		},
		"10":
		{
			"location":
			{
				"x": 2249.8296352579891,
				"y": -28667.403115002522,
				"z": 1265.4556170559299
			},
			"rotation":
			{
				"pitch": 0,
				"yaw": 0,
				"roll": -0
			},
			"bRandomRotation": false,
			"instanceId":
			{
				"guid": "6064630677799370777",
				"typeId": "5111011",
				"name": "None"
			}
		},
		"11":
		{
			"location":
			{
				"x": -4880.0227114690215,
				"y": -33545.076124823107,
				"z": 882.4802951559293
			},
			"rotation":
			{
				"pitch": 0,
				"yaw": 0,
				"roll": -0
			},
			"bRandomRotation": false,
			"instanceId":
			{
				"guid": "6064632230161285124",
				"typeId": "5111011",
				"name": "None"
			}
		},
		"12":
		{
			"location":
			{
				"x": 704.4276236930682,
				"y": -28881.187428506728,
				"z": 1267.9508392952366
			},
			"rotation":
			{
				"pitch": 0,
				"yaw": 0,
				"roll": -0
			},
			"bRandomRotation": false,
			"instanceId":
			{
				"guid": "6064632230147391491",
				"typeId": "5111011",
				"name": "None"
			}
		},
		"13":
		{
			"location":
			{
				"x": -16225.260333083228,
				"y": -16386.456822858367,
				"z": 1370.5801435467897
			},
			"rotation":
			{
				"pitch": 0,
				"yaw": -95.983623188065124,
				"roll": 0
			},
			"bRandomRotation": false,
			"instanceId":
			{
				"guid": "6064632592810770521",
				"typeId": "5111011",
				"name": "None"
			}
		},
		"14":
		{
			"location":
			{
				"x": -14525.793797184255,
				"y": -13954.510689092467,
				"z": 1308.8048954393144
			},
			"rotation":
			{
				"pitch": 0,
				"yaw": 0,
				"roll": 0
			},
			"bRandomRotation": false,
			"instanceId":
			{
				"guid": "6064632592811556954",
				"typeId": "5111011",
				"name": "None"
			}
		},
		"15":
		{
			"location":
			{
				"x": -16411.696487795936,
				"y": -11570.009629463275,
				"z": 1282.9139268295967
			},
			"rotation":
			{
				"pitch": 0,
				"yaw": 0,
				"roll": 0
			},
			"bRandomRotation": false,
			"instanceId":
			{
				"guid": "6064632592816144475",
				"typeId": "5111011",
				"name": "None"
			}
		},
		"16":
		{
			"location":
			{
				"x": -19972.823150295819,
				"y": -13757.659148659754,
				"z": 1282.9179118950356
			},
			"rotation":
			{
				"pitch": -0,
				"yaw": -39.355290058076328,
				"roll": 0
			},
			"bRandomRotation": false,
			"instanceId":
			{
				"guid": "6064632592816865372",
				"typeId": "5111011",
				"name": "None"
			}
		},
		"17":
		{
			"location":
			{
				"x": -16621.720879346882,
				"y": -16659.055148147767,
				"z": 1345.6275212195933
			},
			"rotation":
			{
				"pitch": -0,
				"yaw": -56.229011316650471,
				"roll": 0
			},
			"bRandomRotation": false,
			"instanceId":
			{
				"guid": "6064632592810770521",
				"typeId": "5111011",
				"name": "None"
			}
		},
		"18":
		{
			"location":
			{
				"x": -18279.031213519571,
				"y": -15195.467630445388,
				"z": 1098.2639249561239
			},
			"rotation":
			{
				"pitch": 0,
				"yaw": -99.999999225363382,
				"roll": 0
			},
			"bRandomRotation": false,
			"instanceId":
			{
				"guid": "6064632037816139778",
				"typeId": "5111011",
				"name": "None"
			}
		},
		"19":
		{
			"location":
			{
				"x": -15149.053384431869,
				"y": -12213.901161122369,
				"z": 1059.7029364533955
			},
			"rotation":
			{
				"pitch": 0,
				"yaw": 129.99999899297242,
				"roll": 0
			},
			"bRandomRotation": false,
			"instanceId":
			{
				"guid": "6064632037816139778",
				"typeId": "5111011",
				"name": "None"
			}
		},
		"20":
		{
			"location":
			{
				"x": -15574.171418093656,
				"y": -15253.547139727089,
				"z": 1084.1362142465086
			},
			"rotation":
			{
				"pitch": 0,
				"yaw": 19.999999845072686,
				"roll": 0
			},
			"bRandomRotation": false,
			"instanceId":
			{
				"guid": "6064632037816139778",
				"typeId": "5111011",
				"name": "None"
			}
		},
		"21":
		{
			"location":
			{
				"x": -17952.527693223783,
				"y": -16083.478681796949,
				"z": 1093.0067091501135
			},
			"rotation":
			{
				"pitch": 69.999999457752821,
				"yaw": 29.999999767608649,
				"roll": 5.5795917184921677e-14
			},
			"bRandomRotation": false,
			"instanceId":
			{
				"guid": "6064631713966391304",
				"typeId": "5111011",
				"name": "None"
			}
		}
	},
	"filterOverrideId":
	{
		"guid": "6064632587684544517",
		"typeId": "5111003",
		"name": "None"
	},
	"populationAreaId":
	{
		"guid": "0",
		"typeId": "5171420",
		"name": "None"
	},
	"timedDespawnId":
	{
		"guid": "0",
		"typeId": "5882300",
		"name": "None"
	},
	"overrideActivationRange": 0,
	"gameplayTags":
	{
		"gameplayTags": [],
		"parentTags": []
	},
	"alignmentOverridesIds": [],
	"guid": "6064632587865554952",
	"name": "Flat_A_Inner_Ring_A_Roadside_West_Riverlands",
	"typeId": "5111005"
}