{
	"populationInstancesMap":
	{
		"1":
		{
			"location":
			{
				"x": -572.13046753473031,
				"y": -592.34951691812284,
				"z": -1.1797599995588826e-05
			},
			"rotation":
			{
				"pitch": 0,
				"yaw": 88.049565228069412,
				"roll": -0
			},
			"bRandomRotation": false,
			"instanceId":
			{
				"guid": "6064632271217229834",
				"typeId": "5111011",
				"name": "None"
			}
		},
		"2":
		{
			"location":
			{
				"x": -318.23726294878998,
				"y": -1226.283401649368,
				"z": 96.000033015650388
			},
			"rotation":
			{
				"pitch": 0,
				"yaw": -112.63348235358347,
				"roll": 0
			},
			"bRandomRotation": false,
			"instanceId":
			{
				"guid": "6064632271197700101",
				"typeId": "5111011",
				"name": "None"
			}
		},
		"3":
		{
			"location":
			{
				"x": 142.43245300000001,
				"y": -391.32028500000001,
				"z": -7.9999999999999996e-06
			},
			"rotation":
			{
				"pitch": 0,
				"yaw": 180,
				"roll": 0
			},
			"bRandomRotation": false,
			"instanceId":
			{
				"guid": "6064630270761780880",
				"typeId": "5111011",
				"name": "None"
			}
		},
		"4":
		{
			"location":
			{
				"x": -1173.817545133481,
				"y": 1206.6606969558366,
				"z": -1.8067931648602098e-05
			},
			"rotation":
			{
				"pitch": 0,
				"yaw": 2.5834367575913668,
				"roll": 0
			},
			"bRandomRotation": false,
			"instanceId":
			{
				"guid": "6064630270761780913",
				"typeId": "5111011",
				"name": "None"
			}
		},
		"5":
		{
			"location":
			{
				"x": -496.27709234349925,
				"y": 1124.2771550538928,
				"z": 96.000042956170091
			},
			"rotation":
			{
				"pitch": 0,
				"yaw": 79.999999380290632,
				"roll": 0
			},
			"bRandomRotation": false,
			"instanceId":
			{
				"guid": "6064632422663913474",
				"typeId": "5111011",
				"name": "None"
			}
		},
		"6":
		{
			"location":
			{
				"x": -1187.8489636432237,
				"y": -542.29212904397923,
				"z": 95.999976681958856
			},
			"rotation":
			{
				"pitch": 0,
				"yaw": 57.01648288410447,
				"roll": 0
			},
			"bRandomRotation": false,
			"instanceId":
			{
				"guid": "6064632422659325952",
				"typeId": "5111011",
				"name": "None"
			}
		},
		"7":
		{
			"location":
			{
				"x": 185.79932226347628,
				"y": 1084.296822304455,
				"z": 96.000037616689042
			},
			"rotation":
			{
				"pitch": 0,
				"yaw": 89.999999302826964,
				"roll": 0
			},
			"bRandomRotation": false,
			"instanceId":
			{
				"guid": "6064632422662209537",
				"typeId": "5111011",
				"name": "None"
			}
		}
	},
	"filterOverrideId":
	{
		"guid": "0",
		"typeId": "5111003",
		"name": "None"
	},
	"populationAreaId":
	{
		"guid": "0",
		"typeId": "5171420",
		"name": "None"
	},
	"timedDespawnId":
	{
		"guid": "0",
		"typeId": "5882300",
		"name": "None"
	},
	"overrideActivationRange": 0,
	"gameplayTags":
	{
		"gameplayTags": [],
		"parentTags": []
	},
	"alignmentOverridesIds": [],
	"guid": "6064632271217229833",
	"name": "ServiceBuilding_L3_AgriculturalSupply_EXP_0B_FarmingSupply_Replacing_Operational",
	"typeId": "5111005"
}