{
	"populationInstancesMap":
	{
		"1":
		{
			"location":
			{
				"x": 13301.429470135879,
				"y": -2625.9630878715489,
				"z": 1519.6933724505639
			},
			"rotation":
			{
				"pitch": -0,
				"yaw": -59.99999953521796,
				"roll": 0
			},
			"bRandomRotation": false,
			"instanceId":
			{
				"guid": "6064630270761785199",
				"typeId": "5111011",
				"name": "None"
			}
		},
		"2":
		{
			"location":
			{
				"x": 16902.357515501262,
				"y": 6354.8912056417521,
				"z": 895.84986881254281
			},
			"rotation":
			{
				"pitch": 0,
				"yaw": -64.999999496486282,
				"roll": 0
			},
			"bRandomRotation": false,
			"instanceId":
			{
				"guid": "6064630270761785200",
				"typeId": "5111011",
				"name": "None"
			}
		},
		"3":
		{
			"location":
			{
				"x": 16991.783645119689,
				"y": 6165.8830876386519,
				"z": 873.55823071466023
			},
			"rotation":
			{
				"pitch": 0,
				"yaw": 84.999999341559288,
				"roll": 0
			},
			"bRandomRotation": false,
			"instanceId":
			{
				"guid": "6064630270761784801",
				"typeId": "5111011",
				"name": "None"
			}
		},
		"4":
		{
			"location":
			{
				"x": 17011.024707999051,
				"y": 6354.2256522822154,
				"z": 879.25652993397898
			},
			"rotation":
			{
				"pitch": 0,
				"yaw": -129.99999899297237,
				"roll": 0
			},
			"bRandomRotation": false,
			"instanceId":
			{
				"guid": "6064630270761785204",
				"typeId": "5111011",
				"name": "None"
			}
		},
		"5":
		{
			"location":
			{
				"x": 15092.269194895593,
				"y": 4607.0498419340847,
				"z": 961.49410862376976
			},
			"rotation":
			{
				"pitch": 0,
				"yaw": 114.99999910916816,
				"roll": 0
			},
			"bRandomRotation": false,
			"instanceId":
			{
				"guid": "6064630270761785207",
				"typeId": "5111011",
				"name": "None"
			}
		},
		"6":
		{
			"location":
			{
				"x": 15268.195535336772,
				"y": 5142.3284660054269,
				"z": 914.46695642472184
			},
			"rotation":
			{
				"pitch": -0,
				"yaw": -170.0000014718095,
				"roll": 0
			},
			"bRandomRotation": false,
			"instanceId":
			{
				"guid": "6064630270761785208",
				"typeId": "5111011",
				"name": "None"
			}
		},
		"7":
		{
			"location":
			{
				"x": 11777.757773594169,
				"y": -1017.5062308337507,
				"z": 1693.7022289280278
			},
			"rotation":
			{
				"pitch": 0,
				"yaw": 160.00000154927332,
				"roll": 0
			},
			"bRandomRotation": false,
			"instanceId":
			{
				"guid": "6064630270761785209",
				"typeId": "5111011",
				"name": "None"
			}
		},
		"8":
		{
			"location":
			{
				"x": 9270.445939307654,
				"y": -2489.1257953682584,
				"z": 1859.7338233671171
			},
			"rotation":
			{
				"pitch": 0,
				"yaw": 89.99999930282722,
				"roll": 0
			},
			"bRandomRotation": false,
			"instanceId":
			{
				"guid": "6064630270761782263",
				"typeId": "5111011",
				"name": "None"
			}
		},
		"9":
		{
			"location":
			{
				"x": 12020.316459831316,
				"y": -3298.7793934798306,
				"z": 1866.667559229815
			},
			"rotation":
			{
				"pitch": 0,
				"yaw": 0,
				"roll": -0
			},
			"bRandomRotation": false,
			"instanceId":
			{
				"guid": "6064630270761785213",
				"typeId": "5111011",
				"name": "None"
			}
		},
		"10":
		{
			"location":
			{
				"x": 15658.353330700527,
				"y": -2236.433441402135,
				"z": 869.93252091761588
			},
			"rotation":
			{
				"pitch": 0,
				"yaw": 0,
				"roll": -0
			},
			"bRandomRotation": false,
			"instanceId":
			{
				"guid": "6064630270761785213",
				"typeId": "5111011",
				"name": "None"
			}
		},
		"11":
		{
			"location":
			{
				"x": 8557.2739973321914,
				"y": -760.17629412054919,
				"z": 2246.1352004202799
			},
			"rotation":
			{
				"pitch": 0,
				"yaw": -129.99999899297208,
				"roll": 0
			},
			"bRandomRotation": false,
			"instanceId":
			{
				"guid": "6064630270761785217",
				"typeId": "5111011",
				"name": "None"
			}
		},
		"12":
		{
			"location":
			{
				"x": 10470.126633928063,
				"y": 1787.5180720441729,
				"z": 2209.2508996719744
			},
			"rotation":
			{
				"pitch": 0,
				"yaw": 99.999999225363339,
				"roll": 0
			},
			"bRandomRotation": false,
			"instanceId":
			{
				"guid": "6064630270761782255",
				"typeId": "5111011",
				"name": "None"
			}
		},
		"13":
		{
			"location":
			{
				"x": 11534.933024895727,
				"y": -1055.6157831464379,
				"z": 1703.2929296001294
			},
			"rotation":
			{
				"pitch": -0,
				"yaw": -19.999999845072693,
				"roll": 0
			},
			"bRandomRotation": false,
			"instanceId":
			{
				"guid": "6064630270761782292",
				"typeId": "5111011",
				"name": "None"
			}
		},
		"14":
		{
			"location":
			{
				"x": 10711.062401350857,
				"y": 2546.5283798998416,
				"z": 2190.561524182699
			},
			"rotation":
			{
				"pitch": -0,
				"yaw": -119.99999907043612,
				"roll": 0
			},
			"bRandomRotation": false,
			"instanceId":
			{
				"guid": "6064630270761785204",
				"typeId": "5111011",
				"name": "None"
			}
		},
		"15":
		{
			"location":
			{
				"x": 10614.334818331823,
				"y": 2391.344110590263,
				"z": 2190.5615196284912
			},
			"rotation":
			{
				"pitch": 0,
				"yaw": 59.999999535217981,
				"roll": -0
			},
			"bRandomRotation": false,
			"instanceId":
			{
				"guid": "6064630270761782269",
				"typeId": "5111011",
				"name": "None"
			}
		},
		"16":
		{
			"location":
			{
				"x": 9926.879675398166,
				"y": 2185.3720517947868,
				"z": 2190.5615200395855
			},
			"rotation":
			{
				"pitch": -0,
				"yaw": -80.000002168982803,
				"roll": 0
			},
			"bRandomRotation": false,
			"instanceId":
			{
				"guid": "6064630270761784805",
				"typeId": "5111011",
				"name": "None"
			}
		},
		"17":
		{
			"location":
			{
				"x": 11728.273653380549,
				"y": -817.07863787118106,
				"z": 1630.1924573067988
			},
			"rotation":
			{
				"pitch": -0,
				"yaw": -109.99999914789966,
				"roll": 0
			},
			"bRandomRotation": false,
			"instanceId":
			{
				"guid": "6064630270761785200",
				"typeId": "5111011",
				"name": "None"
			}
		},
		"18":
		{
			"location":
			{
				"x": 12119.445444367811,
				"y": -4545.0288445965489,
				"z": 1770.0537793622345
			},
			"rotation":
			{
				"pitch": 0,
				"yaw": 179.99999860565401,
				"roll": -0
			},
			"bRandomRotation": false,
			"instanceId":
			{
				"guid": "6064630270761785224",
				"typeId": "5111011",
				"name": "None"
			}
		},
		"19":
		{
			"location":
			{
				"x": 11614.591334376788,
				"y": -4508.708494825898,
				"z": 1768.3174127074055
			},
			"rotation":
			{
				"pitch": -0,
				"yaw": -9.999999922536345,
				"roll": 0
			},
			"bRandomRotation": false,
			"instanceId":
			{
				"guid": "6064630270761785224",
				"typeId": "5111011",
				"name": "None"
			}
		},
		"20":
		{
			"location":
			{
				"x": 11169.128910634818,
				"y": -3711.3904475065037,
				"z": 1774.469089352506
			},
			"rotation":
			{
				"pitch": 0,
				"yaw": 39.999999690145373,
				"roll": 0
			},
			"bRandomRotation": false,
			"instanceId":
			{
				"guid": "6064630870891167748",
				"typeId": "5111011",
				"name": "None"
			}
		},
		"21":
		{
			"location":
			{
				"x": 15664.591334000001,
				"y": -3708.7084949999999,
				"z": 1088.317413
			},
			"rotation":
			{
				"pitch": 0,
				"yaw": 99.999999000000003,
				"roll": 0
			},
			"bRandomRotation": false,
			"instanceId":
			{
				"guid": "6064630270761782235",
				"typeId": "5111011",
				"name": "None"
			}
		},
		"22":
		{
			"location":
			{
				"x": 9724.5913340000006,
				"y": 4631.2915050000001,
				"z": 2208.3174129999998
			},
			"rotation":
			{
				"pitch": 0,
				"yaw": 79.99999915492748,
				"roll": 0
			},
			"bRandomRotation": false,
			"instanceId":
			{
				"guid": "6064630270761782235",
				"typeId": "5111011",
				"name": "None"
			}
		}
	},
	"filterOverrideId":
	{
		"guid": "6064631833931939842",
		"typeId": "5111003",
		"name": "None"
	},
	"populationAreaId":
	{
		"guid": "0",
		"typeId": "5171420",
		"name": "None"
	},
	"timedDespawnId":
	{
		"guid": "0",
		"typeId": "5882300",
		"name": "None"
	},