{
	"populationInstancesMap":
	{
		"1":
		{
			"location":
			{
				"x": -4336.3837325260974,
				"y": 17043.526619573939,
				"z": -6421.6181718094285
			},
			"rotation":
			{
				"pitch": 0,
				"yaw": -160.00000154927363,
				"roll": 0
			},
			"bRandomRotation": false,
			"instanceId":
			{
				"guid": "6064632626311659539",
				"typeId": "5111011",
				"name": "None"
			}
		},
		"2":
		{
			"location":
			{
				"x": -5483.6635104361922,
				"y": 20240.359712972306,
				"z": -6681.5503759720687
			},
			"rotation":
			{
				"pitch": 0,
				"yaw": 154.999998799313,
				"roll": 0
			},
			"bRandomRotation": false,
			"instanceId":
			{
				"guid": "6064632626311659539",
				"typeId": "5111011",
				"name": "None"
			}
		},
		"3":
		{
			"location":
			{
				"x": -1215.4296024050564,
				"y": 17779.855316979461,
				"z": -6569.495422820708
			},
			"rotation":
			{
				"pitch": 0,
				"yaw": 19.99999984507258,
				"roll": 0
			},
			"bRandomRotation": false,
			"instanceId":
			{
				"guid": "6064632626311659539",
				"typeId": "5111011",
				"name": "None"
			}
		},
		"4":
		{
			"location":
			{
				"x": -3133.4638970985543,
				"y": 22138.840093383566,
				"z": -6736.6613009772736
			},
			"rotation":
			{
				"pitch": 0,
				"yaw": 0,
				"roll": -0
			},
			"bRandomRotation": false,
			"instanceId":
			{
				"guid": "6064632626329616406",
				"typeId": "5111011",
				"name": "None"
			}
		},
		"5":
		{
			"location":
			{
				"x": -1359.8845847200137,
				"y": 23239.124416476116,
				"z": -6915.1878778573973
			},
			"rotation":
			{
				"pitch": 0,
				"yaw": 0,
				"roll": -0
			},
			"bRandomRotation": false,
			"instanceId":
			{
				"guid": "6064632626329616406",
				"typeId": "5111011",
				"name": "None"
			}
		},
		"6":
		{
			"location":
			{
				"x": 1069.4869603624102,
				"y": 22293.038883783622,
				"z": -6885.7970204749345
			},
			"rotation":
			{
				"pitch": 0,
				"yaw": 0,
				"roll": -0
			},
			"bRandomRotation": false,
			"instanceId":
			{
				"guid": "6064632626329616406",
				"typeId": "5111011",
				"name": "None"
			}
		},
		"7":
		{
			"location":
			{
				"x": 1673.3700092441868,
				"y": 19247.996967332088,
				"z": -7025.4080381359745
			},
			"rotation":
			{
				"pitch": 0,
				"yaw": 0,
				"roll": -0
			},
			"bRandomRotation": false,
			"instanceId":
			{
				"guid": "6064632626329616406",
				"typeId": "5111011",
				"name": "None"
			}
		},
		"8":
		{
			"location":
			{
				"x": -323.91203926317394,
				"y": 20358.53386029019,
				"z": -6443.6179309565177
			},
			"rotation":
			{
				"pitch": 0,
				"yaw": 0,
				"roll": -0
			},
			"bRandomRotation": false,
			"instanceId":
			{
				"guid": "6064632626329616406",
				"typeId": "5111011",
				"name": "None"
			}
		},
		"9":
		{
			"location":
			{
				"x": -2240.6680242824368,
				"y": 12284.424329840578,
				"z": -6850.632463386446
			},
			"rotation":
			{
				"pitch": 0,
				"yaw": 0,
				"roll": -0
			},
			"bRandomRotation": false,
			"instanceId":
			{
				"guid": "6064632626329616406",
				"typeId": "5111011",
				"name": "None"
			}
		},
		"10":
		{
			"location":
			{
				"x": -4458.76379131875,
				"y": 14228.635999148362,
				"z": -6828.1833000541574
			},
			"rotation":
			{
				"pitch": 0,
				"yaw": 0,
				"roll": -0
			},
			"bRandomRotation": false,
			"instanceId":
			{
				"guid": "6064632626329616406",
				"typeId": "5111011",
				"name": "None"
			}
		},
		"11":
		{
			"location":
			{
				"x": -8131.5124815509189,
				"y": 18336.8831941596,
				"z": -6945.8047513358615
			},
			"rotation":
			{
				"pitch": 0,
				"yaw": 0,
				"roll": -0
			},
			"bRandomRotation": false,
			"instanceId":
			{
				"guid": "6064632626329616406",
				"typeId": "5111011",
				"name": "None"
			}
		},
		"12":
		{
			"location":
			{
				"x": -6987.2532809835393,
				"y": 15788.325733735343,
				"z": -7009.0189008858724
			},
			"rotation":
			{
				"pitch": 0,
				"yaw": 0,
				"roll": -0
			},
			"bRandomRotation": false,
			"instanceId":
			{
				"guid": "6064632626329616406",
				"typeId": "5111011",
				"name": "None"
			}
		},
		"13":
		{
			"location":
			{
				"x": -7156.1752746186685,
				"y": 21857.132419016794,
				"z": -6967.2941794909384
			},
			"rotation":
			{
				"pitch": 0,
				"yaw": 0,
				"roll": -0
			},
			"bRandomRotation": false,
			"instanceId":
			{
				"guid": "6064632626329616406",
				"typeId": "5111011",
				"name": "None"
			}
		}
	},
	"filterOverrideId":
	{
		"guid": "0",
		"typeId": "5111003",
		"name": "None"
	},
	"populationAreaId":
	{
		"guid": "0",
		"typeId": "5171420",
		"name": "None"
	},
	"timedDespawnId":
	{
		"guid": "0",
		"typeId": "5882300",
		"name": "None"
	},
	"overrideActivationRange": 0,
	"gameplayTags":
	{
		"gameplayTags": [],
		"parentTags": []
	},
	"alignmentOverridesIds": [],
	"guid": "6064632626308186130",
	"name": "RVR_Lake_Bountiful_Frog_Island",
	"typeId": "5111005"
}