{
	"populationInstancesMap":
	{
		"1":
		{
			"location":
			{
				"x": 78.700866389321163,
				"y": 2841.3666082825512,
				"z": -399.04079966674999
			},
			"rotation":
			{
				"pitch": 0,
				"yaw": 0,
				"roll": -0
			},
			"bRandomRotation": false,
			"instanceId":
			{
				"guid": "6064633532230731166",
				"typeId": "5111011",
				"name": "None"
			}
		},
		"2":
		{
			"location":
			{
				"x": 3849.5099153176416,
				"y": -22801.23667093995,
				"z": -1233.5179914126347
			},
			"rotation":
			{
				"pitch": 0,
				"yaw": -159.99999876058149,
				"roll": 0
			},
			"bRandomRotation": false,
			"instanceId":
			{
				"guid": "6064633532296267177",
				"typeId": "5111011",
				"name": "None"
			}
		},
		"3":
		{
			"location":
			{
				"x": 2604.2814649657812,
				"y": -21976.451287158998,
				"z": -1296.2200029498304
			},
			"rotation":
			{
				"pitch": 0,
				"yaw": -179.99999860565407,
				"roll": 0
			},
			"bRandomRotation": false,
			"instanceId":
			{
				"guid": "6064633532298495402",
				"typeId": "5111011",
				"name": "None"
			}
		},
		"4":
		{
			"location":
			{
				"x": 2069.9206010263879,
				"y": -21323.195553357713,
				"z": -1302.7004666889388
			},
			"rotation":
			{
				"pitch": 0,
				"yaw": -149.99999883804506,
				"roll": 0
			},
			"bRandomRotation": false,
			"instanceId":
			{
				"guid": "6064633532302558635",
				"typeId": "5111011",
				"name": "None"
			}
		},
		"5":
		{
			"location":
			{
				"x": 2938.8200192789081,
				"y": -22355.171773876064,
				"z": -1292.4251671855718
			},
			"rotation":
			{
				"pitch": 8.8278125961003172e-32,
				"yaw": -149.99999883804497,
				"roll": 1.7763568394002505e-15
			},
			"bRandomRotation": false,
			"instanceId":
			{
				"guid": "6064633532305835436",
				"typeId": "5111011",
				"name": "None"
			}
		},
		"6":
		{
			"location":
			{
				"x": 3279.6414608298801,
				"y": -21710.597118186532,
				"z": -1187.0821040014584
			},
			"rotation":
			{
				"pitch": 0,
				"yaw": 0,
				"roll": -0
			},
			"bRandomRotation": false,
			"instanceId":
			{
				"guid": "6064633532314027437",
				"typeId": "5111011",
				"name": "None"
			}
		},
		"7":
		{
			"location":
			{
				"x": 5939.1290405504405,
				"y": -18806.576048595365,
				"z": -429.17415369607625
			},
			"rotation":
			{
				"pitch": 0,
				"yaw": 0,
				"roll": -0
			},
			"bRandomRotation": false,
			"instanceId":
			{
				"guid": "6064633532316059054",
				"typeId": "5111011",
				"name": "None"
			}
		},
		"8":
		{
			"location":
			{
				"x": 7840.4953183694743,
				"y": -15460.182456530863,
				"z": 748.90350204080823
			},
			"rotation":
			{
				"pitch": 0,
				"yaw": 0,
				"roll": -0
			},
			"bRandomRotation": false,
			"instanceId":
			{
				"guid": "6064633532317959599",
				"typeId": "5111011",
				"name": "None"
			}
		},
		"9":
		{
			"location":
			{
				"x": 7416.3740329823922,
				"y": -9585.1330802110024,
				"z": 914.30818472760529
			},
			"rotation":
			{
				"pitch": 0,
				"yaw": 0,
				"roll": -0
			},
			"bRandomRotation": false,
			"instanceId":
			{
				"guid": "6064633532320449968",
				"typeId": "5111011",
				"name": "None"
			}
		},
		"10":
		{
			"location":
			{
				"x": 2991.3182664129417,
				"y": -2725.79192779609,
				"z": -28.272303640126665
			},
			"rotation":
			{
				"pitch": 0,
				"yaw": 0,
				"roll": -0
			},
			"bRandomRotation": false,
			"instanceId":
			{
				"guid": "6064633532323202481",
				"typeId": "5111011",
				"name": "None"
			}
		},
		"11":
		{
			"location":
			{
				"x": 885.03340760618448,
				"y": 4328.883288060315,
				"z": -589.35206817297785
			},
			"rotation":
			{
				"pitch": 0,
				"yaw": 0,
				"roll": -0
			},
			"bRandomRotation": false,
			"instanceId":
			{
				"guid": "6064633532325627314",
				"typeId": "5111011",
				"name": "None"
			}
		},
		"12":
		{
			"location":
			{
				"x": -764.92494043940678,
				"y": 3464.4376222479623,
				"z": -320.73567668485703
			},
			"rotation":
			{
				"pitch": 0,
				"yaw": 0,
				"roll": -0
			},
			"bRandomRotation": false,
			"instanceId":
			{
				"guid": "6064633532326938035",
				"typeId": "5111011",
				"name": "None"
			}
		},
		"13":
		{
			"location":
			{
				"x": -898.34470850275829,
				"y": 1981.7147313840687,
				"z": -175.0117188966351
			},
			"rotation":
			{
				"pitch": 0,
				"yaw": 0,
				"roll": -0
			},
			"bRandomRotation": false,
			"instanceId":
			{
				"guid": "6064633532328248756",
				"typeId": "5111011",
				"name": "None"
			}
		}
	},
	"filterOverrideId":
	{
		"guid": "0",
		"typeId": "5111003",
		"name": "None"
	},
	"populationAreaId":
	{
		"guid": "0",
		"typeId": "5171420",
		"name": "None"
	},
	"timedDespawnId":
	{
		"guid": "0",
		"typeId": "5882300",
		"name": "None"
	},
	"overrideActivationRange": 0,
	"gameplayTags":
	{
		"gameplayTags": [],
		"parentTags": []
	},
	"alignmentOverridesIds": [],
	"guid": "6064633532109358436",
	"name": "PopSet_EVT_JUN_0013_AME_Stage01_Props",
	"typeId": "5111005"
}