{
	"populationInstancesMap":
	{
		"1":
		{
			"location":
			{
				"x": 213.24192525015678,
				"y": -824.03592027077684,
				"z": -32.066459304356613
			},
			"rotation":
			{
				"pitch": 0,
				"yaw": 90.000002091518922,
				"roll": -0
			},
			"bRandomRotation": false,
			"instanceId":
			{
				"guid": "6064630270761775598",
				"typeId": "5111011",
				"name": "None"
			}
		},
		"2":
		{
			"location":
			{
				"x": 446.71091963886283,
				"y": -439.49410434206948,
				"z": 269.86601636022897
			},
			"rotation":
			{
				"pitch": 0,
				"yaw": 170.00000147180967,
				"roll": -0
			},
			"bRandomRotation": false,
			"instanceId":
			{
				"guid": "6064630270761775601",
				"typeId": "5111011",
				"name": "None"
			}
		},
		"3":
		{
			"location":
			{
				"x": 952.36237954127137,
				"y": 1095.2724758406403,
				"z": -98.392833797011917
			},
			"rotation":
			{
				"pitch": -0,
				"yaw": -119.99999907043617,
				"roll": 0
			},
			"bRandomRotation": false,
			"instanceId":
			{
				"guid": "6064630270761775607",
				"typeId": "5111011",
				"name": "None"
			}
		},
		"4":
		{
			"location":
			{
				"x": -520.29660025855992,
				"y": 355.9660917557776,
				"z": -131.41661474660759
			},
			"rotation":
			{
				"pitch": 0,
				"yaw": 49.999999612681684,
				"roll": -0
			},
			"bRandomRotation": false,
			"instanceId":
			{
				"guid": "6064630270761775607",
				"typeId": "5111011",
				"name": "None"
			}
		},
		"5":
		{
			"location":
			{
				"x": -1273.3272795736557,
				"y": -604.66050105867907,
				"z": 29.35701112579045
			},
			"rotation":
			{
				"pitch": -0,
				"yaw": -89.999999302826964,
				"roll": 0
			},
			"bRandomRotation": false,
			"instanceId":
			{
				"guid": "6064630270761775607",
				"typeId": "5111011",
				"name": "None"
			}
		},
		"6":
		{
			"location":
			{
				"x": 1528.0541476636427,
				"y": -3085.0127585976152,
				"z": 383.744063850967
			},
			"rotation":
			{
				"pitch": 0,
				"yaw": 89.999999302826964,
				"roll": -0
			},
			"bRandomRotation": false,
			"instanceId":
			{
				"guid": "6064630270761775607",
				"typeId": "5111011",
				"name": "None"
			}
		},
		"7":
		{
			"location":
			{
				"x": 2234.6098357216688,
				"y": -1228.5385843971744,
				"z": 351.07669422887193
			},
			"rotation":
			{
				"pitch": 0,
				"yaw": 0,
				"roll": 0
			},
			"bRandomRotation": false,
			"instanceId":
			{
				"guid": "6064630270761775607",
				"typeId": "5111011",
				"name": "None"
			}
		},
		"8":
		{
			"location":
			{
				"x": 291.99957456404809,
				"y": -696.59072393079987,
				"z": -182.44102948355612
			},
			"rotation":
			{
				"pitch": 0,
				"yaw": 0,
				"roll": -0
			},
			"bRandomRotation": false,
			"instanceId":
			{
				"guid": "6064630270761775609",
				"typeId": "5111011",
				"name": "None"
			}
		}
	},
	"filterOverrideId":
	{
		"guid": "0",
		"typeId": "5111003",
		"name": "None"
	},
	"populationAreaId":
	{
		"guid": "0",
		"typeId": "5171420",
		"name": "None"
	},
	"timedDespawnId":
	{
		"guid": "0",
		"typeId": "5882300",
		"name": "None"
	},
	"overrideActivationRange": 0,
	"gameplayTags":
	{
		"gameplayTags": [],
		"parentTags": []
	},
	"alignmentOverridesIds": [],
	"guid": "6064630270761775597",
	"name": "MISS_0016_LOL_Phase01_BaurEstate",
	"typeId": "5111005"
}