{
	"populationInstancesMap":
	{
		"1":
		{
			"location":
			{
				"x": 97748.10354796215,
				"y": -63134.150404287793,
				"z": 84.865292219916228
			},
			"rotation":
			{
				"pitch": 0,
				"yaw": -89.999999302827007,
				"roll": 0
			},
			"bRandomRotation": false,
			"instanceId":
			{
				"guid": "6064633295956738143",
				"typeId": "5111011",
				"name": "None"
			}
		},
		"2":
		{
			"location":
			{
				"x": 98151.641251701629,
				"y": -63347.850494393555,
				"z": 66.94366644443835
			},
			"rotation":
			{
				"pitch": 0,
				"yaw": -89.999999302827007,
				"roll": 0
			},
			"bRandomRotation": false,
			"instanceId":
			{
				"guid": "6064633295956738143",
				"typeId": "5111011",
				"name": "None"
			}
		},
		"3":
		{
			"location":
			{
				"x": 97578.458641744219,
				"y": -60495.294712847099,
				"z": 300.71019703849561
			},
			"rotation":
			{
				"pitch": 0,
				"yaw": -54.999999573949694,
				"roll": 0
			},
			"bRandomRotation": false,
			"instanceId":
			{
				"guid": "6064633295956738143",
				"typeId": "5111011",
				"name": "None"
			}
		},
		"4":
		{
			"location":
			{
				"x": 97955.301949671237,
				"y": -60708.630804937042,
				"z": 325.39974987017376
			},
			"rotation":
			{
				"pitch": 0,
				"yaw": 160.00000154927358,
				"roll": 0
			},
			"bRandomRotation": false,
			"instanceId":
			{
				"guid": "6064633295956738143",
				"typeId": "5111011",
				"name": "None"
			}
		},
		"5":
		{
			"location":
			{
				"x": 97672.02914238628,
				"y": -60945.868112628988,
				"z": 304.56408786837255
			},
			"rotation":
			{
				"pitch": 0,
				"yaw": 115.00000189786006,
				"roll": 0
			},
			"bRandomRotation": false,
			"instanceId":
			{
				"guid": "6064633295956738143",
				"typeId": "5111011",
				"name": "None"
			}
		},
		"6":
		{
			"location":
			{
				"x": 98680.477659130469,
				"y": -61014.855665523501,
				"z": 338.59710126102345
			},
			"rotation":
			{
				"pitch": 0,
				"yaw": 0,
				"roll": -0
			},
			"bRandomRotation": false,
			"instanceId":
			{
				"guid": "6064633295965126756",
				"typeId": "5111011",
				"name": "None"
			}
		},
		"7":
		{
			"location":
			{
				"x": 98501.902864467585,
				"y": -62245.806311303517,
				"z": 270.09290627780319
			},
			"rotation":
			{
				"pitch": 0,
				"yaw": 0,
				"roll": -0
			},
			"bRandomRotation": false,
			"instanceId":
			{
				"guid": "6064633295965126756",
				"typeId": "5111011",
				"name": "None"
			}
		},
		"8":
		{
			"location":
			{
				"x": 96994.370399319567,
				"y": -61799.488675194851,
				"z": 195.91477044245221
			},
			"rotation":
			{
				"pitch": 0,
				"yaw": 0,
				"roll": -0
			},
			"bRandomRotation": false,
			"instanceId":
			{
				"guid": "6064633295965126756",
				"typeId": "5111011",
				"name": "None"
			}
		},
		"9":
		{
			"location":
			{
				"x": 95382.098718478577,
				"y": -61766.696473700111,
				"z": -134.73190208008964
			},
			"rotation":
			{
				"pitch": 0,
				"yaw": 0,
				"roll": -0
			},
			"bRandomRotation": false,
			"instanceId":
			{
				"guid": "6064633295965126756",
				"typeId": "5111011",
				"name": "None"
			}
		},
		"10":
		{
			"location":
			{
				"x": 96278.795256976737,
				"y": -63187.823746468697,
				"z": -172.29688352946414
			},
			"rotation":
			{
				"pitch": 0,
				"yaw": 0,
				"roll": -0
			},
			"bRandomRotation": false,
			"instanceId":
			{
				"guid": "6064633295965126756",
				"typeId": "5111011",
				"name": "None"
			}
		},
		"11":
		{
			"location":
			{
				"x": 97432.74057671451,
				"y": -64325.614062480512,
				"z": -284.7176322176565
			},
			"rotation":
			{
				"pitch": 0,
				"yaw": 0,
				"roll": -0
			},
			"bRandomRotation": false,
			"instanceId":
			{
				"guid": "6064633295965126756",
				"typeId": "5111011",
				"name": "None"
			}
		},
		"12":
		{
			"location":
			{
				"x": 100532.32127919234,
				"y": -63934.753956649394,
				"z": -216.60965368260077
			},
			"rotation":
			{
				"pitch": 0,
				"yaw": 0,
				"roll": -0
			},
			"bRandomRotation": false,
			"instanceId":
			{
				"guid": "6064633295965126756",
				"typeId": "5111011",
				"name": "None"
			}
		},
		"13":
		{
			"location":
			{
				"x": 100877.67060021544,
				"y": -62688.778578429774,
				"z": -13.716402252487569
			},
			"rotation":
			{
				"pitch": 0,
				"yaw": 0,
				"roll": -0
			},
			"bRandomRotation": false,
			"instanceId":
			{
				"guid": "6064633295965126756",
				"typeId": "5111011",
				"name": "None"
			}
		},
		"14":
		{
			"location":
			{
				"x": 101222.99440725753,
				"y": -61173.110890600889,
				"z": 34.9100522471972
			},
			"rotation":
			{
				"pitch": 0,
				"yaw": 0,
				"roll": -0
			},
			"bRandomRotation": false,
			"instanceId":
			{
				"guid": "6064633295965126756",
				"typeId": "5111011",
				"name": "None"
			}
		},
		"15":
		{
			"location":
			{
				"x": 102332.65094019193,
				"y": -59673.110692364979,
				"z": -228.36350057090749
			},
			"rotation":
			{
				"pitch": 0,
				"yaw": 0,
				"roll": -0
			},
			"bRandomRotation": false,
			"instanceId":
			{
				"guid": "6064633295965126756",
				"typeId": "5111011",
				"name": "None"
			}
		},
		"16":
		{
			"location":
			{
				"x": 102585.08274134598,
				"y": -61047.339371927374,
				"z": -486.86326910634762
			},
			"rotation":
			{
				"pitch": 0,
				"yaw": 0,
				"roll": -0
			},
			"bRandomRotation": false,
			"instanceId":
			{
				"guid": "6064633295965126756",
				"typeId": "5111011",
				"name": "None"
			}
		},
		"17":
		{
			"location":
			{
				"x": 101103.92955704778,
				"y": -59253.294110375107,
				"z": 201.71086583773103
			},
			"rotation":
			{
				"pitch": 0,
				"yaw": 0,
				"roll": -0
			},
			"bRandomRotation": false,
			"instanceId":
			{
				"guid": "6064633295965126756",
				"typeId": "5111011",
				"name": "None"
			}
		},
		"18":
		{
			"location":
			{
				"x": 102570.94448960316,
				"y": -57837.035041814146,
				"z": -398.62210787386903
			},
			"rotation":
			{
				"pitch": 0,
				"yaw": 0,
				"roll": -0
			},
			"bRandomRotation": false,
			"instanceId":
			{
				"guid": "6064633295965126756",
				"typeId": "5111011",
				"name": "None"
			}
		},
		"19":
		{
			"location":
			{
				"x": 98520.612353918841,
				"y": -58568.494329591398,
				"z": 376.30455239987441
			},
			"rotation":
			{
				"pitch": 0,
				"yaw": 5.0000027499608004,
				"roll": 0
			},
			"bRandomRotation": false,
			"instanceId":
			{
				"guid": "6064633295956738143",
				"typeId": "5111011",
				"name": "None"
			}
		},
		"20":
		{
			"location":
			{
				"x": 98819.596898635849,
				"y": -58392.814503648784,
				"z": 390.21861714260012
			},
			"rotation":
			{
				"pitch": 0,
				"yaw": -159.9999987605807,
				"roll": 0
			},
			"bRandomRotation": false,
			"instanceId":
			{
				"guid": "6064633295956738143",
				"typeId": "5111011",
				"name": "None"
			}
		},
		"21":
		{
			"location":
			{
				"x": 98885.050340681802,
				"y": -58546.865562469873,
				"z": 395.06471350183892
			},
			"rotation":
			{
				"pitch": 0,
				"yaw": -174.99999864438513,
				"roll": 0
			},
			"bRandomRotation": false,
			"instanceId":
			{
				"guid": "6064633295956738143",
				"typeId": "5111011",
				"name": "None"
			}
		},
		"22":
		{
			"location":
			{
				"x": 98748.293010618305,
				"y": -58888.651611220208,
				"z": 389.58016419600972
			},
			"rotation":
			{
				"pitch": 0,
				"yaw": 135.00000174293336,
				"roll": 0
			},
			"bRandomRotation": false,
			"instanceId":
			{
				"guid": "6064633295956738143",
				"typeId": "5111011",
				"name": "None"
			}
		},
		"23":
		{
			"location":
			{
				"x": 99767.098589269444,
				"y": -58695.684793165361,
				"z": 394.58262002097217
			},
			"rotation":
			{
				"pitch": 0,
				"yaw": 0,
				"roll": -0
			},
			"bRandomRotation": false,
			"instanceId":
			{
				"guid": "6064633295965126756",
				"typeId": "5111011",
				"name": "None"
			}
		},
		"24":
		{
			"location":
			{
				"x": 99163.167155197822,
				"y": -57396.048636969062,