{
	"populationInstancesMap":
	{
		"1":
		{
			"location":
			{
				"x": 2991.0247784567764,
				"y": -10502.962279550382,
				"z": -1726.3165826380555
			},
			"rotation":
			{
				"pitch": 0,
				"yaw": 0,
				"roll": -0
			},
			"bRandomRotation": false,
			"instanceId":
			{
				"guid": "6064633493054554117",
				"typeId": "5111011",
				"name": "None"
			}
		},
		"5":
		{
			"location":
			{
				"x": 377.90396423090715,
				"y": -7968.3616571454331,
				"z": -1722.3165919069488
			},
			"rotation":
			{
				"pitch": 0,
				"yaw": 0,
				"roll": -0
			},
			"bRandomRotation": false,
			"instanceId":
			{
				"guid": "6064633493088960518",
				"typeId": "5111011",
				"name": "None"
			}
		},
		"6":
		{
			"location":
			{
				"x": 1647.9039642309071,
				"y": -6968.3616571454331,
				"z": -1722.3165842775543
			},
			"rotation":
			{
				"pitch": 0,
				"yaw": 0,
				"roll": -0
			},
			"bRandomRotation": false,
			"instanceId":
			{
				"guid": "6064633493088960518",
				"typeId": "5111011",
				"name": "None"
			}
		},
		"7":
		{
			"location":
			{
				"x": -1658.9752215432236,
				"y": -5042.9622795503819,
				"z": -1716.5426772913834
			},
			"rotation":
			{
				"pitch": 0,
				"yaw": 0,
				"roll": -0
			},
			"bRandomRotation": false,
			"instanceId":
			{
				"guid": "6064633493054554117",
				"typeId": "5111011",
				"name": "None"
			}
		},
		"8":
		{
			"location":
			{
				"x": -898.9752215432236,
				"y": -5962.9622795503819,
				"z": -1716.5426841029093
			},
			"rotation":
			{
				"pitch": 0,
				"yaw": 0,
				"roll": -0
			},
			"bRandomRotation": false,
			"instanceId":
			{
				"guid": "6064633493054554117",
				"typeId": "5111011",
				"name": "None"
			}
		},
		"9":
		{
			"location":
			{
				"x": -928.9752215432236,
				"y": -5112.9622795503819,
				"z": -1716.5426909144353
			},
			"rotation":
			{
				"pitch": 0,
				"yaw": 0,
				"roll": -0
			},
			"bRandomRotation": false,
			"instanceId":
			{
				"guid": "6064633493054554117",
				"typeId": "5111011",
				"name": "None"
			}
		},
		"10":
		{
			"location":
			{
				"x": -2689.4253095046151,
				"y": -4163.119878179743,
				"z": -1609.9547699347659
			},
			"rotation":
			{
				"pitch": 0,
				"yaw": 0,
				"roll": -0
			},
			"bRandomRotation": false,
			"instanceId":
			{
				"guid": "6064633493099118599",
				"typeId": "5111011",
				"name": "None"
			}
		},
		"11":
		{
			"location":
			{
				"x": -3809.4253095046151,
				"y": -3803.119878179743,
				"z": -1564.0619392218778
			},
			"rotation":
			{
				"pitch": 0,
				"yaw": 0,
				"roll": -0
			},
			"bRandomRotation": false,
			"instanceId":
			{
				"guid": "6064633493099118599",
				"typeId": "5111011",
				"name": "None"
			}
		},
		"12":
		{
			"location":
			{
				"x": -2669.4253095046151,
				"y": -1683.119878179743,
				"z": -563.71889030830607
			},
			"rotation":
			{
				"pitch": 0,
				"yaw": 0,
				"roll": -0
			},
			"bRandomRotation": false,
			"instanceId":
			{
				"guid": "6064633493099118599",
				"typeId": "5111011",
				"name": "None"
			}
		},
		"13":
		{
			"location":
			{
				"x": -1519.4253095046151,
				"y": -2933.119878179743,
				"z": 135.93805478446484
			},
			"rotation":
			{
				"pitch": 0,
				"yaw": 0,
				"roll": -0
			},
			"bRandomRotation": false,
			"instanceId":
			{
				"guid": "6064633493099118599",
				"typeId": "5111011",
				"name": "None"
			}
		},
		"14":
		{
			"location":
			{
				"x": 8481.7055187035585,
				"y": -2759.697456141701,
				"z": 82.695711057122026
			},
			"rotation":
			{
				"pitch": 0,
				"yaw": 0,
				"roll": -0
			},
			"bRandomRotation": false,
			"instanceId":
			{
				"guid": "6064633493099118599",
				"typeId": "5111011",
				"name": "None"
			}
		},
		"15":
		{
			"location":
			{
				"x": 7461.7055187035585,
				"y": -2759.697456141701,
				"z": 82.695711057122026
			},
			"rotation":
			{
				"pitch": 0,
				"yaw": 0,
				"roll": -0
			},
			"bRandomRotation": false,
			"instanceId":
			{
				"guid": "6064633493099118599",
				"typeId": "5111011",
				"name": "None"
			}
		},
		"16":
		{
			"location":
			{
				"x": 8151.7055187035585,
				"y": -3629.697456141701,
				"z": 82.695711057122026
			},
			"rotation":
			{
				"pitch": 0,
				"yaw": 0,
				"roll": -0
			},
			"bRandomRotation": false,
			"instanceId":
			{
				"guid": "6064633493099118599",
				"typeId": "5111011",
				"name": "None"
			}
		},
		"18":
		{
			"location":
			{
				"x": 5387.9039642309071,
				"y": -3978.3616571454331,
				"z": 80.822073156525221
			},
			"rotation":
			{
				"pitch": 0,
				"yaw": 0,
				"roll": -0
			},
			"bRandomRotation": false,
			"instanceId":
			{
				"guid": "6064633493088960518",
				"typeId": "5111011",
				"name": "None"
			}
		},
		"19":
		{
			"location":
			{
				"x": 1387.9039642309071,
				"y": -2848.3616571454331,
				"z": 73.116240539335195
			},
			"rotation":
			{
				"pitch": 0,
				"yaw": 0,
				"roll": -0
			},
			"bRandomRotation": false,
			"instanceId":
			{
				"guid": "6064633493088960518",
				"typeId": "5111011",
				"name": "None"
			}
		},
		"20":
		{
			"location":
			{
				"x": 848.71992685168516,
				"y": -3289.1024663898861,
				"z": 73.116240539335195
			},
			"rotation":
			{
				"pitch": 0,
				"yaw": 101.64301303628193,
				"roll": 0
			},
			"bRandomRotation": false,
			"instanceId":
			{
				"guid": "6064633493088960518",
				"typeId": "5111011",
				"name": "None"
			}
		},
		"21":
		{
			"location":
			{
				"x": -747.54614759166725,
				"y": -1290.1190698643913,
				"z": 73.116240539335195
			},
			"rotation":
			{
				"pitch": 0,
				"yaw": 101.64301303628197,
				"roll": 0
			},
			"bRandomRotation": false,
			"instanceId":
			{
				"guid": "6064633493088960518",
				"typeId": "5111011",
				"name": "None"
			}
		},
		"22":
		{
			"location":
			{
				"x": -1318.9752215432236,
				"y": -582.96227955038194,
				"z": 43.337490262319989
			},
			"rotation":
			{
				"pitch": 0,
				"yaw": 0,
				"roll": -0
			},
			"bRandomRotation": false,
			"instanceId":
			{
				"guid": "6064633493054554117",
				"typeId": "5111011",
				"name": "None"
			}
		},
		"23":
		{
			"location":
			{
				"x": -488.9752215432236,
				"y": -582.96227955038194,
				"z": 43.337490262319989
			},
			"rotation":
			{
				"pitch": 0,
				"yaw": 0,
				"roll": -0
			},
			"bRandomRotation": false,
			"instanceId":
			{
				"guid": "6064633493054554117",
				"typeId": "5111011",
				"name": "None"
			}
		},
		"24":
		{
			"location":
			{
				"x": -1078.9752215432236,
				"y": 177.03772044961806,
				"z": 43.337490262319989
			},
			"rotation":
			{
				"pitch": 0,
				"yaw": 0,
				"roll": -0
			},
			"bRandomRotation": false,
			"instanceId":
			{
				"guid": "6064633493054554117",
				"typeId": "5111011",
				"name": "None"
			}
		},
		"25":
		{
			"location":
			{
				"x": 237.52220084553119,
				"y": -372.43701767548919,
				"z": 49.999992272731106
			},
			"rotation":
			{
				"pitch": 0,
				"yaw": 101.643013036282,
				"roll": 0
			},
			"bRandomRotation": false,
			"instanceId":
			{
				"guid": "6064633493088960518",
				"typeId": "5111011",
				"name": "None"
			}
		},
		"26":
		{
			"location":
			{
				"x": -1268.9752215432236,
				"y": -1382.9622795503819,
				"z": 43.337490262319989
			},
			"rotation":
			{
				"pitch": 0,
				"yaw": 0,
				"roll": -0
			},
			"bRandomRotation": false,
			"instanceId":
			{
				"guid": "6064633493054554117",
				"typeId": "5111011",
				"name": "None"
			}
		},
		"27":
		{
			"location":
			{
				"x": -225.78361593210138,
				"y": -1642.0620489909779,
				"z": 73.116240539335195
			},
			"rotation":
			{
				"pitch": 0,
				"yaw": 101.643013036282,
				"roll": 0
			},
			"bRandomRotation": false,
			"instanceId":
			{
				"guid": "6064633493088960518",
				"typeId": "5111011",
				"name": "None"
			}
		},
		"2":
		{
			"location":
			{
				"x": 1455.7174884040141,
				"y": -11044.830676618847,
				"z": -1719.6540970173883
			},
			"rotation":
			{
				"pitch": 0,
				"yaw": 0,