{
	"populationInstancesMap":
	{
		"1":
		{
			"location":
			{
				"x": 22634.492923795595,
				"y": 4938.8247025925666,
				"z": 1098.2621021978503
			},
			"rotation":
			{
				"pitch": 0,
				"yaw": 174.55415389443928,
				"roll": -0
			},
			"bRandomRotation": false,
			"instanceId":
			{
				"guid": "6064632155869872876",
				"typeId": "5111011",
				"name": "None"
			}
		},
		"2":
		{
			"location":
			{
				"x": 3197.450109717669,
				"y": -20772.668460404268,
				"z": 244.80176768577985
			},
			"rotation":
			{
				"pitch": 0,
				"yaw": 0,
				"roll": 0
			},
			"bRandomRotation": false,
			"instanceId":
			{
				"guid": "6064632155870200557",
				"typeId": "5111011",
				"name": "None"
			}
		},
		"3":
		{
			"location":
			{
				"x": -20605.61881459225,
				"y": -11529.310028241249,
				"z": 947.67423102650173
			},
			"rotation":
			{
				"pitch": 0,
				"yaw": 15.620635726709265,
				"roll": -0
			},
			"bRandomRotation": false,
			"instanceId":
			{
				"guid": "6064632155870397166",
				"typeId": "5111011",
				"name": "None"
			}
		},
		"4":
		{
			"location":
			{
				"x": -18328.801659016404,
				"y": -8545.5123018134618,
				"z": 952.63357102449481
			},
			"rotation":
			{
				"pitch": -0,
				"yaw": -156.28137020953903,
				"roll": 0
			},
			"bRandomRotation": false,
			"instanceId":
			{
				"guid": "6064632155870397166",
				"typeId": "5111011",
				"name": "None"
			}
		},
		"5":
		{
			"location":
			{
				"x": -22112.523074802826,
				"y": -8892.9525025878684,
				"z": 952.63359949317055
			},
			"rotation":
			{
				"pitch": 0,
				"yaw": 15.620635726709269,
				"roll": -0
			},
			"bRandomRotation": false,
			"instanceId":
			{
				"guid": "6064632155870397166",
				"typeId": "5111011",
				"name": "None"
			}
		},
		"6":
		{
			"location":
			{
				"x": 18403.281086209347,
				"y": 4104.154092901852,
				"z": 244.80178029695344
			},
			"rotation":
			{
				"pitch": 0,
				"yaw": 0,
				"roll": 0
			},
			"bRandomRotation": false,
			"instanceId":
			{
				"guid": "6064632155877606129",
				"typeId": "5111011",
				"name": "None"
			}
		},
		"7":
		{
			"location":
			{
				"x": -20638.156554922462,
				"y": -6797.0615530741052,
				"z": 952.63301972276895
			},
			"rotation":
			{
				"pitch": 0,
				"yaw": 0,
				"roll": 0
			},
			"bRandomRotation": false,
			"instanceId":
			{
				"guid": "6064632155877737202",
				"typeId": "5111011",
				"name": "None"
			}
		},
		"8":
		{
			"location":
			{
				"x": 1894.768397954409,
				"y": -19717.500667637505,
				"z": 244.80056055183559
			},
			"rotation":
			{
				"pitch": 0,
				"yaw": 15.620635726709269,
				"roll": -0
			},
			"bRandomRotation": false,
			"instanceId":
			{
				"guid": "6064631919842689453",
				"typeId": "5111011",
				"name": "None"
			}
		},
		"9":
		{
			"location":
			{
				"x": 4670.9403954645386,
				"y": -17895.489106720313,
				"z": 244.80163407851251
			},
			"rotation":
			{
				"pitch": -0,
				"yaw": -61.835107133430299,
				"roll": 0
			},
			"bRandomRotation": false,
			"instanceId":
			{
				"guid": "6064631919842689453",
				"typeId": "5111011",
				"name": "None"
			}
		},
		"10":
		{
			"location":
			{
				"x": 8751.6108669019304,
				"y": -17757.381737757998,
				"z": 341.61382566119937
			},
			"rotation":
			{
				"pitch": -0,
				"yaw": -172.64203984693935,
				"roll": 0
			},
			"bRandomRotation": false,
			"instanceId":
			{
				"guid": "6064632155879899893",
				"typeId": "5111011",
				"name": "None"
			}
		},
		"11":
		{
			"location":
			{
				"x": -23570.46364612109,
				"y": -6313.5971253676689,
				"z": 952.63301411714747
			},
			"rotation":
			{
				"pitch": 0,
				"yaw": 0,
				"roll": 0
			},
			"bRandomRotation": false,
			"instanceId":
			{
				"guid": "6064632155877737202",
				"typeId": "5111011",
				"name": "None"
			}
		},
		"12":
		{
			"location":
			{
				"x": 17026.323619285482,
				"y": 5359.7687701559043,
				"z": 244.80171547741156
			},
			"rotation":
			{
				"pitch": 0,
				"yaw": 15.620635726709269,
				"roll": -0
			},
			"bRandomRotation": false,
			"instanceId":
			{
				"guid": "6064631919842689453",
				"typeId": "5111011",
				"name": "None"
			}
		},
		"13":
		{
			"location":
			{
				"x": 18042.237343024928,
				"y": 3085.2971003198763,
				"z": 244.80158191051123
			},
			"rotation":
			{
				"pitch": 0,
				"yaw": 15.620635726709269,
				"roll": -0
			},
			"bRandomRotation": false,
			"instanceId":
			{
				"guid": "6064631919842689453",
				"typeId": "5111011",
				"name": "None"
			}
		}
	},
	"filterOverrideId":
	{
		"guid": "0",
		"typeId": "5111003",
		"name": "None"
	},
	"populationAreaId":
	{
		"guid": "0",
		"typeId": "5171420",
		"name": "None"
	},
	"timedDespawnId":
	{
		"guid": "0",
		"typeId": "5882300",
		"name": "None"
	},
	"overrideActivationRange": 0,
	"gameplayTags":
	{
		"gameplayTags": [],
		"parentTags": []
	},
	"alignmentOverridesIds": [],
	"guid": "6064632156010512559",
	"name": "PopulationSet_6064632156010512559",
	"typeId": "5111005"
}