{
	"populationInstancesMap":
	{
		"1":
		{
			"location":
			{
				"x": -4035.6339554855235,
				"y": -7561.2159011112008,
				"z": 20157.201121154059
			},
			"rotation":
			{
				"pitch": -0,
				"yaw": -150.00000162673703,
				"roll": 0
			},
			"bRandomRotation": false,
			"instanceId":
			{
				"guid": "6064630270761763228",
				"typeId": "5111011",
				"name": "None"
			}
		},
		"2":
		{
			"location":
			{
				"x": -4414.5732648131052,
				"y": -7669.1376005775091,
				"z": 20103.346879063116
			},
			"rotation":
			{
				"pitch": -0,
				"yaw": -150.00000162673703,
				"roll": 0
			},
			"bRandomRotation": false,
			"instanceId":
			{
				"guid": "6064630270761763232",
				"typeId": "5111011",
				"name": "None"
			}
		},
		"3":
		{
			"location":
			{
				"x": -5578.2299786346894,
				"y": -7153.674853437642,
				"z": 20117.824575754774
			},
			"rotation":
			{
				"pitch": -0,
				"yaw": -150.00000162673703,
				"roll": 0
			},
			"bRandomRotation": false,
			"instanceId":
			{
				"guid": "6064630270761763232",
				"typeId": "5111011",
				"name": "None"
			}
		},
		"4":
		{
			"location":
			{
				"x": -5279.5923459603764,
				"y": -7701.0547722230385,
				"z": 20117.824575754774
			},
			"rotation":
			{
				"pitch": -0,
				"yaw": -150.00000162673703,
				"roll": 0
			},
			"bRandomRotation": false,
			"instanceId":
			{
				"guid": "6064630270761763232",
				"typeId": "5111011",
				"name": "None"
			}
		},
		"5":
		{
			"location":
			{
				"x": -4200.8016930609037,
				"y": -8299.2555057738791,
				"z": 19952.948639951534
			},
			"rotation":
			{
				"pitch": -0,
				"yaw": -150.00000162673703,
				"roll": 0
			},
			"bRandomRotation": false,
			"instanceId":
			{
				"guid": "6064630270761763240",
				"typeId": "5111011",
				"name": "None"
			}
		},
		"6":
		{
			"location":
			{
				"x": -5121.9917937309174,
				"y": -7286.7629303864996,
				"z": 19952.948639951534
			},
			"rotation":
			{
				"pitch": -0,
				"yaw": -150.00000162673703,
				"roll": 0
			},
			"bRandomRotation": false,
			"instanceId":
			{
				"guid": "6064630270761763240",
				"typeId": "5111011",
				"name": "None"
			}
		},
		"7":
		{
			"location":
			{
				"x": -7860.3567571374106,
				"y": 589.62034603067468,
				"z": 20241.534510277976
			},
			"rotation":
			{
				"pitch": 0,
				"yaw": 0,
				"roll": -0
			},
			"bRandomRotation": false,
			"instanceId":
			{
				"guid": "6064630270761763228",
				"typeId": "5111011",
				"name": "None"
			}
		},
		"8":
		{
			"location":
			{
				"x": -8119.3762727774656,
				"y": 1198.1445454010545,
				"z": 20241.534511163361
			},
			"rotation":
			{
				"pitch": 0,
				"yaw": 0,
				"roll": -0
			},
			"bRandomRotation": false,
			"instanceId":
			{
				"guid": "6064630270761763228",
				"typeId": "5111011",
				"name": "None"
			}
		},
		"9":
		{
			"location":
			{
				"x": -8224.2325290687386,
				"y": 33.504938036329037,
				"z": 20241.53450814839
			},
			"rotation":
			{
				"pitch": 0,
				"yaw": 0,
				"roll": -0
			},
			"bRandomRotation": false,
			"instanceId":
			{
				"guid": "6064630270761763228",
				"typeId": "5111011",
				"name": "None"
			}
		},
		"10":
		{
			"location":
			{
				"x": -2198.5102770843714,
				"y": 8309.7650780266467,
				"z": 20215.289397282548
			},
			"rotation":
			{
				"pitch": -0,
				"yaw": -139.99999891550868,
				"roll": 0
			},
			"bRandomRotation": false,
			"instanceId":
			{
				"guid": "6064630270761763252",
				"typeId": "5111011",
				"name": "None"
			}
		},
		"11":
		{
			"location":
			{
				"x": -3019.2029714141913,
				"y": 8092.8013824761583,
				"z": 20215.289397990742
			},
			"rotation":
			{
				"pitch": -0,
				"yaw": -139.99999891550868,
				"roll": 0
			},
			"bRandomRotation": false,
			"instanceId":
			{
				"guid": "6064630270761763252",
				"typeId": "5111011",
				"name": "None"
			}
		},
		"12":
		{
			"location":
			{
				"x": -2702.4253056568396,
				"y": 8424.9953313028636,
				"z": 20215.289397282548
			},
			"rotation":
			{
				"pitch": -0,
				"yaw": -139.99999891550868,
				"roll": 0
			},
			"bRandomRotation": false,
			"instanceId":
			{
				"guid": "6064630270761763258",
				"typeId": "5111011",
				"name": "None"
			}
		},
		"13":
		{
			"location":
			{
				"x": -2518.700489294657,
				"y": 7986.9978767863258,
				"z": 20171.384912747868
			},
			"rotation":
			{
				"pitch": -0,
				"yaw": -139.99999891550868,
				"roll": 0
			},
			"bRandomRotation": false,
			"instanceId":
			{
				"guid": "6064630270761763262",
				"typeId": "5111011",
				"name": "None"
			}
		},
		"14":
		{
			"location":
			{
				"x": 3326.4175671820553,
				"y": -7533.0044213116525,
				"z": 20194.798900835514
			},
			"rotation":
			{
				"pitch": 0,
				"yaw": 99.999999225363283,
				"roll": -0
			},
			"bRandomRotation": false,
			"instanceId":
			{
				"guid": "6064630270761763266",
				"typeId": "5111011",
				"name": "None"
			}
		},
		"15":
		{
			"location":
			{
				"x": 3120.4292066028738,
				"y": -7014.5093391987757,
				"z": 20194.798900835514
			},
			"rotation":
			{
				"pitch": 0,
				"yaw": 99.999999225363283,
				"roll": -0
			},
			"bRandomRotation": false,
			"instanceId":
			{
				"guid": "6064630270761763270",
				"typeId": "5111011",
				"name": "None"
			}
		},
		"16":
		{
			"location":
			{
				"x": 3053.4281109907752,
				"y": -7434.2150466193116,
				"z": 20194.798900835514
			},
			"rotation":
			{
				"pitch": 0,
				"yaw": 99.999999225363283,
				"roll": -0
			},
			"bRandomRotation": false,
			"instanceId":
			{
				"guid": "6064630270761763274",
				"typeId": "5111011",
				"name": "None"
			}
		},
		"17":
		{
			"location":
			{
				"x": 3416.4714172138483,
				"y": -7170.6272482498607,
				"z": 20194.798900835514
			},
			"rotation":
			{
				"pitch": 0,
				"yaw": 99.999999225363283,
				"roll": -0
			},
			"bRandomRotation": false,
			"instanceId":
			{
				"guid": "6064630270761763274",
				"typeId": "5111011",
				"name": "None"
			}
		},
		"18":
		{
			"location":
			{
				"x": 3404.0227596121936,
				"y": -6843.574656394394,
				"z": 20194.798900835514
			},
			"rotation":
			{
				"pitch": 0,
				"yaw": 99.999999225363283,
				"roll": -0
			},
			"bRandomRotation": false,
			"instanceId":
			{
				"guid": "6064630270761763280",
				"typeId": "5111011",
				"name": "None"
			}
		},
		"19":
		{
			"location":
			{
				"x": 2828.2744500317144,
				"y": -7110.5572409063516,
				"z": 20194.798900835514
			},
			"rotation":
			{
				"pitch": 0,
				"yaw": 99.999999225363283,
				"roll": -0
			},
			"bRandomRotation": false,
			"instanceId":
			{
				"guid": "6064630270761763280",
				"typeId": "5111011",
				"name": "None"
			}
		},
		"20":
		{
			"location":
			{
				"x": 9757.5969560943868,
				"y": -1041.8215697368742,
				"z": 20717.233354159391
			},
			"rotation":
			{
				"pitch": 0,
				"yaw": 179.99999860565407,
				"roll": -0
			},
			"bRandomRotation": false,
			"instanceId":
			{
				"guid": "6064630270761763286",
				"typeId": "5111011",
				"name": "None"
			}
		},
		"21":
		{
			"location":
			{
				"x": 6952.4266097072414,
				"y": 6830.8274412308729,
				"z": 20148.743436525245
			},
			"rotation":
			{
				"pitch": -0,
				"yaw": -129.99999899297245,
				"roll": 0
			},
			"bRandomRotation": false,
			"instanceId":
			{
				"guid": "6064630270761763290",
				"typeId": "5111011",
				"name": "None"
			}
		},
		"22":
		{
			"location":
			{
				"x": -4824.5724626354158,
				"y": -7458.9981123659272,
				"z": 20119.591010828499
			},
			"rotation":
			{
				"pitch": -0,
				"yaw": -150.00000162673703,
				"roll": 0
			},
			"bRandomRotation": false,
			"instanceId":
			{
				"guid": "6064630270761763232",
				"typeId": "5111011",
				"name": "None"
			}
		},
		"23":
		{
			"location":
			{
				"x": -5007.6666844185893,
				"y": -8306.7244400473865,
				"z": 19952.94862977885
			},
			"rotation":
			{
				"pitch": -0,
				"yaw": -150.00000162673703,
				"roll": 0
			},
			"bRandomRotation": false,