{
	"populationInstancesMap":
	{
		"1":
		{
			"location":
			{
				"x": -3032.8525831050979,
				"y": -31618.917809781145,
				"z": 72.504015601157818
			},
			"rotation":
			{
				"pitch": 0,
				"yaw": -89.999999302826907,
				"roll": 0
			},
			"bRandomRotation": false,
			"instanceId":
			{
				"guid": "6064633668790190082",
				"typeId": "5111011",
				"name": "None"
			}
		},
		"2":
		{
			"location":
			{
				"x": -4019.9326118184763,
				"y": -31632.685572246995,
				"z": 58.24991800375831
			},
			"rotation":
			{
				"pitch": 0,
				"yaw": -79.999999380290603,
				"roll": 0
			},
			"bRandomRotation": false,
			"instanceId":
			{
				"guid": "6064633668790190082",
				"typeId": "5111011",
				"name": "None"
			}
		},
		"3":
		{
			"location":
			{
				"x": -3972.4579200346898,
				"y": -34513.311756809904,
				"z": 105.9977856360353
			},
			"rotation":
			{
				"pitch": -0,
				"yaw": -2.7886917450814508e-06,
				"roll": 0
			},
			"bRandomRotation": false,
			"instanceId":
			{
				"guid": "6064630270761782235",
				"typeId": "5111011",
				"name": "None"
			}
		},
		"4":
		{
			"location":
			{
				"x": -3141.4941009068398,
				"y": -29286.948979986544,
				"z": 92.092966129656816
			},
			"rotation":
			{
				"pitch": 0,
				"yaw": 149.99999883804523,
				"roll": -0
			},
			"bRandomRotation": false,
			"instanceId":
			{
				"guid": "6064630270761782235",
				"typeId": "5111011",
				"name": "None"
			}
		},
		"5":
		{
			"location":
			{
				"x": -1939.0811590479771,
				"y": -28158.219635666428,
				"z": 92.092980320086326
			},
			"rotation":
			{
				"pitch": 0,
				"yaw": 79.999999380290618,
				"roll": 0
			},
			"bRandomRotation": false,
			"instanceId":
			{
				"guid": "6064630927450899301",
				"typeId": "5111011",
				"name": "None"
			}
		},
		"6":
		{
			"location":
			{
				"x": -3026.3835775326456,
				"y": -30666.889948054875,
				"z": 92.092945745953216
			},
			"rotation":
			{
				"pitch": 0,
				"yaw": -29.999999767608877,
				"roll": 0
			},
			"bRandomRotation": false,
			"instanceId":
			{
				"guid": "6064630927551300461",
				"typeId": "5111011",
				"name": "None"
			}
		},
		"7":
		{
			"location":
			{
				"x": -3315.6247162339591,
				"y": -28126.162880086089,
				"z": 92.092937375326869
			},
			"rotation":
			{
				"pitch": 0,
				"yaw": -100.00000201405535,
				"roll": 0
			},
			"bRandomRotation": false,
			"instanceId":
			{
				"guid": "6064630927450899301",
				"typeId": "5111011",
				"name": "None"
			}
		},
		"8":
		{
			"location":
			{
				"x": -4072.2343034604801,
				"y": -28994.088193028365,
				"z": 92.092965298594322
			},
			"rotation":
			{
				"pitch": 0,
				"yaw": -159.99999876058135,
				"roll": 0
			},
			"bRandomRotation": false,
			"instanceId":
			{
				"guid": "6064630927556281199",
				"typeId": "5111011",
				"name": "None"
			}
		},
		"9":
		{
			"location":
			{
				"x": -5172.6678522749253,
				"y": -25948.590773516375,
				"z": 101.46800035883302
			},
			"rotation":
			{
				"pitch": 0,
				"yaw": -129.99999899297208,
				"roll": 0
			},
			"bRandomRotation": false,
			"instanceId":
			{
				"guid": "6064630927450899301",
				"typeId": "5111011",
				"name": "None"
			}
		},
		"10":
		{
			"location":
			{
				"x": -175.96047915376334,
				"y": -33059.128069193954,
				"z": 184.32493265798999
			},
			"rotation":
			{
				"pitch": 0,
				"yaw": 0,
				"roll": -0
			},
			"bRandomRotation": false,
			"instanceId":
			{
				"guid": "6064631601772039396",
				"typeId": "5111011",
				"name": "None"
			}
		},
		"11":
		{
			"location":
			{
				"x": -713.19272805907428,
				"y": -32548.744352369005,
				"z": 151.23079259467559
			},
			"rotation":
			{
				"pitch": 0,
				"yaw": -130.0000017816642,
				"roll": 0
			},
			"bRandomRotation": false,
			"instanceId":
			{
				"guid": "6064631601591094492",
				"typeId": "5111011",
				"name": "None"
			}
		},
		"12":
		{
			"location":
			{
				"x": 423.94241181795519,
				"y": -32144.516504609146,
				"z": 124.15699567463298
			},
			"rotation":
			{
				"pitch": 0,
				"yaw": -169.99999868311744,
				"roll": 0
			},
			"bRandomRotation": false,
			"instanceId":
			{
				"guid": "6064631601772039396",
				"typeId": "5111011",
				"name": "None"
			}
		},
		"13":
		{
			"location":
			{
				"x": -2240.9832618753035,
				"y": -32579.432083923741,
				"z": 159.59716134664558
			},
			"rotation":
			{
				"pitch": 0,
				"yaw": 0,
				"roll": -0
			},
			"bRandomRotation": false,
			"instanceId":
			{
				"guid": "6064631601772039396",
				"typeId": "5111011",
				"name": "None"
			}
		},
		"14":
		{
			"location":
			{
				"x": -4607.4918158728278,
				"y": -12774.428932512928,
				"z": 93.545431399829425
			},
			"rotation":
			{
				"pitch": 0,
				"yaw": 150.00000162673723,
				"roll": 0
			},
			"bRandomRotation": false,
			"instanceId":
			{
				"guid": "6064633668790190082",
				"typeId": "5111011",
				"name": "None"
			}
		},
		"15":
		{
			"location":
			{
				"x": -5437.3967303885393,
				"y": -13462.633076508655,
				"z": 68.462794869196088
			},
			"rotation":
			{
				"pitch": 0,
				"yaw": 140.00000170420088,
				"roll": 0
			},
			"bRandomRotation": false,
			"instanceId":
			{
				"guid": "6064633668790190082",
				"typeId": "5111011",
				"name": "None"
			}
		},
		"16":
		{
			"location":
			{
				"x": 11157.503542934168,
				"y": -1759.0842180375118,
				"z": 163.55980017131765
			},
			"rotation":
			{
				"pitch": 0,
				"yaw": 1.0125233984581429e-13,
				"roll": 0
			},
			"bRandomRotation": false,
			"instanceId":
			{
				"guid": "6064633668790190082",
				"typeId": "5111011",
				"name": "None"
			}
		},
		"17":
		{
			"location":
			{
				"x": 4898.8787253070386,
				"y": -28871.013280170821,
				"z": 91.299501783692222
			},
			"rotation":
			{
				"pitch": 0,
				"yaw": -59.999999535218009,
				"roll": 0
			},
			"bRandomRotation": false,
			"instanceId":
			{
				"guid": "6064633668790190082",
				"typeId": "5111011",
				"name": "None"
			}
		},
		"18":
		{
			"location":
			{
				"x": 3912.5014020655185,
				"y": -29522.803734925164,
				"z": 93.654154575779131
			},
			"rotation":
			{
				"pitch": 0,
				"yaw": -59.999999535218009,
				"roll": 0
			},
			"bRandomRotation": false,
			"instanceId":
			{
				"guid": "6064633668790190082",
				"typeId": "5111011",
				"name": "None"
			}
		}
	},
	"filterOverrideId":
	{
		"guid": "6064631833931939842",
		"typeId": "5111003",
		"name": "None"
	},
	"populationAreaId":
	{
		"guid": "0",
		"typeId": "5171420",
		"name": "None"
	},
	"timedDespawnId":
	{
		"guid": "0",
		"typeId": "5882300",
		"name": "None"
	},
	"overrideActivationRange": 0,
	"gameplayTags":
	{
		"gameplayTags": [],
		"parentTags": []
	},
	"alignmentOverridesIds": [],
	"guid": "6064630486582099975",
	"name": "Node_River_C_L3_Front",
	"typeId": "5111005"
}