{
	"populationInstancesMap":
	{
		"1":
		{
			"location":
			{
				"x": 13709.217069088132,
				"y": 1499.562471800833,
				"z": 2191.0383305636406
			},
			"rotation":
			{
				"pitch": 0,
				"yaw": 169.99999868311772,
				"roll": -0
			},
			"bRandomRotation": false,
			"instanceId":
			{
				"guid": "6064631901895589891",
				"typeId": "5111011",
				"name": "None"
			}
		},
		"2":
		{
			"location":
			{
				"x": 15350.80831674044,
				"y": 640.86938957381062,
				"z": 2171.7433365459055
			},
			"rotation":
			{
				"pitch": 0,
				"yaw": 99.999999225363581,
				"roll": -0
			},
			"bRandomRotation": false,
			"instanceId":
			{
				"guid": "6064631901895589891",
				"typeId": "5111011",
				"name": "None"
			}
		},
		"3":
		{
			"location":
			{
				"x": 14386.263973942725,
				"y": -334.37905447289813,
				"z": 2242.2326706123768
			},
			"rotation":
			{
				"pitch": 0,
				"yaw": 149.99999883804514,
				"roll": -0
			},
			"bRandomRotation": false,
			"instanceId":
			{
				"guid": "6064631901895589891",
				"typeId": "5111011",
				"name": "None"
			}
		},
		"4":
		{
			"location":
			{
				"x": 14518.837263248744,
				"y": -1161.3622624208219,
				"z": 2273.1152330160203
			},
			"rotation":
			{
				"pitch": 0,
				"yaw": 59.999999535217931,
				"roll": -0
			},
			"bRandomRotation": false,
			"instanceId":
			{
				"guid": "6064631901895589891",
				"typeId": "5111011",
				"name": "None"
			}
		},
		"5":
		{
			"location":
			{
				"x": 12266.592034868081,
				"y": 258.30892275087535,
				"z": 2196.2477244053352
			},
			"rotation":
			{
				"pitch": 0,
				"yaw": 140.00000170420068,
				"roll": -0
			},
			"bRandomRotation": false,
			"instanceId":
			{
				"guid": "6064631901895589891",
				"typeId": "5111011",
				"name": "None"
			}
		},
		"6":
		{
			"location":
			{
				"x": 10732.322939868551,
				"y": -2059.4870524933795,
				"z": 2142.5378048694638
			},
			"rotation":
			{
				"pitch": -0,
				"yaw": -39.999999690145394,
				"roll": 0
			},
			"bRandomRotation": false,
			"instanceId":
			{
				"guid": "6064631901895589891",
				"typeId": "5111011",
				"name": "None"
			}
		},
		"7":
		{
			"location":
			{
				"x": 13560.999699590844,
				"y": -3744.7941528924275,
				"z": 2009.8161816852262
			},
			"rotation":
			{
				"pitch": 1.2106292464222469e-07,
				"yaw": -89.999999313417987,
				"roll": -9.9999999225364054
			},
			"bRandomRotation": false,
			"instanceId":
			{
				"guid": "6064632037892292612",
				"typeId": "5111011",
				"name": "None"
			}
		},
		"8":
		{
			"location":
			{
				"x": 11735.466898070998,
				"y": -1138.7291768615833,
				"z": 2184.5023617221814
			},
			"rotation":
			{
				"pitch": 0,
				"yaw": 109.99999914789987,
				"roll": -0
			},
			"bRandomRotation": false,
			"instanceId":
			{
				"guid": "6064631901895589891",
				"typeId": "5111011",
				"name": "None"
			}
		},
		"9":
		{
			"location":
			{
				"x": 12493.041202774388,
				"y": 2837.2089423788711,
				"z": 2236.3509397967828
			},
			"rotation":
			{
				"pitch": 0,
				"yaw": 89.999999302826623,
				"roll": -0
			},
			"bRandomRotation": false,
			"instanceId":
			{
				"guid": "6064632037892292612",
				"typeId": "5111011",
				"name": "None"
			}
		},
		"10":
		{
			"location":
			{
				"x": 13734.565028767916,
				"y": -6075.1540782783413,
				"z": 1950.6217152731006
			},
			"rotation":
			{
				"pitch": 0,
				"yaw": 149.99999883804506,
				"roll": -0
			},
			"bRandomRotation": false,
			"instanceId":
			{
				"guid": "6064632037892292612",
				"typeId": "5111011",
				"name": "None"
			}
		},
		"11":
		{
			"location":
			{
				"x": 14678.683221599669,
				"y": -4947.3579588016728,
				"z": 1979.4140833971378
			},
			"rotation":
			{
				"pitch": -0,
				"yaw": -79.999999380290603,
				"roll": 0
			},
			"bRandomRotation": false,
			"instanceId":
			{
				"guid": "6064631901895589891",
				"typeId": "5111011",
				"name": "None"
			}
		},
		"12":
		{
			"location":
			{
				"x": 11126.814972994616,
				"y": 1138.0021345361602,
				"z": 2072.1084634978215
			},
			"rotation":
			{
				"pitch": -0,
				"yaw": -149.99999883804506,
				"roll": 0
			},
			"bRandomRotation": false,
			"instanceId":
			{
				"guid": "6064631901895589891",
				"typeId": "5111011",
				"name": "None"
			}
		},
		"13":
		{
			"location":
			{
				"x": 14619.509703620337,
				"y": -2668.200604940881,
				"z": 2203.0097069162584
			},
			"rotation":
			{
				"pitch": 0,
				"yaw": 29.999999767609086,
				"roll": -0
			},
			"bRandomRotation": false,
			"instanceId":
			{
				"guid": "6064631901895589891",
				"typeId": "5111011",
				"name": "None"
			}
		},
		"14":
		{
			"location":
			{
				"x": 14513.077437683125,
				"y": -9376.6446101415204,
				"z": 1913.2170433585761
			},
			"rotation":
			{
				"pitch": -0,
				"yaw": -20.000002633764723,
				"roll": 0
			},
			"bRandomRotation": false,
			"instanceId":
			{
				"guid": "6064631901895589891",
				"typeId": "5111011",
				"name": "None"
			}
		},
		"15":
		{
			"location":
			{
				"x": 14240.575876819785,
				"y": -9130.2909657999408,
				"z": 1883.8950196896112
			},
			"rotation":
			{
				"pitch": -0,
				"yaw": -9.9999999225364036,
				"roll": 0
			},
			"bRandomRotation": false,
			"instanceId":
			{
				"guid": "6064632037892292612",
				"typeId": "5111011",
				"name": "None"
			}
		},
		"16":
		{
			"location":
			{
				"x": 13864.916337156203,
				"y": -8153.0083832429955,
				"z": 1873.4972431513524
			},
			"rotation":
			{
				"pitch": -0,
				"yaw": -70.000002246446385,
				"roll": 0
			},
			"bRandomRotation": false,
			"instanceId":
			{
				"guid": "6064632037892292612",
				"typeId": "5111011",
				"name": "None"
			}
		},
		"17":
		{
			"location":
			{
				"x": 13194.098373211222,
				"y": 3247.6106734868372,
				"z": 2173.8359143864855
			},
			"rotation":
			{
				"pitch": 0,
				"yaw": 0,
				"roll": 0
			},
			"bRandomRotation": false,
			"instanceId":
			{
				"guid": "6064631901895589891",
				"typeId": "5111011",
				"name": "None"
			}
		},
		"18":
		{
			"location":
			{
				"x": 12753.746784940129,
				"y": -2278.2983140873257,
				"z": 2055.8362708201385
			},
			"rotation":
			{
				"pitch": 69.999999457754157,
				"yaw": 0,
				"roll": 0
			},
			"bRandomRotation": false,
			"instanceId":
			{
				"guid": "6064631713966391304",
				"typeId": "5111011",
				"name": "None"
			}
		},
		"19":
		{
			"location":
			{
				"x": 12039.413104375009,
				"y": -1033.5372118842788,
				"z": 2169.1946389708846
			},
			"rotation":
			{
				"pitch": -0,
				"yaw": -59.999999535218009,
				"roll": 0
			},
			"bRandomRotation": false,
			"instanceId":
			{
				"guid": "6064631713940176896",
				"typeId": "5111011",
				"name": "None"
			}
		},
		"20":
		{
			"location":
			{
				"x": 14380.154418942635,
				"y": -2827.5259312381968,
				"z": 2160.9814473099632
			},
			"rotation":
			{
				"pitch": -0,
				"yaw": -109.99999914789949,
				"roll": 0
			},
			"bRandomRotation": false,
			"instanceId":
			{
				"guid": "6064631713940176896",
				"typeId": "5111011",
				"name": "None"
			}
		},
		"21":
		{
			"location":
			{
				"x": 12488.383899039007,
				"y": 330.98873089742847,
				"z": 2182.3664443731323
			},
			"rotation":
			{
				"pitch": 0,
				"yaw": 19.999999845072686,
				"roll": -0
			},
			"bRandomRotation": false,
			"instanceId":
			{
				"guid": "6064631713940176896",
				"typeId": "5111011",
				"name": "None"
			}
		},
		"22":
		{
			"location":
			{
				"x": 13909.117250791052,
				"y": 1390.2179627530277,
				"z": 2149.4766482040595
			},
			"rotation":
			{
				"pitch": 0,
				"yaw": 19.999999845072686,
				"roll": -0
			},
			"bRandomRotation": false,
			"instanceId":
			{
				"guid": "6064631713940176896",
				"typeId": "5111011",
				"name": "None"
			}
		},
		"23":
		{
			"location":
			{
				"x": 14092.889196889591,
				"y": -413.80545646802057,
				"z": 2242.4916028379703
			},
			"rotation":
			{
				"pitch": 0,
				"yaw": 0,
				"roll": 0
			},