{
	"populationInstancesMap":
	{
		"1":
		{
			"location":
			{
				"x": 1355.9858056107769,
				"y": 10927.75229286158,
				"z": 633.40635159547128
			},
			"rotation":
			{
				"pitch": 0,
				"yaw": 0,
				"roll": 0
			},
			"bRandomRotation": false,
			"instanceId":
			{
				"guid": "6064631720772239425",
				"typeId": "5111011",
				"name": "None"
			}
		},
		"2":
		{
			"location":
			{
				"x": -937.99257332913112,
				"y": 9759.9950347064296,
				"z": 427.8158692468387
			},
			"rotation":
			{
				"pitch": 0,
				"yaw": 9.9999999225363414,
				"roll": -0
			},
			"bRandomRotation": false,
			"instanceId":
			{
				"guid": "6064631720784822338",
				"typeId": "5111011",
				"name": "None"
			}
		},
		"3":
		{
			"location":
			{
				"x": -1301.0736562084639,
				"y": 9893.4140334168915,
				"z": 404.30500237414708
			},
			"rotation":
			{
				"pitch": 0,
				"yaw": 79.999999380290632,
				"roll": 0
			},
			"bRandomRotation": false,
			"instanceId":
			{
				"guid": "6064631720788361283",
				"typeId": "5111011",
				"name": "None"
			}
		},
		"4":
		{
			"location":
			{
				"x": -5355.9195774510736,
				"y": 7069.9939491114346,
				"z": 648.69952218005528
			},
			"rotation":
			{
				"pitch": -0,
				"yaw": -89.999999302827177,
				"roll": 0
			},
			"bRandomRotation": false,
			"instanceId":
			{
				"guid": "6064631721123381291",
				"typeId": "5111011",
				"name": "None"
			}
		},
		"5":
		{
			"location":
			{
				"x": -5412.8559937460814,
				"y": 7313.7039827055996,
				"z": 648.70083487183365
			},
			"rotation":
			{
				"pitch": -0,
				"yaw": -119.99999907043579,
				"roll": 0
			},
			"bRandomRotation": false,
			"instanceId":
			{
				"guid": "6064631721124626476",
				"typeId": "5111011",
				"name": "None"
			}
		},
		"6":
		{
			"location":
			{
				"x": -7165.9194560149917,
				"y": -2910.006072912598,
				"z": 130.22812559802151
			},
			"rotation":
			{
				"pitch": -0,
				"yaw": -59.999999535218073,
				"roll": 0
			},
			"bRandomRotation": false,
			"instanceId":
			{
				"guid": "6064631721148153901",
				"typeId": "5111011",
				"name": "None"
			}
		},
		"7":
		{
			"location":
			{
				"x": -7892.4962235110579,
				"y": -2848.4739598737797,
				"z": 130.22812559802151
			},
			"rotation":
			{
				"pitch": -0,
				"yaw": -119.99999907043579,
				"roll": 0
			},
			"bRandomRotation": false,
			"instanceId":
			{
				"guid": "6064631721149268014",
				"typeId": "5111011",
				"name": "None"
			}
		},
		"8":
		{
			"location":
			{
				"x": -7492.4962230244419,
				"y": -2888.4739550068043,
				"z": 130.22812559802151
			},
			"rotation":
			{
				"pitch": -0,
				"yaw": -89.999999302826737,
				"roll": 0
			},
			"bRandomRotation": false,
			"instanceId":
			{
				"guid": "6064631721150316591",
				"typeId": "5111011",
				"name": "None"
			}
		},
		"9":
		{
			"location":
			{
				"x": -9295.2851064075949,
				"y": -199.83925816114061,
				"z": 122.95387898241279
			},
			"rotation":
			{
				"pitch": 0,
				"yaw": -99.999999225363254,
				"roll": 0
			},
			"bRandomRotation": false,
			"instanceId":
			{
				"guid": "6064631721163227185",
				"typeId": "5111011",
				"name": "None"
			}
		},
		"10":
		{
			"location":
			{
				"x": -9408.9385244209552,
				"y": 14531.3846953623,
				"z": 675.46965657030341
			},
			"rotation":
			{
				"pitch": -0,
				"yaw": -109.99999914789966,
				"roll": 0
			},
			"bRandomRotation": false,
			"instanceId":
			{
				"guid": "6064631721206415416",
				"typeId": "5111011",
				"name": "None"
			}
		},
		"11":
		{
			"location":
			{
				"x": -9401.9204869731329,
				"y": 15009.872675514896,
				"z": 675.46970316453917
			},
			"rotation":
			{
				"pitch": 0,
				"yaw": 100.00000201405547,
				"roll": -0
			},
			"bRandomRotation": false,
			"instanceId":
			{
				"guid": "6064631721206415416",
				"typeId": "5111011",
				"name": "None"
			}
		},
		"12":
		{
			"location":
			{
				"x": -9475.0521812668303,
				"y": 14706.907099284814,
				"z": 690.40904224840961
			},
			"rotation":
			{
				"pitch": 0,
				"yaw": 2.6112445539183677e-13,
				"roll": -0
			},
			"bRandomRotation": false,
			"instanceId":
			{
				"guid": "6064631721148153901",
				"typeId": "5111011",
				"name": "None"
			}
		},
		"13":
		{
			"location":
			{
				"x": -936.71409279480577,
				"y": 9828.7287071571918,
				"z": 421.54725504994531
			},
			"rotation":
			{
				"pitch": 0,
				"yaw": 0,
				"roll": -0
			},
			"bRandomRotation": false,
			"instanceId":
			{
				"guid": "6064632212256653318",
				"typeId": "5111011",
				"name": "None"
			}
		},
		"14":
		{
			"location":
			{
				"x": -5395.9598215033766,
				"y": 7413.6105642664479,
				"z": 648.69919126050263
			},
			"rotation":
			{
				"pitch": 0,
				"yaw": 165.00000151054144,
				"roll": 0
			},
			"bRandomRotation": false,
			"instanceId":
			{
				"guid": "6064632212260061191",
				"typeId": "5111011",
				"name": "None"
			}
		},
		"15":
		{
			"location":
			{
				"x": -9349.3143756703939,
				"y": -214.78765274060424,
				"z": 111.58769237412525
			},
			"rotation":
			{
				"pitch": 0,
				"yaw": -69.999999457754143,
				"roll": 0
			},
			"bRandomRotation": false,
			"instanceId":
			{
				"guid": "6064632212264452104",
				"typeId": "5111011",
				"name": "None"
			}
		},
		"16":
		{
			"location":
			{
				"x": -9143.1844614425208,
				"y": 14685.421066170326,
				"z": 2323.0296509167347
			},
			"rotation":
			{
				"pitch": 0,
				"yaw": 0,
				"roll": 0
			},
			"bRandomRotation": false,
			"instanceId":
			{
				"guid": "6064632212264452104",
				"typeId": "5111011",
				"name": "None"
			}
		},
		"17":
		{
			"location":
			{
				"x": -9463.1844614425208,
				"y": 14935.421066170326,
				"z": 675.73824701048216
			},
			"rotation":
			{
				"pitch": 0,
				"yaw": -19.999999845072693,
				"roll": 0
			},
			"bRandomRotation": false,
			"instanceId":
			{
				"guid": "6064632212264452104",
				"typeId": "5111011",
				"name": "None"
			}
		},
		"18":
		{
			"location":
			{
				"x": -9610.7093507878017,
				"y": 14611.095494706533,
				"z": 719.73809195041395
			},
			"rotation":
			{
				"pitch": 0,
				"yaw": 0,
				"roll": -0
			},
			"bRandomRotation": false,
			"instanceId":
			{
				"guid": "6064632212288110603",
				"typeId": "5111011",
				"name": "None"
			}
		},
		"19":
		{
			"location":
			{
				"x": -1410.7093507878017,
				"y": 9746.0954947065329,
				"z": 447.45999370822392
			},
			"rotation":
			{
				"pitch": 0,
				"yaw": 144.999998876777,
				"roll": 0
			},
			"bRandomRotation": false,
			"instanceId":
			{
				"guid": "6064632212288110603",
				"typeId": "5111011",
				"name": "None"
			}
		},
		"20":
		{
			"location":
			{
				"x": -5545.7093507878017,
				"y": 7026.0954947065329,
				"z": 692.70032808322139
			},
			"rotation":
			{
				"pitch": 0,
				"yaw": -114.99999910916749,
				"roll": 0
			},
			"bRandomRotation": false,
			"instanceId":
			{
				"guid": "6064632212288110603",
				"typeId": "5111011",
				"name": "None"
			}
		},
		"21":
		{
			"location":
			{
				"x": -7110.7093507878017,
				"y": -3168.9045052934671,
				"z": 221.90218442476908
			},
			"rotation":
			{
				"pitch": 0,
				"yaw": 80.000002168983144,
				"roll": 0
			},
			"bRandomRotation": false,
			"instanceId":
			{
				"guid": "6064632212305870862",
				"typeId": "5111011",
				"name": "None"
			}
		},
		"22":
		{
			"location":
			{
				"x": -7720.7093507878017,
				"y": -3118.9045052934671,
				"z": 138.75961011446634
			},
			"rotation":
			{
				"pitch": 0,
				"yaw": -89.999996514134537,
				"roll": 0
			},
			"bRandomRotation": false,
			"instanceId":
			{
				"guid": "6064632212305870862",
				"typeId": "5111011",
				"name": "None"
			}
		},
		"23":
		{
			"location":
			{
				"x": -7895.7093507878017,
				"y": -3093.9045052934671,
				"z": 145.2651414255015
			},
			"rotation":
			{
				"pitch": 0,
				"yaw": -119.99999628174361,
				"roll": 0
			},
			"bRandomRotation": false,