{
	"populationInstancesMap":
	{
		"1":
		{
			"location":
			{
				"x": -137.88177139020991,
				"y": -4184.7830278872279,
				"z": 313.52817951410543
			},
			"rotation":
			{
				"pitch": -0,
				"yaw": -130.48522619028992,
				"roll": 0
			},
			"bRandomRotation": false,
			"instanceId":
			{
				"guid": "6064630270761783978",
				"typeId": "5111011",
				"name": "None"
			}
		},
		"2":
		{
			"location":
			{
				"x": 567.08477379963733,
				"y": -3640.205613300961,
				"z": 313.5281528190626
			},
			"rotation":
			{
				"pitch": 0,
				"yaw": 66.051442719938777,
				"roll": -0
			},
			"bRandomRotation": false,
			"instanceId":
			{
				"guid": "6064630270761783978",
				"typeId": "5111011",
				"name": "None"
			}
		},
		"3":
		{
			"location":
			{
				"x": -371.49385495076422,
				"y": -3398.4674985245219,
				"z": 255.12896469271254
			},
			"rotation":
			{
				"pitch": 0,
				"yaw": 0,
				"roll": 0
			},
			"bRandomRotation": false,
			"instanceId":
			{
				"guid": "6064630270761783982",
				"typeId": "5111011",
				"name": "None"
			}
		},
		"4":
		{
			"location":
			{
				"x": -1432.2595126195811,
				"y": -379.4488993404666,
				"z": 335.11777235992304
			},
			"rotation":
			{
				"pitch": 0,
				"yaw": 0,
				"roll": 0
			},
			"bRandomRotation": false,
			"instanceId":
			{
				"guid": "6064630486746333184",
				"typeId": "5111011",
				"name": "None"
			}
		},
		"5":
		{
			"location":
			{
				"x": -2368.8761299443431,
				"y": 360.4625444963458,
				"z": 347.91274693038031
			},
			"rotation":
			{
				"pitch": 0,
				"yaw": 0,
				"roll": 0
			},
			"bRandomRotation": false,
			"instanceId":
			{
				"guid": "6064630486746333184",
				"typeId": "5111011",
				"name": "None"
			}
		},
		"6":
		{
			"location":
			{
				"x": -203.12136986234691,
				"y": -2145.7212037943536,
				"z": 155.14278072024354
			},
			"rotation":
			{
				"pitch": 0,
				"yaw": 0,
				"roll": 0
			},
			"bRandomRotation": false,
			"instanceId":
			{
				"guid": "6064630486746333184",
				"typeId": "5111011",
				"name": "None"
			}
		},
		"7":
		{
			"location":
			{
				"x": -1625.9285735983867,
				"y": 2734.403264915105,
				"z": 326.76189862941465
			},
			"rotation":
			{
				"pitch": -0,
				"yaw": -140.51682495573172,
				"roll": 0
			},
			"bRandomRotation": false,
			"instanceId":
			{
				"guid": "6064630486746333184",
				"typeId": "5111011",
				"name": "None"
			}
		},
		"8":
		{
			"location":
			{
				"x": -1945.5950629521394,
				"y": 2472.2837574114092,
				"z": 326.32492554340752
			},
			"rotation":
			{
				"pitch": 0,
				"yaw": 39.832559785717386,
				"roll": -0
			},
			"bRandomRotation": false,
			"instanceId":
			{
				"guid": "6064630486746333184",
				"typeId": "5111011",
				"name": "None"
			}
		},
		"9":
		{
			"location":
			{
				"x": -1595.1306845120853,
				"y": 1419.5482329648803,
				"z": 338.37871709459796
			},
			"rotation":
			{
				"pitch": 0,
				"yaw": 90.06047104906078,
				"roll": -0
			},
			"bRandomRotation": false,
			"instanceId":
			{
				"guid": "6064630486746333184",
				"typeId": "5111011",
				"name": "None"
			}
		},
		"10":
		{
			"location":
			{
				"x": -2524.946587223676,
				"y": 7630.9886546814232,
				"z": 392.79846118044406
			},
			"rotation":
			{
				"pitch": 0,
				"yaw": 0,
				"roll": 0
			},
			"bRandomRotation": false,
			"instanceId":
			{
				"guid": "6064630486746333184",
				"typeId": "5111011",
				"name": "None"
			}
		},
		"11":
		{
			"location":
			{
				"x": -1764.3786840015091,
				"y": 6194.6659317751182,
				"z": 368.53725139373091
			},
			"rotation":
			{
				"pitch": 0,
				"yaw": 0,
				"roll": -0
			},
			"bRandomRotation": false,
			"instanceId":
			{
				"guid": "6064630486746333184",
				"typeId": "5111011",
				"name": "None"
			}
		},
		"12":
		{
			"location":
			{
				"x": 4058.9595802562544,
				"y": -3259.6594310207292,
				"z": 117.32611292010733
			},
			"rotation":
			{
				"pitch": 0,
				"yaw": 0,
				"roll": -0
			},
			"bRandomRotation": false,
			"instanceId":
			{
				"guid": "6064630486746333184",
				"typeId": "5111011",
				"name": "None"
			}
		},
		"13":
		{
			"location":
			{
				"x": 5994.5117029172834,
				"y": -2648.6129691659007,
				"z": 144.92027578118905
			},
			"rotation":
			{
				"pitch": 0,
				"yaw": 0,
				"roll": -0
			},
			"bRandomRotation": false,
			"instanceId":
			{
				"guid": "6064630486746333184",
				"typeId": "5111011",
				"name": "None"
			}
		},
		"14":
		{
			"location":
			{
				"x": -7944.0278678425821,
				"y": -7030.2147996686981,
				"z": 2527.1785127853036
			},
			"rotation":
			{
				"pitch": 0,
				"yaw": 34.703148313896925,
				"roll": -0
			},
			"bRandomRotation": false,
			"instanceId":
			{
				"guid": "6064630486746333184",
				"typeId": "5111011",
				"name": "None"
			}
		},
		"15":
		{
			"location":
			{
				"x": -7448.3486928053899,
				"y": -7192.0768252163543,
				"z": 2530.270348792732
			},
			"rotation":
			{
				"pitch": 0,
				"yaw": 44.138344851582325,
				"roll": -0
			},
			"bRandomRotation": false,
			"instanceId":
			{
				"guid": "6064630486746333184",
				"typeId": "5111011",
				"name": "None"
			}
		},
		"16":
		{
			"location":
			{
				"x": -3318.7821176388534,
				"y": -6215.8506083696848,
				"z": 3046.0320309926756
			},
			"rotation":
			{
				"pitch": 0,
				"yaw": 46.308708179375898,
				"roll": -0
			},
			"bRandomRotation": false,
			"instanceId":
			{
				"guid": "6064630486746333184",
				"typeId": "5111011",
				"name": "None"
			}
		},
		"17":
		{
			"location":
			{
				"x": -859.82570890127681,
				"y": 7988.5423211779562,
				"z": 368.52972184473583
			},
			"rotation":
			{
				"pitch": 0,
				"yaw": 0,
				"roll": 0
			},
			"bRandomRotation": false,
			"instanceId":
			{
				"guid": "6064630486746333184",
				"typeId": "5111011",
				"name": "None"
			}
		},
		"18":
		{
			"location":
			{
				"x": 1389.3111901932862,
				"y": 8343.247608727077,
				"z": 1071.2987821341449
			},
			"rotation":
			{
				"pitch": 0,
				"yaw": 0,
				"roll": 0
			},
			"bRandomRotation": false,
			"instanceId":
			{
				"guid": "6064630486746333184",
				"typeId": "5111011",
				"name": "None"
			}
		},
		"19":
		{
			"location":
			{
				"x": 2089.821167434915,
				"y": 9197.9155865705688,
				"z": 1067.4490425131735
			},
			"rotation":
			{
				"pitch": 0,
				"yaw": 0,
				"roll": 0
			},
			"bRandomRotation": false,
			"instanceId":
			{
				"guid": "6064630486752296962",
				"typeId": "5111011",
				"name": "None"
			}
		},
		"20":
		{
			"location":
			{
				"x": 860.0483829495497,
				"y": 6613.567674891965,
				"z": 429.69255744073052
			},
			"rotation":
			{
				"pitch": 0,
				"yaw": 0,
				"roll": 0
			},
			"bRandomRotation": false,
			"instanceId":
			{
				"guid": "6064630486746333184",
				"typeId": "5111011",
				"name": "None"
			}
		},
		"21":
		{
			"location":
			{
				"x": 3050.6698021051707,
				"y": 7426.2495976772043,
				"z": 482.14632395787703
			},
			"rotation":
			{
				"pitch": 0,
				"yaw": 0,
				"roll": 0
			},
			"bRandomRotation": false,
			"instanceId":
			{
				"guid": "6064630486746333184",
				"typeId": "5111011",
				"name": "None"
			}
		},
		"22":
		{
			"location":
			{
				"x": 1520.8371354636038,
				"y": 6509.5235694666044,
				"z": 488.3558980785001
			},
			"rotation":
			{
				"pitch": 0,
				"yaw": 0,
				"roll": 0
			},
			"bRandomRotation": false,
			"instanceId":
			{
				"guid": "6064630486746333184",
				"typeId": "5111011",
				"name": "None"
			}
		},
		"23":
		{
			"location":
			{
				"x": 3896.8669574033702,
				"y": 8265.5145975729101,
				"z": 487.84310651086707
			},
			"rotation":
			{
				"pitch": 0,
				"yaw": 0,
				"roll": 0
			},
			"bRandomRotation": false,
			"instanceId":
			{
				"guid": "6064630486746333184",
				"typeId": "5111011",
				"name": "None"
			}
		},
		"24":
		{
			"location":
			{
				"x": 2286.3273175400682,
				"y": 8898.8031663589063,
				"z": 477.37023744790531
			},