{
	"populationInstancesMap":
	{
		"1":
		{
			"location":
			{
				"x": 3060.0257081588497,
				"y": -5321.7317792092217,
				"z": 543.61258767768413
			},
			"rotation":
			{
				"pitch": 0,
				"yaw": 0,
				"roll": 0
			},
			"bRandomRotation": false,
			"instanceId":
			{
				"guid": "6064630441135833160",
				"typeId": "5111011",
				"name": "None"
			}
		},
		"2":
		{
			"location":
			{
				"x": 4320,
				"y": -3690,
				"z": 551.83648913824072
			},
			"rotation":
			{
				"pitch": 0,
				"yaw": 0,
				"roll": 0
			},
			"bRandomRotation": false,
			"instanceId":
			{
				"guid": "6064630441135833160",
				"typeId": "5111011",
				"name": "None"
			}
		},
		"3":
		{
			"location":
			{
				"x": 2691.2093780861469,
				"y": -5380,
				"z": 549.23171165345957
			},
			"rotation":
			{
				"pitch": 0,
				"yaw": 0,
				"roll": 0
			},
			"bRandomRotation": false,
			"instanceId":
			{
				"guid": "6064630441135833160",
				"typeId": "5111011",
				"name": "None"
			}
		},
		"4":
		{
			"location":
			{
				"x": 4630,
				"y": -3500,
				"z": 551.83654563637901
			},
			"rotation":
			{
				"pitch": 0,
				"yaw": 0,
				"roll": 0
			},
			"bRandomRotation": false,
			"instanceId":
			{
				"guid": "6064630441135833160",
				"typeId": "5111011",
				"name": "None"
			}
		},
		"5":
		{
			"location":
			{
				"x": 4873.36927543825,
				"y": -3282.2972332533682,
				"z": 551.83657334496093
			},
			"rotation":
			{
				"pitch": 0,
				"yaw": 0,
				"roll": 0
			},
			"bRandomRotation": false,
			"instanceId":
			{
				"guid": "6064630441135833160",
				"typeId": "5111011",
				"name": "None"
			}
		},
		"6":
		{
			"location":
			{
				"x": 3313.3788942971732,
				"y": -4923.3788942971732,
				"z": 546.0647126116346
			},
			"rotation":
			{
				"pitch": 0,
				"yaw": 0,
				"roll": 0
			},
			"bRandomRotation": false,
			"instanceId":
			{
				"guid": "6064630441135833160",
				"typeId": "5111011",
				"name": "None"
			}
		},
		"7":
		{
			"location":
			{
				"x": 380,
				"y": -120,
				"z": 1.105353
			},
			"rotation":
			{
				"pitch": 0,
				"yaw": 0,
				"roll": 0
			},
			"bRandomRotation": false,
			"instanceId":
			{
				"guid": "6064630444258427003",
				"typeId": "5111011",
				"name": "None"
			}
		},
		"8":
		{
			"location":
			{
				"x": 2694.0067762812832,
				"y": -4509.9736506501213,
				"z": 3013.1397661280826
			},
			"rotation":
			{
				"pitch": 0,
				"yaw": 0,
				"roll": 0
			},
			"bRandomRotation": false,
			"instanceId":
			{
				"guid": "6064630444258427003",
				"typeId": "5111011",
				"name": "None"
			}
		},
		"9":
		{
			"location":
			{
				"x": 4219.9398219836876,
				"y": -3229.9382268753834,
				"z": 3014.2806676109722
			},
			"rotation":
			{
				"pitch": 0,
				"yaw": 0,
				"roll": 0
			},
			"bRandomRotation": false,
			"instanceId":
			{
				"guid": "6064630444258427003",
				"typeId": "5111011",
				"name": "None"
			}
		}
	},
	"filterOverrideId":
	{
		"guid": "0",
		"typeId": "5111003",
		"name": "None"
	},
	"populationAreaId":
	{
		"guid": "0",
		"typeId": "5171420",
		"name": "None"
	},
	"timedDespawnId":
	{
		"guid": "0",
		"typeId": "5882300",
		"name": "None"
	},
	"overrideActivationRange": 0,
	"gameplayTags":
	{
		"gameplayTags": [],
		"parentTags": []
	},
	"alignmentOverridesIds": [],
	"guid": "6064630444294733953",
	"name": "RVR_Lionhold_EastGate",
	"typeId": "5111005"
}