{
	"populationInstancesMap":
	{
		"1":
		{
			"location":
			{
				"x": -723.70538729867258,
				"y": -126.79023749486078,
				"z": -354.9716774300141
			},
			"rotation":
			{
				"pitch": 0,
				"yaw": 0,
				"roll": -0
			},
			"bRandomRotation": false,
			"instanceId":
			{
				"guid": "6064633606419644446",
				"typeId": "5111011",
				"name": "None"
			}
		},
		"2":
		{
			"location":
			{
				"x": -1035.3928027078655,
				"y": -737.78216940455604,
				"z": -429.05465653013744
			},
			"rotation":
			{
				"pitch": 16.301620564752607,
				"yaw": 120.63380197650331,
				"roll": -1.344416414558907
			},
			"bRandomRotation": false,
			"instanceId":
			{
				"guid": "6064633606511067191",
				"typeId": "5111011",
				"name": "None"
			}
		},
		"3":
		{
			"location":
			{
				"x": 6260.8136201322923,
				"y": -104.46725228033029,
				"z": -734.77618323498791
			},
			"rotation":
			{
				"pitch": 0,
				"yaw": -109.99999914789977,
				"roll": 0
			},
			"bRandomRotation": false,
			"instanceId":
			{
				"guid": "6064633606519455800",
				"typeId": "5111011",
				"name": "None"
			}
		},
		"4":
		{
			"location":
			{
				"x": 7019.7325391837512,
				"y": 4779.3219374294858,
				"z": 747.99232716922234
			},
			"rotation":
			{
				"pitch": 0,
				"yaw": -49.999999612681499,
				"roll": 0
			},
			"bRandomRotation": false,
			"instanceId":
			{
				"guid": "6064633606521684025",
				"typeId": "5111011",
				"name": "None"
			}
		},
		"5":
		{
			"location":
			{
				"x": 620.32655850690207,
				"y": 8168.9034588867798,
				"z": 2875.2867845228975
			},
			"rotation":
			{
				"pitch": 0,
				"yaw": 0,
				"roll": -0
			},
			"bRandomRotation": false,
			"instanceId":
			{
				"guid": "6064633606524502074",
				"typeId": "5111011",
				"name": "None"
			}
		},
		"6":
		{
			"location":
			{
				"x": -1255.1141124157439,
				"y": 7013.7002131934278,
				"z": 2699.4556843800165
			},
			"rotation":
			{
				"pitch": 0,
				"yaw": 0,
				"roll": -0
			},
			"bRandomRotation": false,
			"instanceId":
			{
				"guid": "6064633606526206011",
				"typeId": "5111011",
				"name": "None"
			}
		},
		"7":
		{
			"location":
			{
				"x": -4196.2072006791568,
				"y": 6717.2406892643776,
				"z": 2659.5195472383311
			},
			"rotation":
			{
				"pitch": 0,
				"yaw": 0,
				"roll": -0
			},
			"bRandomRotation": false,
			"instanceId":
			{
				"guid": "6064633606526599228",
				"typeId": "5111011",
				"name": "None"
			}
		}
	},
	"filterOverrideId":
	{
		"guid": "0",
		"typeId": "5111003",
		"name": "None"
	},
	"populationAreaId":
	{
		"guid": "0",
		"typeId": "5171420",
		"name": "None"
	},
	"timedDespawnId":
	{
		"guid": "0",
		"typeId": "5882300",
		"name": "None"
	},
	"overrideActivationRange": 0,
	"gameplayTags":
	{
		"gameplayTags": [],
		"parentTags": []
	},
	"alignmentOverridesIds": [],
	"guid": "6064633606247612435",
	"name": "PopulationSet_EVT_SAN_0014_ROTG_Props",
	"typeId": "5111005"
}