{
	"populationInstancesMap":
	{
		"1":
		{
			"location":
			{
				"x": -3282.3795352681773,
				"y": 12340.108086713066,
				"z": -18740.414626718997
			},
			"rotation":
			{
				"pitch": 0,
				"yaw": 89.999999302826964,
				"roll": -0
			},
			"bRandomRotation": false,
			"instanceId":
			{
				"guid": "6064631550619549699",
				"typeId": "5111011",
				"name": "None"
			}
		},
		"2":
		{
			"location":
			{
				"x": -2142.3795352681773,
				"y": 12360.108087199682,
				"z": -18740.414619089603
			},
			"rotation":
			{
				"pitch": 0,
				"yaw": 89.999999302826964,
				"roll": -0
			},
			"bRandomRotation": false,
			"instanceId":
			{
				"guid": "6064631550619549699",
				"typeId": "5111011",
				"name": "None"
			}
		},
		"3":
		{
			"location":
			{
				"x": -2132.3795352681773,
				"y": 9760.1080871996819,
				"z": -18792.87142990503
			},
			"rotation":
			{
				"pitch": 0,
				"yaw": 89.999999302827035,
				"roll": -0
			},
			"bRandomRotation": false,
			"instanceId":
			{
				"guid": "6064631551237488640",
				"typeId": "5111011",
				"name": "None"
			}
		},
		"4":
		{
			"location":
			{
				"x": -2386.4814044716768,
				"y": 9405.1628443085938,
				"z": -18761.792533766988
			},
			"rotation":
			{
				"pitch": 0,
				"yaw": 89.999999302826964,
				"roll": -0
			},
			"bRandomRotation": false,
			"instanceId":
			{
				"guid": "6064631556006477826",
				"typeId": "5111011",
				"name": "None"
			}
		},
		"5":
		{
			"location":
			{
				"x": -2741.0441352137132,
				"y": 9352.7171278551687,
				"z": -18758.475629371329
			},
			"rotation":
			{
				"pitch": 0,
				"yaw": 79.999999380290603,
				"roll": -0
			},
			"bRandomRotation": false,
			"instanceId":
			{
				"guid": "6064631556049862661",
				"typeId": "5111011",
				"name": "None"
			}
		},
		"6":
		{
			"location":
			{
				"x": -3262.3795352681773,
				"y": 17090.108086713066,
				"z": -18740.414626718997
			},
			"rotation":
			{
				"pitch": 0,
				"yaw": 89.999999302826964,
				"roll": 0
			},
			"bRandomRotation": false,
			"instanceId":
			{
				"guid": "6064632546728869888",
				"typeId": "5111011",
				"name": "None"
			}
		},
		"7":
		{
			"location":
			{
				"x": -2212.3795352681773,
				"y": 17730.108087199682,
				"z": -18740.414619089603
			},
			"rotation":
			{
				"pitch": 0,
				"yaw": 109.9999991478997,
				"roll": 0
			},
			"bRandomRotation": false,
			"instanceId":
			{
				"guid": "6064632546728869888",
				"typeId": "5111011",
				"name": "None"
			}
		},
		"8":
		{
			"location":
			{
				"x": -2222.3795352681773,
				"y": 17080.108087199682,
				"z": -18739.868034006595
			},
			"rotation":
			{
				"pitch": 0,
				"yaw": 89.999999302827064,
				"roll": 0
			},
			"bRandomRotation": false,
			"instanceId":
			{
				"guid": "6064632546731032578",
				"typeId": "5111011",
				"name": "None"
			}
		},
		"9":
		{
			"location":
			{
				"x": -3116.4814044716768,
				"y": 17125.162844308594,
				"z": -18761.792533766988
			},
			"rotation":
			{
				"pitch": 0,
				"yaw": 79.999999380290603,
				"roll": 0
			},
			"bRandomRotation": false,
			"instanceId":
			{
				"guid": "6064632546732146691",
				"typeId": "5111011",
				"name": "None"
			}
		},
		"10":
		{
			"location":
			{
				"x": -3182.3795352681773,
				"y": 11740.108087199682,
				"z": -18739.868034006595
			},
			"rotation":
			{
				"pitch": 0,
				"yaw": 89.999999302827092,
				"roll": 0
			},
			"bRandomRotation": false,
			"instanceId":
			{
				"guid": "6064632564863729664",
				"typeId": "5111011",
				"name": "None"
			}
		},
		"11":
		{
			"location":
			{
				"x": -2132.3795352681773,
				"y": 11540.108087199682,
				"z": -18739.868034006595
			},
			"rotation":
			{
				"pitch": 0,
				"yaw": 89.999999302827092,
				"roll": 0
			},
			"bRandomRotation": false,
			"instanceId":
			{
				"guid": "6064632546731032578",
				"typeId": "5111011",
				"name": "None"
			}
		},
		"12":
		{
			"location":
			{
				"x": -3176.4814044716768,
				"y": 10885.162844308594,
				"z": -18761.792533766988
			},
			"rotation":
			{
				"pitch": 0,
				"yaw": 179.99999860565401,
				"roll": 0
			},
			"bRandomRotation": false,
			"instanceId":
			{
				"guid": "6064632564866940930",
				"typeId": "5111011",
				"name": "None"
			}
		},
		"13":
		{
			"location":
			{
				"x": -2242.3795352681773,
				"y": 11310.108087199682,
				"z": -18740.414619089603
			},
			"rotation":
			{
				"pitch": 0,
				"yaw": 89.999999302827135,
				"roll": 0
			},
			"bRandomRotation": false,
			"instanceId":
			{
				"guid": "6064632546728869888",
				"typeId": "5111011",
				"name": "None"
			}
		},
		"14":
		{
			"location":
			{
				"x": -2958.0095897645224,
				"y": 16961.049215342209,
				"z": -18739.86801446354
			},
			"rotation":
			{
				"pitch": 0,
				"yaw": 0,
				"roll": -0
			},
			"bRandomRotation": false,
			"instanceId":
			{
				"guid": "6064632564940472326",
				"typeId": "5111011",
				"name": "None"
			}
		},
		"15":
		{
			"location":
			{
				"x": -2448.0095897645224,
				"y": 16961.049215342209,
				"z": -18739.86801446354
			},
			"rotation":
			{
				"pitch": 0,
				"yaw": 0,
				"roll": -0
			},
			"bRandomRotation": false,
			"instanceId":
			{
				"guid": "6064632564942176263",
				"typeId": "5111011",
				"name": "None"
			}
		},
		"16":
		{
			"location":
			{
				"x": -7038.0095897645224,
				"y": 6421.0492153422092,
				"z": -18739.86801446354
			},
			"rotation":
			{
				"pitch": 0,
				"yaw": 0,
				"roll": -0
			},
			"bRandomRotation": false,
			"instanceId":
			{
				"guid": "6064632564955086857",
				"typeId": "5111011",
				"name": "None"
			}
		},
		"17":
		{
			"location":
			{
				"x": 811.99041023547761,
				"y": 6541.0492153422092,
				"z": -18739.86801446354
			},
			"rotation":
			{
				"pitch": 0,
				"yaw": 0,
				"roll": -0
			},
			"bRandomRotation": false,
			"instanceId":
			{
				"guid": "6064632564957315082",
				"typeId": "5111011",
				"name": "None"
			}
		},
		"18":
		{
			"location":
			{
				"x": -10458.009589764522,
				"y": 651.04921534220921,
				"z": -18739.86801446354
			},
			"rotation":
			{
				"pitch": 0,
				"yaw": 0,
				"roll": -0
			},
			"bRandomRotation": false,
			"instanceId":
			{
				"guid": "6064632564961837067",
				"typeId": "5111011",
				"name": "None"
			}
		}
	},
	"filterOverrideId":
	{
		"guid": "0",
		"typeId": "5111003",
		"name": "None"
	},
	"populationAreaId":
	{
		"guid": "0",
		"typeId": "5171420",
		"name": "None"
	},
	"timedDespawnId":
	{
		"guid": "0",
		"typeId": "5882300",
		"name": "None"
	},
	"overrideActivationRange": 0,
	"gameplayTags":
	{
		"gameplayTags": [],
		"parentTags": []
	},
	"alignmentOverridesIds": [],
	"guid": "6064631550619549698",
	"name": "PopSet_CSB_Forsaken_Blades_Main_Gate_01",
	"typeId": "5111005"
}