{
	"populationInstancesMap":
	{
		"1":
		{
			"location":
			{
				"x": -3480.9792961190687,
				"y": 2557.5406278479495,
				"z": 10.619836160585692
			},
			"rotation":
			{
				"pitch": -0,
				"yaw": -21.733209856861663,
				"roll": 0
			},
			"bRandomRotation": false,
			"instanceId":
			{
				"guid": "6064631437798670341",
				"typeId": "5111011",
				"name": "None"
			}
		},
		"2":
		{
			"location":
			{
				"x": -2077.0701230837731,
				"y": 4736.66565950925,
				"z": -334.31070539557368
			},
			"rotation":
			{
				"pitch": 0,
				"yaw": 0,
				"roll": 0
			},
			"bRandomRotation": false,
			"instanceId":
			{
				"guid": "6064631437782351873",
				"typeId": "5111011",
				"name": "None"
			}
		},
		"3":
		{
			"location":
			{
				"x": -3775.0824311237666,
				"y": 3601.3518493185984,
				"z": -351.90706251936899
			},
			"rotation":
			{
				"pitch": -0,
				"yaw": -63.042425715600913,
				"roll": 0
			},
			"bRandomRotation": false,
			"instanceId":
			{
				"guid": "6064631437798670341",
				"typeId": "5111011",
				"name": "None"
			}
		},
		"4":
		{
			"location":
			{
				"x": -3605.9634611217189,
				"y": 5187.2890406258521,
				"z": -356.54934404847518
			},
			"rotation":
			{
				"pitch": -0,
				"yaw": -15.226055725263505,
				"roll": 0
			},
			"bRandomRotation": false,
			"instanceId":
			{
				"guid": "6064631437798670341",
				"typeId": "5111011",
				"name": "None"
			}
		},
		"5":
		{
			"location":
			{
				"x": -2482.6555501178955,
				"y": 3533.406583987351,
				"z": -340.82836943347866
			},
			"rotation":
			{
				"pitch": -0,
				"yaw": -18.494102858138145,
				"roll": 0
			},
			"bRandomRotation": false,
			"instanceId":
			{
				"guid": "6064631437794017284",
				"typeId": "5111011",
				"name": "None"
			}
		},
		"6":
		{
			"location":
			{
				"x": -940.47214801673545,
				"y": 6755.4224833117914,
				"z": -358.85355909656937
			},
			"rotation":
			{
				"pitch": 0,
				"yaw": 23.53806530265534,
				"roll": -0
			},
			"bRandomRotation": false,
			"instanceId":
			{
				"guid": "6064631437798670341",
				"typeId": "5111011",
				"name": "None"
			}
		},
		"7":
		{
			"location":
			{
				"x": -2709.3343700163532,
				"y": 6468.890803516726,
				"z": -364.76119656336414
			},
			"rotation":
			{
				"pitch": -0,
				"yaw": -178.75113698083427,
				"roll": 0
			},
			"bRandomRotation": false,
			"instanceId":
			{
				"guid": "6064631437801947142",
				"typeId": "5111011",
				"name": "None"
			}
		},
		"8":
		{
			"location":
			{
				"x": -4192.0186962581356,
				"y": 7120.2232475596247,
				"z": -140.17553090983165
			},
			"rotation":
			{
				"pitch": 0,
				"yaw": 73.662189274748044,
				"roll": -0
			},
			"bRandomRotation": false,
			"instanceId":
			{
				"guid": "6064631437798670341",
				"typeId": "5111011",
				"name": "None"
			}
		},
		"9":
		{
			"location":
			{
				"x": -5326.6464120185119,
				"y": 6187.0555574542959,
				"z": -204.9815468417728
			},
			"rotation":
			{
				"pitch": -0,
				"yaw": -103.50569657956234,
				"roll": 0
			},
			"bRandomRotation": false,
			"instanceId":
			{
				"guid": "6064631437798670341",
				"typeId": "5111011",
				"name": "None"
			}
		},
		"10":
		{
			"location":
			{
				"x": -4910.2602033909061,
				"y": 4341.6821288428036,
				"z": -347.25181193150638
			},
			"rotation":
			{
				"pitch": 0,
				"yaw": 78.206031212038909,
				"roll": -0
			},
			"bRandomRotation": false,
			"instanceId":
			{
				"guid": "6064631437798670341",
				"typeId": "5111011",
				"name": "None"
			}
		}
	},
	"filterOverrideId":
	{
		"guid": "0",
		"typeId": "5111003",
		"name": "None"
	},
	"populationAreaId":
	{
		"guid": "0",
		"typeId": "5171420",
		"name": "None"
	},
	"timedDespawnId":
	{
		"guid": "0",
		"typeId": "5882300",
		"name": "None"
	},
	"overrideActivationRange": 0,
	"gameplayTags":
	{
		"gameplayTags": [],
		"parentTags": []
	},
	"alignmentOverridesIds": [],
	"guid": "6064631437692698652",
	"name": "PopulationSet_ProgE_0006_CarphinBlooms_Zombies",
	"typeId": "5111005"
}