{
	"populationInstancesMap":
	{
		"1":
		{
			"location":
			{
				"x": 536.41229621169623,
				"y": -8588.1810555482516,
				"z": -25765.177160706517
			},
			"rotation":
			{
				"pitch": 0,
				"yaw": 0,
				"roll": -0
			},
			"bRandomRotation": false,
			"instanceId":
			{
				"guid": "6064632943349989427",
				"typeId": "5111011",
				"name": "None"
			}
		},
		"2":
		{
			"location":
			{
				"x": 4611.4122962116962,
				"y": -7623.1810555482516,
				"z": -25358.210065467261
			},
			"rotation":
			{
				"pitch": 0,
				"yaw": 49.999999612681719,
				"roll": 0
			},
			"bRandomRotation": false,
			"instanceId":
			{
				"guid": "6064632943350710324",
				"typeId": "5111011",
				"name": "None"
			}
		},
		"3":
		{
			"location":
			{
				"x": -1778.5877037883038,
				"y": -9473.1810555482516,
				"z": -25310.44472193699
			},
			"rotation":
			{
				"pitch": 0,
				"yaw": 0,
				"roll": -0
			},
			"bRandomRotation": false,
			"instanceId":
			{
				"guid": "6064632943349989427",
				"typeId": "5111011",
				"name": "None"
			}
		},
		"4":
		{
			"location":
			{
				"x": -2188.5877037883038,
				"y": -10698.181055548252,
				"z": -25310.44472193699
			},
			"rotation":
			{
				"pitch": 0,
				"yaw": -119.99999907043605,
				"roll": 0
			},
			"bRandomRotation": false,
			"instanceId":
			{
				"guid": "6064632943369584694",
				"typeId": "5111011",
				"name": "None"
			}
		},
		"5":
		{
			"location":
			{
				"x": 2221.4122962116962,
				"y": -7948.1810555482516,
				"z": -25765.177160706517
			},
			"rotation":
			{
				"pitch": 0,
				"yaw": 19.99999984507263,
				"roll": 0
			},
			"bRandomRotation": false,
			"instanceId":
			{
				"guid": "6064632943349989427",
				"typeId": "5111011",
				"name": "None"
			}
		},
		"6":
		{
			"location":
			{
				"x": 846.41229621169623,
				"y": -9688.1810555482516,
				"z": -25765.177160706517
			},
			"rotation":
			{
				"pitch": 0,
				"yaw": -19.999999845073042,
				"roll": 0
			},
			"bRandomRotation": false,
			"instanceId":
			{
				"guid": "6064632943349989427",
				"typeId": "5111011",
				"name": "None"
			}
		},
		"7":
		{
			"location":
			{
				"x": 4466.4122962116962,
				"y": -8163.1810555482516,
				"z": -25358.210065467261
			},
			"rotation":
			{
				"pitch": 0,
				"yaw": 25.000002595035717,
				"roll": 0
			},
			"bRandomRotation": false,
			"instanceId":
			{
				"guid": "6064632943369584694",
				"typeId": "5111011",
				"name": "None"
			}
		},
		"8":
		{
			"location":
			{
				"x": -1383.6579571129987,
				"y": -11577.271839374094,
				"z": -25315.177084259256
			},
			"rotation":
			{
				"pitch": 0,
				"yaw": -39.999999690142374,
				"roll": 0
			},
			"bRandomRotation": false,
			"instanceId":
			{
				"guid": "6064632944188981334",
				"typeId": "5111011",
				"name": "None"
			}
		}
	},
	"filterOverrideId":
	{
		"guid": "0",
		"typeId": "5111003",
		"name": "None"
	},
	"populationAreaId":
	{
		"guid": "0",
		"typeId": "5171420",
		"name": "None"
	},
	"timedDespawnId":
	{
		"guid": "0",
		"typeId": "5882300",
		"name": "None"
	},
	"overrideActivationRange": 0,
	"gameplayTags":
	{
		"gameplayTags": [],
		"parentTags": []
	},
	"alignmentOverridesIds": [],
	"guid": "6064632943341862961",
	"name": "PopSet_SAN_Lost_Hero_Sepulcher_Oculars",
	"typeId": "5111005"
}