{
	"populationInstancesMap":
	{
		"1":
		{
			"location":
			{
				"x": -5757.5447355649667,
				"y": -894.96697860502172,
				"z": 145.94139172584437
			},
			"rotation":
			{
				"pitch": 0,
				"yaw": 0,
				"roll": -0
			},
			"bRandomRotation": false,
			"instanceId":
			{
				"guid": "6064632507379810306",
				"typeId": "5111011",
				"name": "None"
			}
		},
		"2":
		{
			"location":
			{
				"x": -7162.2645225786837,
				"y": -164.49798212572932,
				"z": 149.39665598372085
			},
			"rotation":
			{
				"pitch": 0,
				"yaw": 0,
				"roll": -0
			},
			"bRandomRotation": false,
			"instanceId":
			{
				"guid": "6064632507379810306",
				"typeId": "5111011",
				"name": "None"
			}
		},
		"3":
		{
			"location":
			{
				"x": -6780.0893756230362,
				"y": -2185.8589233348612,
				"z": 137.30623238627777
			},
			"rotation":
			{
				"pitch": 0,
				"yaw": 0,
				"roll": -0
			},
			"bRandomRotation": false,
			"instanceId":
			{
				"guid": "6064632507382366212",
				"typeId": "5111011",
				"name": "None"
			}
		},
		"4":
		{
			"location":
			{
				"x": -6636.9132527076872,
				"y": -1784.9899662360549,
				"z": 148.74051186151701
			},
			"rotation":
			{
				"pitch": 0,
				"yaw": 69.999999457754328,
				"roll": 0
			},
			"bRandomRotation": false,
			"instanceId":
			{
				"guid": "6064632507382366212",
				"typeId": "5111011",
				"name": "None"
			}
		},
		"5":
		{
			"location":
			{
				"x": -6852.3305045799352,
				"y": -1933.1029835854424,
				"z": 150.54849456575539
			},
			"rotation":
			{
				"pitch": 0,
				"yaw": 129.99999899297237,
				"roll": 0
			},
			"bRandomRotation": false,
			"instanceId":
			{
				"guid": "6064632507382366212",
				"typeId": "5111011",
				"name": "None"
			}
		},
		"6":
		{
			"location":
			{
				"x": -7072.0458387192339,
				"y": -3943.8651339503704,
				"z": 94.548624674143866
			},
			"rotation":
			{
				"pitch": 0,
				"yaw": 0,
				"roll": -0
			},
			"bRandomRotation": false,
			"instanceId":
			{
				"guid": "6064632507389181959",
				"typeId": "5111011",
				"name": "None"
			}
		},
		"7":
		{
			"location":
			{
				"x": -6650.1346389424289,
				"y": -3398.9182981138583,
				"z": 94.548558436476014
			},
			"rotation":
			{
				"pitch": 0,
				"yaw": 0,
				"roll": -0
			},
			"bRandomRotation": false,
			"instanceId":
			{
				"guid": "6064632507389181959",
				"typeId": "5111011",
				"name": "None"
			}
		},
		"8":
		{
			"location":
			{
				"x": -6655.1627479832387,
				"y": -3098.8318284209818,
				"z": 134.54856715721326
			},
			"rotation":
			{
				"pitch": 0,
				"yaw": 0,
				"roll": -0
			},
			"bRandomRotation": false,
			"instanceId":
			{
				"guid": "6064632507410153481",
				"typeId": "5111011",
				"name": "None"
			}
		},
		"9":
		{
			"location":
			{
				"x": -6003.6539266038453,
				"y": -2699.2479470189428,
				"z": 130.59412490845716
			},
			"rotation":
			{
				"pitch": 0,
				"yaw": 59.999999535217896,
				"roll": 0
			},
			"bRandomRotation": false,
			"instanceId":
			{
				"guid": "6064632507410153481",
				"typeId": "5111011",
				"name": "None"
			}
		},
		"10":
		{
			"location":
			{
				"x": -6002.7073837643256,
				"y": -2806.4109330499778,
				"z": 396.84322013139899
			},
			"rotation":
			{
				"pitch": 0,
				"yaw": 0,
				"roll": -0
			},
			"bRandomRotation": false,
			"instanceId":
			{
				"guid": "6064632507413561355",
				"typeId": "5111011",
				"name": "None"
			}
		},
		"11":
		{
			"location":
			{
				"x": -5941.3069231688278,
				"y": -378.29245817277115,
				"z": 76.093205695960933
			},
			"rotation":
			{
				"pitch": 0,
				"yaw": 0,
				"roll": -0
			},
			"bRandomRotation": false,
			"instanceId":
			{
				"guid": "6064632507415461900",
				"typeId": "5111011",
				"name": "None"
			}
		}
	},
	"filterOverrideId":
	{
		"guid": "0",
		"typeId": "5111003",
		"name": "None"
	},
	"populationAreaId":
	{
		"guid": "0",
		"typeId": "5171420",
		"name": "None"
	},
	"timedDespawnId":
	{
		"guid": "0",
		"typeId": "5882300",
		"name": "None"
	},
	"overrideActivationRange": 0,
	"gameplayTags":
	{
		"gameplayTags": [],
		"parentTags": []
	},
	"alignmentOverridesIds": [],
	"guid": "6064632507372404737",
	"name": "RVR_Samias_Hope_Filler_Pop",
	"typeId": "5111005"
}