{
	"populationInstancesMap":
	{
		"1":
		{
			"location":
			{
				"x": 1344.0807411566914,
				"y": 195.16207341621885,
				"z": 732.52236091309931
			},
			"rotation":
			{
				"pitch": 0,
				"yaw": 0,
				"roll": -0
			},
			"bRandomRotation": false,
			"instanceId":
			{
				"guid": "6064630270761764171",
				"typeId": "5111011",
				"name": "None"
			}
		},
		"2":
		{
			"location":
			{
				"x": 1342.249708509059,
				"y": 357.46007699871916,
				"z": 730.08945175184033
			},
			"rotation":
			{
				"pitch": 0,
				"yaw": 0,
				"roll": -0
			},
			"bRandomRotation": false,
			"instanceId":
			{
				"guid": "6064630270761766125",
				"typeId": "5111011",
				"name": "None"
			}
		},
		"3":
		{
			"location":
			{
				"x": 1345.3026329687091,
				"y": 497.10687842219704,
				"z": 730.08948326250811
			},
			"rotation":
			{
				"pitch": 0,
				"yaw": 0,
				"roll": -0
			},
			"bRandomRotation": false,
			"instanceId":
			{
				"guid": "6064630270761765136",
				"typeId": "5111011",
				"name": "None"
			}
		},
		"4":
		{
			"location":
			{
				"x": 1345.9313543242267,
				"y": 630.33139363760165,
				"z": 730.08945250397869
			},
			"rotation":
			{
				"pitch": 0,
				"yaw": 0,
				"roll": -0
			},
			"bRandomRotation": false,
			"instanceId":
			{
				"guid": "6064630270761766122",
				"typeId": "5111011",
				"name": "None"
			}
		},
		"5":
		{
			"location":
			{
				"x": 1349.916667214623,
				"y": 770.07751245849977,
				"z": 730.08944924613047
			},
			"rotation":
			{
				"pitch": 0,
				"yaw": 0,
				"roll": -0
			},
			"bRandomRotation": false,
			"instanceId":
			{
				"guid": "6064630270761766126",
				"typeId": "5111011",
				"name": "None"
			}
		},
		"6":
		{
			"location":
			{
				"x": 1594.0807411566914,
				"y": 445.16207341621885,
				"z": 732.52236091309931
			},
			"rotation":
			{
				"pitch": 0,
				"yaw": 0,
				"roll": -0
			},
			"bRandomRotation": false,
			"instanceId":
			{
				"guid": "6064630270761764171",
				"typeId": "5111011",
				"name": "None"
			}
		},
		"7":
		{
			"location":
			{
				"x": 1844.0807411566914,
				"y": 695.16207341621885,
				"z": 732.52236091309931
			},
			"rotation":
			{
				"pitch": 0,
				"yaw": 0,
				"roll": -0
			},
			"bRandomRotation": false,
			"instanceId":
			{
				"guid": "6064630270761764171",
				"typeId": "5111011",
				"name": "None"
			}
		},
		"8":
		{
			"location":
			{
				"x": 2094.0807411566911,
				"y": 945.16207341621885,
				"z": 732.52236091309931
			},
			"rotation":
			{
				"pitch": 0,
				"yaw": 0,
				"roll": -0
			},
			"bRandomRotation": false,
			"instanceId":
			{
				"guid": "6064630270761764171",
				"typeId": "5111011",
				"name": "None"
			}
		},
		"9":
		{
			"location":
			{
				"x": 2344.0807411566911,
				"y": 1195.1620734162188,
				"z": 732.52236091309931
			},
			"rotation":
			{
				"pitch": 0,
				"yaw": 0,
				"roll": -0
			},
			"bRandomRotation": false,
			"instanceId":
			{
				"guid": "6064630270761764171",
				"typeId": "5111011",
				"name": "None"
			}
		}
	},
	"filterOverrideId":
	{
		"guid": "0",
		"typeId": "5111003",
		"name": "None"
	},
	"populationAreaId":
	{
		"guid": "0",
		"typeId": "5171420",
		"name": "None"
	},
	"timedDespawnId":
	{
		"guid": "0",
		"typeId": "5882300",
		"name": "None"
	},
	"overrideActivationRange": 0,
	"gameplayTags":
	{
		"gameplayTags": [],
		"parentTags": []
	},
	"alignmentOverridesIds": [],
	"guid": "6064630270761764814",
	"name": "SpawnerSetRecord_109150450505337",
	"typeId": "5111005"
}