{
	"populationInstancesMap":
	{
		"1":
		{
			"location":
			{
				"x": -1101.5214298230401,
				"y": -174.41387159769988,
				"z": -7.6424905273597687e-05
			},
			"rotation":
			{
				"pitch": 0,
				"yaw": 0,
				"roll": -0
			},
			"bRandomRotation": false,
			"instanceId":
			{
				"guid": "6064633843732185170",
				"typeId": "5111011",
				"name": "None"
			}
		},
		"2":
		{
			"location":
			{
				"x": -5.9177448800087404,
				"y": 1383.886087561438,
				"z": -3.9748347717249999e-05
			},
			"rotation":
			{
				"pitch": 0,
				"yaw": 0,
				"roll": -0
			},
			"bRandomRotation": false,
			"instanceId":
			{
				"guid": "6064633843732185170",
				"typeId": "5111011",
				"name": "None"
			}
		},
		"3":
		{
			"location":
			{
				"x": -4.3519039256289034,
				"y": -1067.0319311603828,
				"z": 7.4252968261134811e-05
			},
			"rotation":
			{
				"pitch": 0,
				"yaw": 0,
				"roll": -0
			},
			"bRandomRotation": false,
			"instanceId":
			{
				"guid": "6064633843737755731",
				"typeId": "5111011",
				"name": "None"
			}
		},
		"4":
		{
			"location":
			{
				"x": -1500.3239110482721,
				"y": 642.34875036999733,
				"z": 0.00022234718289837474
			},
			"rotation":
			{
				"pitch": 0,
				"yaw": -113.99690516217233,
				"roll": 0
			},
			"bRandomRotation": false,
			"instanceId":
			{
				"guid": "6064633843742802004",
				"typeId": "5111011",
				"name": "None"
			}
		},
		"5":
		{
			"location":
			{
				"x": 1058.5035726917188,
				"y": 741.4067191219749,
				"z": -1.3813492842018604e-05
			},
			"rotation":
			{
				"pitch": 0,
				"yaw": 100.32754787156199,
				"roll": 0
			},
			"bRandomRotation": false,
			"instanceId":
			{
				"guid": "6064633843748569173",
				"typeId": "5111011",
				"name": "None"
			}
		},
		"6":
		{
			"location":
			{
				"x": 1189.308985798508,
				"y": 2150.674796672311,
				"z": -0.00016110574324557092
			},
			"rotation":
			{
				"pitch": 0,
				"yaw": -38.336440862323578,
				"roll": 0
			},
			"bRandomRotation": false,
			"instanceId":
			{
				"guid": "6064633843753680982",
				"typeId": "5111011",
				"name": "None"
			}
		},
		"7":
		{
			"location":
			{
				"x": -2758.8458021627266,
				"y": -1001.7821464637118,
				"z": 2.5719116820255294e-05
			},
			"rotation":
			{
				"pitch": 0,
				"yaw": -72.006390811154915,
				"roll": 0
			},
			"bRandomRotation": false,
			"instanceId":
			{
				"guid": "6064633843753680982",
				"typeId": "5111011",
				"name": "None"
			}
		},
		"8":
		{
			"location":
			{
				"x": -917.34094426612614,
				"y": -53.410343764166328,
				"z": 95.999970396963818
			},
			"rotation":
			{
				"pitch": 0,
				"yaw": -157.95366855590277,
				"roll": 0
			},
			"bRandomRotation": false,
			"instanceId":
			{
				"guid": "6064633843766919255",
				"typeId": "5111011",
				"name": "None"
			}
		},
		"9":
		{
			"location":
			{
				"x": 327.16363601431635,
				"y": 1203.6484316866135,
				"z": 95.999900653087479
			},
			"rotation":
			{
				"pitch": 0,
				"yaw": 143.51153234243245,
				"roll": 0
			},
			"bRandomRotation": false,
			"instanceId":
			{
				"guid": "6064633843766919255",
				"typeId": "5111011",
				"name": "None"
			}
		},
		"10":
		{
			"location":
			{
				"x": 469.47103363503328,
				"y": 1895.1861676015831,
				"z": 96.000065632656515
			},
			"rotation":
			{
				"pitch": 0,
				"yaw": 0,
				"roll": -0
			},
			"bRandomRotation": false,
			"instanceId":
			{
				"guid": "6064633843771768920",
				"typeId": "5111011",
				"name": "None"
			}
		},
		"11":
		{
			"location":
			{
				"x": 1815.93194322198,
				"y": 1513.7050765549411,
				"z": 95.999818183698153
			},
			"rotation":
			{
				"pitch": 0,
				"yaw": 0,
				"roll": -0
			},
			"bRandomRotation": false,
			"instanceId":
			{
				"guid": "6064633843771768920",
				"typeId": "5111011",
				"name": "None"
			}
		},
		"12":
		{
			"location":
			{
				"x": -2089.7287480030809,
				"y": -178.97729598458545,
				"z": 95.999907786504991
			},
			"rotation":
			{
				"pitch": 0,
				"yaw": 0,
				"roll": -0
			},
			"bRandomRotation": false,
			"instanceId":
			{
				"guid": "6064633843771768920",
				"typeId": "5111011",
				"name": "None"
			}
		},
		"13":
		{
			"location":
			{
				"x": -1016.0860858405056,
				"y": -1581.7969685568969,
				"z": 96.000084927437456
			},
			"rotation":
			{
				"pitch": 0,
				"yaw": 0,
				"roll": -0
			},
			"bRandomRotation": false,
			"instanceId":
			{
				"guid": "6064633843771768920",
				"typeId": "5111011",
				"name": "None"
			}
		},
		"14":
		{
			"location":
			{
				"x": -1201.2809558312124,
				"y": -460.25077683386507,
				"z": 95.999824800588613
			},
			"rotation":
			{
				"pitch": 0,
				"yaw": 64.790910909902848,
				"roll": 0
			},
			"bRandomRotation": false,
			"instanceId":
			{
				"guid": "6064633843782058073",
				"typeId": "5111011",
				"name": "None"
			}
		},
		"15":
		{
			"location":
			{
				"x": -323.85137933202543,
				"y": 1129.7771686286424,
				"z": 96.000048434437304
			},
			"rotation":
			{
				"pitch": 0,
				"yaw": 54.977689851028437,
				"roll": 0
			},
			"bRandomRotation": false,
			"instanceId":
			{
				"guid": "6064633843782058073",
				"typeId": "5111011",
				"name": "None"
			}
		},
		"16":
		{
			"location":
			{
				"x": -359.29935767519146,
				"y": 232.71021967948764,
				"z": 95.999958535136102
			},
			"rotation":
			{
				"pitch": 0,
				"yaw": 0,
				"roll": -0
			},
			"bRandomRotation": false,
			"instanceId":
			{
				"guid": "6064633843784745050",
				"typeId": "5111011",
				"name": "None"
			}
		},
		"17":
		{
			"location":
			{
				"x": 1919.1382893788477,
				"y": 788.64015233099713,
				"z": 95.999893041198447
			},
			"rotation":
			{
				"pitch": 0,
				"yaw": 0,
				"roll": -0
			},
			"bRandomRotation": false,
			"instanceId":
			{
				"guid": "6064633843784745050",
				"typeId": "5111011",
				"name": "None"
			}
		},
		"18":
		{
			"location":
			{
				"x": -335.45053809458125,
				"y": 2138.3017544620698,
				"z": 95.99976213978789
			},
			"rotation":
			{
				"pitch": 0,
				"yaw": 0,
				"roll": -0
			},
			"bRandomRotation": false,
			"instanceId":
			{
				"guid": "6064633843784745050",
				"typeId": "5111011",
				"name": "None"
			}
		},
		"19":
		{
			"location":
			{
				"x": -1944.4558144522507,
				"y": -1105.8659926871287,
				"z": 95.999923671687611
			},
			"rotation":
			{
				"pitch": 0,
				"yaw": 0,
				"roll": -0
			},
			"bRandomRotation": false,
			"instanceId":
			{
				"guid": "6064633843784745050",
				"typeId": "5111011",
				"name": "None"
			}
		}
	},
	"filterOverrideId":
	{
		"guid": "0",
		"typeId": "5111003",
		"name": "None"
	},
	"populationAreaId":
	{
		"guid": "0",
		"typeId": "5171420",
		"name": "None"
	},
	"timedDespawnId":
	{
		"guid": "0",
		"typeId": "5882300",
		"name": "None"
	},
	"overrideActivationRange": 0,
	"gameplayTags":
	{
		"gameplayTags": [],
		"parentTags": []
	},
	"alignmentOverridesIds": [],
	"guid": "6064633843628507188",
	"name": "PCG_Bandit_Dunir_Camp_Medium",
	"typeId": "5111005"
}