{
	"populationInstancesMap":
	{
		"1":
		{
			"location":
			{
				"x": -656.26777284068521,
				"y": 149.38531294523273,
				"z": 40.5705405685203
			},
			"rotation":
			{
				"pitch": 0,
				"yaw": 0,
				"roll": -0
			},
			"bRandomRotation": false,
			"instanceId":
			{
				"guid": "6064631634939871240",
				"typeId": "5111011",
				"name": "None"
			}
		},
		"2":
		{
			"location":
			{
				"x": -1742.8063387599541,
				"y": 1599.584959922242,
				"z": -169.42968802982068
			},
			"rotation":
			{
				"pitch": 0,
				"yaw": -39.999999690145394,
				"roll": 0
			},
			"bRandomRotation": false,
			"instanceId":
			{
				"guid": "6064631634950029321",
				"typeId": "5111011",
				"name": "None"
			}
		},
		"3":
		{
			"location":
			{
				"x": -969.86790643504355,
				"y": -1727.6827215300873,
				"z": -159.3395488935821
			},
			"rotation":
			{
				"pitch": 0,
				"yaw": 79.999999380290632,
				"roll": 0
			},
			"bRandomRotation": false,
			"instanceId":
			{
				"guid": "6064631634950029321",
				"typeId": "5111011",
				"name": "None"
			}
		},
		"4":
		{
			"location":
			{
				"x": 1334.1214743944583,
				"y": 1264.7373243166949,
				"z": -169.4296134966462
			},
			"rotation":
			{
				"pitch": 0,
				"yaw": -149.99999883804506,
				"roll": 0
			},
			"bRandomRotation": false,
			"instanceId":
			{
				"guid": "6064631634950029321",
				"typeId": "5111011",
				"name": "None"
			}
		},
		"5":
		{
			"location":
			{
				"x": -682.11451147461776,
				"y": 1104.5456606791704,
				"z": -236.40831376959432
			},
			"rotation":
			{
				"pitch": 0,
				"yaw": 9.9999999225363414,
				"roll": 0
			},
			"bRandomRotation": false,
			"instanceId":
			{
				"guid": "6064632421801590792",
				"typeId": "5111011",
				"name": "None"
			}
		},
		"6":
		{
			"location":
			{
				"x": -766.57701463531703,
				"y": -897.9554520410602,
				"z": -213.05141980180815
			},
			"rotation":
			{
				"pitch": 0,
				"yaw": 0,
				"roll": -0
			},
			"bRandomRotation": false,
			"instanceId":
			{
				"guid": "6064632421801590792",
				"typeId": "5111011",
				"name": "None"
			}
		},
		"7":
		{
			"location":
			{
				"x": -1719.5976514703361,
				"y": 124.02647656947374,
				"z": -242.31331166525888
			},
			"rotation":
			{
				"pitch": 0,
				"yaw": 0,
				"roll": -0
			},
			"bRandomRotation": false,
			"instanceId":
			{
				"guid": "6064632421801590792",
				"typeId": "5111011",
				"name": "None"
			}
		},
		"8":
		{
			"location":
			{
				"x": 299.53188073937781,
				"y": -40.208240461361129,
				"z": -214.97284575075537
			},
			"rotation":
			{
				"pitch": 0,
				"yaw": 0,
				"roll": -0
			},
			"bRandomRotation": false,
			"instanceId":
			{
				"guid": "6064632421801590792",
				"typeId": "5111011",
				"name": "None"
			}
		}
	},
	"filterOverrideId":
	{
		"guid": "0",
		"typeId": "5111003",
		"name": "None"
	},
	"populationAreaId":
	{
		"guid": "0",
		"typeId": "5171420",
		"name": "None"
	},
	"timedDespawnId":
	{
		"guid": "6064631635631013981",
		"typeId": "5882300",
		"name": "None"
	},
	"overrideActivationRange": 0,
	"gameplayTags":
	{
		"gameplayTags": [],
		"parentTags": []
	},
	"alignmentOverridesIds": [],
	"guid": "6064631634929582087",
	"name": "RVR_CSQ_WinsteadPlains_HowlingCircle",
	"typeId": "5111005"
}