{
	"populationInstancesMap":
	{
		"1":
		{
			"location":
			{
				"x": 2441.4224582924508,
				"y": -5804.5645235456759,
				"z": 6920.9293922203524
			},
			"rotation":
			{
				"pitch": 0,
				"yaw": 8.2694421718051455e-14,
				"roll": -0
			},
			"bRandomRotation": false,
			"instanceId":
			{
				"guid": "6064630270761764920",
				"typeId": "5111011",
				"name": "None"
			}
		},
		"2":
		{
			"location":
			{
				"x": 2856.0097530419007,
				"y": -6060.8362118785735,
				"z": 6920.9293922203524
			},
			"rotation":
			{
				"pitch": 0,
				"yaw": 1.2086107789561366e-13,
				"roll": -0
			},
			"bRandomRotation": false,
			"instanceId":
			{
				"guid": "6064630270761767446",
				"typeId": "5111011",
				"name": "None"
			}
		},
		"3":
		{
			"location":
			{
				"x": 2146.299939515884,
				"y": -6992.1308719114168,
				"z": 6920.9293922203524
			},
			"rotation":
			{
				"pitch": 0,
				"yaw": 1.4630551534732179e-13,
				"roll": -0
			},
			"bRandomRotation": false,
			"instanceId":
			{
				"guid": "6064630270761767446",
				"typeId": "5111011",
				"name": "None"
			}
		},
		"4":
		{
			"location":
			{
				"x": 2949.0300770103931,
				"y": -7408.2310108585516,
				"z": 6920.9293922203524
			},
			"rotation":
			{
				"pitch": 0,
				"yaw": 1.9719439025073808e-13,
				"roll": -0
			},
			"bRandomRotation": false,
			"instanceId":
			{
				"guid": "6064630270761767446",
				"typeId": "5111011",
				"name": "None"
			}
		},
		"5":
		{
			"location":
			{
				"x": 599.16165144508705,
				"y": -6872.4265851598466,
				"z": 6920.9293922203524
			},
			"rotation":
			{
				"pitch": 0,
				"yaw": 2.3536104642830027e-13,
				"roll": -0
			},
			"bRandomRotation": false,
			"instanceId":
			{
				"guid": "6064630270761767446",
				"typeId": "5111011",
				"name": "None"
			}
		},
		"6":
		{
			"location":
			{
				"x": -1056.0838169077178,
				"y": -6773.885177921853,
				"z": 6920.9293922203524
			},
			"rotation":
			{
				"pitch": 0,
				"yaw": 2.6716659324293542e-13,
				"roll": -0
			},
			"bRandomRotation": false,
			"instanceId":
			{
				"guid": "6064630270761767446",
				"typeId": "5111011",
				"name": "None"
			}
		},
		"7":
		{
			"location":
			{
				"x": 608.16386745555792,
				"y": -8062.846999174566,
				"z": 6920.9293922203524
			},
			"rotation":
			{
				"pitch": 0,
				"yaw": 3.1169435878342475e-13,
				"roll": -0
			},
			"bRandomRotation": false,
			"instanceId":
			{
				"guid": "6064630270761767446",
				"typeId": "5111011",
				"name": "None"
			}
		},
		"8":
		{
			"location":
			{
				"x": 858.16386745555792,
				"y": -7812.846999174566,
				"z": 6920.9293922203524
			},
			"rotation":
			{
				"pitch": 0,
				"yaw": 3.1169435878342475e-13,
				"roll": -0
			},
			"bRandomRotation": false,
			"instanceId":
			{
				"guid": "6064630270761767446",
				"typeId": "5111011",
				"name": "None"
			}
		},
		"9":
		{
			"location":
			{
				"x": 1048.7930977887008,
				"y": -9684.7742155771703,
				"z": 6920.9293922203524
			},
			"rotation":
			{
				"pitch": 0,
				"yaw": 3.434999055980598e-13,
				"roll": -0
			},
			"bRandomRotation": false,
			"instanceId":
			{
				"guid": "6064630270761767446",
				"typeId": "5111011",
				"name": "None"
			}
		},
		"10":
		{
			"location":
			{
				"x": 399.24124854209367,
				"y": -9986.9575823291671,
				"z": 6920.9293922203524
			},
			"rotation":
			{
				"pitch": 0,
				"yaw": 3.434999055980598e-13,
				"roll": -0
			},
			"bRandomRotation": false,
			"instanceId":
			{
				"guid": "6064630270761767446",
				"typeId": "5111011",
				"name": "None"
			}
		},
		"11":
		{
			"location":
			{
				"x": -465.8507224941859,
				"y": -9956.6616927372525,
				"z": 6920.9293922203524
			},
			"rotation":
			{
				"pitch": 0,
				"yaw": 3.434999055980598e-13,
				"roll": -0
			},
			"bRandomRotation": false,
			"instanceId":
			{
				"guid": "6064630270761767446",
				"typeId": "5111011",
				"name": "None"
			}
		},
		"12":
		{
			"location":
			{
				"x": -662.91373371100053,
				"y": -10744.801694857539,
				"z": 6920.9293922203524
			},
			"rotation":
			{
				"pitch": 0,
				"yaw": 3.434999055980598e-13,
				"roll": -0
			},
			"bRandomRotation": false,
			"instanceId":
			{
				"guid": "6064630270761767446",
				"typeId": "5111011",
				"name": "None"
			}
		},
		"13":
		{
			"location":
			{
				"x": -1764.5278621792095,
				"y": -9464.4428992308676,
				"z": 6920.9293922203524
			},
			"rotation":
			{
				"pitch": 0,
				"yaw": 3.434999055980598e-13,
				"roll": -0
			},
			"bRandomRotation": false,
			"instanceId":
			{
				"guid": "6064630270761767446",
				"typeId": "5111011",
				"name": "None"
			}
		},
		"14":
		{
			"location":
			{
				"x": -2147.3044581094291,
				"y": -7792.9669832749059,
				"z": 6920.9293922203524
			},
			"rotation":
			{
				"pitch": 0,
				"yaw": 3.434999055980598e-13,
				"roll": -0
			},
			"bRandomRotation": false,
			"instanceId":
			{
				"guid": "6064630270761767446",
				"typeId": "5111011",
				"name": "None"
			}
		},
		"15":
		{
			"location":
			{
				"x": -2766.110868507647,
				"y": -11014.454004271654,
				"z": 6920.9293922203524
			},
			"rotation":
			{
				"pitch": 0,
				"yaw": 3.434999055980598e-13,
				"roll": -0
			},
			"bRandomRotation": false,
			"instanceId":
			{
				"guid": "6064630270761767446",
				"typeId": "5111011",
				"name": "None"
			}
		},
		"16":
		{
			"location":
			{
				"x": -374.36728511017282,
				"y": -11690.431554202223,
				"z": 6920.9293922203524
			},
			"rotation":
			{
				"pitch": 0,
				"yaw": 3.434999055980598e-13,
				"roll": -0
			},
			"bRandomRotation": false,
			"instanceId":
			{
				"guid": "6064630270761767446",
				"typeId": "5111011",
				"name": "None"
			}
		},
		"17":
		{
			"location":
			{
				"x": 271.95928054908291,
				"y": -12129.724854149856,
				"z": 6920.9293922203524
			},
			"rotation":
			{
				"pitch": 0,
				"yaw": 3.434999055980598e-13,
				"roll": -0
			},
			"bRandomRotation": false,
			"instanceId":
			{
				"guid": "6064630270761767446",
				"typeId": "5111011",
				"name": "None"
			}
		},
		"18":
		{
			"location":
			{
				"x": -1127.7108156025643,
				"y": -12827.663973431336,
				"z": 6920.9293922203524
			},
			"rotation":
			{
				"pitch": 0,
				"yaw": 3.434999055980598e-13,
				"roll": -0
			},
			"bRandomRotation": false,
			"instanceId":
			{
				"guid": "6064630270761767446",
				"typeId": "5111011",
				"name": "None"
			}
		},
		"19":
		{
			"location":
			{
				"x": 64.327833283576183,
				"y": -13454.569432420307,
				"z": 6930.9293922203524
			},
			"rotation":
			{
				"pitch": 0,
				"yaw": 3.434999055980598e-13,
				"roll": -0
			},
			"bRandomRotation": false,
			"instanceId":
			{
				"guid": "6064630270761767446",
				"typeId": "5111011",
				"name": "None"
			}
		},
		"20":
		{
			"location":
			{
				"x": -3296.7707199408906,
				"y": -12312.410785438726,
				"z": 6920.9293922203524
			},
			"rotation":
			{
				"pitch": 0,
				"yaw": 3.434999055980598e-13,
				"roll": -0
			},
			"bRandomRotation": false,
			"instanceId":
			{
				"guid": "6064630270761767446",
				"typeId": "5111011",
				"name": "None"
			}
		},
		"21":
		{
			"location":
			{
				"x": -2507.8603094987338,
				"y": -13325.175834653084,
				"z": 6920.9293922203524
			},
			"rotation":
			{
				"pitch": 0,
				"yaw": 3.434999055980598e-13,
				"roll": -0
			},
			"bRandomRotation": false,
			"instanceId":
			{
				"guid": "6064630270761767446",
				"typeId": "5111011",
				"name": "None"
			}
		},
		"22":
		{
			"location":
			{
				"x": -3439.4372740176041,
				"y": -14247.812128189602,
				"z": 6920.9293922203524
			},
			"rotation":
			{
				"pitch": 0,
				"yaw": 3.434999055980598e-13,
				"roll": -0
			},
			"bRandomRotation": false,
			"instanceId":
			{
				"guid": "6064630270761767446",
				"typeId": "5111011",
				"name": "None"
			}
		},
		"23":
		{
			"location":
			{
				"x": -2935.5743412061129,
				"y": -14976.767495580949,
				"z": 6920.9293922203524
			},