{
	"populationInstancesMap":
	{
		"1":
		{
			"location":
			{
				"x": 29247.429109133533,
				"y": -150337.34498437773,
				"z": -6850.1826441297744
			},
			"rotation":
			{
				"pitch": 0,
				"yaw": 0,
				"roll": -0
			},
			"bRandomRotation": false,
			"instanceId":
			{
				"guid": "6064633142464151650",
				"typeId": "5111011",
				"name": "None"
			}
		},
		"2":
		{
			"location":
			{
				"x": 30413.279764780986,
				"y": -149059.58536145929,
				"z": -7051.7184830454498
			},
			"rotation":
			{
				"pitch": 0,
				"yaw": 0,
				"roll": -0
			},
			"bRandomRotation": false,
			"instanceId":
			{
				"guid": "6064633142464151650",
				"typeId": "5111011",
				"name": "None"
			}
		},
		"3":
		{
			"location":
			{
				"x": 32340.235044024579,
				"y": -150446.20014805743,
				"z": -7069.3183454437403
			},
			"rotation":
			{
				"pitch": 0,
				"yaw": 0,
				"roll": -0
			},
			"bRandomRotation": false,
			"instanceId":
			{
				"guid": "6064633142464151650",
				"typeId": "5111011",
				"name": "None"
			}
		},
		"4":
		{
			"location":
			{
				"x": 30933.899031665664,
				"y": -153798.38814029272,
				"z": -7027.2695610268202
			},
			"rotation":
			{
				"pitch": 0,
				"yaw": 0,
				"roll": -0
			},
			"bRandomRotation": false,
			"instanceId":
			{
				"guid": "6064633142464151650",
				"typeId": "5111011",
				"name": "None"
			}
		},
		"5":
		{
			"location":
			{
				"x": 28263.173866608366,
				"y": -152490.94344131206,
				"z": -6938.9840334367582
			},
			"rotation":
			{
				"pitch": 0,
				"yaw": 0,
				"roll": -0
			},
			"bRandomRotation": false,
			"instanceId":
			{
				"guid": "6064633142464151650",
				"typeId": "5111011",
				"name": "None"
			}
		},
		"6":
		{
			"location":
			{
				"x": 30801.599555592096,
				"y": -151919.68210867106,
				"z": -6941.9280777875938
			},
			"rotation":
			{
				"pitch": 0,
				"yaw": 0,
				"roll": -0
			},
			"bRandomRotation": false,
			"instanceId":
			{
				"guid": "6064633142464151650",
				"typeId": "5111011",
				"name": "None"
			}
		},
		"7":
		{
			"location":
			{
				"x": 27291.545395133307,
				"y": -151083.20057290001,
				"z": -6816.8344913182991
			},
			"rotation":
			{
				"pitch": 0,
				"yaw": 0,
				"roll": -0
			},
			"bRandomRotation": false,
			"instanceId":
			{
				"guid": "6064633142464151650",
				"typeId": "5111011",
				"name": "None"
			}
		},
		"8":
		{
			"location":
			{
				"x": 28292.376669396024,
				"y": -148418.22223281988,
				"z": -6741.4368684026085
			},
			"rotation":
			{
				"pitch": 0,
				"yaw": 0,
				"roll": -0
			},
			"bRandomRotation": false,
			"instanceId":
			{
				"guid": "6064633142464151650",
				"typeId": "5111011",
				"name": "None"
			}
		},
		"9":
		{
			"location":
			{
				"x": 13160.067773003066,
				"y": -133986.74124487711,
				"z": -6726.5327029520668
			},
			"rotation":
			{
				"pitch": 0,
				"yaw": 0,
				"roll": -0
			},
			"bRandomRotation": false,
			"instanceId":
			{
				"guid": "6064633295610773525",
				"typeId": "5111011",
				"name": "None"
			}
		},
		"10":
		{
			"location":
			{
				"x": 16047.986785047686,
				"y": -133183.81314496486,
				"z": -5730.669682294043
			},
			"rotation":
			{
				"pitch": 0,
				"yaw": -119.99999907043617,
				"roll": 0
			},
			"bRandomRotation": false,
			"instanceId":
			{
				"guid": "6064633142474834027",
				"typeId": "5111011",
				"name": "None"
			}
		},
		"11":
		{
			"location":
			{
				"x": 17420.782682534853,
				"y": -133439.7279189087,
				"z": -5675.213414029251
			},
			"rotation":
			{
				"pitch": 0,
				"yaw": -119.99999907043617,
				"roll": 0
			},
			"bRandomRotation": false,
			"instanceId":
			{
				"guid": "6064633142474834027",
				"typeId": "5111011",
				"name": "None"
			}
		},
		"12":
		{
			"location":
			{
				"x": 12898.615753683067,
				"y": -139924.11222405545,
				"z": -5560.1828556557502
			},
			"rotation":
			{
				"pitch": 0,
				"yaw": -44.9999996514141,
				"roll": 0
			},
			"bRandomRotation": false,
			"instanceId":
			{
				"guid": "6064633142474834027",
				"typeId": "5111011",
				"name": "None"
			}
		},
		"13":
		{
			"location":
			{
				"x": 14392.365524148041,
				"y": -142189.48110247834,
				"z": -6127.7798847109207
			},
			"rotation":
			{
				"pitch": 0,
				"yaw": -14.999999883805287,
				"roll": 0
			},
			"bRandomRotation": false,
			"instanceId":
			{
				"guid": "6064633142474834027",
				"typeId": "5111011",
				"name": "None"
			}
		},
		"14":
		{
			"location":
			{
				"x": 13916.128895580285,
				"y": -144471.16802957025,
				"z": -6155.0405689641466
			},
			"rotation":
			{
				"pitch": 0,
				"yaw": -64.999999496487021,
				"roll": 0
			},
			"bRandomRotation": false,
			"instanceId":
			{
				"guid": "6064633142474834027",
				"typeId": "5111011",
				"name": "None"
			}
		},
		"15":
		{
			"location":
			{
				"x": 18766.805425052884,
				"y": -142008.71850092476,
				"z": -6008.7273131562106
			},
			"rotation":
			{
				"pitch": 0,
				"yaw": 140.0000017041998,
				"roll": 0
			},
			"bRandomRotation": false,
			"instanceId":
			{
				"guid": "6064633142474834027",
				"typeId": "5111011",
				"name": "None"
			}
		},
		"16":
		{
			"location":
			{
				"x": 18488.428670715621,
				"y": -143371.64002610708,
				"z": -5937.0398260409984
			},
			"rotation":
			{
				"pitch": 0,
				"yaw": 170.00000147180884,
				"roll": 0
			},
			"bRandomRotation": false,
			"instanceId":
			{
				"guid": "6064633142474834027",
				"typeId": "5111011",
				"name": "None"
			}
		},
		"17":
		{
			"location":
			{
				"x": 20276.461796671476,
				"y": -141614.59297269408,
				"z": -5954.6540991465645
			},
			"rotation":
			{
				"pitch": 0,
				"yaw": 85.000002130249925,
				"roll": 0
			},
			"bRandomRotation": false,
			"instanceId":
			{
				"guid": "6064633142474834027",
				"typeId": "5111011",
				"name": "None"
			}
		},
		"18":
		{
			"location":
			{
				"x": 19350.664432374022,
				"y": -136187.35953315429,
				"z": -5917.0086608484653
			},
			"rotation":
			{
				"pitch": 0,
				"yaw": -134.99999895424142,
				"roll": 0
			},
			"bRandomRotation": false,
			"instanceId":
			{
				"guid": "6064633142474834027",
				"typeId": "5111011",
				"name": "None"
			}
		},
		"19":
		{
			"location":
			{
				"x": 20826.841583361878,
				"y": -136287.64988359041,
				"z": -5954.2262888030145
			},
			"rotation":
			{
				"pitch": 0,
				"yaw": -74.999999419023879,
				"roll": 0
			},
			"bRandomRotation": false,
			"instanceId":
			{
				"guid": "6064633142474834027",
				"typeId": "5111011",
				"name": "None"
			}
		},
		"20":
		{
			"location":
			{
				"x": 13620.709428813723,
				"y": -138120.31583070604,
				"z": -6678.2649519186998
			},
			"rotation":
			{
				"pitch": 0,
				"yaw": 0,
				"roll": -0
			},
			"bRandomRotation": false,
			"instanceId":
			{
				"guid": "6064633142495543413",
				"typeId": "5111011",
				"name": "None"
			}
		},
		"21":
		{
			"location":
			{
				"x": 15874.95436410563,
				"y": -140100.52334350953,
				"z": -6894.1635291634193
			},
			"rotation":
			{
				"pitch": 0,
				"yaw": 0,
				"roll": -0
			},
			"bRandomRotation": false,
			"instanceId":
			{
				"guid": "6064633142495543413",
				"typeId": "5111011",
				"name": "None"
			}
		},
		"22":
		{
			"location":
			{
				"x": 18430.943612031675,
				"y": -138631.64630184858,
				"z": -7155.9446504963635
			},
			"rotation":
			{
				"pitch": 0,
				"yaw": 0,
				"roll": -0
			},
			"bRandomRotation": false,
			"instanceId":
			{
				"guid": "6064633142495543413",
				"typeId": "5111011",
				"name": "None"
			}
		},
		"23":
		{
			"location":
			{
				"x": 17724.794050257824,
				"y": -136356.56265178358,
				"z": -6817.2640182978466
			},
			"rotation":
			{
				"pitch": 0,
				"yaw": 0,
				"roll": -0
			},
			"bRandomRotation": false,
			"instanceId":
			{
				"guid": "6064633142495543413",
				"typeId": "5111011",
				"name": "None"
			}
		},
		"24":
		{
			"location":
			{
				"x": 15222.761165328364,