{
	"populationInstancesMap":
	{
		"1":
		{
			"location":
			{
				"x": -721323.49940600002,
				"y": 632345.09359399998,
				"z": 8616.0380440000008
			},
			"rotation":
			{
				"pitch": 0,
				"yaw": 335,
				"roll": 0
			},
			"bRandomRotation": false,
			"instanceId":
			{
				"guid": "6064630270761769286",
				"typeId": "5111011",
				"name": "None"
			}
		},
		"2":
		{
			"location":
			{
				"x": -720660,
				"y": 632039,
				"z": 8871.7495799999997
			},
			"rotation":
			{
				"pitch": 0,
				"yaw": 340,
				"roll": 0
			},
			"bRandomRotation": false,
			"instanceId":
			{
				"guid": "6064630270761769286",
				"typeId": "5111011",
				"name": "None"
			}
		},
		"3":
		{
			"location":
			{
				"x": -721172.34086800006,
				"y": 632304.27626800002,
				"z": 8664.5673540000007
			},
			"rotation":
			{
				"pitch": -86.973635000000002,
				"yaw": -268.74016699999999,
				"roll": 327.14508000000001
			},
			"bRandomRotation": false,
			"instanceId":
			{
				"guid": "6064630270761769290",
				"typeId": "5111011",
				"name": "None"
			}
		},
		"4":
		{
			"location":
			{
				"x": -721360.64342199999,
				"y": 632403.45033899997,
				"z": 8673.0284080000001
			},
			"rotation":
			{
				"pitch": -85.824646000000001,
				"yaw": -279.24686200000002,
				"roll": 351.69759299999998
			},
			"bRandomRotation": false,
			"instanceId":
			{
				"guid": "6064630270761769290",
				"typeId": "5111011",
				"name": "None"
			}
		},
		"5":
		{
			"location":
			{
				"x": -720583.21213500004,
				"y": 632027.67908300005,
				"z": 8932.7847180000008
			},
			"rotation":
			{
				"pitch": -86.973635000000002,
				"yaw": -268.74016699999999,
				"roll": 327.14508000000001
			},
			"bRandomRotation": false,
			"instanceId":
			{
				"guid": "6064630270761769290",
				"typeId": "5111011",
				"name": "None"
			}
		},
		"6":
		{
			"location":
			{
				"x": -720756.55641099997,
				"y": 632134.14884000004,
				"z": 8938.6138260000007
			},
			"rotation":
			{
				"pitch": -86.973635000000002,
				"yaw": -268.74016699999999,
				"roll": 327.14508000000001
			},
			"bRandomRotation": false,
			"instanceId":
			{
				"guid": "6064630270761769290",
				"typeId": "5111011",
				"name": "None"
			}
		},
		"7":
		{
			"location":
			{
				"x": -718965.21996999998,
				"y": 635553.196107,
				"z": 8896.1754369999999
			},
			"rotation":
			{
				"pitch": -85.265893000000005,
				"yaw": -70.656501000000006,
				"roll": -40.051364999999997
			},
			"bRandomRotation": false,
			"instanceId":
			{
				"guid": "6064630270761769290",
				"typeId": "5111011",
				"name": "None"
			}
		},
		"8":
		{
			"location":
			{
				"x": -719163.53971899999,
				"y": 635627.78483500006,
				"z": 8884.9070780000002
			},
			"rotation":
			{
				"pitch": -85.265893000000005,
				"yaw": -70.656501000000006,
				"roll": -40.051364999999997
			},
			"bRandomRotation": false,
			"instanceId":
			{
				"guid": "6064630270761769290",
				"typeId": "5111011",
				"name": "None"
			}
		},
		"9":
		{
			"location":
			{
				"x": -719607.42981400003,
				"y": 635810.89192099997,
				"z": 8740.7779429999991
			},
			"rotation":
			{
				"pitch": -86.918514999999999,
				"yaw": -11.685997,
				"roll": -98.912755000000004
			},
			"bRandomRotation": false,
			"instanceId":
			{
				"guid": "6064630270761769290",
				"typeId": "5111011",
				"name": "None"
			}
		},
		"10":
		{
			"location":
			{
				"x": -719734.39275899995,
				"y": 635942.07292900002,
				"z": 8732.6543020000008
			},
			"rotation":
			{
				"pitch": -86.918514999999999,
				"yaw": -11.685997,
				"roll": -104.704166
			},
			"bRandomRotation": false,
			"instanceId":
			{
				"guid": "6064630270761769290",
				"typeId": "5111011",
				"name": "None"
			}
		}
	},
	"filterOverrideId":
	{
		"guid": "0",
		"typeId": "5111003",
		"name": "None"
	},
	"populationAreaId":
	{
		"guid": "0",
		"typeId": "5171420",
		"name": "None"
	},
	"timedDespawnId":
	{
		"guid": "0",
		"typeId": "5882300",
		"name": "None"
	},
	"overrideActivationRange": 0,
	"gameplayTags":
	{
		"gameplayTags": [],
		"parentTags": []
	},
	"alignmentOverridesIds": [],
	"guid": "6064630270761769285",
	"name": "StoryArcSpawns_0009a_Interacts_P1",
	"typeId": "5111005"
}