{
	"populationInstancesMap":
	{
		"1":
		{
			"location":
			{
				"x": 2514.3292486614082,
				"y": -1005.6447706539184,
				"z": -191.16545066378876
			},
			"rotation":
			{
				"pitch": 0,
				"yaw": 0,
				"roll": -0
			},
			"bRandomRotation": true,
			"instanceId":
			{
				"guid": "6064633373906960398",
				"typeId": "5111011",
				"name": "None"
			}
		},
		"2":
		{
			"location":
			{
				"x": 1029.9202348217368,
				"y": 591.00851486827014,
				"z": 8.1284976247470695
			},
			"rotation":
			{
				"pitch": 0,
				"yaw": 0,
				"roll": -0
			},
			"bRandomRotation": true,
			"instanceId":
			{
				"guid": "6064633373906960398",
				"typeId": "5111011",
				"name": "None"
			}
		},
		"3":
		{
			"location":
			{
				"x": 767.25154194631614,
				"y": -1806.0120260536787,
				"z": -78.609652048095086
			},
			"rotation":
			{
				"pitch": 0,
				"yaw": 0,
				"roll": -0
			},
			"bRandomRotation": true,
			"instanceId":
			{
				"guid": "6064633373906960398",
				"typeId": "5111011",
				"name": "None"
			}
		},
		"4":
		{
			"location":
			{
				"x": -478.12586700799875,
				"y": -809.73831267707283,
				"z": 67.093274757990912
			},
			"rotation":
			{
				"pitch": 0,
				"yaw": 0,
				"roll": -0
			},
			"bRandomRotation": true,
			"instanceId":
			{
				"guid": "6064633373906960398",
				"typeId": "5111011",
				"name": "None"
			}
		},
		"5":
		{
			"location":
			{
				"x": -1492.4115031359252,
				"y": -1800.6448897192604,
				"z": -72.86828120616974
			},
			"rotation":
			{
				"pitch": 0,
				"yaw": 0,
				"roll": -0
			},
			"bRandomRotation": true,
			"instanceId":
			{
				"guid": "6064633373906960398",
				"typeId": "5111011",
				"name": "None"
			}
		},
		"6":
		{
			"location":
			{
				"x": -1579.8787956305314,
				"y": 665.14856978872558,
				"z": 107.68421678603409
			},
			"rotation":
			{
				"pitch": 0,
				"yaw": 0,
				"roll": -0
			},
			"bRandomRotation": true,
			"instanceId":
			{
				"guid": "6064633373906960398",
				"typeId": "5111011",
				"name": "None"
			}
		},
		"7":
		{
			"location":
			{
				"x": 599.68922405294143,
				"y": 2643.7881555426284,
				"z": -259.76313846742323
			},
			"rotation":
			{
				"pitch": 0,
				"yaw": 0,
				"roll": -0
			},
			"bRandomRotation": true,
			"instanceId":
			{
				"guid": "6064633373906960398",
				"typeId": "5111011",
				"name": "None"
			}
		},
		"8":
		{
			"location":
			{
				"x": 4807.7665362393018,
				"y": -7890.4683026113198,
				"z": -796.65062296875294
			},
			"rotation":
			{
				"pitch": 0,
				"yaw": 0,
				"roll": -0
			},
			"bRandomRotation": true,
			"instanceId":
			{
				"guid": "6064633373906960398",
				"typeId": "5111011",
				"name": "None"
			}
		},
		"9":
		{
			"location":
			{
				"x": 4115.7468626948539,
				"y": -6253.2725843558437,
				"z": -639.77341726660416
			},
			"rotation":
			{
				"pitch": 0,
				"yaw": 0,
				"roll": -0
			},
			"bRandomRotation": true,
			"instanceId":
			{
				"guid": "6064633373906960398",
				"typeId": "5111011",
				"name": "None"
			}
		},
		"10":
		{
			"location":
			{
				"x": 5646.5339585652109,
				"y": -6454.4540480766445,
				"z": -753.53991315628809
			},
			"rotation":
			{
				"pitch": 0,
				"yaw": 0,
				"roll": -0
			},
			"bRandomRotation": true,
			"instanceId":
			{
				"guid": "6064633373906960398",
				"typeId": "5111011",
				"name": "None"
			}
		},
		"11":
		{
			"location":
			{
				"x": 5790.8586186734028,
				"y": -13346.564200190071,
				"z": -1460.4734438798459
			},
			"rotation":
			{
				"pitch": 0,
				"yaw": 0,
				"roll": -0
			},
			"bRandomRotation": true,
			"instanceId":
			{
				"guid": "6064633373906960398",
				"typeId": "5111011",
				"name": "None"
			}
		},
		"12":
		{
			"location":
			{
				"x": 5147.920164512936,
				"y": -13310.188477815362,
				"z": -1489.9473392621112
			},
			"rotation":
			{
				"pitch": 0,
				"yaw": 0,
				"roll": -0
			},
			"bRandomRotation": true,
			"instanceId":
			{
				"guid": "6064633373906960398",
				"typeId": "5111011",
				"name": "None"
			}
		},
		"13":
		{
			"location":
			{
				"x": -7613.1924758870155,
				"y": -143.61999767954694,
				"z": -1238.2653845201758
			},
			"rotation":
			{
				"pitch": 0,
				"yaw": 0,
				"roll": -0
			},
			"bRandomRotation": true,
			"instanceId":
			{
				"guid": "6064633373906960398",
				"typeId": "5111011",
				"name": "None"
			}
		},
		"14":
		{
			"location":
			{
				"x": -7994.2649311986752,
				"y": 825.1556498434511,
				"z": -1276.0869358986829
			},
			"rotation":
			{
				"pitch": 0,
				"yaw": 0,
				"roll": -0
			},
			"bRandomRotation": true,
			"instanceId":
			{
				"guid": "6064633373906960398",
				"typeId": "5111011",
				"name": "None"
			}
		},
		"15":
		{
			"location":
			{
				"x": -8659.1064599424135,
				"y": 16259.344861324644,
				"z": -1521.2097325340601
			},
			"rotation":
			{
				"pitch": 0,
				"yaw": 0,
				"roll": -0
			},
			"bRandomRotation": true,
			"instanceId":
			{
				"guid": "6064633373906960398",
				"typeId": "5111011",
				"name": "None"
			}
		},
		"16":
		{
			"location":
			{
				"x": -6231.1486346710008,
				"y": 14612.102301507781,
				"z": -1434.2140166718918
			},
			"rotation":
			{
				"pitch": 0,
				"yaw": 99.999999225363382,
				"roll": 0
			},
			"bRandomRotation": true,
			"instanceId":
			{
				"guid": "6064633373906960398",
				"typeId": "5111011",
				"name": "None"
			}
		}
	},
	"filterOverrideId":
	{
		"guid": "0",
		"typeId": "5111003",
		"name": "None"
	},
	"populationAreaId":
	{
		"guid": "0",
		"typeId": "5171420",
		"name": "None"
	},
	"timedDespawnId":
	{
		"guid": "0",
		"typeId": "5882300",
		"name": "None"
	},
	"overrideActivationRange": 0,
	"gameplayTags":
	{
		"gameplayTags": [],
		"parentTags": []
	},
	"alignmentOverridesIds": [],
	"guid": "6064633373701046274",
	"name": "EVT_TUR_0005_SnatchedSea_Stage_SpawnPirates_Trigger(1)_PopulationSet(0)",
	"typeId": "5111005"
}