{
	"populationInstancesMap":
	{
		"1":
		{
			"location":
			{
				"x": 11585.034672604628,
				"y": 9432.9256599327255,
				"z": 1623.2092071374761
			},
			"rotation":
			{
				"pitch": 0,
				"yaw": 0,
				"roll": -0
			},
			"bRandomRotation": false,
			"instanceId":
			{
				"guid": "6064630270761784306",
				"typeId": "5111011",
				"name": "None"
			}
		},
		"2":
		{
			"location":
			{
				"x": 11810.984173732248,
				"y": 9131.06686263757,
				"z": 1623.2092326402114
			},
			"rotation":
			{
				"pitch": 0,
				"yaw": 74.999999419022686,
				"roll": -0
			},
			"bRandomRotation": false,
			"instanceId":
			{
				"guid": "6064630270761784306",
				"typeId": "5111011",
				"name": "None"
			}
		},
		"3":
		{
			"location":
			{
				"x": 14567.095322270159,
				"y": 10635.976849726694,
				"z": 1295.0166184767972
			},
			"rotation":
			{
				"pitch": 0,
				"yaw": 0,
				"roll": -0
			},
			"bRandomRotation": false,
			"instanceId":
			{
				"guid": "6064630270761783804",
				"typeId": "5111011",
				"name": "None"
			}
		},
		"4":
		{
			"location":
			{
				"x": 14778.107284146679,
				"y": 10684.127667577886,
				"z": 1295.6278915732682
			},
			"rotation":
			{
				"pitch": -0,
				"yaw": -164.99999872184969,
				"roll": 0
			},
			"bRandomRotation": false,
			"instanceId":
			{
				"guid": "6064630270761783807",
				"typeId": "5111011",
				"name": "None"
			}
		},
		"5":
		{
			"location":
			{
				"x": 14744.197978608399,
				"y": 10468.925612033709,
				"z": 1295.0787473426358
			},
			"rotation":
			{
				"pitch": 0,
				"yaw": 119.99999907043615,
				"roll": -0
			},
			"bRandomRotation": false,
			"instanceId":
			{
				"guid": "6064630270761783807",
				"typeId": "5111011",
				"name": "None"
			}
		},
		"6":
		{
			"location":
			{
				"x": 13007.173312015508,
				"y": 10178.921663891575,
				"z": 1490.1622488337614
			},
			"rotation":
			{
				"pitch": 0,
				"yaw": 120.00000185912761,
				"roll": -0
			},
			"bRandomRotation": false,
			"instanceId":
			{
				"guid": "6064630270761785208",
				"typeId": "5111011",
				"name": "None"
			}
		},
		"7":
		{
			"location":
			{
				"x": 12707.758935951004,
				"y": 9648.2274858944947,
				"z": 1474.393005885694
			},
			"rotation":
			{
				"pitch": 0,
				"yaw": 30.000002556300725,
				"roll": -0
			},
			"bRandomRotation": false,
			"instanceId":
			{
				"guid": "6064630270761785208",
				"typeId": "5111011",
				"name": "None"
			}
		},
		"8":
		{
			"location":
			{
				"x": 11016.779138480282,
				"y": 8422.9258326361414,
				"z": 1771.3867002144264
			},
			"rotation":
			{
				"pitch": -0,
				"yaw": -139.99999891550868,
				"roll": 0
			},
			"bRandomRotation": false,
			"instanceId":
			{
				"guid": "6064630270761782250",
				"typeId": "5111011",
				"name": "None"
			}
		},
		"9":
		{
			"location":
			{
				"x": 12747.654463136525,
				"y": 10051.176612126545,
				"z": 1490.8189888984361
			},
			"rotation":
			{
				"pitch": 0,
				"yaw": 104.99999918663174,
				"roll": 0
			},
			"bRandomRotation": false,
			"instanceId":
			{
				"guid": "6064630270761782263",
				"typeId": "5111011",
				"name": "None"
			}
		},
		"10":
		{
			"location":
			{
				"x": 18435.04660245308,
				"y": 8424.2809697161665,
				"z": 857.58399150744901
			},
			"rotation":
			{
				"pitch": 0,
				"yaw": 94.99999926409545,
				"roll": -0
			},
			"bRandomRotation": false,
			"instanceId":
			{
				"guid": "6064630270761782263",
				"typeId": "5111011",
				"name": "None"
			}
		},
		"11":
		{
			"location":
			{
				"x": 13082.297541627695,
				"y": 10803.00220458661,
				"z": 1364.7692434921648
			},
			"rotation":
			{
				"pitch": 0,
				"yaw": -55.000002362641723,
				"roll": 0
			},
			"bRandomRotation": false,
			"instanceId":
			{
				"guid": "6064630270761785217",
				"typeId": "5111011",
				"name": "None"
			}
		},
		"12":
		{
			"location":
			{
				"x": 14620.785020018478,
				"y": 10430.803271723458,
				"z": 1295.087183319315
			},
			"rotation":
			{
				"pitch": 0,
				"yaw": 69.999999457754399,
				"roll": -0
			},
			"bRandomRotation": false,
			"instanceId":
			{
				"guid": "6064630270761782263",
				"typeId": "5111011",
				"name": "None"
			}
		},
		"13":
		{
			"location":
			{
				"x": 13670.884552842552,
				"y": 10903.979035785156,
				"z": 1312.9756665894865
			},
			"rotation":
			{
				"pitch": 0,
				"yaw": 149.999998838045,
				"roll": -0
			},
			"bRandomRotation": false,
			"instanceId":
			{
				"guid": "6064630270761782246",
				"typeId": "5111011",
				"name": "None"
			}
		},
		"14":
		{
			"location":
			{
				"x": 13353.293742422804,
				"y": 2928.1462110554248,
				"z": 1558.2871720160763
			},
			"rotation":
			{
				"pitch": 0,
				"yaw": -139.99999891550868,
				"roll": 0
			},
			"bRandomRotation": false,
			"instanceId":
			{
				"guid": "6064630270761782266",
				"typeId": "5111011",
				"name": "None"
			}
		},
		"15":
		{
			"location":
			{
				"x": 11233.453934568928,
				"y": 5031.8159401978983,
				"z": 1784.1600881834565
			},
			"rotation":
			{
				"pitch": -0,
				"yaw": -29.999999767609047,
				"roll": 0
			},
			"bRandomRotation": false,
			"instanceId":
			{
				"guid": "6064630270761784814",
				"typeId": "5111011",
				"name": "None"
			}
		},
		"16":
		{
			"location":
			{
				"x": 9353.4539349999995,
				"y": 9171.8159400000004,
				"z": 2604.1600880000001
			},
			"rotation":
			{
				"pitch": 0,
				"yaw": 129.99999899297211,
				"roll": 0
			},
			"bRandomRotation": false,
			"instanceId":
			{
				"guid": "6064630270761784301",
				"typeId": "5111011",
				"name": "None"
			}
		}
	},
	"filterOverrideId":
	{
		"guid": "6064631833931939842",
		"typeId": "5111003",
		"name": "None"
	},
	"populationAreaId":
	{
		"guid": "0",
		"typeId": "5171420",
		"name": "None"
	},
	"timedDespawnId":
	{
		"guid": "0",
		"typeId": "5882300",
		"name": "None"
	},
	"overrideActivationRange": 0,
	"gameplayTags":
	{
		"gameplayTags": [],
		"parentTags": []
	},
	"alignmentOverridesIds": [],
	"guid": "6064630270761783799",
	"name": "Node_Flat_A_L3_Farms",
	"typeId": "5111005"
}