{
	"populationInstancesMap":
	{
		"1":
		{
			"location":
			{
				"x": 1736.0145417862805,
				"y": -13999.163913861965,
				"z": 8599.8904175860171
			},
			"rotation":
			{
				"pitch": 0,
				"yaw": 4.4527765540489247e-14,
				"roll": -0
			},
			"bRandomRotation": false,
			"instanceId":
			{
				"guid": "6064630270761764717",
				"typeId": "5111011",
				"name": "None"
			}
		},
		"2":
		{
			"location":
			{
				"x": 1877.6856889548944,
				"y": -13730.062614318682,
				"z": 8599.8904175860171
			},
			"rotation":
			{
				"pitch": 0,
				"yaw": 8.2694421718051455e-14,
				"roll": -0
			},
			"bRandomRotation": false,
			"instanceId":
			{
				"guid": "6064630270761763393",
				"typeId": "5111011",
				"name": "None"
			}
		},
		"3":
		{
			"location":
			{
				"x": 753.04669619502965,
				"y": -13501.687590251677,
				"z": 8599.8904175860171
			},
			"rotation":
			{
				"pitch": 0,
				"yaw": 1.2086107789561366e-13,
				"roll": -0
			},
			"bRandomRotation": false,
			"instanceId":
			{
				"guid": "6064630270761764717",
				"typeId": "5111011",
				"name": "None"
			}
		},
		"4":
		{
			"location":
			{
				"x": 1397.0472156271571,
				"y": -12325.65046032297,
				"z": 8599.8904175860171
			},
			"rotation":
			{
				"pitch": 0,
				"yaw": 1.2086107789561366e-13,
				"roll": -0
			},
			"bRandomRotation": false,
			"instanceId":
			{
				"guid": "6064630270761764506",
				"typeId": "5111011",
				"name": "None"
			}
		},
		"5":
		{
			"location":
			{
				"x": 2253.2351052308222,
				"y": -12364.922558508464,
				"z": 8599.8904175860171
			},
			"rotation":
			{
				"pitch": 0,
				"yaw": 1.2086107789561366e-13,
				"roll": -0
			},
			"bRandomRotation": false,
			"instanceId":
			{
				"guid": "6064630270761764717",
				"typeId": "5111011",
				"name": "None"
			}
		},
		"6":
		{
			"location":
			{
				"x": 2276.6091101029888,
				"y": -11211.84966093488,
				"z": 8599.8904175860171
			},
			"rotation":
			{
				"pitch": 0,
				"yaw": 1.4630551534732179e-13,
				"roll": -0
			},
			"bRandomRotation": false,
			"instanceId":
			{
				"guid": "6064630270761764506",
				"typeId": "5111011",
				"name": "None"
			}
		},
		"7":
		{
			"location":
			{
				"x": 1020.4721458981512,
				"y": -10980.596528831171,
				"z": 8599.8904175860171
			},
			"rotation":
			{
				"pitch": 0,
				"yaw": 1.9719439025073808e-13,
				"roll": -0
			},
			"bRandomRotation": false,
			"instanceId":
			{
				"guid": "6064630270761764717",
				"typeId": "5111011",
				"name": "None"
			}
		},
		"8":
		{
			"location":
			{
				"x": -543.04613516421523,
				"y": -12319.826356217149,
				"z": 8599.8904175860171
			},
			"rotation":
			{
				"pitch": 0,
				"yaw": 2.3536104642830027e-13,
				"roll": -0
			},
			"bRandomRotation": false,
			"instanceId":
			{
				"guid": "6064630270761764717",
				"typeId": "5111011",
				"name": "None"
			}
		},
		"9":
		{
			"location":
			{
				"x": -448.87889386957977,
				"y": -12032.194570260239,
				"z": 8599.8904175860171
			},
			"rotation":
			{
				"pitch": 0,
				"yaw": 2.6716659324293542e-13,
				"roll": -0
			},
			"bRandomRotation": false,
			"instanceId":
			{
				"guid": "6064630270761764506",
				"typeId": "5111011",
				"name": "None"
			}
		},
		"10":
		{
			"location":
			{
				"x": -84.271096609416418,
				"y": -11132.221453272155,
				"z": 8599.8904175860171
			},
			"rotation":
			{
				"pitch": 0,
				"yaw": 3.1169435878342475e-13,
				"roll": -0
			},
			"bRandomRotation": false,
			"instanceId":
			{
				"guid": "6064630270761763393",
				"typeId": "5111011",
				"name": "None"
			}
		},
		"11":
		{
			"location":
			{
				"x": -598.44949443696532,
				"y": -10148.374482648214,
				"z": 8599.8904175860171
			},
			"rotation":
			{
				"pitch": 0,
				"yaw": 3.434999055980598e-13,
				"roll": -0
			},
			"bRandomRotation": false,
			"instanceId":
			{
				"guid": "6064630270761764717",
				"typeId": "5111011",
				"name": "None"
			}
		},
		"12":
		{
			"location":
			{
				"x": -73.394348658504896,
				"y": -9144.6871026420267,
				"z": 8599.8904175860171
			},
			"rotation":
			{
				"pitch": 0,
				"yaw": 3.434999055980598e-13,
				"roll": -0
			},
			"bRandomRotation": false,
			"instanceId":
			{
				"guid": "6064630270761764506",
				"typeId": "5111011",
				"name": "None"
			}
		},
		"13":
		{
			"location":
			{
				"x": 944.7556986908894,
				"y": -9030.1326812225161,
				"z": 8599.8904175860171
			},
			"rotation":
			{
				"pitch": 0,
				"yaw": 3.434999055980598e-13,
				"roll": -0
			},
			"bRandomRotation": false,
			"instanceId":
			{
				"guid": "6064630270761764717",
				"typeId": "5111011",
				"name": "None"
			}
		},
		"14":
		{
			"location":
			{
				"x": 998.5573003141908,
				"y": -10065.592205468565,
				"z": 8599.8904175860171
			},
			"rotation":
			{
				"pitch": 0,
				"yaw": 3.434999055980598e-13,
				"roll": -0
			},
			"bRandomRotation": false,
			"instanceId":
			{
				"guid": "6064630270761764717",
				"typeId": "5111011",
				"name": "None"
			}
		},
		"15":
		{
			"location":
			{
				"x": 2458.1343547424767,
				"y": -10039.027541529154,
				"z": 8599.8904175860171
			},
			"rotation":
			{
				"pitch": 0,
				"yaw": 3.434999055980598e-13,
				"roll": -0
			},
			"bRandomRotation": false,
			"instanceId":
			{
				"guid": "6064630270761763393",
				"typeId": "5111011",
				"name": "None"
			}
		},
		"16":
		{
			"location":
			{
				"x": 1316.9283209614223,
				"y": -8375.1958338409895,
				"z": 8599.8904175860171
			},
			"rotation":
			{
				"pitch": 0,
				"yaw": 3.434999055980598e-13,
				"roll": -0
			},
			"bRandomRotation": false,
			"instanceId":
			{
				"guid": "6064630270761763393",
				"typeId": "5111011",
				"name": "None"
			}
		},
		"17":
		{
			"location":
			{
				"x": 1263.8730852731969,
				"y": -7482.8115842506522,
				"z": 8599.8904175860171
			},
			"rotation":
			{
				"pitch": 0,
				"yaw": 3.434999055980598e-13,
				"roll": -0
			},
			"bRandomRotation": false,
			"instanceId":
			{
				"guid": "6064630270761764506",
				"typeId": "5111011",
				"name": "None"
			}
		},
		"18":
		{
			"location":
			{
				"x": 218.61356827104464,
				"y": -7380.1302307813894,
				"z": 8599.8904175860171
			},
			"rotation":
			{
				"pitch": 0,
				"yaw": 3.434999055980598e-13,
				"roll": -0
			},
			"bRandomRotation": false,
			"instanceId":
			{
				"guid": "6064630270761764717",
				"typeId": "5111011",
				"name": "None"
			}
		}
	},
	"filterOverrideId":
	{
		"guid": "0",
		"typeId": "5111003",
		"name": "None"
	},
	"populationAreaId":
	{
		"guid": "0",
		"typeId": "5171420",
		"name": "None"
	},
	"timedDespawnId":
	{
		"guid": "0",
		"typeId": "5882300",
		"name": "None"
	},
	"overrideActivationRange": 0,
	"gameplayTags":
	{
		"gameplayTags": [],
		"parentTags": []
	},
	"alignmentOverridesIds": [],
	"guid": "6064630270761764699",
	"name": "SSR_BasePop_RoyalChambers_F2",
	"typeId": "5111005"
}