{
	"populationInstancesMap":
	{
		"1":
		{
			"location":
			{
				"x": -1294.8039837441174,
				"y": 949.69009203003952,
				"z": 4.1279547118447226
			},
			"rotation":
			{
				"pitch": 0,
				"yaw": 58.301347584912051,
				"roll": 0
			},
			"bRandomRotation": false,
			"instanceId":
			{
				"guid": "6064631442311741478",
				"typeId": "5111011",
				"name": "None"
			}
		},
		"2":
		{
			"location":
			{
				"x": -603.95635499706259,
				"y": 981.79431571194436,
				"z": 42.105661979969227
			},
			"rotation":
			{
				"pitch": -0,
				"yaw": -110.70105673038701,
				"roll": 0
			},
			"bRandomRotation": false,
			"instanceId":
			{
				"guid": "6064631442311741478",
				"typeId": "5111011",
				"name": "None"
			}
		},
		"3":
		{
			"location":
			{
				"x": 612.02463135455037,
				"y": -771.59155791450758,
				"z": 4.1279416167035379
			},
			"rotation":
			{
				"pitch": -0,
				"yaw": -107.80101458938098,
				"roll": 0
			},
			"bRandomRotation": false,
			"instanceId":
			{
				"guid": "6064631442311741478",
				"typeId": "5111011",
				"name": "None"
			}
		},
		"4":
		{
			"location":
			{
				"x": 67.420906926912721,
				"y": 1514.4526465534,
				"z": 43.045772453409882
			},
			"rotation":
			{
				"pitch": 0,
				"yaw": -108.63894809744677,
				"roll": 0
			},
			"bRandomRotation": false,
			"instanceId":
			{
				"guid": "6064631442311741478",
				"typeId": "5111011",
				"name": "None"
			}
		},
		"5":
		{
			"location":
			{
				"x": 1650.4908489322988,
				"y": -1647.0457434665877,
				"z": 94.09563258369235
			},
			"rotation":
			{
				"pitch": -0,
				"yaw": -35.506122107272759,
				"roll": 0
			},
			"bRandomRotation": false,
			"instanceId":
			{
				"guid": "6064631442311741478",
				"typeId": "5111011",
				"name": "None"
			}
		},
		"6":
		{
			"location":
			{
				"x": -918.75446536624804,
				"y": 1257.4269935377524,
				"z": 52.49847726497137
			},
			"rotation":
			{
				"pitch": 0,
				"yaw": -108.63894809744671,
				"roll": 0
			},
			"bRandomRotation": false,
			"instanceId":
			{
				"guid": "6064631442311741478",
				"typeId": "5111011",
				"name": "None"
			}
		},
		"7":
		{
			"location":
			{
				"x": 1746.7914453589474,
				"y": 1368.740854042524,
				"z": -16.607324133929069
			},
			"rotation":
			{
				"pitch": 0,
				"yaw": 0,
				"roll": 0
			},
			"bRandomRotation": false,
			"instanceId":
			{
				"guid": "6064632038658277397",
				"typeId": "5111011",
				"name": "None"
			}
		}
	},
	"filterOverrideId":
	{
		"guid": "0",
		"typeId": "5111003",
		"name": "None"
	},
	"populationAreaId":
	{
		"guid": "0",
		"typeId": "5171420",
		"name": "None"
	},
	"timedDespawnId":
	{
		"guid": "0",
		"typeId": "5882300",
		"name": "None"
	},
	"overrideActivationRange": 0,
	"gameplayTags":
	{
		"gameplayTags": [],
		"parentTags": []
	},
	"alignmentOverridesIds": [],
	"guid": "6064631482794246146",
	"name": "PopulationSet_ProgE_0008_Wreckless_Targets",
	"typeId": "5111005"
}