{
	"populationInstancesMap":
	{
		"1":
		{
			"location":
			{
				"x": 14643.313554194989,
				"y": -682.92784925049637,
				"z": 966.46275671048352
			},
			"rotation":
			{
				"pitch": 0,
				"yaw": 0,
				"roll": -0
			},
			"bRandomRotation": false,
			"instanceId":
			{
				"guid": "6064632552169537536",
				"typeId": "5111011",
				"name": "None"
			}
		},
		"2":
		{
			"location":
			{
				"x": 13778.006564700045,
				"y": 1914.8961312848842,
				"z": 688.33125236472188
			},
			"rotation":
			{
				"pitch": 0,
				"yaw": 0,
				"roll": -0
			},
			"bRandomRotation": false,
			"instanceId":
			{
				"guid": "6064632552169537536",
				"typeId": "5111011",
				"name": "None"
			}
		},
		"3":
		{
			"location":
			{
				"x": 14638.958354118746,
				"y": 4433.9415474919369,
				"z": 145.59446158044375
			},
			"rotation":
			{
				"pitch": 0,
				"yaw": 0,
				"roll": -0
			},
			"bRandomRotation": false,
			"instanceId":
			{
				"guid": "6064632552169537536",
				"typeId": "5111011",
				"name": "None"
			}
		},
		"4":
		{
			"location":
			{
				"x": 7834.1900237047812,
				"y": 10866.257183773327,
				"z": 600.96865734042331
			},
			"rotation":
			{
				"pitch": 0,
				"yaw": 0,
				"roll": -0
			},
			"bRandomRotation": false,
			"instanceId":
			{
				"guid": "6064632552169537536",
				"typeId": "5111011",
				"name": "None"
			}
		},
		"5":
		{
			"location":
			{
				"x": 6170.759716348839,
				"y": 13372.84290812409,
				"z": 643.12322737694012
			},
			"rotation":
			{
				"pitch": 0,
				"yaw": 0,
				"roll": -0
			},
			"bRandomRotation": false,
			"instanceId":
			{
				"guid": "6064632552169537536",
				"typeId": "5111011",
				"name": "None"
			}
		},
		"6":
		{
			"location":
			{
				"x": 10797.999198964797,
				"y": 12620.38165786711,
				"z": 98.768265368307766
			},
			"rotation":
			{
				"pitch": 0,
				"yaw": 0,
				"roll": -0
			},
			"bRandomRotation": false,
			"instanceId":
			{
				"guid": "6064632552169537536",
				"typeId": "5111011",
				"name": "None"
			}
		},
		"7":
		{
			"location":
			{
				"x": -928.09787778346799,
				"y": 13730.518505955115,
				"z": 1395.4667823779455
			},
			"rotation":
			{
				"pitch": 0,
				"yaw": 0,
				"roll": -0
			},
			"bRandomRotation": false,
			"instanceId":
			{
				"guid": "6064632552169537536",
				"typeId": "5111011",
				"name": "None"
			}
		},
		"8":
		{
			"location":
			{
				"x": -3405.8425260611111,
				"y": 10254.869566143723,
				"z": 1170.0958443210839
			},
			"rotation":
			{
				"pitch": 0,
				"yaw": 0,
				"roll": -0
			},
			"bRandomRotation": false,
			"instanceId":
			{
				"guid": "6064632552169537536",
				"typeId": "5111011",
				"name": "None"
			}
		},
		"9":
		{
			"location":
			{
				"x": -6655.9152370411903,
				"y": 11600.078416859498,
				"z": 1188.4646843565952
			},
			"rotation":
			{
				"pitch": 0,
				"yaw": 0,
				"roll": -0
			},
			"bRandomRotation": false,
			"instanceId":
			{
				"guid": "6064632552169537536",
				"typeId": "5111011",
				"name": "None"
			}
		},
		"10":
		{
			"location":
			{
				"x": -8515.3027356053935,
				"y": 1257.6010743929073,
				"z": 1263.8233203960299
			},
			"rotation":
			{
				"pitch": 0,
				"yaw": 0,
				"roll": -0
			},
			"bRandomRotation": false,
			"instanceId":
			{
				"guid": "6064632552169537536",
				"typeId": "5111011",
				"name": "None"
			}
		},
		"11":
		{
			"location":
			{
				"x": -9653.8085546025541,
				"y": -426.56166516360827,
				"z": 823.97509588033245
			},
			"rotation":
			{
				"pitch": 0,
				"yaw": 0,
				"roll": -0
			},
			"bRandomRotation": false,
			"instanceId":
			{
				"guid": "6064632552169537536",
				"typeId": "5111011",
				"name": "None"
			}
		},
		"12":
		{
			"location":
			{
				"x": -10641.582985917805,
				"y": 1990.4457094831159,
				"z": 1218.6973939024247
			},
			"rotation":
			{
				"pitch": 0,
				"yaw": 0,
				"roll": -0
			},
			"bRandomRotation": false,
			"instanceId":
			{
				"guid": "6064632552169537536",
				"typeId": "5111011",
				"name": "None"
			}
		},
		"13":
		{
			"location":
			{
				"x": -4429.3441583956592,
				"y": -6811.1644061434781,
				"z": 1138.4354749268168
			},
			"rotation":
			{
				"pitch": 0,
				"yaw": 0,
				"roll": -0
			},
			"bRandomRotation": false,
			"instanceId":
			{
				"guid": "6064632552169537536",
				"typeId": "5111011",
				"name": "None"
			}
		},
		"14":
		{
			"location":
			{
				"x": -2341.9579414328327,
				"y": -8471.2085885794368,
				"z": 1147.4850908367189
			},
			"rotation":
			{
				"pitch": 0,
				"yaw": 0,
				"roll": -0
			},
			"bRandomRotation": false,
			"instanceId":
			{
				"guid": "6064632552169537536",
				"typeId": "5111011",
				"name": "None"
			}
		},
		"15":
		{
			"location":
			{
				"x": -5134.9659675410949,
				"y": -8686.9955499953358,
				"z": 1111.5253997929103
			},
			"rotation":
			{
				"pitch": 0,
				"yaw": 0,
				"roll": -0
			},
			"bRandomRotation": false,
			"instanceId":
			{
				"guid": "6064632552169537536",
				"typeId": "5111011",
				"name": "None"
			}
		},
		"16":
		{
			"location":
			{
				"x": 6772.7839703357313,
				"y": -7308.9504782725126,
				"z": 908.85660503196414
			},
			"rotation":
			{
				"pitch": 0,
				"yaw": 0,
				"roll": -0
			},
			"bRandomRotation": false,
			"instanceId":
			{
				"guid": "6064632552169537536",
				"typeId": "5111011",
				"name": "None"
			}
		},
		"17":
		{
			"location":
			{
				"x": 9425.0775987608358,
				"y": -6002.3615483075846,
				"z": 1376.8927788092824
			},
			"rotation":
			{
				"pitch": 0,
				"yaw": 0,
				"roll": -0
			},
			"bRandomRotation": false,
			"instanceId":
			{
				"guid": "6064632552169537536",
				"typeId": "5111011",
				"name": "None"
			}
		},
		"18":
		{
			"location":
			{
				"x": 9211.5415843033697,
				"y": -7383.1660469248891,
				"z": 1104.4211344796859
			},
			"rotation":
			{
				"pitch": 0,
				"yaw": 0,
				"roll": -0
			},
			"bRandomRotation": false,
			"instanceId":
			{
				"guid": "6064632552169537536",
				"typeId": "5111011",
				"name": "None"
			}
		},
		"19":
		{
			"location":
			{
				"x": 26.844122966867872,
				"y": -10635.043262280989,
				"z": 2278.8368007358767
			},
			"rotation":
			{
				"pitch": 0,
				"yaw": 0,
				"roll": -0
			},
			"bRandomRotation": false,
			"instanceId":
			{
				"guid": "6064632552205451283",
				"typeId": "5111011",
				"name": "None"
			}
		},
		"20":
		{
			"location":
			{
				"x": -11659.035173842916,
				"y": 4320.9449837194989,
				"z": 1451.719547626446
			},
			"rotation":
			{
				"pitch": 0,
				"yaw": 0,
				"roll": -0
			},
			"bRandomRotation": false,
			"instanceId":
			{
				"guid": "6064632552235335701",
				"typeId": "5111011",
				"name": "None"
			}
		},
		"21":
		{
			"location":
			{
				"x": -8916.4119013621239,
				"y": 8755.2123173013097,
				"z": 1645.8924987647461
			},
			"rotation":
			{
				"pitch": 0,
				"yaw": 0,
				"roll": -0
			},
			"bRandomRotation": false,
			"instanceId":
			{
				"guid": "6064632552247722007",
				"typeId": "5111011",
				"name": "None"
			}
		},
		"22":
		{
			"location":
			{
				"x": 8388.1876613927307,
				"y": 9240.8471272761235,
				"z": 894.51614899657943
			},
			"rotation":
			{
				"pitch": 0,
				"yaw": 99.999999225363339,
				"roll": 0
			},
			"bRandomRotation": false,
			"instanceId":
			{
				"guid": "6064632552264957977",
				"typeId": "5111011",
				"name": "None"
			}
		},
		"23":
		{
			"location":
			{
				"x": 13421.465561571065,
				"y": 6454.9824471498141,
				"z": 315.63517056946148
			},
			"rotation":
			{
				"pitch": 0,
				"yaw": -59.999999535218009,
				"roll": 0
			},
			"bRandomRotation": false,
			"instanceId":
			{
				"guid": "6064632552285732891",
				"typeId": "5111011",
				"name": "None"
			}
		},
		"24":
		{
			"location":
			{
				"x": 5307.4041561287595,
				"y": -10944.747290510102,
				"z": 1811.5415413831797
			},
			"rotation":
			{
				"pitch": 0,
				"yaw": 19.999999845072672,
				"roll": 0
			},