{
	"populationInstancesMap":
	{
		"1":
		{
			"location":
			{
				"x": 5317.3165184439376,
				"y": -8883.1673215250012,
				"z": -24.000021126070806
			},
			"rotation":
			{
				"pitch": 0,
				"yaw": 119.99999907043602,
				"roll": 0
			},
			"bRandomRotation": false,
			"instanceId":
			{
				"guid": "6064633775924838406",
				"typeId": "5111011",
				"name": "None"
			}
		},
		"2":
		{
			"location":
			{
				"x": -3034.609173342214,
				"y": -4233.1483512714494,
				"z": -23.999999047408437
			},
			"rotation":
			{
				"pitch": 0,
				"yaw": -29.999999767609047,
				"roll": 0
			},
			"bRandomRotation": false,
			"instanceId":
			{
				"guid": "6064633776140189749",
				"typeId": "5111011",
				"name": "None"
			}
		},
		"3":
		{
			"location":
			{
				"x": -758.42125896349069,
				"y": -5275.7938450817273,
				"z": -24.000008912741123
			},
			"rotation":
			{
				"pitch": 0,
				"yaw": 0,
				"roll": -0
			},
			"bRandomRotation": false,
			"instanceId":
			{
				"guid": "6064633776166076472",
				"typeId": "5111011",
				"name": "None"
			}
		},
		"4":
		{
			"location":
			{
				"x": -1252.0927119588926,
				"y": -5232.5875496734234,
				"z": 39.999955355054226
			},
			"rotation":
			{
				"pitch": 0,
				"yaw": 0,
				"roll": -0
			},
			"bRandomRotation": false,
			"instanceId":
			{
				"guid": "6064633776173482041",
				"typeId": "5111011",
				"name": "None"
			}
		},
		"5":
		{
			"location":
			{
				"x": -426.16424876328301,
				"y": -4311.4071496989636,
				"z": 39.999979267406843
			},
			"rotation":
			{
				"pitch": 0,
				"yaw": -99.999999225363212,
				"roll": 0
			},
			"bRandomRotation": false,
			"instanceId":
			{
				"guid": "6064633776174137402",
				"typeId": "5111011",
				"name": "None"
			}
		},
		"6":
		{
			"location":
			{
				"x": -624.50910793440994,
				"y": -6480.9110185729769,
				"z": 40.000016081917011
			},
			"rotation":
			{
				"pitch": 0,
				"yaw": 0,
				"roll": -0
			},
			"bRandomRotation": false,
			"instanceId":
			{
				"guid": "6064633776174858299",
				"typeId": "5111011",
				"name": "None"
			}
		},
		"7":
		{
			"location":
			{
				"x": 156.78837475793034,
				"y": -5462.8128065210549,
				"z": 39.999960937813967
			},
			"rotation":
			{
				"pitch": 0,
				"yaw": 169.99999868311772,
				"roll": 0
			},
			"bRandomRotation": false,
			"instanceId":
			{
				"guid": "6064633776175448124",
				"typeId": "5111011",
				"name": "None"
			}
		},
		"8":
		{
			"location":
			{
				"x": 4060.8518136270059,
				"y": 3827.8497467498155,
				"z": -120.00003325392981
			},
			"rotation":
			{
				"pitch": 0,
				"yaw": 0,
				"roll": -0
			},
			"bRandomRotation": false,
			"instanceId":
			{
				"guid": "6064633785976029186",
				"typeId": "5111011",
				"name": "None"
			}
		},
		"9":
		{
			"location":
			{
				"x": 3948.979801799831,
				"y": 3582.4710659291732,
				"z": -24.000021373473373
			},
			"rotation":
			{
				"pitch": 0,
				"yaw": -129.99999899297219,
				"roll": 0
			},
			"bRandomRotation": false,
			"instanceId":
			{
				"guid": "6064633785978519555",
				"typeId": "5111011",
				"name": "None"
			}
		},
		"10":
		{
			"location":
			{
				"x": 5080.908739176889,
				"y": 444.58807525889461,
				"z": 40.000012804675407
			},
			"rotation":
			{
				"pitch": 0,
				"yaw": -169.99999868311755,
				"roll": 0
			},
			"bRandomRotation": false,
			"instanceId":
			{
				"guid": "6064633786034946052",
				"typeId": "5111011",
				"name": "None"
			}
		},
		"11":
		{
			"location":
			{
				"x": 3711.6940849929633,
				"y": 967.1795596883253,
				"z": 40.000025937570399
			},
			"rotation":
			{
				"pitch": 0,
				"yaw": -139.99999891550851,
				"roll": 0
			},
			"bRandomRotation": false,
			"instanceId":
			{
				"guid": "6064633786035929093",
				"typeId": "5111011",
				"name": "None"
			}
		},
		"12":
		{
			"location":
			{
				"x": 2910.6053735715886,
				"y": 1594.5945670620135,
				"z": 39.999966632541373
			},
			"rotation":
			{
				"pitch": 0,
				"yaw": -139.99999891550851,
				"roll": 0
			},
			"bRandomRotation": false,
			"instanceId":
			{
				"guid": "6064633786037174278",
				"typeId": "5111011",
				"name": "None"
			}
		},
		"13":
		{
			"location":
			{
				"x": 4688.0656699566889,
				"y": 1662.1404264142734,
				"z": 39.999968826396071
			},
			"rotation":
			{
				"pitch": 0,
				"yaw": -149.99999883804514,
				"roll": 0
			},
			"bRandomRotation": false,
			"instanceId":
			{
				"guid": "6064633786038288391",
				"typeId": "5111011",
				"name": "None"
			}
		},
		"14":
		{
			"location":
			{
				"x": 5163.8329150183181,
				"y": -2467.5354616475875,
				"z": -99.999958283746196
			},
			"rotation":
			{
				"pitch": 0,
				"yaw": 0,
				"roll": -0
			},
			"bRandomRotation": false,
			"instanceId":
			{
				"guid": "6064633787305492521",
				"typeId": "5111011",
				"name": "None"
			}
		},
		"15":
		{
			"location":
			{
				"x": -5540.4301290225958,
				"y": 4659.5271921336089,
				"z": -169.99999854085635
			},
			"rotation":
			{
				"pitch": 0,
				"yaw": 0,
				"roll": -0
			},
			"bRandomRotation": false,
			"instanceId":
			{
				"guid": "6064633803477090431",
				"typeId": "5111011",
				"name": "None"
			}
		},
		"16":
		{
			"location":
			{
				"x": -4340.7959412400205,
				"y": 5382.1922235359252,
				"z": 40.000044387742037
			},
			"rotation":
			{
				"pitch": 0,
				"yaw": 0,
				"roll": -0
			},
			"bRandomRotation": false,
			"instanceId":
			{
				"guid": "6064633803484233856",
				"typeId": "5111011",
				"name": "None"
			}
		},
		"17":
		{
			"location":
			{
				"x": -4262.4341878497344,
				"y": 4564.6641091332203,
				"z": 39.999832880857866
			},
			"rotation":
			{
				"pitch": 0,
				"yaw": 0,
				"roll": -0
			},
			"bRandomRotation": false,
			"instanceId":
			{
				"guid": "6064633803485216897",
				"typeId": "5111011",
				"name": "None"
			}
		},
		"18":
		{
			"location":
			{
				"x": -4457.9864478475683,
				"y": 3576.6282806809477,
				"z": 39.999960070832458
			},
			"rotation":
			{
				"pitch": 0,
				"yaw": 0,
				"roll": -0
			},
			"bRandomRotation": false,
			"instanceId":
			{
				"guid": "6064633803485741186",
				"typeId": "5111011",
				"name": "None"
			}
		},
		"19":
		{
			"location":
			{
				"x": -5248.7065512751087,
				"y": 2581.0233969093824,
				"z": 40.000230349926824
			},
			"rotation":
			{
				"pitch": 0,
				"yaw": 0,
				"roll": -0
			},
			"bRandomRotation": false,
			"instanceId":
			{
				"guid": "6064633803486134403",
				"typeId": "5111011",
				"name": "None"
			}
		},
		"20":
		{
			"location":
			{
				"x": -8709.6577637323826,
				"y": 5039.9634121150675,
				"z": 40.000000529649242
			},
			"rotation":
			{
				"pitch": 0,
				"yaw": 0,
				"roll": -0
			},
			"bRandomRotation": false,
			"instanceId":
			{
				"guid": "6064633803619172496",
				"typeId": "5111011",
				"name": "None"
			}
		},
		"21":
		{
			"location":
			{
				"x": 4839.5317229014854,
				"y": 4853.365774485349,
				"z": -24.00000024657993
			},
			"rotation":
			{
				"pitch": 0,
				"yaw": -129.99999899297214,
				"roll": 0
			},
			"bRandomRotation": false,
			"instanceId":
			{
				"guid": "6064633804305535046",
				"typeId": "5111011",
				"name": "None"
			}
		},
		"22":
		{
			"location":
			{
				"x": 4684.8482609871644,
				"y": 5250.3056391329237,
				"z": -24.000005146837566
			},
			"rotation":
			{
				"pitch": 0,
				"yaw": -169.99999868311744,
				"roll": 0
			},
			"bRandomRotation": false,
			"instanceId":
			{
				"guid": "6064633804894441583",
				"typeId": "5111011",
				"name": "None"
			}
		}
	},
	"filterOverrideId":
	{
		"guid": "0",
		"typeId": "5111003",
		"name": "None"
	},
	"populationAreaId":
	{
		"guid": "0",
		"typeId": "5171420",
		"name": "None"
	},
	"timedDespawnId":
	{
		"guid": "0",
		"typeId": "5882300",
		"name": "None"
	},
	"overrideActivationRange": 0,
	"gameplayTags":
	{
		"gameplayTags": [],
		"parentTags": []
	},
	"alignmentOverridesIds": [],