{
	"populationInstancesMap":
	{
		"1":
		{
			"location":
			{
				"x": -3860.0863188049989,
				"y": 33648.845118095051,
				"z": -18005.435080356678
			},
			"rotation":
			{
				"pitch": 0,
				"yaw": 29.99999976760898,
				"roll": 0
			},
			"bRandomRotation": false,
			"instanceId":
			{
				"guid": "6064632711426867326",
				"typeId": "5111011",
				"name": "None"
			}
		},
		"2":
		{
			"location":
			{
				"x": 14063.219982482493,
				"y": 14389.110602727393,
				"z": -8639.4013471902035
			},
			"rotation":
			{
				"pitch": 0,
				"yaw": -9.999999922536345,
				"roll": 0
			},
			"bRandomRotation": false,
			"instanceId":
			{
				"guid": "6064632711443185791",
				"typeId": "5111011",
				"name": "None"
			}
		},
		"3":
		{
			"location":
			{
				"x": 11710.369903741986,
				"y": -20034.542055420461,
				"z": -7613.6050822804282
			},
			"rotation":
			{
				"pitch": 0,
				"yaw": 159.99999876058121,
				"roll": 0
			},
			"bRandomRotation": false,
			"instanceId":
			{
				"guid": "6064632711453540480",
				"typeId": "5111011",
				"name": "None"
			}
		},
		"4":
		{
			"location":
			{
				"x": -40388.751406602329,
				"y": -37416.130621335353,
				"z": -14165.858690804193
			},
			"rotation":
			{
				"pitch": 0,
				"yaw": -160.00000154927332,
				"roll": 0
			},
			"bRandomRotation": false,
			"instanceId":
			{
				"guid": "6064632711459766401",
				"typeId": "5111011",
				"name": "None"
			}
		},
		"5":
		{
			"location":
			{
				"x": -67235.019913692493,
				"y": -18496.29164715379,
				"z": -16650.217009127104
			},
			"rotation":
			{
				"pitch": 0,
				"yaw": 59.999999535218024,
				"roll": 0
			},
			"bRandomRotation": false,
			"instanceId":
			{
				"guid": "6064632711468089474",
				"typeId": "5111011",
				"name": "None"
			}
		},
		"6":
		{
			"location":
			{
				"x": -1704.4716198940296,
				"y": -379.22281961340923,
				"z": -1074.2261590741291
			},
			"rotation":
			{
				"pitch": 0,
				"yaw": -89.999999302826964,
				"roll": 0
			},
			"bRandomRotation": false,
			"instanceId":
			{
				"guid": "6064632711473725571",
				"typeId": "5111011",
				"name": "None"
			}
		},
		"7":
		{
			"location":
			{
				"x": 2381.7453165607294,
				"y": 42381.404564669356,
				"z": -18078.75932436053
			},
			"rotation":
			{
				"pitch": 0,
				"yaw": 0,
				"roll": -0
			},
			"bRandomRotation": false,
			"instanceId":
			{
				"guid": "6064632711482966148",
				"typeId": "5111011",
				"name": "None"
			}
		},
		"8":
		{
			"location":
			{
				"x": 1616.9809797677444,
				"y": 42801.011179371737,
				"z": -17932.342556914031
			},
			"rotation":
			{
				"pitch": 0,
				"yaw": 0,
				"roll": -0
			},
			"bRandomRotation": false,
			"instanceId":
			{
				"guid": "6064632711482966148",
				"typeId": "5111011",
				"name": "None"
			}
		},
		"9":
		{
			"location":
			{
				"x": 157.15829120005947,
				"y": 44705.133494905895,
				"z": -18046.085236176114
			},
			"rotation":
			{
				"pitch": 0,
				"yaw": 0,
				"roll": -0
			},
			"bRandomRotation": false,
			"instanceId":
			{
				"guid": "6064632711482966148",
				"typeId": "5111011",
				"name": "None"
			}
		},
		"10":
		{
			"location":
			{
				"x": -1984.3267780813621,
				"y": 50047.419982948108,
				"z": -17876.31180956991
			},
			"rotation":
			{
				"pitch": 0,
				"yaw": 0,
				"roll": -0
			},
			"bRandomRotation": false,
			"instanceId":
			{
				"guid": "6064632711482966148",
				"typeId": "5111011",
				"name": "None"
			}
		},
		"11":
		{
			"location":
			{
				"x": -2271.6162300680298,
				"y": 47246.711071729194,
				"z": -17859.027176165
			},
			"rotation":
			{
				"pitch": 0,
				"yaw": 0,
				"roll": -0
			},
			"bRandomRotation": false,
			"instanceId":
			{
				"guid": "6064632711482966148",
				"typeId": "5111011",
				"name": "None"
			}
		},
		"12":
		{
			"location":
			{
				"x": -6769.8175608970923,
				"y": 48655.298184582498,
				"z": -17903.042766284376
			},
			"rotation":
			{
				"pitch": 0,
				"yaw": 0,
				"roll": -0
			},
			"bRandomRotation": false,
			"instanceId":
			{
				"guid": "6064632711482966148",
				"typeId": "5111011",
				"name": "None"
			}
		},
		"13":
		{
			"location":
			{
				"x": -6414.3637049807003,
				"y": 50723.970776817878,
				"z": -17977.754541331855
			},
			"rotation":
			{
				"pitch": 0,
				"yaw": 0,
				"roll": -0
			},
			"bRandomRotation": false,
			"instanceId":
			{
				"guid": "6064632711482966148",
				"typeId": "5111011",
				"name": "None"
			}
		},
		"14":
		{
			"location":
			{
				"x": -6016.6453766459599,
				"y": 49354.474644066533,
				"z": -18030.045588019726
			},
			"rotation":
			{
				"pitch": 0,
				"yaw": 0,
				"roll": -0
			},
			"bRandomRotation": false,
			"instanceId":
			{
				"guid": "6064632711492010123",
				"typeId": "5111011",
				"name": "None"
			}
		},
		"15":
		{
			"location":
			{
				"x": -1953.5957700827857,
				"y": 47003.690940814209,
				"z": -17962.92124431111
			},
			"rotation":
			{
				"pitch": 0,
				"yaw": 0,
				"roll": 49.999999612681712
			},
			"bRandomRotation": false,
			"instanceId":
			{
				"guid": "6064632711496269964",
				"typeId": "5111011",
				"name": "None"
			}
		},
		"16":
		{
			"location":
			{
				"x": 2832.7523803791264,
				"y": 42234.84768081794,
				"z": -17989.887825377737
			},
			"rotation":
			{
				"pitch": 0,
				"yaw": 0,
				"roll": -0
			},
			"bRandomRotation": false,
			"instanceId":
			{
				"guid": "6064632711500202125",
				"typeId": "5111011",
				"name": "None"
			}
		},
		"17":
		{
			"location":
			{
				"x": 30117.643067724421,
				"y": 8204.1079574614996,
				"z": -7440.2411013789824
			},
			"rotation":
			{
				"pitch": 0,
				"yaw": 0,
				"roll": -0
			},
			"bRandomRotation": false,
			"instanceId":
			{
				"guid": "6064632711512129678",
				"typeId": "5111011",
				"name": "None"
			}
		},
		"18":
		{
			"location":
			{
				"x": 7707.5232295820024,
				"y": -20961.461962385918,
				"z": -9274.1141254788963
			},
			"rotation":
			{
				"pitch": 0,
				"yaw": 0,
				"roll": -0
			},
			"bRandomRotation": false,
			"instanceId":
			{
				"guid": "6064632711521304719",
				"typeId": "5111011",
				"name": "None"
			}
		},
		"19":
		{
			"location":
			{
				"x": -68061.16622217861,
				"y": -20141.24377184303,
				"z": -16560.562223299334
			},
			"rotation":
			{
				"pitch": 0,
				"yaw": 0,
				"roll": -0
			},
			"bRandomRotation": false,
			"instanceId":
			{
				"guid": "6064632750755610689",
				"typeId": "5111011",
				"name": "None"
			}
		}
	},
	"filterOverrideId":
	{
		"guid": "0",
		"typeId": "5111003",
		"name": "None"
	},
	"populationAreaId":
	{
		"guid": "0",
		"typeId": "5171420",
		"name": "None"
	},
	"timedDespawnId":
	{
		"guid": "0",
		"typeId": "5882300",
		"name": "None"
	},
	"overrideActivationRange": 0,
	"gameplayTags":
	{
		"gameplayTags": [],
		"parentTags": []
	},
	"alignmentOverridesIds": [],
	"guid": "6064632711353139324",
	"name": "CSQ_CORR_Outpost_To_Joeva",
	"typeId": "5111005"
}