{
	"populationInstancesMap":
	{
		"1":
		{
			"location":
			{
				"x": -705260.99996893958,
				"y": 627119.54039811774,
				"z": 10483.782148965749
			},
			"rotation":
			{
				"pitch": 0,
				"yaw": 0,
				"roll": -0
			},
			"bRandomRotation": false,
			"instanceId":
			{
				"guid": "6064632145072160840",
				"typeId": "5111011",
				"name": "None"
			}
		},
		"2":
		{
			"location":
			{
				"x": -703650.99996893958,
				"y": 627519.54039811774,
				"z": 10484.537520059499
			},
			"rotation":
			{
				"pitch": 0,
				"yaw": 149.99999883804497,
				"roll": -0
			},
			"bRandomRotation": false,
			"instanceId":
			{
				"guid": "6064632145199235145",
				"typeId": "5111011",
				"name": "None"
			}
		},
		"3":
		{
			"location":
			{
				"x": -703380.99996893958,
				"y": 627684.54039811774,
				"z": 10484.537520059499
			},
			"rotation":
			{
				"pitch": 0,
				"yaw": 89.999999302826922,
				"roll": -0
			},
			"bRandomRotation": false,
			"instanceId":
			{
				"guid": "6064632145199235145",
				"typeId": "5111011",
				"name": "None"
			}
		},
		"4":
		{
			"location":
			{
				"x": -702290.99996893958,
				"y": 627129.54039811774,
				"z": 10558.379964343554
			},
			"rotation":
			{
				"pitch": 0,
				"yaw": 99.99999922536287,
				"roll": -0
			},
			"bRandomRotation": false,
			"instanceId":
			{
				"guid": "6064632145199235145",
				"typeId": "5111011",
				"name": "None"
			}
		},
		"5":
		{
			"location":
			{
				"x": -702290.99996893958,
				"y": 624839.54039811774,
				"z": 10558.379964343554
			},
			"rotation":
			{
				"pitch": -0,
				"yaw": -140.0000017042012,
				"roll": 0
			},
			"bRandomRotation": false,
			"instanceId":
			{
				"guid": "6064632145209131084",
				"typeId": "5111011",
				"name": "None"
			}
		},
		"6":
		{
			"location":
			{
				"x": -702435.99996893958,
				"y": 624724.54039811774,
				"z": 10558.379964343554
			},
			"rotation":
			{
				"pitch": 0,
				"yaw": 39.999996901452768,
				"roll": -0
			},
			"bRandomRotation": false,
			"instanceId":
			{
				"guid": "6064632145209131084",
				"typeId": "5111011",
				"name": "None"
			}
		},
		"7":
		{
			"location":
			{
				"x": -701550.99996893958,
				"y": 627259.54039811774,
				"z": 10558.379964343554
			},
			"rotation":
			{
				"pitch": -0,
				"yaw": -30.000002556301652,
				"roll": 0
			},
			"bRandomRotation": false,
			"instanceId":
			{
				"guid": "6064632145209131084",
				"typeId": "5111011",
				"name": "None"
			}
		},
		"8":
		{
			"location":
			{
				"x": -698390.99996893958,
				"y": 618639.54039811774,
				"z": 11162.75866541777
			},
			"rotation":
			{
				"pitch": 0,
				"yaw": 109.99999635920702,
				"roll": -0
			},
			"bRandomRotation": false,
			"instanceId":
			{
				"guid": "6064632145199235145",
				"typeId": "5111011",
				"name": "None"
			}
		},
		"9":
		{
			"location":
			{
				"x": -699910.99996893958,
				"y": 617989.54039811774,
				"z": 11161.069358069135
			},
			"rotation":
			{
				"pitch": 0,
				"yaw": 129.99999620427963,
				"roll": -0
			},
			"bRandomRotation": false,
			"instanceId":
			{
				"guid": "6064632145199235145",
				"typeId": "5111011",
				"name": "None"
			}
		},
		"10":
		{
			"location":
			{
				"x": -692405.99996893958,
				"y": 617024.54039811774,
				"z": 11163.672973694132
			},
			"rotation":
			{
				"pitch": 0,
				"yaw": 19.999997056379726,
				"roll": -0
			},
			"bRandomRotation": false,
			"instanceId":
			{
				"guid": "6064632145199235145",
				"typeId": "5111011",
				"name": "None"
			}
		},
		"11":
		{
			"location":
			{
				"x": -692195.99996893958,
				"y": 616849.54039811774,
				"z": 11163.672973694132
			},
			"rotation":
			{
				"pitch": 0,
				"yaw": 29.999996978916172,
				"roll": -0
			},
			"bRandomRotation": false,
			"instanceId":
			{
				"guid": "6064632145199235145",
				"typeId": "5111011",
				"name": "None"
			}
		},
		"12":
		{
			"location":
			{
				"x": -692150.99996893958,
				"y": 617089.54039811774,
				"z": 11163.672973694132
			},
			"rotation":
			{
				"pitch": 0,
				"yaw": 59.999996746525156,
				"roll": 0
			},
			"bRandomRotation": false,
			"instanceId":
			{
				"guid": "6064632145199235145",
				"typeId": "5111011",
				"name": "None"
			}
		},
		"13":
		{
			"location":
			{
				"x": -693300.99996893958,
				"y": 618424.54039811774,
				"z": 11163.672973694132
			},
			"rotation":
			{
				"pitch": 0,
				"yaw": 89.999996514134068,
				"roll": -0
			},
			"bRandomRotation": false,
			"instanceId":
			{
				"guid": "6064632145199235145",
				"typeId": "5111011",
				"name": "None"
			}
		},
		"14":
		{
			"location":
			{
				"x": -693300.99996893958,
				"y": 618424.54039811774,
				"z": 11163.672973694132
			},
			"rotation":
			{
				"pitch": 0,
				"yaw": 89.999996514134068,
				"roll": -0
			},
			"bRandomRotation": false,
			"instanceId":
			{
				"guid": "6064632145238491221",
				"typeId": "5111011",
				"name": "None"
			}
		},
		"15":
		{
			"location":
			{
				"x": -692250.99996893958,
				"y": 642279.54039811774,
				"z": 11807.290903699008
			},
			"rotation":
			{
				"pitch": -0,
				"yaw": -70.000002246447238,
				"roll": 0
			},
			"bRandomRotation": false,
			"instanceId":
			{
				"guid": "6064632145242161238",
				"typeId": "5111011",
				"name": "None"
			}
		},
		"16":
		{
			"location":
			{
				"x": -692250.99996893958,
				"y": 642279.54039811774,
				"z": 11807.290903699008
			},
			"rotation":
			{
				"pitch": -0,
				"yaw": -70.000002246447238,
				"roll": 0
			},
			"bRandomRotation": false,
			"instanceId":
			{
				"guid": "6064632145242161238",
				"typeId": "5111011",
				"name": "None"
			}
		},
		"17":
		{
			"location":
			{
				"x": -692475.99996893958,
				"y": 642094.54039811774,
				"z": 11807.290903699008
			},
			"rotation":
			{
				"pitch": -0,
				"yaw": -120.00000185912886,
				"roll": 0
			},
			"bRandomRotation": false,
			"instanceId":
			{
				"guid": "6064632145242161238",
				"typeId": "5111011",
				"name": "None"
			}
		},
		"18":
		{
			"location":
			{
				"x": -691595.99996893958,
				"y": 642724.54039811774,
				"z": 11733.766223425568
			},
			"rotation":
			{
				"pitch": -0,
				"yaw": -2.7886927682629903e-06,
				"roll": 0
			},
			"bRandomRotation": false,
			"instanceId":
			{
				"guid": "6064632145242161238",
				"typeId": "5111011",
				"name": "None"
			}
		},
		"19":
		{
			"location":
			{
				"x": -688120.99996893958,
				"y": 646834.54039811774,
				"z": 11675.022976257596
			},
			"rotation":
			{
				"pitch": -0,
				"yaw": -19.999999845072693,
				"roll": 0
			},
			"bRandomRotation": false,
			"instanceId":
			{
				"guid": "6064632145242161238",
				"typeId": "5111011",
				"name": "None"
			}
		},
		"20":
		{
			"location":
			{
				"x": -688190.99996893958,
				"y": 646659.54039811774,
				"z": 11675.022976257596
			},
			"rotation":
			{
				"pitch": -0,
				"yaw": -49.999999612681727,
				"roll": 0
			},
			"bRandomRotation": false,
			"instanceId":
			{
				"guid": "6064632145242161238",
				"typeId": "5111011",
				"name": "None"
			}
		},
		"21":
		{
			"location":
			{
				"x": -688190.99996893958,
				"y": 646659.54039811774,
				"z": 11675.022976257596
			},
			"rotation":
			{
				"pitch": -0,
				"yaw": -49.999999612681727,
				"roll": 0
			},
			"bRandomRotation": false,
			"instanceId":
			{
				"guid": "6064632145259724892",
				"typeId": "5111011",
				"name": "None"
			}
		},
		"22":
		{
			"location":
			{
				"x": -690455.99996893958,
				"y": 650619.54039811774,
				"z": 11963.628255090602
			},
			"rotation":
			{
				"pitch": -0,
				"yaw": -49.999999612681727,
				"roll": 0
			},
			"bRandomRotation": false,
			"instanceId":
			{
				"guid": "6064632145259724892",
				"typeId": "5111011",
				"name": "None"
			}
		},
		"23":
		{
			"location":
			{
				"x": -699240.99996893958,
				"y": 646649.54039811774,
				"z": 11696.650999133568
			},
			"rotation":
			{
				"pitch": -0,
				"yaw": -129.99999899297242,
				"roll": 0
			},