{
	"populationInstancesMap":
	{
		"1":
		{
			"location":
			{
				"x": -226449.98901929322,
				"y": 56997.906429397874,
				"z": -700.43431762291038
			},
			"rotation":
			{
				"pitch": 0,
				"yaw": -91.054547270817523,
				"roll": 0
			},
			"bRandomRotation": false,
			"instanceId":
			{
				"guid": "6064630270761780845",
				"typeId": "5111011",
				"name": "None"
			}
		},
		"2":
		{
			"location":
			{
				"x": -226426.66088376718,
				"y": 55523.803587422823,
				"z": -698.14856358195902
			},
			"rotation":
			{
				"pitch": 0,
				"yaw": 90.681339550497,
				"roll": 0
			},
			"bRandomRotation": false,
			"instanceId":
			{
				"guid": "6064630270761780614",
				"typeId": "5111011",
				"name": "None"
			}
		},
		"3":
		{
			"location":
			{
				"x": -225768.86841171514,
				"y": 55881.373142401921,
				"z": -597.54635457878248
			},
			"rotation":
			{
				"pitch": 0,
				"yaw": 25.720617013546974,
				"roll": 0
			},
			"bRandomRotation": false,
			"instanceId":
			{
				"guid": "6064630532130537478",
				"typeId": "5111011",
				"name": "None"
			}
		},
		"4":
		{
			"location":
			{
				"x": -225722.77208928054,
				"y": 56773.490291201044,
				"z": -604.61075598261959
			},
			"rotation":
			{
				"pitch": 0,
				"yaw": -44.491590743211411,
				"roll": 0
			},
			"bRandomRotation": false,
			"instanceId":
			{
				"guid": "6064630656503513122",
				"typeId": "5111011",
				"name": "None"
			}
		},
		"5":
		{
			"location":
			{
				"x": -225311.35108551104,
				"y": 55726.813610422658,
				"z": -703.87671825936741
			},
			"rotation":
			{
				"pitch": 0,
				"yaw": 7.8835018030406738,
				"roll": 0
			},
			"bRandomRotation": false,
			"instanceId":
			{
				"guid": "6064630270761780781",
				"typeId": "5111011",
				"name": "None"
			}
		},
		"6":
		{
			"location":
			{
				"x": -224221.59433513565,
				"y": 56438.869087465806,
				"z": -608.86980405173927
			},
			"rotation":
			{
				"pitch": 0,
				"yaw": 0,
				"roll": -0
			},
			"bRandomRotation": false,
			"instanceId":
			{
				"guid": "6064632393799958579",
				"typeId": "5111011",
				"name": "None"
			}
		},
		"7":
		{
			"location":
			{
				"x": -228732.75385585788,
				"y": 56334.708824258996,
				"z": -599.90762027143501
			},
			"rotation":
			{
				"pitch": 0,
				"yaw": 0,
				"roll": -0
			},
			"bRandomRotation": false,
			"instanceId":
			{
				"guid": "6064632394006200376",
				"typeId": "5111011",
				"name": "None"
			}
		}
	},
	"filterOverrideId":
	{
		"guid": "0",
		"typeId": "5111003",
		"name": "None"
	},
	"populationAreaId":
	{
		"guid": "0",
		"typeId": "5171420",
		"name": "None"
	},
	"timedDespawnId":
	{
		"guid": "0",
		"typeId": "5882300",
		"name": "None"
	},
	"overrideActivationRange": 0,
	"gameplayTags":
	{
		"gameplayTags": [],
		"parentTags": []
	},
	"alignmentOverridesIds": [],
	"guid": "6064630520485183510",
	"name": "ArtisanshipPOI_TextileMill",
	"typeId": "5111005"
}