{
	"populationInstancesMap":
	{
		"1":
		{
			"location":
			{
				"x": 883.40803932864219,
				"y": -188.33156810991932,
				"z": -892.07089146482394
			},
			"rotation":
			{
				"pitch": 0,
				"yaw": 0,
				"roll": -0
			},
			"bRandomRotation": false,
			"instanceId":
			{
				"guid": "6064630270761778816",
				"typeId": "5111011",
				"name": "None"
			}
		},
		"2":
		{
			"location":
			{
				"x": 554.41096285998356,
				"y": -1313.5915830308222,
				"z": -947.66994807665469
			},
			"rotation":
			{
				"pitch": 20.000000542245882,
				"yaw": 119.99999951385864,
				"roll": 89.999999258083875
			},
			"bRandomRotation": false,
			"instanceId":
			{
				"guid": "6064630270761778816",
				"typeId": "5111011",
				"name": "None"
			}
		},
		"3":
		{
			"location":
			{
				"x": 96.971994449733756,
				"y": -948.82987457234412,
				"z": -920.33072947064466
			},
			"rotation":
			{
				"pitch": 0,
				"yaw": 69.999999457754271,
				"roll": -0
			},
			"bRandomRotation": false,
			"instanceId":
			{
				"guid": "6064630270761778816",
				"typeId": "5111011",
				"name": "None"
			}
		},
		"4":
		{
			"location":
			{
				"x": 653.39802569430321,
				"y": -1041.8482992133358,
				"z": -943.90041917182498
			},
			"rotation":
			{
				"pitch": 0,
				"yaw": 160.00000154927352,
				"roll": -0
			},
			"bRandomRotation": false,
			"instanceId":
			{
				"guid": "6064630270761778821",
				"typeId": "5111011",
				"name": "None"
			}
		},
		"5":
		{
			"location":
			{
				"x": -1999.9205794486916,
				"y": -3123.1395577301155,
				"z": -830.35818075706993
			},
			"rotation":
			{
				"pitch": -0,
				"yaw": -129.99999899297225,
				"roll": 0
			},
			"bRandomRotation": false,
			"instanceId":
			{
				"guid": "6064630270761778824",
				"typeId": "5111011",
				"name": "None"
			}
		},
		"6":
		{
			"location":
			{
				"x": -1185.1122366188793,
				"y": -2567.0968950275565,
				"z": -866.90502088943686
			},
			"rotation":
			{
				"pitch": 0,
				"yaw": 0,
				"roll": -89.999999302826964
			},
			"bRandomRotation": false,
			"instanceId":
			{
				"guid": "6064630270761778824",
				"typeId": "5111011",
				"name": "None"
			}
		},
		"7":
		{
			"location":
			{
				"x": 2012.5876742497785,
				"y": 5002.7764730336494,
				"z": -616.92653588334178
			},
			"rotation":
			{
				"pitch": 0,
				"yaw": 0,
				"roll": -0
			},
			"bRandomRotation": false,
			"instanceId":
			{
				"guid": "6064630270761778824",
				"typeId": "5111011",
				"name": "None"
			}
		},
		"8":
		{
			"location":
			{
				"x": 1356.4818570632488,
				"y": 2301.4340120382258,
				"z": -639.78098338647578
			},
			"rotation":
			{
				"pitch": -0,
				"yaw": -119.99999907043602,
				"roll": 0
			},
			"bRandomRotation": false,
			"instanceId":
			{
				"guid": "6064630270761778824",
				"typeId": "5111011",
				"name": "None"
			}
		},
		"9":
		{
			"location":
			{
				"x": -417.98229139077011,
				"y": 2257.8941581660183,
				"z": -595.2049103722602
			},
			"rotation":
			{
				"pitch": -0,
				"yaw": -129.99999899297225,
				"roll": 0
			},
			"bRandomRotation": false,
			"instanceId":
			{
				"guid": "6064630270761778824",
				"typeId": "5111011",
				"name": "None"
			}
		},
		"10":
		{
			"location":
			{
				"x": -788.61449280322995,
				"y": -205.96946261252742,
				"z": -870.74426085464438
			},
			"rotation":
			{
				"pitch": 0,
				"yaw": 0,
				"roll": -0
			},
			"bRandomRotation": false,
			"instanceId":
			{
				"guid": "6064630270761779762",
				"typeId": "5111011",
				"name": "None"
			}
		},
		"11":
		{
			"location":
			{
				"x": -851.1751277341973,
				"y": -2222.1020788705791,
				"z": -894.71078010032579
			},
			"rotation":
			{
				"pitch": 0,
				"yaw": 0,
				"roll": -0
			},
			"bRandomRotation": false,
			"instanceId":
			{
				"guid": "6064630270761779762",
				"typeId": "5111011",
				"name": "None"
			}
		},
		"12":
		{
			"location":
			{
				"x": -2056.6572870786767,
				"y": -1699.4251866423292,
				"z": -908.60330405836248
			},
			"rotation":
			{
				"pitch": 0,
				"yaw": 0,
				"roll": -0
			},
			"bRandomRotation": false,
			"instanceId":
			{
				"guid": "6064630270761779762",
				"typeId": "5111011",
				"name": "None"
			}
		},
		"13":
		{
			"location":
			{
				"x": -3532.5328324398724,
				"y": -2815.413950889546,
				"z": -903.70924538723011
			},
			"rotation":
			{
				"pitch": 0,
				"yaw": 0,
				"roll": -0
			},
			"bRandomRotation": false,
			"instanceId":
			{
				"guid": "6064630270761779762",
				"typeId": "5111011",
				"name": "None"
			}
		},
		"14":
		{
			"location":
			{
				"x": -1513.4745095978724,
				"y": -3598.4661054324242,
				"z": -801.02165534293817
			},
			"rotation":
			{
				"pitch": 0,
				"yaw": 0,
				"roll": -0
			},
			"bRandomRotation": false,
			"instanceId":
			{
				"guid": "6064630270761779762",
				"typeId": "5111011",
				"name": "None"
			}
		},
		"15":
		{
			"location":
			{
				"x": 1606.5276339686243,
				"y": 6022.4956798937637,
				"z": -671.24959012377622
			},
			"rotation":
			{
				"pitch": 0,
				"yaw": 0,
				"roll": -0
			},
			"bRandomRotation": false,
			"instanceId":
			{
				"guid": "6064630270761779762",
				"typeId": "5111011",
				"name": "None"
			}
		},
		"16":
		{
			"location":
			{
				"x": -67.586724808556028,
				"y": 5542.6815664373571,
				"z": -623.44962986819701
			},
			"rotation":
			{
				"pitch": 0,
				"yaw": 0,
				"roll": -0
			},
			"bRandomRotation": false,
			"instanceId":
			{
				"guid": "6064630270761779762",
				"typeId": "5111011",
				"name": "None"
			}
		},
		"17":
		{
			"location":
			{
				"x": 2282.0561338667758,
				"y": 3680.7399647999555,
				"z": -657.94058131472593
			},
			"rotation":
			{
				"pitch": 0,
				"yaw": 0,
				"roll": -0
			},
			"bRandomRotation": false,
			"instanceId":
			{
				"guid": "6064630270761779762",
				"typeId": "5111011",
				"name": "None"
			}
		},
		"18":
		{
			"location":
			{
				"x": 1228.5696025235811,
				"y": 3898.0477444672142,
				"z": -588.02767067903915
			},
			"rotation":
			{
				"pitch": 0,
				"yaw": 0,
				"roll": -0
			},
			"bRandomRotation": false,
			"instanceId":
			{
				"guid": "6064630270761779762",
				"typeId": "5111011",
				"name": "None"
			}
		},
		"19":
		{
			"location":
			{
				"x": 1067.946839129203,
				"y": 1574.1765012606629,
				"z": -686.66988528004549
			},
			"rotation":
			{
				"pitch": 0,
				"yaw": 0,
				"roll": -0
			},
			"bRandomRotation": false,
			"instanceId":
			{
				"guid": "6064630270761779762",
				"typeId": "5111011",
				"name": "None"
			}
		},
		"20":
		{
			"location":
			{
				"x": -1088.5746534602949,
				"y": 2460.1415877367253,
				"z": -601.823474988214
			},
			"rotation":
			{
				"pitch": 0,
				"yaw": 0,
				"roll": -0
			},
			"bRandomRotation": false,
			"instanceId":
			{
				"guid": "6064630270761779762",
				"typeId": "5111011",
				"name": "None"
			}
		},
		"21":
		{
			"location":
			{
				"x": 2308.5137590336381,
				"y": 8089.6484847837128,
				"z": -823.49750236021646
			},
			"rotation":
			{
				"pitch": 0,
				"yaw": 0,
				"roll": -0
			},
			"bRandomRotation": false,
			"instanceId":
			{
				"guid": "6064630270761779766",
				"typeId": "5111011",
				"name": "None"
			}
		},
		"22":
		{
			"location":
			{
				"x": 3136.6303650586633,
				"y": 4052.9759205314331,
				"z": -151.70114367725546
			},
			"rotation":
			{
				"pitch": 0,
				"yaw": 0,
				"roll": 0
			},
			"bRandomRotation": false,
			"instanceId":
			{
				"guid": "6064630270761779766",
				"typeId": "5111011",
				"name": "None"
			}
		},
		"23":
		{
			"location":
			{
				"x": -1397.3898381108884,
				"y": -1699.2832752384129,
				"z": -907.82532533182894
			},
			"rotation":
			{
				"pitch": 0,
				"yaw": 0,
				"roll": -0
			},
			"bRandomRotation": false,
			"instanceId":
			{
				"guid": "6064630270761779766",
				"typeId": "5111011",
				"name": "None"
			}
		}
	},
	"filterOverrideId":
	{
		"guid": "0",
		"typeId": "5111003",