{
	"populationInstancesMap":
	{
		"1":
		{
			"location":
			{
				"x": 20600.358717028983,
				"y": -41319.165227341931,
				"z": 4388.5865059574553
			},
			"rotation":
			{
				"pitch": 0,
				"yaw": 0,
				"roll": -0
			},
			"bRandomRotation": false,
			"instanceId":
			{
				"guid": "6064630650817282049",
				"typeId": "5111011",
				"name": "None"
			}
		},
		"2":
		{
			"location":
			{
				"x": 26661.853017799323,
				"y": -38628.610732366738,
				"z": 4386.245409652618
			},
			"rotation":
			{
				"pitch": 0,
				"yaw": 0,
				"roll": -0
			},
			"bRandomRotation": false,
			"instanceId":
			{
				"guid": "6064630650817282049",
				"typeId": "5111011",
				"name": "None"
			}
		},
		"3":
		{
			"location":
			{
				"x": 21555.111985841766,
				"y": -39634.346007127955,
				"z": 4386.2457003582258
			},
			"rotation":
			{
				"pitch": 0,
				"yaw": 148.14200565319845,
				"roll": 0
			},
			"bRandomRotation": false,
			"instanceId":
			{
				"guid": "6064630650817282049",
				"typeId": "5111011",
				"name": "None"
			}
		},
		"4":
		{
			"location":
			{
				"x": 23798.706713204039,
				"y": -33459.627288534888,
				"z": 4317.1375865987375
			},
			"rotation":
			{
				"pitch": 0,
				"yaw": 0,
				"roll": -0
			},
			"bRandomRotation": false,
			"instanceId":
			{
				"guid": "6064630650817282049",
				"typeId": "5111011",
				"name": "None"
			}
		},
		"5":
		{
			"location":
			{
				"x": 23875.765829743003,
				"y": -28308.337231410027,
				"z": 2973.9628193720218
			},
			"rotation":
			{
				"pitch": 0,
				"yaw": 0,
				"roll": 0
			},
			"bRandomRotation": false,
			"instanceId":
			{
				"guid": "6064630650817282049",
				"typeId": "5111011",
				"name": "None"
			}
		},
		"6":
		{
			"location":
			{
				"x": 27968.203692032723,
				"y": -30224.419761632977,
				"z": 3008.8669997989145
			},
			"rotation":
			{
				"pitch": 0,
				"yaw": 0,
				"roll": 0
			},
			"bRandomRotation": false,
			"instanceId":
			{
				"guid": "6064630650871611398",
				"typeId": "5111011",
				"name": "None"
			}
		},
		"7":
		{
			"location":
			{
				"x": 28725.750997696305,
				"y": -33234.434771648957,
				"z": 3751.8930959678928
			},
			"rotation":
			{
				"pitch": 0,
				"yaw": 0,
				"roll": 0
			},
			"bRandomRotation": false,
			"instanceId":
			{
				"guid": "6064630650872659975",
				"typeId": "5111011",
				"name": "None"
			}
		},
		"8":
		{
			"location":
			{
				"x": 20042.227139772149,
				"y": -36487.387470433488,
				"z": 4386.2453331417291
			},
			"rotation":
			{
				"pitch": 0,
				"yaw": 0,
				"roll": -0
			},
			"bRandomRotation": false,
			"instanceId":
			{
				"guid": "6064630650817282049",
				"typeId": "5111011",
				"name": "None"
			}
		},
		"9":
		{
			"location":
			{
				"x": 25108.277990386472,
				"y": -44033.514098271378,
				"z": 4386.2461332035946
			},
			"rotation":
			{
				"pitch": 0,
				"yaw": -99.986614252541258,
				"roll": 0
			},
			"bRandomRotation": false,
			"instanceId":
			{
				"guid": "6064630650875084809",
				"typeId": "5111011",
				"name": "None"
			}
		},
		"10":
		{
			"location":
			{
				"x": 26349.973179350374,
				"y": -43283.008795010857,
				"z": 4386.2453402921547
			},
			"rotation":
			{
				"pitch": 0,
				"yaw": 127.78326331850677,
				"roll": 0
			},
			"bRandomRotation": false,
			"instanceId":
			{
				"guid": "6064630650875084809",
				"typeId": "5111011",
				"name": "None"
			}
		},
		"11":
		{
			"location":
			{
				"x": 25860.251685815398,
				"y": -42997.915346677066,
				"z": 4381.41761402667
			},
			"rotation":
			{
				"pitch": 0,
				"yaw": -25.405027912034601,
				"roll": 0
			},
			"bRandomRotation": false,
			"instanceId":
			{
				"guid": "6064630650878296075",
				"typeId": "5111011",
				"name": "None"
			}
		},
		"12":
		{
			"location":
			{
				"x": 23047.851666604984,
				"y": -34971.187902364647,
				"z": 4386.2459827413641
			},
			"rotation":
			{
				"pitch": 0,
				"yaw": 0,
				"roll": -0
			},
			"bRandomRotation": false,
			"instanceId":
			{
				"guid": "6064630650878296075",
				"typeId": "5111011",
				"name": "None"
			}
		},
		"13":
		{
			"location":
			{
				"x": 20983.339997234871,
				"y": -29905.185166485433,
				"z": 2859.9163898482093
			},
			"rotation":
			{
				"pitch": 0,
				"yaw": 179.33690933071654,
				"roll": 0
			},
			"bRandomRotation": false,
			"instanceId":
			{
				"guid": "6064630650878296075",
				"typeId": "5111011",
				"name": "None"
			}
		},
		"14":
		{
			"location":
			{
				"x": 26360.998515450628,
				"y": -28624.23299529159,
				"z": 2539.451868960261
			},
			"rotation":
			{
				"pitch": 0,
				"yaw": 81.163202264331815,
				"roll": -0
			},
			"bRandomRotation": false,
			"instanceId":
			{
				"guid": "6064630650878296075",
				"typeId": "5111011",
				"name": "None"
			}
		},
		"15":
		{
			"location":
			{
				"x": 12011.837849712116,
				"y": -31690.994603774801,
				"z": 3159.73264622631
			},
			"rotation":
			{
				"pitch": 0,
				"yaw": 0,
				"roll": 0
			},
			"bRandomRotation": false,
			"instanceId":
			{
				"guid": "6064630650965262351",
				"typeId": "5111011",
				"name": "None"
			}
		},
		"16":
		{
			"location":
			{
				"x": 8587.4732263425831,
				"y": -30094.970708817767,
				"z": 3506.5551104230926
			},
			"rotation":
			{
				"pitch": 0,
				"yaw": 0,
				"roll": 0
			},
			"bRandomRotation": false,
			"instanceId":
			{
				"guid": "6064630650965262351",
				"typeId": "5111011",
				"name": "None"
			}
		},
		"17":
		{
			"location":
			{
				"x": 1494.2177771509159,
				"y": -33113.155290385417,
				"z": 2098.3898407227189
			},
			"rotation":
			{
				"pitch": -0,
				"yaw": -147.59663748095136,
				"roll": 0
			},
			"bRandomRotation": false,
			"instanceId":
			{
				"guid": "6064630650965262351",
				"typeId": "5111011",
				"name": "None"
			}
		},
		"18":
		{
			"location":
			{
				"x": 2019.6301704584621,
				"y": -26840.340555578703,
				"z": 1854.6572976336047
			},
			"rotation":
			{
				"pitch": 0,
				"yaw": 0,
				"roll": 0
			},
			"bRandomRotation": false,
			"instanceId":
			{
				"guid": "6064630650971422738",
				"typeId": "5111011",
				"name": "None"
			}
		},
		"19":
		{
			"location":
			{
				"x": -3552.5063894705381,
				"y": -30428.231000008236,
				"z": 826.35077063686185
			},
			"rotation":
			{
				"pitch": 0,
				"yaw": 0,
				"roll": 0
			},
			"bRandomRotation": false,
			"instanceId":
			{
				"guid": "6064630650971422738",
				"typeId": "5111011",
				"name": "None"
			}
		},
		"20":
		{
			"location":
			{
				"x": -5462.5491877598688,
				"y": -27357.259147423378,
				"z": 664.68484714170154
			},
			"rotation":
			{
				"pitch": 0,
				"yaw": 0,
				"roll": 0
			},
			"bRandomRotation": false,
			"instanceId":
			{
				"guid": "6064630650971422738",
				"typeId": "5111011",
				"name": "None"
			}
		},
		"21":
		{
			"location":
			{
				"x": -3032.6023363837739,
				"y": -26061.143264721846,
				"z": 1375.444893297321
			},
			"rotation":
			{
				"pitch": 0,
				"yaw": 0,
				"roll": 0
			},
			"bRandomRotation": false,
			"instanceId":
			{
				"guid": "6064630650971422738",
				"typeId": "5111011",
				"name": "None"
			}
		},
		"22":
		{
			"location":
			{
				"x": 21984.539446097333,
				"y": -20341.620371984667,
				"z": -532.31564323148996
			},
			"rotation":
			{
				"pitch": 0,
				"yaw": 0,
				"roll": 0
			},
			"bRandomRotation": false,
			"instanceId":
			{
				"guid": "6064630650971422738",
				"typeId": "5111011",
				"name": "None"
			}
		},
		"23":
		{
			"location":
			{
				"x": 22030.159618749516,
				"y": -7763.7134780145716,
				"z": 24.9995740009781
			},
			"rotation":
			{
				"pitch": 0,
				"yaw": 0,
				"roll": 0
			},
			"bRandomRotation": false,
			"instanceId":
			{
				"guid": "6064630655806799957",
				"typeId": "5111011",
				"name": "None"
			}
		},
		"24":
		{
			"location":
			{
				"x": 20168.788821537746,
				"y": -11100.125839721062,
				"z": -65.792856550742727
			},