{
	"populationInstancesMap":
	{
		"1":
		{
			"location":
			{
				"x": -588629.58515346691,
				"y": 333587.68619360164,
				"z": 17006.861847319815
			},
			"rotation":
			{
				"pitch": 0,
				"yaw": -119.8911245976698,
				"roll": 0
			},
			"bRandomRotation": false,
			"instanceId":
			{
				"guid": "6064630871689068569",
				"typeId": "5111011",
				"name": "None"
			}
		},
		"2":
		{
			"location":
			{
				"x": -587116.66027756967,
				"y": 342689.04654792673,
				"z": 16453.132592114249
			},
			"rotation":
			{
				"pitch": 0,
				"yaw": -97.165789171792284,
				"roll": 0
			},
			"bRandomRotation": false,
			"instanceId":
			{
				"guid": "6064630871689068569",
				"typeId": "5111011",
				"name": "None"
			}
		},
		"3":
		{
			"location":
			{
				"x": -586286.16090232832,
				"y": 340603.33292922459,
				"z": 16945.762117348393
			},
			"rotation":
			{
				"pitch": 0,
				"yaw": 64.417456097470648,
				"roll": 0
			},
			"bRandomRotation": false,
			"instanceId":
			{
				"guid": "6064630871689068569",
				"typeId": "5111011",
				"name": "None"
			}
		},
		"4":
		{
			"location":
			{
				"x": -585510.5485721553,
				"y": 337409.19760047871,
				"z": 17017.501099605408
			},
			"rotation":
			{
				"pitch": 0,
				"yaw": 0,
				"roll": 0
			},
			"bRandomRotation": false,
			"instanceId":
			{
				"guid": "6064630871689068569",
				"typeId": "5111011",
				"name": "None"
			}
		},
		"5":
		{
			"location":
			{
				"x": -585239.99620048248,
				"y": 337243.72044536029,
				"z": 17016.989279478985
			},
			"rotation":
			{
				"pitch": 0,
				"yaw": 152.93478534062154,
				"roll": 0
			},
			"bRandomRotation": false,
			"instanceId":
			{
				"guid": "6064630871757029405",
				"typeId": "5111011",
				"name": "None"
			}
		},
		"6":
		{
			"location":
			{
				"x": -586221.27082670631,
				"y": 340870.8150720218,
				"z": 16928.001082351984
			},
			"rotation":
			{
				"pitch": 0,
				"yaw": -116.06410859651618,
				"roll": 0
			},
			"bRandomRotation": false,
			"instanceId":
			{
				"guid": "6064630871757029405",
				"typeId": "5111011",
				"name": "None"
			}
		},
		"7":
		{
			"location":
			{
				"x": -586406.4220292985,
				"y": 340794.53562099463,
				"z": 16934.903145644774
			},
			"rotation":
			{
				"pitch": 0,
				"yaw": -29.807351101282237,
				"roll": 0
			},
			"bRandomRotation": false,
			"instanceId":
			{
				"guid": "6064630871757029405",
				"typeId": "5111011",
				"name": "None"
			}
		},
		"8":
		{
			"location":
			{
				"x": -587104.52840559883,
				"y": 342501.62014633021,
				"z": 16512.80835696937
			},
			"rotation":
			{
				"pitch": 0,
				"yaw": 104.20325666485697,
				"roll": 0
			},
			"bRandomRotation": false,
			"instanceId":
			{
				"guid": "6064630871762337824",
				"typeId": "5111011",
				"name": "None"
			}
		},
		"9":
		{
			"location":
			{
				"x": -587306.73182634753,
				"y": 342516.43112931063,
				"z": 16501.481985699873
			},
			"rotation":
			{
				"pitch": 0,
				"yaw": 52.764896631218541,
				"roll": 0
			},
			"bRandomRotation": false,
			"instanceId":
			{
				"guid": "6064630871762337824",
				"typeId": "5111011",
				"name": "None"
			}
		},
		"10":
		{
			"location":
			{
				"x": -588314.31162619521,
				"y": 341755.08666631859,
				"z": 16797.775689014314
			},
			"rotation":
			{
				"pitch": 0,
				"yaw": 0,
				"roll": 0
			},
			"bRandomRotation": false,
			"instanceId":
			{
				"guid": "6064630871757029405",
				"typeId": "5111011",
				"name": "None"
			}
		},
		"11":
		{
			"location":
			{
				"x": -587967.3350350043,
				"y": 341599.74700502172,
				"z": 16804.148710053865
			},
			"rotation":
			{
				"pitch": 0,
				"yaw": 175.51888058742375,
				"roll": 0
			},
			"bRandomRotation": false,
			"instanceId":
			{
				"guid": "6064630871757029405",
				"typeId": "5111011",
				"name": "None"
			}
		},
		"12":
		{
			"location":
			{
				"x": -588923.70118447684,
				"y": 343684.86212787603,
				"z": 16393.180228317855
			},
			"rotation":
			{
				"pitch": 0,
				"yaw": 132.05581981427363,
				"roll": 0
			},
			"bRandomRotation": false,
			"instanceId":
			{
				"guid": "6064630871757029405",
				"typeId": "5111011",
				"name": "None"
			}
		},
		"13":
		{
			"location":
			{
				"x": -589353.99287617067,
				"y": 343224.1267960468,
				"z": 16749.533474222128
			},
			"rotation":
			{
				"pitch": 0,
				"yaw": 103.31768391390109,
				"roll": 0
			},
			"bRandomRotation": false,
			"instanceId":
			{
				"guid": "6064630871757029405",
				"typeId": "5111011",
				"name": "None"
			}
		},
		"14":
		{
			"location":
			{
				"x": -586750.89588320558,
				"y": 338705.79788828793,
				"z": 16992.084497444801
			},
			"rotation":
			{
				"pitch": 0,
				"yaw": 0,
				"roll": 0
			},
			"bRandomRotation": false,
			"instanceId":
			{
				"guid": "6064630871762337824",
				"typeId": "5111011",
				"name": "None"
			}
		},
		"15":
		{
			"location":
			{
				"x": -587934.22307812993,
				"y": 338980.69040072773,
				"z": 16990.902378870531
			},
			"rotation":
			{
				"pitch": 0,
				"yaw": 0,
				"roll": 0
			},
			"bRandomRotation": false,
			"instanceId":
			{
				"guid": "6064630871762337824",
				"typeId": "5111011",
				"name": "None"
			}
		},
		"16":
		{
			"location":
			{
				"x": -585117.92311669816,
				"y": 339371.65946963459,
				"z": 16939.08963347393
			},
			"rotation":
			{
				"pitch": 0,
				"yaw": 0,
				"roll": 0
			},
			"bRandomRotation": false,
			"instanceId":
			{
				"guid": "6064630871762337824",
				"typeId": "5111011",
				"name": "None"
			}
		},
		"17":
		{
			"location":
			{
				"x": -588306.74333741423,
				"y": 340082.97406558902,
				"z": 16977.954017744501
			},
			"rotation":
			{
				"pitch": 0,
				"yaw": 0,
				"roll": 0
			},
			"bRandomRotation": false,
			"instanceId":
			{
				"guid": "6064630871762337824",
				"typeId": "5111011",
				"name": "None"
			}
		},
		"18":
		{
			"location":
			{
				"x": -589418.75237819564,
				"y": 338466.89004193654,
				"z": 17020.902470714776
			},
			"rotation":
			{
				"pitch": 0,
				"yaw": 0,
				"roll": 0
			},
			"bRandomRotation": false,
			"instanceId":
			{
				"guid": "6064630871757029405",
				"typeId": "5111011",
				"name": "None"
			}
		},
		"19":
		{
			"location":
			{
				"x": -588096.38266050641,
				"y": 336363.0196588072,
				"z": 17022.084000403818
			},
			"rotation":
			{
				"pitch": 0,
				"yaw": 0,
				"roll": 0
			},
			"bRandomRotation": false,
			"instanceId":
			{
				"guid": "6064630871757029405",
				"typeId": "5111011",
				"name": "None"
			}
		},
		"20":
		{
			"location":
			{
				"x": -585198.708069599,
				"y": 335576.15315678791,
				"z": 17022.08383074843
			},
			"rotation":
			{
				"pitch": 0,
				"yaw": 0,
				"roll": 0
			},
			"bRandomRotation": false,
			"instanceId":
			{
				"guid": "6064630871757029405",
				"typeId": "5111011",
				"name": "None"
			}
		},
		"21":
		{
			"location":
			{
				"x": -582391.75071349135,
				"y": 337526.05320843199,
				"z": 16762.732845916609
			},
			"rotation":
			{
				"pitch": 0,
				"yaw": 0,
				"roll": 0
			},
			"bRandomRotation": false,
			"instanceId":
			{
				"guid": "6064630871689068569",
				"typeId": "5111011",
				"name": "None"
			}
		},
		"22":
		{
			"location":
			{
				"x": -582401.40561163623,
				"y": 340203.02917273407,
				"z": 16336.60481640666
			},
			"rotation":
			{
				"pitch": 0,
				"yaw": 0,
				"roll": 0
			},
			"bRandomRotation": false,
			"instanceId":
			{
				"guid": "6064630871689068569",
				"typeId": "5111011",
				"name": "None"
			}
		},
		"23":
		{
			"location":
			{
				"x": -577418.60648200975,
				"y": 335242.78134091618,
				"z": 14340.112794523055
			},
			"rotation":
			{
				"pitch": 0,
				"yaw": 0,
				"roll": 0
			},
			"bRandomRotation": false,
			"instanceId":
			{
				"guid": "6064630871762337824",
				"typeId": "5111011",
				"name": "None"
			}
		},
		"24":
		{
			"location":
			{
				"x": -579619.82804795355,
				"y": 334657.74350776919,