{
	"populationInstancesMap":
	{
		"1":
		{
			"location":
			{
				"x": 114580.670658421,
				"y": 6969.4027465241961,
				"z": 10912.968216843077
			},
			"rotation":
			{
				"pitch": 0,
				"yaw": 0,
				"roll": -0
			},
			"bRandomRotation": false,
			"instanceId":
			{
				"guid": "6064633464567889940",
				"typeId": "5111011",
				"name": "None"
			}
		},
		"2":
		{
			"location":
			{
				"x": 103362.41175882914,
				"y": -10101.892892696662,
				"z": 10196.72348809916
			},
			"rotation":
			{
				"pitch": 0,
				"yaw": 0,
				"roll": -0
			},
			"bRandomRotation": false,
			"instanceId":
			{
				"guid": "6064633464567889940",
				"typeId": "5111011",
				"name": "None"
			}
		},
		"3":
		{
			"location":
			{
				"x": 111360.24778643507,
				"y": -7122.7822117574979,
				"z": 15642.712186404398
			},
			"rotation":
			{
				"pitch": 0,
				"yaw": 0,
				"roll": -0
			},
			"bRandomRotation": false,
			"instanceId":
			{
				"guid": "6064633464567889940",
				"typeId": "5111011",
				"name": "None"
			}
		},
		"4":
		{
			"location":
			{
				"x": 94612.003184859175,
				"y": -6379.8374042448122,
				"z": 10227.14698280584
			},
			"rotation":
			{
				"pitch": 0,
				"yaw": 0,
				"roll": -0
			},
			"bRandomRotation": false,
			"instanceId":
			{
				"guid": "6064633464567889940",
				"typeId": "5111011",
				"name": "None"
			}
		},
		"5":
		{
			"location":
			{
				"x": 93340.37317436072,
				"y": -19184.844895901741,
				"z": 10207.962535826395
			},
			"rotation":
			{
				"pitch": 0,
				"yaw": 0,
				"roll": -0
			},
			"bRandomRotation": false,
			"instanceId":
			{
				"guid": "6064633464567889940",
				"typeId": "5111011",
				"name": "None"
			}
		},
		"6":
		{
			"location":
			{
				"x": 101955.10838526278,
				"y": -18187.146723762271,
				"z": 12044.054275470022
			},
			"rotation":
			{
				"pitch": 0,
				"yaw": 0,
				"roll": -0
			},
			"bRandomRotation": false,
			"instanceId":
			{
				"guid": "6064633464567889940",
				"typeId": "5111011",
				"name": "None"
			}
		},
		"7":
		{
			"location":
			{
				"x": 93690.076277042739,
				"y": 5083.7799318381585,
				"z": 10270.375995196846
			},
			"rotation":
			{
				"pitch": 0,
				"yaw": 0,
				"roll": -0
			},
			"bRandomRotation": false,
			"instanceId":
			{
				"guid": "6064633464567889940",
				"typeId": "5111011",
				"name": "None"
			}
		},
		"8":
		{
			"location":
			{
				"x": 102419.89870011667,
				"y": 8624.9013453898951,
				"z": 9805.3915413678405
			},
			"rotation":
			{
				"pitch": 0,
				"yaw": 0,
				"roll": -0
			},
			"bRandomRotation": false,
			"instanceId":
			{
				"guid": "6064633464567889940",
				"typeId": "5111011",
				"name": "None"
			}
		},
		"9":
		{
			"location":
			{
				"x": 101678.23801623238,
				"y": 2880.5190070536919,
				"z": 10275.244571212432
			},
			"rotation":
			{
				"pitch": 0,
				"yaw": 0,
				"roll": -0
			},
			"bRandomRotation": false,
			"instanceId":
			{
				"guid": "6064633464567889940",
				"typeId": "5111011",
				"name": "None"
			}
		},
		"10":
		{
			"location":
			{
				"x": 105715.79390630522,
				"y": -338.25871197809465,
				"z": 12014.139440508461
			},
			"rotation":
			{
				"pitch": 0,
				"yaw": 0,
				"roll": -0
			},
			"bRandomRotation": false,
			"instanceId":
			{
				"guid": "6064633464567889940",
				"typeId": "5111011",
				"name": "None"
			}
		},
		"11":
		{
			"location":
			{
				"x": 96400.006264443742,
				"y": -666.48212389904074,
				"z": 10226.065385913615
			},
			"rotation":
			{
				"pitch": 0,
				"yaw": 0,
				"roll": -0
			},
			"bRandomRotation": false,
			"instanceId":
			{
				"guid": "6064633464567889940",
				"typeId": "5111011",
				"name": "None"
			}
		},
		"12":
		{
			"location":
			{
				"x": 109357.9551817372,
				"y": 15922.315662447363,
				"z": 9339.0575682702038
			},
			"rotation":
			{
				"pitch": 0,
				"yaw": 0,
				"roll": -0
			},
			"bRandomRotation": false,
			"instanceId":
			{
				"guid": "6064633464567889940",
				"typeId": "5111011",
				"name": "None"
			}
		},
		"13":
		{
			"location":
			{
				"x": 109009.56302958401,
				"y": 30272.686865595868,
				"z": 10285.569474863856
			},
			"rotation":
			{
				"pitch": 0,
				"yaw": 0,
				"roll": -0
			},
			"bRandomRotation": false,
			"instanceId":
			{
				"guid": "6064633464567889940",
				"typeId": "5111011",
				"name": "None"
			}
		},
		"14":
		{
			"location":
			{
				"x": 112521.1802238489,
				"y": 35079.450254405616,
				"z": 10285.568775257205
			},
			"rotation":
			{
				"pitch": 0,
				"yaw": 0,
				"roll": -0
			},
			"bRandomRotation": false,
			"instanceId":
			{
				"guid": "6064633464567889940",
				"typeId": "5111011",
				"name": "None"
			}
		},
		"15":
		{
			"location":
			{
				"x": 119554.16135268915,
				"y": 41565.423981433501,
				"z": 10389.154347314121
			},
			"rotation":
			{
				"pitch": 0,
				"yaw": 0,
				"roll": -0
			},
			"bRandomRotation": false,
			"instanceId":
			{
				"guid": "6064633464567889940",
				"typeId": "5111011",
				"name": "None"
			}
		},
		"16":
		{
			"location":
			{
				"x": 132841.99669199623,
				"y": 35349.595617362764,
				"z": 10162.605743977656
			},
			"rotation":
			{
				"pitch": 0,
				"yaw": 0,
				"roll": -0
			},
			"bRandomRotation": false,
			"instanceId":
			{
				"guid": "6064633464567889940",
				"typeId": "5111011",
				"name": "None"
			}
		},
		"17":
		{
			"location":
			{
				"x": 121864.96511527547,
				"y": 36412.75906126434,
				"z": 10260.104495546668
			},
			"rotation":
			{
				"pitch": 0,
				"yaw": 0,
				"roll": -0
			},
			"bRandomRotation": false,
			"instanceId":
			{
				"guid": "6064633464567889940",
				"typeId": "5111011",
				"name": "None"
			}
		},
		"18":
		{
			"location":
			{
				"x": 117347.49667355162,
				"y": 33631.180583812064,
				"z": 13542.093819932415
			},
			"rotation":
			{
				"pitch": 0,
				"yaw": 0,
				"roll": -0
			},
			"bRandomRotation": false,
			"instanceId":
			{
				"guid": "6064633464567889940",
				"typeId": "5111011",
				"name": "None"
			}
		},
		"19":
		{
			"location":
			{
				"x": 119367.70632843208,
				"y": 7927.7547304818872,
				"z": 11979.229461470142
			},
			"rotation":
			{
				"pitch": 0,
				"yaw": 0,
				"roll": -0
			},
			"bRandomRotation": false,
			"instanceId":
			{
				"guid": "6064633464567889940",
				"typeId": "5111011",
				"name": "None"
			}
		},
		"20":
		{
			"location":
			{
				"x": 112900.39924470428,
				"y": -2897.54710038146,
				"z": 14355.968046466747
			},
			"rotation":
			{
				"pitch": 0,
				"yaw": 0,
				"roll": -0
			},
			"bRandomRotation": false,
			"instanceId":
			{
				"guid": "6064633464567889940",
				"typeId": "5111011",
				"name": "None"
			}
		},
		"21":
		{
			"location":
			{
				"x": 110014.79055751907,
				"y": -5494.0881228635553,
				"z": 14595.38346319928
			},
			"rotation":
			{
				"pitch": 0,
				"yaw": 0,
				"roll": -0
			},
			"bRandomRotation": false,
			"instanceId":
			{
				"guid": "6064633464567889940",
				"typeId": "5111011",
				"name": "None"
			}
		},
		"22":
		{
			"location":
			{
				"x": 84728.237582784379,
				"y": -28896.700053644949,
				"z": 10202.456258626982
			},
			"rotation":
			{
				"pitch": 0,
				"yaw": 0,
				"roll": -0
			},
			"bRandomRotation": false,
			"instanceId":
			{
				"guid": "6064633464567889940",
				"typeId": "5111011",
				"name": "None"
			}
		},
		"23":
		{
			"location":
			{
				"x": 83790.794958907878,
				"y": -32158.889882462216,
				"z": 10153.57084764283
			},
			"rotation":
			{
				"pitch": 0,
				"yaw": 0,
				"roll": -0
			},
			"bRandomRotation": false,
			"instanceId":
			{
				"guid": "6064633464567889940",
				"typeId": "5111011",
				"name": "None"
			}
		},
		"24":
		{
			"location":
			{
				"x": 82444.765927691013,
				"y": -29394.096282549901,
				"z": 10043.41741248998
			},
			"rotation":
			{
				"pitch": 0,
				"yaw": 0,
				"roll": -0
			},
			"bRandomRotation": false,