{
	"populationInstancesMap":
	{
		"1":
		{
			"location":
			{
				"x": -884805.16646495182,
				"y": 560230.62514073704,
				"z": 10599.010897337903
			},
			"rotation":
			{
				"pitch": -4.1998995393514642,
				"yaw": 18.566513851279677,
				"roll": -9.9659960090827863e-17
			},
			"bRandomRotation": false,
			"instanceId":
			{
				"guid": "6064632161996570625",
				"typeId": "5111011",
				"name": "None"
			}
		},
		"2":
		{
			"location":
			{
				"x": -884805.16646495182,
				"y": 559830.62514073704,
				"z": 10599.010897337903
			},
			"rotation":
			{
				"pitch": -4.1998995393514651,
				"yaw": 38.566513696352573,
				"roll": 1.9931992018165573e-16
			},
			"bRandomRotation": false,
			"instanceId":
			{
				"guid": "6064632161996570625",
				"typeId": "5111011",
				"name": "None"
			}
		},
		"3":
		{
			"location":
			{
				"x": -883882.46032072953,
				"y": 557311.93804794352,
				"z": 10665.151250119661
			},
			"rotation":
			{
				"pitch": -4.1998995393514029,
				"yaw": 168.56651268932507,
				"roll": 3.9863984036331144e-15
			},
			"bRandomRotation": false,
			"instanceId":
			{
				"guid": "6064632161996570625",
				"typeId": "5111011",
				"name": "None"
			}
		},
		"4":
		{
			"location":
			{
				"x": -872298.29853789206,
				"y": 556914.06376923749,
				"z": 10619.631098805801
			},
			"rotation":
			{
				"pitch": -4.1998995393513487,
				"yaw": -71.433488240239328,
				"roll": 5.9795976054496705e-15
			},
			"bRandomRotation": false,
			"instanceId":
			{
				"guid": "6064632161996570625",
				"typeId": "5111011",
				"name": "None"
			}
		},
		"5":
		{
			"location":
			{
				"x": -880884.83083895012,
				"y": 623785.68165286246,
				"z": 10623.925563865067
			},
			"rotation":
			{
				"pitch": -4.1998995393514056,
				"yaw": -111.43348514169247,
				"roll": 3.1891187229064916e-15
			},
			"bRandomRotation": false,
			"instanceId":
			{
				"guid": "6064632161996570625",
				"typeId": "5111011",
				"name": "None"
			}
		},
		"6":
		{
			"location":
			{
				"x": -865202.86970518506,
				"y": 629549.11719049723,
				"z": 10931.634060356691
			},
			"rotation":
			{
				"pitch": -4.1998995393514065,
				"yaw": -81.433485374083489,
				"roll": 5.1823179247230488e-15
			},
			"bRandomRotation": false,
			"instanceId":
			{
				"guid": "6064632161996570625",
				"typeId": "5111011",
				"name": "None"
			}
		},
		"7":
		{
			"location":
			{
				"x": -875785.4280962667,
				"y": 647556.31330582907,
				"z": 14982.421772492335
			},
			"rotation":
			{
				"pitch": -4.1998995393512919,
				"yaw": 38.566513696352651,
				"roll": 8.1721167274478841e-15
			},
			"bRandomRotation": false,
			"instanceId":
			{
				"guid": "6064632161996570625",
				"typeId": "5111011",
				"name": "None"
			}
		},
		"8":
		{
			"location":
			{
				"x": -875497.5988000686,
				"y": 647373.34170478978,
				"z": 14933.327777032431
			},
			"rotation":
			{
				"pitch": -4.1998995393512919,
				"yaw": 68.566513463961584,
				"roll": 8.7700764879928497e-15
			},
			"bRandomRotation": false,
			"instanceId":
			{
				"guid": "6064632161996570625",
				"typeId": "5111011",
				"name": "None"
			}
		},
		"9":
		{
			"location":
			{
				"x": -875240.6250116647,
				"y": 648007.06007449352,
				"z": 14932.835138163715
			},
			"rotation":
			{
				"pitch": -4.1998995393512368,
				"yaw": -171.43348467691047,
				"roll": 1.3503924592307172e-14
			},
			"bRandomRotation": false,
			"instanceId":
			{
				"guid": "6064632161996570625",
				"typeId": "5111011",
				"name": "None"
			}
		},
		"10":
		{
			"location":
			{
				"x": -881697.14803745283,
				"y": 653068.02974511532,
				"z": 15440.672857617747
			},
			"rotation":
			{
				"pitch": -4.1998995393512351,
				"yaw": 8.5665167174362278,
				"roll": 1.8785902477121046e-14
			},
			"bRandomRotation": false,
			"instanceId":
			{
				"guid": "6064632161996570625",
				"typeId": "5111011",
				"name": "None"
			}
		},
		"11":
		{
			"location":
			{
				"x": -760274.09564659873,
				"y": 508276.68951106264,
				"z": 10673.965070963583
			},
			"rotation":
			{
				"pitch": 8.4001003784894728,
				"yaw": -176.50242605473807,
				"roll": 0
			},
			"bRandomRotation": false,
			"instanceId":
			{
				"guid": "6064632161996570625",
				"typeId": "5111011",
				"name": "None"
			}
		},
		"12":
		{
			"location":
			{
				"x": -760027.51771716203,
				"y": 508598.60182183527,
				"z": 10680.455820998308
			},
			"rotation":
			{
				"pitch": 8.4001003784894763,
				"yaw": 33.497575107215873,
				"roll": 1.7280869246942119e-14
			},
			"bRandomRotation": false,
			"instanceId":
			{
				"guid": "6064632161996570625",
				"typeId": "5111011",
				"name": "None"
			}
		},
		"13":
		{
			"location":
			{
				"x": -751418.42450696754,
				"y": 476910.91273431375,
				"z": 11754.914039876439
			},
			"rotation":
			{
				"pitch": 8.4001003784894994,
				"yaw": 103.49757456496992,
				"roll": 2.5720363530332457e-14
			},
			"bRandomRotation": false,
			"instanceId":
			{
				"guid": "6064632161996570625",
				"typeId": "5111011",
				"name": "None"
			}
		},
		"14":
		{
			"location":
			{
				"x": -750687.38422514952,
				"y": 484317.88212989137,
				"z": 13785.653736067734
			},
			"rotation":
			{
				"pitch": 8.4001003784895456,
				"yaw": -26.502424428002605,
				"roll": 3.2150454412915572e-14
			},
			"bRandomRotation": false,
			"instanceId":
			{
				"guid": "6064632161996570625",
				"typeId": "5111011",
				"name": "None"
			}
		},
		"15":
		{
			"location":
			{
				"x": -624248.3050846837,
				"y": 645684.65860027843,
				"z": 10642.565242673943
			},
			"rotation":
			{
				"pitch": 1.5722523214890629,
				"yaw": 41.69144435651198,
				"roll": 4.1790767222914367
			},
			"bRandomRotation": false,
			"instanceId":
			{
				"guid": "6064632161996570625",
				"typeId": "5111011",
				"name": "None"
			}
		},
		"16":
		{
			"location":
			{
				"x": -624212.89649669826,
				"y": 646521.82201311283,
				"z": 10633.17201559239
			},
			"rotation":
			{
				"pitch": 1.5722523214890658,
				"yaw": 21.691444511439443,
				"roll": 4.1790767222914535
			},
			"bRandomRotation": false,
			"instanceId":
			{
				"guid": "6064632161996570625",
				"typeId": "5111011",
				"name": "None"
			}
		},
		"17":
		{
			"location":
			{
				"x": -618024.46682022256,
				"y": 646131.77000495279,
				"z": 11408.71216405984
			},
			"rotation":
			{
				"pitch": 1.5722523214891164,
				"yaw": -178.30855393928863,
				"roll": 4.1790767222916037
			},
			"bRandomRotation": false,
			"instanceId":
			{
				"guid": "6064632161996570625",
				"typeId": "5111011",
				"name": "None"
			}
		},
		"18":
		{
			"location":
			{
				"x": -615123.54181506415,
				"y": 639844.54965379031,
				"z": 11406.923161415207
			},
			"rotation":
			{
				"pitch": 1.5722523214891331,
				"yaw": -88.308554636462119,
				"roll": 4.1790767222916383
			},
			"bRandomRotation": false,
			"instanceId":
			{
				"guid": "6064632161996570625",
				"typeId": "5111011",
				"name": "None"
			}
		},
		"19":
		{
			"location":
			{
				"x": -611601.72116393747,
				"y": 588861.99360380159,
				"z": 10588.505930836527
			},
			"rotation":
			{
				"pitch": 9.0001003874301713,
				"yaw": -74.70243526663576,
				"roll": 1.6101007946336431e-15
			},
			"bRandomRotation": false,
			"instanceId":
			{
				"guid": "6064632161996570625",
				"typeId": "5111011",
				"name": "None"
			}
		},
		"20":
		{
			"location":
			{
				"x": -610890.58922686789,
				"y": 588233.34107412689,
				"z": 10630.210299417993
			},
			"rotation":
			{
				"pitch": 9.0001003874301784,
				"yaw": -124.70243487931712,
				"roll": 8.0505039731682153e-16
			},
			"bRandomRotation": false,
			"instanceId":
			{
				"guid": "6064632161996570625",
				"typeId": "5111011",
				"name": "None"
			}
		},
		"21":
		{
			"location":
			{
				"x": -604663.250121705,
				"y": 570993.28873381426,
				"z": 10896.601897709352
			},
			"rotation":
			{
				"pitch": -0.67810497239474943,