{
	"populationInstancesMap":
	{
		"1":
		{
			"location":
			{
				"x": 18009.283016091224,
				"y": 30145.343162875761,
				"z": 17357.713275692127
			},
			"rotation":
			{
				"pitch": 0,
				"yaw": 179.99999860565467,
				"roll": -0
			},
			"bRandomRotation": false,
			"instanceId":
			{
				"guid": "6064632116269809825",
				"typeId": "5111011",
				"name": "None"
			}
		},
		"2":
		{
			"location":
			{
				"x": 17747.241578217756,
				"y": 30145.343171428885,
				"z": 17399.076621840592
			},
			"rotation":
			{
				"pitch": 0,
				"yaw": 1.2931877790833823e-12,
				"roll": -0
			},
			"bRandomRotation": false,
			"instanceId":
			{
				"guid": "6064632116648542379",
				"typeId": "5111011",
				"name": "None"
			}
		},
		"3":
		{
			"location":
			{
				"x": 13477.583635670182,
				"y": 33148.360647948131,
				"z": 18484.959505541745
			},
			"rotation":
			{
				"pitch": -0,
				"yaw": -114.99999910916844,
				"roll": 0
			},
			"bRandomRotation": false,
			"instanceId":
			{
				"guid": "6064632116641923239",
				"typeId": "5111011",
				"name": "None"
			}
		},
		"4":
		{
			"location":
			{
				"x": 17374.906542758927,
				"y": 31388.736330161515,
				"z": 17388.637695688158
			},
			"rotation":
			{
				"pitch": -0,
				"yaw": -24.999999806342093,
				"roll": 0
			},
			"bRandomRotation": false,
			"instanceId":
			{
				"guid": "6064632116641923239",
				"typeId": "5111011",
				"name": "None"
			}
		},
		"5":
		{
			"location":
			{
				"x": 18031.227389658688,
				"y": 32796.220940833031,
				"z": 17488.698013393267
			},
			"rotation":
			{
				"pitch": -0,
				"yaw": -74.999999419024036,
				"roll": 0
			},
			"bRandomRotation": false,
			"instanceId":
			{
				"guid": "6064632116641923239",
				"typeId": "5111011",
				"name": "None"
			}
		},
		"6":
		{
			"location":
			{
				"x": 19469.86453492197,
				"y": 31448.698582887449,
				"z": 17395.076551239359
			},
			"rotation":
			{
				"pitch": 0,
				"yaw": 4.9999999612665516,
				"roll": -0
			},
			"bRandomRotation": false,
			"instanceId":
			{
				"guid": "6064632116641923239",
				"typeId": "5111011",
				"name": "None"
			}
		},
		"7":
		{
			"location":
			{
				"x": 20064.962383138773,
				"y": 29972.310795552712,
				"z": 17417.040913803517
			},
			"rotation":
			{
				"pitch": -0,
				"yaw": -14.99999988380614,
				"roll": 0
			},
			"bRandomRotation": false,
			"instanceId":
			{
				"guid": "6064632116641923239",
				"typeId": "5111011",
				"name": "None"
			}
		},
		"8":
		{
			"location":
			{
				"x": 18860.183215798475,
				"y": 28724.824560673027,
				"z": 17395.076668680023
			},
			"rotation":
			{
				"pitch": 0,
				"yaw": 99.999999225362288,
				"roll": -0
			},
			"bRandomRotation": false,
			"instanceId":
			{
				"guid": "6064632116641923239",
				"typeId": "5111011",
				"name": "None"
			}
		},
		"9":
		{
			"location":
			{
				"x": 17513.523590708184,
				"y": 29360.04088800622,
				"z": 17471.472964463665
			},
			"rotation":
			{
				"pitch": -0,
				"yaw": -49.999999612682515,
				"roll": 0
			},
			"bRandomRotation": false,
			"instanceId":
			{
				"guid": "6064632116648542379",
				"typeId": "5111011",
				"name": "None"
			}
		}
	},
	"filterOverrideId":
	{
		"guid": "0",
		"typeId": "5111003",
		"name": "None"
	},
	"populationAreaId":
	{
		"guid": "0",
		"typeId": "5171420",
		"name": "None"
	},
	"timedDespawnId":
	{
		"guid": "0",
		"typeId": "5882300",
		"name": "None"
	},
	"overrideActivationRange": 0,
	"gameplayTags":
	{
		"gameplayTags": [],
		"parentTags": []
	},
	"alignmentOverridesIds": [],
	"guid": "6064632116269809824",
	"name": "NPC_Playground_Ruins_Undead_PopulationSet",
	"typeId": "5111005"
}