{
	"populationInstancesMap":
	{
		"1":
		{
			"location":
			{
				"x": -1272.2273134190473,
				"y": -96.309876406099647,
				"z": -173.82719946582984
			},
			"rotation":
			{
				"pitch": 0,
				"yaw": 0,
				"roll": -0
			},
			"bRandomRotation": false,
			"instanceId":
			{
				"guid": "6064633606439174175",
				"typeId": "5111011",
				"name": "None"
			}
		},
		"2":
		{
			"location":
			{
				"x": -673.74444127063907,
				"y": 346.89030550012831,
				"z": -123.71081902693186
			},
			"rotation":
			{
				"pitch": 0,
				"yaw": -110.00000193659166,
				"roll": 0
			},
			"bRandomRotation": false,
			"instanceId":
			{
				"guid": "6064633606441009184",
				"typeId": "5111011",
				"name": "None"
			}
		},
		"3":
		{
			"location":
			{
				"x": -118.50657342183695,
				"y": -1334.8379425471649,
				"z": -458.50963415143451
			},
			"rotation":
			{
				"pitch": 0,
				"yaw": 89.999999302827092,
				"roll": 0
			},
			"bRandomRotation": false,
			"instanceId":
			{
				"guid": "6064633606446841889",
				"typeId": "5111011",
				"name": "None"
			}
		},
		"4":
		{
			"location":
			{
				"x": 2337.0627477679081,
				"y": -2122.7114359115949,
				"z": -274.25413392198425
			},
			"rotation":
			{
				"pitch": 0,
				"yaw": -79.999999380290646,
				"roll": 0
			},
			"bRandomRotation": false,
			"instanceId":
			{
				"guid": "6064633606456410146",
				"typeId": "5111011",
				"name": "None"
			}
		},
		"5":
		{
			"location":
			{
				"x": 3994.1196634725638,
				"y": -1100.5567806552863,
				"z": -98.856783218123383
			},
			"rotation":
			{
				"pitch": 0,
				"yaw": -39.999999690145394,
				"roll": 0
			},
			"bRandomRotation": false,
			"instanceId":
			{
				"guid": "6064633606457786403",
				"typeId": "5111011",
				"name": "None"
			}
		},
		"6":
		{
			"location":
			{
				"x": 9015.50195673079,
				"y": 3365.5797890911344,
				"z": 554.59865567149245
			},
			"rotation":
			{
				"pitch": 0,
				"yaw": 0,
				"roll": -0
			},
			"bRandomRotation": false,
			"instanceId":
			{
				"guid": "6064633606459949092",
				"typeId": "5111011",
				"name": "None"
			}
		},
		"7":
		{
			"location":
			{
				"x": 7950.2270150254917,
				"y": 6438.5121261433233,
				"z": 668.71473788185176
			},
			"rotation":
			{
				"pitch": 0,
				"yaw": 0,
				"roll": -0
			},
			"bRandomRotation": false,
			"instanceId":
			{
				"guid": "6064633606460669989",
				"typeId": "5111011",
				"name": "None"
			}
		},
		"8":
		{
			"location":
			{
				"x": 5595.8858422511548,
				"y": 4107.2049874464283,
				"z": 1019.5372401840868
			},
			"rotation":
			{
				"pitch": 0,
				"yaw": -149.99999883804514,
				"roll": 0
			},
			"bRandomRotation": false,
			"instanceId":
			{
				"guid": "6064633606462111782",
				"typeId": "5111011",
				"name": "None"
			}
		},
		"9":
		{
			"location":
			{
				"x": 5272.2683358720242,
				"y": 7087.8578135515563,
				"z": 2695.0373483791791
			},
			"rotation":
			{
				"pitch": 0,
				"yaw": 0,
				"roll": -0
			},
			"bRandomRotation": false,
			"instanceId":
			{
				"guid": "6064633606464667687",
				"typeId": "5111011",
				"name": "None"
			}
		},
		"10":
		{
			"location":
			{
				"x": 2565.9401654025569,
				"y": 5161.674042134895,
				"z": 2715.3001437710664
			},
			"rotation":
			{
				"pitch": 0,
				"yaw": -99.999999225363425,
				"roll": 0
			},
			"bRandomRotation": false,
			"instanceId":
			{
				"guid": "6064633606465716264",
				"typeId": "5111011",
				"name": "None"
			}
		},
		"11":
		{
			"location":
			{
				"x": 4068.1882666993188,
				"y": 8764.6130270018475,
				"z": 2712.3119620313773
			},
			"rotation":
			{
				"pitch": 0,
				"yaw": 59.999999535218009,
				"roll": 0
			},
			"bRandomRotation": false,
			"instanceId":
			{
				"guid": "6064633606466961449",
				"typeId": "5111011",
				"name": "None"
			}
		},
		"12":
		{
			"location":
			{
				"x": 1141.0615547564666,
				"y": 6899.1362570007332,
				"z": 2761.0599961698499
			},
			"rotation":
			{
				"pitch": 0,
				"yaw": -49.999999612681727,
				"roll": 0
			},
			"bRandomRotation": false,
			"instanceId":
			{
				"guid": "6064633606468665386",
				"typeId": "5111011",
				"name": "None"
			}
		},
		"13":
		{
			"location":
			{
				"x": 6924.2772430842451,
				"y": -983.7073108520126,
				"z": -829.5478058578683
			},
			"rotation":
			{
				"pitch": 0,
				"yaw": -79.999999380290731,
				"roll": 0
			},
			"bRandomRotation": false,
			"instanceId":
			{
				"guid": "6064633606471548971",
				"typeId": "5111011",
				"name": "None"
			}
		},
		"14":
		{
			"location":
			{
				"x": 7516.2910709675343,
				"y": -2516.5601021999028,
				"z": -1575.7657750340404
			},
			"rotation":
			{
				"pitch": 0,
				"yaw": -69.999999457754242,
				"roll": 0
			},
			"bRandomRotation": false,
			"instanceId":
			{
				"guid": "6064633606472400940",
				"typeId": "5111011",
				"name": "None"
			}
		},
		"15":
		{
			"location":
			{
				"x": -3759.5737779975752,
				"y": 6465.9739682851359,
				"z": 2766.0985559352557
			},
			"rotation":
			{
				"pitch": 0,
				"yaw": 0,
				"roll": -0
			},
			"bRandomRotation": false,
			"instanceId":
			{
				"guid": "6064633606474367021",
				"typeId": "5111011",
				"name": "None"
			}
		},
		"16":
		{
			"location":
			{
				"x": -4429.0043660823285,
				"y": 5780.1040189625928,
				"z": 2758.2255763789017
			},
			"rotation":
			{
				"pitch": 0,
				"yaw": -59.999999535218009,
				"roll": 0
			},
			"bRandomRotation": false,
			"instanceId":
			{
				"guid": "6064633606475350062",
				"typeId": "5111011",
				"name": "None"
			}
		},
		"17":
		{
			"location":
			{
				"x": 1068.2957621139067,
				"y": 1668.5307411091635,
				"z": 398.55047965344056
			},
			"rotation":
			{
				"pitch": 0,
				"yaw": 0,
				"roll": -0
			},
			"bRandomRotation": false,
			"instanceId":
			{
				"guid": "6064633606477316143",
				"typeId": "5111011",
				"name": "None"
			}
		},
		"18":
		{
			"location":
			{
				"x": -843.9803659242607,
				"y": 5216.6376815644326,
				"z": 2039.4247507245345
			},
			"rotation":
			{
				"pitch": 0,
				"yaw": -119.99999907043605,
				"roll": 0
			},
			"bRandomRotation": false,
			"instanceId":
			{
				"guid": "6064633606478168112",
				"typeId": "5111011",
				"name": "None"
			}
		},
		"19":
		{
			"location":
			{
				"x": -3396.7583441805036,
				"y": 3397.3482005122351,
				"z": 913.65544680836865
			},
			"rotation":
			{
				"pitch": 0,
				"yaw": -39.999999690145394,
				"roll": 0
			},
			"bRandomRotation": false,
			"instanceId":
			{
				"guid": "6064633606479085617",
				"typeId": "5111011",
				"name": "None"
			}
		},
		"20":
		{
			"location":
			{
				"x": -4647.1350839857769,
				"y": 3150.712315738434,
				"z": 949.9905002273681
			},
			"rotation":
			{
				"pitch": 0,
				"yaw": -139.99999891550868,
				"roll": 0
			},
			"bRandomRotation": false,
			"instanceId":
			{
				"guid": "6064633606480199730",
				"typeId": "5111011",
				"name": "None"
			}
		}
	},
	"filterOverrideId":
	{
		"guid": "0",
		"typeId": "5111003",
		"name": "None"
	},
	"populationAreaId":
	{
		"guid": "0",
		"typeId": "5171420",
		"name": "None"
	},
	"timedDespawnId":
	{
		"guid": "0",
		"typeId": "5882300",
		"name": "None"
	},
	"overrideActivationRange": 0,
	"gameplayTags":
	{
		"gameplayTags": [],
		"parentTags": []
	},
	"alignmentOverridesIds": [],
	"guid": "6064633606253772820",
	"name": "PopulationSet_EVT_SAN_0014_ROTG_Stage01_ClaimJumpers",
	"typeId": "5111005"
}