{
	"populationInstancesMap":
	{
		"1":
		{
			"location":
			{
				"x": -738412.79265492817,
				"y": 558605.10094183264,
				"z": 13387.534665587174
			},
			"rotation":
			{
				"pitch": -0,
				"yaw": -59.99999922536346,
				"roll": 0
			},
			"bRandomRotation": false,
			"instanceId":
			{
				"guid": "6064630406620315714",
				"typeId": "5111011",
				"name": "None"
			}
		},
		"2":
		{
			"location":
			{
				"x": -734776.20274241129,
				"y": 557763.85132882989,
				"z": 13285.212545186687
			},
			"rotation":
			{
				"pitch": 0,
				"yaw": 59.999999535218024,
				"roll": -0
			},
			"bRandomRotation": false,
			"instanceId":
			{
				"guid": "6064630672886859107",
				"typeId": "5111011",
				"name": "None"
			}
		},
		"3":
		{
			"location":
			{
				"x": -735149.16770450748,
				"y": 557350.05863050406,
				"z": 13273.011042767777
			},
			"rotation":
			{
				"pitch": 0,
				"yaw": 29.999999767608891,
				"roll": -0
			},
			"bRandomRotation": false,
			"instanceId":
			{
				"guid": "6064630672886859107",
				"typeId": "5111011",
				"name": "None"
			}
		},
		"4":
		{
			"location":
			{
				"x": -734555.89822945138,
				"y": 558377.11373816489,
				"z": 13363.875749419332
			},
			"rotation":
			{
				"pitch": 0,
				"yaw": 89.999999302826964,
				"roll": -0
			},
			"bRandomRotation": false,
			"instanceId":
			{
				"guid": "6064630672886859107",
				"typeId": "5111011",
				"name": "None"
			}
		},
		"5":
		{
			"location":
			{
				"x": -736368.65722681407,
				"y": 556655.22496545617,
				"z": 13246.06723236668
			},
			"rotation":
			{
				"pitch": 0,
				"yaw": 19.999999845072672,
				"roll": -0
			},
			"bRandomRotation": false,
			"instanceId":
			{
				"guid": "6064630672886859107",
				"typeId": "5111011",
				"name": "None"
			}
		},
		"6":
		{
			"location":
			{
				"x": -736772.18396398227,
				"y": 556583.91641815274,
				"z": 13293.221250281889
			},
			"rotation":
			{
				"pitch": 0,
				"yaw": 0,
				"roll": 0
			},
			"bRandomRotation": false,
			"instanceId":
			{
				"guid": "6064630672886859107",
				"typeId": "5111011",
				"name": "None"
			}
		},
		"7":
		{
			"location":
			{
				"x": -738360.74438095128,
				"y": 558793.23241903796,
				"z": 13385.792795342748
			},
			"rotation":
			{
				"pitch": 0,
				"yaw": 169.99999868311767,
				"roll": -0
			},
			"bRandomRotation": false,
			"instanceId":
			{
				"guid": "6064630672904553832",
				"typeId": "5111011",
				"name": "None"
			}
		},
		"8":
		{
			"location":
			{
				"x": -738432.0656131882,
				"y": 558380.19684507931,
				"z": 13387.084338893988
			},
			"rotation":
			{
				"pitch": 0,
				"yaw": 0,
				"roll": 0
			},
			"bRandomRotation": false,
			"instanceId":
			{
				"guid": "6064630672917464426",
				"typeId": "5111011",
				"name": "None"
			}
		},
		"9":
		{
			"location":
			{
				"x": -739124.60065379611,
				"y": 558165.2482683172,
				"z": 13451.934148890996
			},
			"rotation":
			{
				"pitch": 0,
				"yaw": 119.99999907043605,
				"roll": -0
			},
			"bRandomRotation": false,
			"instanceId":
			{
				"guid": "6064630672923886955",
				"typeId": "5111011",
				"name": "None"
			}
		},
		"10":
		{
			"location":
			{
				"x": -739046.1585947409,
				"y": 558439.20094830764,
				"z": 13440.64776097597
			},
			"rotation":
			{
				"pitch": 0,
				"yaw": 139.99999891550871,
				"roll": -0
			},
			"bRandomRotation": false,
			"instanceId":
			{
				"guid": "6064630672923886955",
				"typeId": "5111011",
				"name": "None"
			}
		},
		"11":
		{
			"location":
			{
				"x": -737230.4226644017,
				"y": 561757.14144375559,
				"z": 13393.787394498826
			},
			"rotation":
			{
				"pitch": -0,
				"yaw": -49.99999961268162,
				"roll": 0
			},
			"bRandomRotation": false,
			"instanceId":
			{
				"guid": "6064630672929916269",
				"typeId": "5111011",
				"name": "None"
			}
		},
		"12":
		{
			"location":
			{
				"x": -737601.13982296863,
				"y": 561559.62180989829,
				"z": 13338.240273156496
			},
			"rotation":
			{
				"pitch": -0,
				"yaw": -49.99999961268162,
				"roll": 0
			},
			"bRandomRotation": false,
			"instanceId":
			{
				"guid": "6064630672929916269",
				"typeId": "5111011",
				"name": "None"
			}
		},
		"13":
		{
			"location":
			{
				"x": -737909.03962136095,
				"y": 561290.3869721659,
				"z": 13350.689181574813
			},
			"rotation":
			{
				"pitch": -0,
				"yaw": -49.99999961268162,
				"roll": 0
			},
			"bRandomRotation": false,
			"instanceId":
			{
				"guid": "6064630672929916269",
				"typeId": "5111011",
				"name": "None"
			}
		},
		"14":
		{
			"location":
			{
				"x": -738501.74965500017,
				"y": 558265.62720597198,
				"z": 13388.844095548267
			},
			"rotation":
			{
				"pitch": 0,
				"yaw": 69.999999457754313,
				"roll": -0
			},
			"bRandomRotation": false,
			"instanceId":
			{
				"guid": "6064630672945579376",
				"typeId": "5111011",
				"name": "None"
			}
		},
		"15":
		{
			"location":
			{
				"x": -734760.14192631794,
				"y": 558186.96366797201,
				"z": 13362.661256517229
			},
			"rotation":
			{
				"pitch": 0,
				"yaw": 0,
				"roll": 0
			},
			"bRandomRotation": false,
			"instanceId":
			{
				"guid": "6064630672945579376",
				"typeId": "5111011",
				"name": "None"
			}
		},
		"16":
		{
			"location":
			{
				"x": -735935.43660622614,
				"y": 557930.97612745559,
				"z": 13376.466517379769
			},
			"rotation":
			{
				"pitch": -0,
				"yaw": -29.999999767609047,
				"roll": 0
			},
			"bRandomRotation": false,
			"instanceId":
			{
				"guid": "6064630672945579376",
				"typeId": "5111011",
				"name": "None"
			}
		},
		"17":
		{
			"location":
			{
				"x": -734988.1756475548,
				"y": 557920.41515124461,
				"z": 13346.423663113677
			},
			"rotation":
			{
				"pitch": -0,
				"yaw": -59.999999535218073,
				"roll": 0
			},
			"bRandomRotation": false,
			"instanceId":
			{
				"guid": "6064630672945579376",
				"typeId": "5111011",
				"name": "None"
			}
		},
		"18":
		{
			"location":
			{
				"x": -735388.37385816488,
				"y": 557502.93134727143,
				"z": 13329.79879611917
			},
			"rotation":
			{
				"pitch": -0,
				"yaw": -49.999999612681727,
				"roll": 0
			},
			"bRandomRotation": false,
			"instanceId":
			{
				"guid": "6064630672945579376",
				"typeId": "5111011",
				"name": "None"
			}
		},
		"19":
		{
			"location":
			{
				"x": -736519.81167298486,
				"y": 556751.72886831569,
				"z": 13287.784005206564
			},
			"rotation":
			{
				"pitch": -0,
				"yaw": -69.999999457754242,
				"roll": 0
			},
			"bRandomRotation": false,
			"instanceId":
			{
				"guid": "6064630672945579376",
				"typeId": "5111011",
				"name": "None"
			}
		},
		"20":
		{
			"location":
			{
				"x": -737219.27185599669,
				"y": 561433.35862936778,
				"z": 13328.298833900808
			},
			"rotation":
			{
				"pitch": 0,
				"yaw": 0,
				"roll": 0
			},
			"bRandomRotation": false,
			"instanceId":
			{
				"guid": "6064630672945579376",
				"typeId": "5111011",
				"name": "None"
			}
		},
		"21":
		{
			"location":
			{
				"x": -735834.35578119918,
				"y": 560280.12611622445,
				"z": 14453.500428289895
			},
			"rotation":
			{
				"pitch": 0,
				"yaw": 0,
				"roll": 0
			},
			"bRandomRotation": false,
			"instanceId":
			{
				"guid": "6064630672945579376",
				"typeId": "5111011",
				"name": "None"
			}
		},
		"22":
		{
			"location":
			{
				"x": -735834.35578119918,
				"y": 560280.12611622445,
				"z": 14453.500428289895
			},
			"rotation":
			{
				"pitch": 0,
				"yaw": 0,
				"roll": 0
			},
			"bRandomRotation": false,
			"instanceId":
			{
				"guid": "6064630672945579376",
				"typeId": "5111011",
				"name": "None"
			}
		},
		"23":
		{
			"location":
			{
				"x": -737563.10342863225,
				"y": 561289.68032187934,
				"z": 13325.07738442938
			},
			"rotation":
			{
				"pitch": -0,
				"yaw": -59.999999535218009,
				"roll": 0
			},
			"bRandomRotation": false,
			"instanceId":
			{
				"guid": "6064630672945579376",
				"typeId": "5111011",