{
	"populationInstancesMap":
	{
		"1":
		{
			"location":
			{
				"x": 21.370204162004484,
				"y": -85.10607938581461,
				"z": 95.999994904683859
			},
			"rotation":
			{
				"pitch": 0,
				"yaw": 99.999999225363339,
				"roll": 0
			},
			"bRandomRotation": false,
			"instanceId":
			{
				"guid": "6064633769868985694",
				"typeId": "5111011",
				"name": "None"
			}
		},
		"2":
		{
			"location":
			{
				"x": -387.2416024598233,
				"y": -255.39670753468749,
				"z": 95.999977432214592
			},
			"rotation":
			{
				"pitch": 0,
				"yaw": 0,
				"roll": -0
			},
			"bRandomRotation": false,
			"instanceId":
			{
				"guid": "6064633769886811487",
				"typeId": "5111011",
				"name": "None"
			}
		},
		"3":
		{
			"location":
			{
				"x": -118.04630800790619,
				"y": -552.76928519849844,
				"z": 95.999956670300463
			},
			"rotation":
			{
				"pitch": 0,
				"yaw": 39.999999690145373,
				"roll": 0
			},
			"bRandomRotation": false,
			"instanceId":
			{
				"guid": "6064633769887532384",
				"typeId": "5111011",
				"name": "None"
			}
		},
		"4":
		{
			"location":
			{
				"x": -287.80860334528097,
				"y": 219.83224075896669,
				"z": 96.00000826206886
			},
			"rotation":
			{
				"pitch": 0,
				"yaw": -39.999999690145394,
				"roll": 0
			},
			"bRandomRotation": false,
			"instanceId":
			{
				"guid": "6064633769888646497",
				"typeId": "5111011",
				"name": "None"
			}
		},
		"5":
		{
			"location":
			{
				"x": 370.93570299270596,
				"y": -468.2663973141548,
				"z": 95.999981386566589
			},
			"rotation":
			{
				"pitch": 0,
				"yaw": 109.9999991478997,
				"roll": 0
			},
			"bRandomRotation": false,
			"instanceId":
			{
				"guid": "6064633769890612578",
				"typeId": "5111011",
				"name": "None"
			}
		},
		"6":
		{
			"location":
			{
				"x": 172.12784717323484,
				"y": 322.97037230127853,
				"z": 95.999963740696131
			},
			"rotation":
			{
				"pitch": 0,
				"yaw": -109.9999991478996,
				"roll": 0
			},
			"bRandomRotation": false,
			"instanceId":
			{
				"guid": "6064633769891333475",
				"typeId": "5111011",
				"name": "None"
			}
		},
		"7":
		{
			"location":
			{
				"x": 516.5779273137241,
				"y": -17.937482949923378,
				"z": 96.000008657471909
			},
			"rotation":
			{
				"pitch": 0,
				"yaw": 169.99999868311784,
				"roll": 0
			},
			"bRandomRotation": false,
			"instanceId":
			{
				"guid": "6064633769892316516",
				"typeId": "5111011",
				"name": "None"
			}
		}
	},
	"filterOverrideId":
	{
		"guid": "0",
		"typeId": "5111003",
		"name": "None"
	},
	"populationAreaId":
	{
		"guid": "0",
		"typeId": "5171420",
		"name": "None"
	},
	"timedDespawnId":
	{
		"guid": "0",
		"typeId": "5882300",
		"name": "None"
	},
	"overrideActivationRange": 0,
	"gameplayTags":
	{
		"gameplayTags": [],
		"parentTags": []
	},
	"alignmentOverridesIds": [],
	"guid": "6064633769855944027",
	"name": "VHL_EVT_EmbattledDwarf_Stage01",
	"typeId": "5111005"
}