{
	"populationInstancesMap":
	{
		"1":
		{
			"location":
			{
				"x": -2904.8358373279916,
				"y": 736.43385726161068,
				"z": -18690.13668090192
			},
			"rotation":
			{
				"pitch": 0,
				"yaw": 0,
				"roll": 0
			},
			"bRandomRotation": false,
			"instanceId":
			{
				"guid": "6064631583997100113",
				"typeId": "5111011",
				"name": "None"
			}
		},
		"2":
		{
			"location":
			{
				"x": -2902.9721209846903,
				"y": 504.8239332557423,
				"z": -18690.13668090192
			},
			"rotation":
			{
				"pitch": 0,
				"yaw": 69.999999457754143,
				"roll": -0
			},
			"bRandomRotation": false,
			"instanceId":
			{
				"guid": "6064631584000639058",
				"typeId": "5111011",
				"name": "None"
			}
		},
		"3":
		{
			"location":
			{
				"x": -3904.8358373279916,
				"y": -1193.5661427383893,
				"z": -18690.13668090192
			},
			"rotation":
			{
				"pitch": 0,
				"yaw": 0,
				"roll": 0
			},
			"bRandomRotation": false,
			"instanceId":
			{
				"guid": "6064631583997100113",
				"typeId": "5111011",
				"name": "None"
			}
		},
		"4":
		{
			"location":
			{
				"x": -644.83583732799161,
				"y": 86.433857261610683,
				"z": -18740.136687713446
			},
			"rotation":
			{
				"pitch": -0,
				"yaw": -139.9999989155088,
				"roll": 0
			},
			"bRandomRotation": false,
			"instanceId":
			{
				"guid": "6064631583997100113",
				"typeId": "5111011",
				"name": "None"
			}
		},
		"5":
		{
			"location":
			{
				"x": -4507.1572657602374,
				"y": -1323.4278189544566,
				"z": -18690.136722959629
			},
			"rotation":
			{
				"pitch": 0,
				"yaw": 8.8817841970012523e-15,
				"roll": -0
			},
			"bRandomRotation": false,
			"instanceId":
			{
				"guid": "6064631584003522645",
				"typeId": "5111011",
				"name": "None"
			}
		},
		"6":
		{
			"location":
			{
				"x": -4287.1572514021536,
				"y": -1033.4278316090931,
				"z": -18690.136722959629
			},
			"rotation":
			{
				"pitch": -0,
				"yaw": -89.999999302826836,
				"roll": 0
			},
			"bRandomRotation": false,
			"instanceId":
			{
				"guid": "6064631583983272010",
				"typeId": "5111011",
				"name": "None"
			}
		},
		"7":
		{
			"location":
			{
				"x": -1077.1572706273291,
				"y": 756.57218311406905,
				"z": -18690.136722959629
			},
			"rotation":
			{
				"pitch": -0,
				"yaw": -89.999999302827348,
				"roll": 0
			},
			"bRandomRotation": false,
			"instanceId":
			{
				"guid": "6064631584003522645",
				"typeId": "5111011",
				"name": "None"
			}
		},
		"8":
		{
			"location":
			{
				"x": -1232.6946474582655,
				"y": 624.41214022313943,
				"z": -18740.136683994788
			},
			"rotation":
			{
				"pitch": 0,
				"yaw": 29.999999767608863,
				"roll": -0
			},
			"bRandomRotation": false,
			"instanceId":
			{
				"guid": "6064631584005816408",
				"typeId": "5111011",
				"name": "None"
			}
		},
		"9":
		{
			"location":
			{
				"x": -2662.3777491822839,
				"y": 734.66158924542833,
				"z": -18690.136701653704
			},
			"rotation":
			{
				"pitch": -0,
				"yaw": -140.0000017042006,
				"roll": 0
			},
			"bRandomRotation": false,
			"instanceId":
			{
				"guid": "6064631584006602841",
				"typeId": "5111011",
				"name": "None"
			}
		},
		"10":
		{
			"location":
			{
				"x": -811.67259243701119,
				"y": 64.035862693388481,
				"z": -18690.136701653704
			},
			"rotation":
			{
				"pitch": -0,
				"yaw": -89.999999302826964,
				"roll": 0
			},
			"bRandomRotation": false,
			"instanceId":
			{
				"guid": "6064631584006602841",
				"typeId": "5111011",
				"name": "None"
			}
		}
	},
	"filterOverrideId":
	{
		"guid": "6064633585865588736",
		"typeId": "5111003",
		"name": "None"
	},
	"populationAreaId":
	{
		"guid": "0",
		"typeId": "5171420",
		"name": "None"
	},
	"timedDespawnId":
	{
		"guid": "0",
		"typeId": "5882300",
		"name": "None"
	},
	"overrideActivationRange": 0,
	"gameplayTags":
	{
		"gameplayTags": [],
		"parentTags": []
	},
	"alignmentOverridesIds": [],
	"guid": "6064631583997100112",
	"name": "PopSet_CSB_Forsaken_Blades_Center_Int_02",
	"typeId": "5111005"
}