{
	"populationInstancesMap":
	{
		"1":
		{
			"location":
			{
				"x": -6312.3893962075235,
				"y": 11480.263217975385,
				"z": 49.202303006179136
			},
			"rotation":
			{
				"pitch": 0,
				"yaw": 0,
				"roll": 0
			},
			"bRandomRotation": false,
			"instanceId":
			{
				"guid": "6064631793327865858",
				"typeId": "5111011",
				"name": "None"
			}
		},
		"2":
		{
			"location":
			{
				"x": -7020.4982787828194,
				"y": 10953.782629446301,
				"z": 49.20230299999821
			},
			"rotation":
			{
				"pitch": -0,
				"yaw": -119.99999907043605,
				"roll": 0
			},
			"bRandomRotation": false,
			"instanceId":
			{
				"guid": "6064631793362862083",
				"typeId": "5111011",
				"name": "None"
			}
		},
		"3":
		{
			"location":
			{
				"x": -6520.3267605978763,
				"y": 11588.309076894366,
				"z": 49.173098653136549
			},
			"rotation":
			{
				"pitch": 0,
				"yaw": 59.999999535218009,
				"roll": -0
			},
			"bRandomRotation": false,
			"instanceId":
			{
				"guid": "6064631793377280004",
				"typeId": "5111011",
				"name": "None"
			}
		},
		"4":
		{
			"location":
			{
				"x": -2786.4820858754683,
				"y": 8969.2687427182682,
				"z": 58.496681796637858
			},
			"rotation":
			{
				"pitch": 0,
				"yaw": 0,
				"roll": -0
			},
			"bRandomRotation": false,
			"instanceId":
			{
				"guid": "6064631793381474309",
				"typeId": "5111011",
				"name": "None"
			}
		},
		"5":
		{
			"location":
			{
				"x": -3112.3893962075235,
				"y": 8710.2632179753855,
				"z": 49.202303006179136
			},
			"rotation":
			{
				"pitch": -0,
				"yaw": -159.99999876058146,
				"roll": 0
			},
			"bRandomRotation": false,
			"instanceId":
			{
				"guid": "6064631793382719494",
				"typeId": "5111011",
				"name": "None"
			}
		},
		"6":
		{
			"location":
			{
				"x": -2721.138702083379,
				"y": 8863.3086176041979,
				"z": 49.202303006179136
			},
			"rotation":
			{
				"pitch": 0,
				"yaw": 110.00000193659156,
				"roll": -0
			},
			"bRandomRotation": false,
			"instanceId":
			{
				"guid": "6064631793383899143",
				"typeId": "5111011",
				"name": "None"
			}
		},
		"7":
		{
			"location":
			{
				"x": -2583.3979231070261,
				"y": 8221.726605849748,
				"z": 49.29285710773911
			},
			"rotation":
			{
				"pitch": 0,
				"yaw": 110.00000193659159,
				"roll": -0
			},
			"bRandomRotation": false,
			"instanceId":
			{
				"guid": "6064631793387110408",
				"typeId": "5111011",
				"name": "None"
			}
		},
		"8":
		{
			"location":
			{
				"x": -2806.3676267305855,
				"y": 8161.8558177642408,
				"z": 49.29285710773911
			},
			"rotation":
			{
				"pitch": 0,
				"yaw": 110.00000193659159,
				"roll": -0
			},
			"bRandomRotation": false,
			"instanceId":
			{
				"guid": "6064631793388290057",
				"typeId": "5111011",
				"name": "None"
			}
		},
		"9":
		{
			"location":
			{
				"x": 3404.0519893679302,
				"y": 8100.8251154095051,
				"z": 49.29285710773911
			},
			"rotation":
			{
				"pitch": 0,
				"yaw": 30.000002556300903,
				"roll": 0
			},
			"bRandomRotation": false,
			"instanceId":
			{
				"guid": "6064631793413062668",
				"typeId": "5111011",
				"name": "None"
			}
		},
		"10":
		{
			"location":
			{
				"x": 3304.0519893679302,
				"y": 7980.8251154095051,
				"z": 49.29285710773911
			},
			"rotation":
			{
				"pitch": 0,
				"yaw": 110.00000193659159,
				"roll": -0
			},
			"bRandomRotation": false,
			"instanceId":
			{
				"guid": "6064631793327865858",
				"typeId": "5111011",
				"name": "None"
			}
		},
		"11":
		{
			"location":
			{
				"x": 3292.8586751739495,
				"y": 8274.7208617504803,
				"z": 49.29285710773911
			},
			"rotation":
			{
				"pitch": -0,
				"yaw": -149.99999883804517,
				"roll": 0
			},
			"bRandomRotation": false,
			"instanceId":
			{
				"guid": "6064631793415225358",
				"typeId": "5111011",
				"name": "None"
			}
		},
		"12":
		{
			"location":
			{
				"x": 2853.9356224995572,
				"y": 8794.9578787254868,
				"z": 49.29285710773911
			},
			"rotation":
			{
				"pitch": -0,
				"yaw": -49.99999961268167,
				"roll": 0
			},
			"bRandomRotation": false,
			"instanceId":
			{
				"guid": "6064631793327865858",
				"typeId": "5111011",
				"name": "None"
			}
		},
		"13":
		{
			"location":
			{
				"x": 617.07307665236294,
				"y": 8243.7116639042506,
				"z": 89.29285710773911
			},
			"rotation":
			{
				"pitch": -0,
				"yaw": -49.99999961268167,
				"roll": 0
			},
			"bRandomRotation": false,
			"instanceId":
			{
				"guid": "6064631793417715728",
				"typeId": "5111011",
				"name": "None"
			}
		},
		"14":
		{
			"location":
			{
				"x": 2301.438543590717,
				"y": -1312.1731496294378,
				"z": 108.41045431177554
			},
			"rotation":
			{
				"pitch": 0,
				"yaw": 140.00000170420091,
				"roll": -0
			},
			"bRandomRotation": false,
			"instanceId":
			{
				"guid": "6064631793434558482",
				"typeId": "5111011",
				"name": "None"
			}
		},
		"15":
		{
			"location":
			{
				"x": 2172.8810262104962,
				"y": -1465.3820420770789,
				"z": 108.41045431177554
			},
			"rotation":
			{
				"pitch": 0,
				"yaw": 150.00000162673723,
				"roll": -0
			},
			"bRandomRotation": false,
			"instanceId":
			{
				"guid": "6064631793382719494",
				"typeId": "5111011",
				"name": "None"
			}
		},
		"16":
		{
			"location":
			{
				"x": 2744.1950014282484,
				"y": -1575.8371991374297,
				"z": 62.077290914556215
			},
			"rotation":
			{
				"pitch": -0,
				"yaw": -129.99999899297208,
				"roll": 0
			},
			"bRandomRotation": false,
			"instanceId":
			{
				"guid": "6064631793446748180",
				"typeId": "5111011",
				"name": "None"
			}
		},
		"17":
		{
			"location":
			{
				"x": 2622.0653616877971,
				"y": -1721.3856484486023,
				"z": 62.077290914556215
			},
			"rotation":
			{
				"pitch": 0,
				"yaw": 50.000002401373926,
				"roll": -0
			},
			"bRandomRotation": false,
			"instanceId":
			{
				"guid": "6064631793446748180",
				"typeId": "5111011",
				"name": "None"
			}
		},
		"18":
		{
			"location":
			{
				"x": -13861.141416975879,
				"y": -1279.9538399971207,
				"z": 49.152799850100564
			},
			"rotation":
			{
				"pitch": 0,
				"yaw": 50.000002401373933,
				"roll": 0
			},
			"bRandomRotation": false,
			"instanceId":
			{
				"guid": "6064631793446748180",
				"typeId": "5111011",
				"name": "None"
			}
		},
		"19":
		{
			"location":
			{
				"x": -12752.926923347637,
				"y": 6603.7116639042506,
				"z": 58.544330398752209
			},
			"rotation":
			{
				"pitch": -0,
				"yaw": -49.99999961268167,
				"roll": 0
			},
			"bRandomRotation": false,
			"instanceId":
			{
				"guid": "6064631793473814553",
				"typeId": "5111011",
				"name": "None"
			}
		},
		"20":
		{
			"location":
			{
				"x": -12972.926923347637,
				"y": 6513.7116639042506,
				"z": 73.966571609689709
			},
			"rotation":
			{
				"pitch": -0,
				"yaw": -49.99999961268167,
				"roll": 0
			},
			"bRandomRotation": false,
			"instanceId":
			{
				"guid": "6064631793475780634",
				"typeId": "5111011",
				"name": "None"
			}
		},
		"21":
		{
			"location":
			{
				"x": -10648.302726941998,
				"y": 8304.1782156079425,
				"z": 49.179129708496475
			},
			"rotation":
			{
				"pitch": -0,
				"yaw": -89.999999302827177,
				"roll": 0
			},
			"bRandomRotation": false,
			"instanceId":
			{
				"guid": "6064631793327865858",
				"typeId": "5111011",
				"name": "None"
			}
		},
		"22":
		{
			"location":
			{
				"x": -10633.302731322241,
				"y": 8684.1782156079425,
				"z": 49.179129708496475
			},
			"rotation":
			{
				"pitch": 0,
				"yaw": 89.999999302826922,
				"roll": 0
			},
			"bRandomRotation": false,
			"instanceId":
			{
				"guid": "6064631793327865858",
				"typeId": "5111011",
				"name": "None"
			}
		},
		"23":
		{
			"location":
			{
				"x": -10648.302731322241,
				"y": 8179.1782156079425,
				"z": 49.179129708496475
			},
			"rotation":
			{
				"pitch": 0,
				"yaw": 89.999999302826922,
				"roll": 0
			},
			"bRandomRotation": false,