{
	"populationInstancesMap":
	{
		"1":
		{
			"location":
			{
				"x": 23436.967962386319,
				"y": 10267.239063687855,
				"z": -3954.143071832621
			},
			"rotation":
			{
				"pitch": 0,
				"yaw": 139.99999891550854,
				"roll": 0
			},
			"bRandomRotation": false,
			"instanceId":
			{
				"guid": "6064632354889269251",
				"typeId": "5111011",
				"name": "None"
			}
		},
		"2":
		{
			"location":
			{
				"x": 23224.791469783289,
				"y": 13433.582613279228,
				"z": -3895.5869355655286
			},
			"rotation":
			{
				"pitch": 0,
				"yaw": 0,
				"roll": -0
			},
			"bRandomRotation": false,
			"instanceId":
			{
				"guid": "6064632354889269251",
				"typeId": "5111011",
				"name": "None"
			}
		},
		"3":
		{
			"location":
			{
				"x": 24264.791469783289,
				"y": 16393.582613279228,
				"z": -3177.1389702151919
			},
			"rotation":
			{
				"pitch": 0,
				"yaw": 39.999999690145373,
				"roll": 0
			},
			"bRandomRotation": false,
			"instanceId":
			{
				"guid": "6064632354911748101",
				"typeId": "5111011",
				"name": "None"
			}
		},
		"4":
		{
			"location":
			{
				"x": 22604.791469783289,
				"y": 15423.582613279228,
				"z": -3609.7348000430702
			},
			"rotation":
			{
				"pitch": 0,
				"yaw": -159.99999876058115,
				"roll": 0
			},
			"bRandomRotation": false,
			"instanceId":
			{
				"guid": "6064632354889269251",
				"typeId": "5111011",
				"name": "None"
			}
		},
		"5":
		{
			"location":
			{
				"x": 22160.476720348466,
				"y": 18486.323934943299,
				"z": -3770.6115760562589
			},
			"rotation":
			{
				"pitch": 0,
				"yaw": 10.000002711228714,
				"roll": 0
			},
			"bRandomRotation": false,
			"instanceId":
			{
				"guid": "6064632354911748101",
				"typeId": "5111011",
				"name": "None"
			}
		},
		"6":
		{
			"location":
			{
				"x": 21060.309895657352,
				"y": 14755.019477003487,
				"z": -3979.2466850040128
			},
			"rotation":
			{
				"pitch": 0,
				"yaw": -109.99999914789935,
				"roll": 0
			},
			"bRandomRotation": false,
			"instanceId":
			{
				"guid": "6064632354889269251",
				"typeId": "5111011",
				"name": "None"
			}
		},
		"7":
		{
			"location":
			{
				"x": 19974.791469783289,
				"y": 10763.582613279228,
				"z": -3977.4558541202186
			},
			"rotation":
			{
				"pitch": 0,
				"yaw": -139.99999891550851,
				"roll": 0
			},
			"bRandomRotation": false,
			"instanceId":
			{
				"guid": "6064632354889269251",
				"typeId": "5111011",
				"name": "None"
			}
		},
		"8":
		{
			"location":
			{
				"x": 18624.537075048545,
				"y": 14758.300693741767,
				"z": -3964.0118781253532
			},
			"rotation":
			{
				"pitch": 0,
				"yaw": 100.00000201405574,
				"roll": 0
			},
			"bRandomRotation": false,
			"instanceId":
			{
				"guid": "6064632354889269251",
				"typeId": "5111011",
				"name": "None"
			}
		},
		"9":
		{
			"location":
			{
				"x": 18589.69195493462,
				"y": 18587.116981190862,
				"z": -3949.7791273685198
			},
			"rotation":
			{
				"pitch": 0,
				"yaw": -139.99999891550831,
				"roll": 0
			},
			"bRandomRotation": false,
			"instanceId":
			{
				"guid": "6064632354889269251",
				"typeId": "5111011",
				"name": "None"
			}
		},
		"10":
		{
			"location":
			{
				"x": 20633.188132698648,
				"y": 19714.380646649282,
				"z": -3742.8054395145209
			},
			"rotation":
			{
				"pitch": 0,
				"yaw": -139.99999891550831,
				"roll": 0
			},
			"bRandomRotation": false,
			"instanceId":
			{
				"guid": "6064632354889269251",
				"typeId": "5111011",
				"name": "None"
			}
		},
		"11":
		{
			"location":
			{
				"x": 16319.444018864771,
				"y": 13993.389309334452,
				"z": -3924.7402937503557
			},
			"rotation":
			{
				"pitch": 0,
				"yaw": -9.9999971338439764,
				"roll": 0
			},
			"bRandomRotation": false,
			"instanceId":
			{
				"guid": "6064632354889269251",
				"typeId": "5111011",
				"name": "None"
			}
		},
		"12":
		{
			"location":
			{
				"x": 13972.489348790492,
				"y": 11797.574249585625,
				"z": -3699.8853048343426
			},
			"rotation":
			{
				"pitch": 0,
				"yaw": 80.000002168982959,
				"roll": 0
			},
			"bRandomRotation": false,
			"instanceId":
			{
				"guid": "6064632354889269251",
				"typeId": "5111011",
				"name": "None"
			}
		},
		"13":
		{
			"location":
			{
				"x": 17341.030550634838,
				"y": 11782.402846467914,
				"z": -3954.1430173343451
			},
			"rotation":
			{
				"pitch": 0,
				"yaw": 30.000002556301315,
				"roll": 0
			},
			"bRandomRotation": false,
			"instanceId":
			{
				"guid": "6064632354889269251",
				"typeId": "5111011",
				"name": "None"
			}
		},
		"14":
		{
			"location":
			{
				"x": 16825.845197772491,
				"y": 9094.7302376480075,
				"z": -3953.4594609134492
			},
			"rotation":
			{
				"pitch": 0,
				"yaw": -49.999996823989363,
				"roll": 0
			},
			"bRandomRotation": false,
			"instanceId":
			{
				"guid": "6064632354889269251",
				"typeId": "5111011",
				"name": "None"
			}
		},
		"15":
		{
			"location":
			{
				"x": 18420.217111084843,
				"y": 8756.8677377593704,
				"z": -3985.6272182193625
			},
			"rotation":
			{
				"pitch": 0,
				"yaw": 70.000002246446527,
				"roll": 0
			},
			"bRandomRotation": false,
			"instanceId":
			{
				"guid": "6064632354889269251",
				"typeId": "5111011",
				"name": "None"
			}
		},
		"16":
		{
			"location":
			{
				"x": 15792.882134085987,
				"y": 6452.1916890498251,
				"z": -3960.7352954044236
			},
			"rotation":
			{
				"pitch": 0,
				"yaw": 30.000002556301176,
				"roll": 0
			},
			"bRandomRotation": false,
			"instanceId":
			{
				"guid": "6064632354889269251",
				"typeId": "5111011",
				"name": "None"
			}
		},
		"17":
		{
			"location":
			{
				"x": 17312.014911689796,
				"y": 6653.6831512948265,
				"z": -3964.7773134769359
			},
			"rotation":
			{
				"pitch": 0,
				"yaw": 80.000002168982832,
				"roll": 0
			},
			"bRandomRotation": false,
			"instanceId":
			{
				"guid": "6064632354889269251",
				"typeId": "5111011",
				"name": "None"
			}
		},
		"18":
		{
			"location":
			{
				"x": 21053.593342679786,
				"y": 6796.1290875553386,
				"z": -3881.916396521372
			},
			"rotation":
			{
				"pitch": 0,
				"yaw": 130.00000178166442,
				"roll": 0
			},
			"bRandomRotation": false,
			"instanceId":
			{
				"guid": "6064632354889269251",
				"typeId": "5111011",
				"name": "None"
			}
		},
		"19":
		{
			"location":
			{
				"x": 21814.602065586369,
				"y": 8922.8556152633391,
				"z": -3934.5860573612208
			},
			"rotation":
			{
				"pitch": 0,
				"yaw": -49.999996823989697,
				"roll": 0
			},
			"bRandomRotation": false,
			"instanceId":
			{
				"guid": "6064632354889269251",
				"typeId": "5111011",
				"name": "None"
			}
		},
		"20":
		{
			"location":
			{
				"x": 17505.864234628039,
				"y": 4009.8559179083677,
				"z": -3334.5473016727392
			},
			"rotation":
			{
				"pitch": 0,
				"yaw": 80.000002168982832,
				"roll": 0
			},
			"bRandomRotation": false,
			"instanceId":
			{
				"guid": "6064632354889269251",
				"typeId": "5111011",
				"name": "None"
			}
		},
		"21":
		{
			"location":
			{
				"x": 17217.818398585543,
				"y": 5025.3014340922236,
				"z": -3610.0574642978663
			},
			"rotation":
			{
				"pitch": 0,
				"yaw": 20.000002633764755,
				"roll": 0
			},
			"bRandomRotation": false,
			"instanceId":
			{
				"guid": "6064632354889269251",
				"typeId": "5111011",
				"name": "None"
			}
		},
		"22":
		{
			"location":
			{
				"x": 19444.129741987213,
				"y": 5516.3592741112225,
				"z": -3866.5511081943532
			},
			"rotation":
			{
				"pitch": 0,
				"yaw": 110.00000193659177,
				"roll": 0
			},
			"bRandomRotation": false,
			"instanceId":
			{
				"guid": "6064632354889269251",
				"typeId": "5111011",
				"name": "None"
			}
		}
	},
	"filterOverrideId":
	{
		"guid": "0",
		"typeId": "5111003",
		"name": "None"
	},
	"populationAreaId":
	{
		"guid": "0",
		"typeId": "5171420",
		"name": "None"
	},
	"timedDespawnId":
	{
		"guid": "0",
		"typeId": "5882300",