{
	"populationInstancesMap":
	{
		"1":
		{
			"location":
			{
				"x": -3259.1858470165298,
				"y": -49.807917656281461,
				"z": 33.999773628869661
			},
			"rotation":
			{
				"pitch": 0,
				"yaw": 109.99999914789953,
				"roll": 0
			},
			"bRandomRotation": false,
			"instanceId":
			{
				"guid": "6064632026065535317",
				"typeId": "5111011",
				"name": "None"
			}
		},
		"2":
		{
			"location":
			{
				"x": 648.81325969859972,
				"y": -1344.385773704731,
				"z": 38.000069681015702
			},
			"rotation":
			{
				"pitch": 0,
				"yaw": 109.99999914789953,
				"roll": 0
			},
			"bRandomRotation": false,
			"instanceId":
			{
				"guid": "6064632026065535317",
				"typeId": "5111011",
				"name": "None"
			}
		},
		"3":
		{
			"location":
			{
				"x": 1228.7918449541958,
				"y": 634.36360440067165,
				"z": 37.999852294042284
			},
			"rotation":
			{
				"pitch": 0,
				"yaw": 169.99999868311744,
				"roll": 0
			},
			"bRandomRotation": false,
			"instanceId":
			{
				"guid": "6064632026065535317",
				"typeId": "5111011",
				"name": "None"
			}
		},
		"4":
		{
			"location":
			{
				"x": 537.16975943866964,
				"y": 1215.5647395153046,
				"z": 37.99965287422674
			},
			"rotation":
			{
				"pitch": 0,
				"yaw": -80.000002168982917,
				"roll": 0
			},
			"bRandomRotation": false,
			"instanceId":
			{
				"guid": "6064632026065535317",
				"typeId": "5111011",
				"name": "None"
			}
		},
		"5":
		{
			"location":
			{
				"x": -710.5290608889245,
				"y": 1225.3237389365904,
				"z": 38.000414870675741
			},
			"rotation":
			{
				"pitch": 0,
				"yaw": -80.000002168982917,
				"roll": 0
			},
			"bRandomRotation": false,
			"instanceId":
			{
				"guid": "6064632026065535317",
				"typeId": "5111011",
				"name": "None"
			}
		},
		"6":
		{
			"location":
			{
				"x": -1347.3055512344672,
				"y": 624.062857302878,
				"z": 37.999719429399192
			},
			"rotation":
			{
				"pitch": 0,
				"yaw": 9.9999971338442268,
				"roll": 0
			},
			"bRandomRotation": false,
			"instanceId":
			{
				"guid": "6064632026065535317",
				"typeId": "5111011",
				"name": "None"
			}
		},
		"7":
		{
			"location":
			{
				"x": -1388.6378593764584,
				"y": -389.93104176986981,
				"z": 38.000187581870705
			},
			"rotation":
			{
				"pitch": 0,
				"yaw": 9.9999971338442268,
				"roll": 0
			},
			"bRandomRotation": false,
			"instanceId":
			{
				"guid": "6064632026065535317",
				"typeId": "5111011",
				"name": "None"
			}
		},
		"8":
		{
			"location":
			{
				"x": -814.74527814614521,
				"y": -1374.8765247328588,
				"z": 38.000092386311735
			},
			"rotation":
			{
				"pitch": 0,
				"yaw": 89.999996514134807,
				"roll": 0
			},
			"bRandomRotation": false,
			"instanceId":
			{
				"guid": "6064632026065535317",
				"typeId": "5111011",
				"name": "None"
			}
		}
	},
	"filterOverrideId":
	{
		"guid": "0",
		"typeId": "5111003",
		"name": "None"
	},
	"populationAreaId":
	{
		"guid": "0",
		"typeId": "5171420",
		"name": "None"
	},
	"timedDespawnId":
	{
		"guid": "0",
		"typeId": "5882300",
		"name": "None"
	},
	"overrideActivationRange": 0,
	"gameplayTags":
	{
		"gameplayTags": [],
		"parentTags": []
	},
	"alignmentOverridesIds": [],
	"guid": "6064632026064683347",
	"name": "Event_Benchmark_Test_KillTest_Spawn_Trigger_PopulationSet",
	"typeId": "5111005"
}