{
	"populationInstancesMap":
	{
		"2":
		{
			"location":
			{
				"x": 1209.010064287344,
				"y": 339.46172206150368,
				"z": 18.793066393151094
			},
			"rotation":
			{
				"pitch": 0,
				"yaw": -119.99999907043596,
				"roll": 0
			},
			"bRandomRotation": false,
			"instanceId":
			{
				"guid": "6064633623208001773",
				"typeId": "5111011",
				"name": "None"
			}
		},
		"3":
		{
			"location":
			{
				"x": 445.26094158622436,
				"y": 886.31453262758441,
				"z": 18.792878803389613
			},
			"rotation":
			{
				"pitch": 0,
				"yaw": -59.999999535217782,
				"roll": 0
			},
			"bRandomRotation": false,
			"instanceId":
			{
				"guid": "6064633623297786094",
				"typeId": "5111011",
				"name": "None"
			}
		},
		"4":
		{
			"location":
			{
				"x": -584.73905841377564,
				"y": -1063.6854673724156,
				"z": 141.62365965055506
			},
			"rotation":
			{
				"pitch": 0,
				"yaw": 29.999999767609037,
				"roll": 0
			},
			"bRandomRotation": false,
			"instanceId":
			{
				"guid": "6064633623297786094",
				"typeId": "5111011",
				"name": "None"
			}
		},
		"5":
		{
			"location":
			{
				"x": 1551.8183948172955,
				"y": -365.13497970078606,
				"z": 15.647175448963026
			},
			"rotation":
			{
				"pitch": 0,
				"yaw": 159.99999876058135,
				"roll": 0
			},
			"bRandomRotation": false,
			"instanceId":
			{
				"guid": "6064633623303094511",
				"typeId": "5111011",
				"name": "None"
			}
		},
		"6":
		{
			"location":
			{
				"x": 1481.8183948172955,
				"y": -755.13497970078606,
				"z": 14.402989865464406
			},
			"rotation":
			{
				"pitch": 0,
				"yaw": 159.99999876058135,
				"roll": 0
			},
			"bRandomRotation": false,
			"instanceId":
			{
				"guid": "6064633623303094511",
				"typeId": "5111011",
				"name": "None"
			}
		},
		"1":
		{
			"location":
			{
				"x": -988.18160518270452,
				"y": 204.86502029921394,
				"z": -3.5451073635395005
			},
			"rotation":
			{
				"pitch": 0,
				"yaw": -2.2737367544323201e-13,
				"roll": 0
			},
			"bRandomRotation": false,
			"instanceId":
			{
				"guid": "6064633623303094511",
				"typeId": "5111011",
				"name": "None"
			}
		},
		"7":
		{
			"location":
			{
				"x": -418.18160518270452,
				"y": 874.86502029921394,
				"z": 3.1252807223954733
			},
			"rotation":
			{
				"pitch": 0,
				"yaw": -59.999999535218009,
				"roll": 0
			},
			"bRandomRotation": false,
			"instanceId":
			{
				"guid": "6064633623303094511",
				"typeId": "5111011",
				"name": "None"
			}
		}
	},
	"filterOverrideId":
	{
		"guid": "0",
		"typeId": "5111003",
		"name": "None"
	},
	"populationAreaId":
	{
		"guid": "0",
		"typeId": "5171420",
		"name": "None"
	},
	"timedDespawnId":
	{
		"guid": "0",
		"typeId": "5882300",
		"name": "None"
	},
	"overrideActivationRange": 0,
	"gameplayTags":
	{
		"gameplayTags": [],
		"parentTags": []
	},
	"alignmentOverridesIds": [],
	"guid": "6064633623183098091",
	"name": "EVT_RVR_0001_AbandonedAmbush_Wave1_PopulationSet",
	"typeId": "5111005"
}