{
	"populationInstancesMap":
	{
		"1":
		{
			"location":
			{
				"x": 11493.856527847005,
				"y": -16013.81350487913,
				"z": 377.05102237072424
			},
			"rotation":
			{
				"pitch": 0,
				"yaw": 69.999999457754271,
				"roll": 0
			},
			"bRandomRotation": false,
			"instanceId":
			{
				"guid": "6064632099807952910",
				"typeId": "5111011",
				"name": "None"
			}
		},
		"2":
		{
			"location":
			{
				"x": 11373.793129141675,
				"y": -21296.319094775361,
				"z": 661.30043218212813
			},
			"rotation":
			{
				"pitch": 0,
				"yaw": 109.99999914789966,
				"roll": 0
			},
			"bRandomRotation": false,
			"instanceId":
			{
				"guid": "6064632100083662863",
				"typeId": "5111011",
				"name": "None"
			}
		},
		"3":
		{
			"location":
			{
				"x": 14180.342667877208,
				"y": -16939.569146138034,
				"z": 823.89018056469649
			},
			"rotation":
			{
				"pitch": 0,
				"yaw": 49.999999612681648,
				"roll": 0
			},
			"bRandomRotation": false,
			"instanceId":
			{
				"guid": "6064632105520922632",
				"typeId": "5111011",
				"name": "None"
			}
		},
		"4":
		{
			"location":
			{
				"x": 18236.491359750275,
				"y": -20851.865110338433,
				"z": 823.89018056469649
			},
			"rotation":
			{
				"pitch": 0,
				"yaw": 19.999999845072715,
				"roll": -0
			},
			"bRandomRotation": false,
			"instanceId":
			{
				"guid": "6064632105520922632",
				"typeId": "5111011",
				"name": "None"
			}
		},
		"5":
		{
			"location":
			{
				"x": 17337.567405203241,
				"y": -21094.294893134967,
				"z": 863.46626668695899
			},
			"rotation":
			{
				"pitch": 0,
				"yaw": 109.99999914789987,
				"roll": 0
			},
			"bRandomRotation": false,
			"instanceId":
			{
				"guid": "6064632105523019786",
				"typeId": "5111011",
				"name": "None"
			}
		},
		"6":
		{
			"location":
			{
				"x": 12613.297684034333,
				"y": -18515.124246641295,
				"z": 900.84870842976852
			},
			"rotation":
			{
				"pitch": 0,
				"yaw": 109.99999914789987,
				"roll": 0
			},
			"bRandomRotation": false,
			"instanceId":
			{
				"guid": "6064632354673001362",
				"typeId": "5111011",
				"name": "None"
			}
		},
		"7":
		{
			"location":
			{
				"x": 10483.249433442135,
				"y": -18524.591798189795,
				"z": 654.45619133992477
			},
			"rotation":
			{
				"pitch": 0,
				"yaw": 19.999999845072864,
				"roll": 0
			},
			"bRandomRotation": false,
			"instanceId":
			{
				"guid": "6064632354673001362",
				"typeId": "5111011",
				"name": "None"
			}
		},
		"8":
		{
			"location":
			{
				"x": 9668.6750546015101,
				"y": -19774.989174986258,
				"z": 722.27514817574411
			},
			"rotation":
			{
				"pitch": 0,
				"yaw": 179.99999860565424,
				"roll": 0
			},
			"bRandomRotation": false,
			"instanceId":
			{
				"guid": "6064632100083662863",
				"typeId": "5111011",
				"name": "None"
			}
		},
		"9":
		{
			"location":
			{
				"x": 17153.55281601334,
				"y": -16713.501661005779,
				"z": 776.39154245388818
			},
			"rotation":
			{
				"pitch": 0,
				"yaw": 139.9999989155088,
				"roll": 0
			},
			"bRandomRotation": false,
			"instanceId":
			{
				"guid": "6064632105528918030",
				"typeId": "5111011",
				"name": "None"
			}
		},
		"10":
		{
			"location":
			{
				"x": 15097.088265395723,
				"y": -16675.467429508339,
				"z": 697.44087025674162
			},
			"rotation":
			{
				"pitch": 0,
				"yaw": 119.9999990704363,
				"roll": 0
			},
			"bRandomRotation": false,
			"instanceId":
			{
				"guid": "6064632105677422652",
				"typeId": "5111011",
				"name": "None"
			}
		},
		"11":
		{
			"location":
			{
				"x": 13409.819985911483,
				"y": -16135.338898318238,
				"z": 440.78907246146628
			},
			"rotation":
			{
				"pitch": 0,
				"yaw": 144.99999887677708,
				"roll": 0
			},
			"bRandomRotation": false,
			"instanceId":
			{
				"guid": "6064632105676177467",
				"typeId": "5111011",
				"name": "None"
			}
		},
		"12":
		{
			"location":
			{
				"x": 11921.491359750275,
				"y": 18893.134889661567,
				"z": -1626.5477518571861
			},
			"rotation":
			{
				"pitch": -0,
				"yaw": -170.00000147180944,
				"roll": 0
			},
			"bRandomRotation": false,
			"instanceId":
			{
				"guid": "6064632105677422652",
				"typeId": "5111011",
				"name": "None"
			}
		},
		"13":
		{
			"location":
			{
				"x": 12161.491359750275,
				"y": 18488.134889661567,
				"z": -1710.0173097551378
			},
			"rotation":
			{
				"pitch": -0,
				"yaw": -130.00000178166408,
				"roll": 0
			},
			"bRandomRotation": false,
			"instanceId":
			{
				"guid": "6064632105680109629",
				"typeId": "5111011",
				"name": "None"
			}
		},
		"14":
		{
			"location":
			{
				"x": 12353.80732960999,
				"y": -20269.243208642118,
				"z": 871.57205603429247
			},
			"rotation":
			{
				"pitch": 0,
				"yaw": 24.999999806341012,
				"roll": 0
			},
			"bRandomRotation": false,
			"instanceId":
			{
				"guid": "6064632354673001362",
				"typeId": "5111011",
				"name": "None"
			}
		},
		"15":
		{
			"location":
			{
				"x": 11513.286456003087,
				"y": -17507.650959428749,
				"z": 654.19005001875303
			},
			"rotation":
			{
				"pitch": 0,
				"yaw": 59.999999535218201,
				"roll": 0
			},
			"bRandomRotation": false,
			"instanceId":
			{
				"guid": "6064632105677422652",
				"typeId": "5111011",
				"name": "None"
			}
		},
		"16":
		{
			"location":
			{
				"x": 12221.581793113728,
				"y": -18184.926954978378,
				"z": 712.3679663651219
			},
			"rotation":
			{
				"pitch": 0,
				"yaw": 64.99999949648641,
				"roll": 0
			},
			"bRandomRotation": false,
			"instanceId":
			{
				"guid": "6064632354677785492",
				"typeId": "5111011",
				"name": "None"
			}
		},
		"17":
		{
			"location":
			{
				"x": 10115.435421421309,
				"y": -13804.846423745155,
				"z": 87.871709528924839
			},
			"rotation":
			{
				"pitch": 0,
				"yaw": 69.999999457754271,
				"roll": 0
			},
			"bRandomRotation": false,
			"instanceId":
			{
				"guid": "6064632099807952910",
				"typeId": "5111011",
				"name": "None"
			}
		},
		"18":
		{
			"location":
			{
				"x": 9886.5662420517765,
				"y": -15270.647809849121,
				"z": 427.05970637103383
			},
			"rotation":
			{
				"pitch": 0,
				"yaw": 69.999999457754271,
				"roll": 0
			},
			"bRandomRotation": false,
			"instanceId":
			{
				"guid": "6064632393654534145",
				"typeId": "5111011",
				"name": "None"
			}
		},
		"19":
		{
			"location":
			{
				"x": 12550.67917370447,
				"y": 33993.72271871299,
				"z": 418.88676823749483
			},
			"rotation":
			{
				"pitch": 0,
				"yaw": 69.999999457754271,
				"roll": 0
			},
			"bRandomRotation": false,
			"instanceId":
			{
				"guid": "6064632393657024514",
				"typeId": "5111011",
				"name": "None"
			}
		},
		"20":
		{
			"location":
			{
				"x": 16503.671195416828,
				"y": 29018.253173322999,
				"z": 628.44740224673842
			},
			"rotation":
			{
				"pitch": 0,
				"yaw": 69.999999457754271,
				"roll": 0
			},
			"bRandomRotation": false,
			"instanceId":
			{
				"guid": "6064632393658662915",
				"typeId": "5111011",
				"name": "None"
			}
		},
		"21":
		{
			"location":
			{
				"x": 15846.733224652708,
				"y": 28359.134719011839,
				"z": 619.42448591738139
			},
			"rotation":
			{
				"pitch": 0,
				"yaw": -44.999999651413653,
				"roll": 0
			},
			"bRandomRotation": false,
			"instanceId":
			{
				"guid": "6064632393659580420",
				"typeId": "5111011",
				"name": "None"
			}
		},
		"22":
		{
			"location":
			{
				"x": 16072.735979822581,
				"y": 29537.781135497382,
				"z": 669.9357122653546
			},
			"rotation":
			{
				"pitch": 0,
				"yaw": 69.999999457754271,
				"roll": 0
			},
			"bRandomRotation": false,
			"instanceId":
			{
				"guid": "6064632393660694533",
				"typeId": "5111011",
				"name": "None"
			}
		},
		"23":
		{
			"location":
			{
				"x": 15211.54572094942,
				"y": 24343.89108567033,
				"z": 230.14146128854918
			},
			"rotation":
			{
				"pitch": 0,
				"yaw": -19.999999845072807,
				"roll": 0
			},
			"bRandomRotation": false,