{
	"populationInstancesMap":
	{
		"1":
		{
			"location":
			{
				"x": -3072.5920024095103,
				"y": 77.899330923159141,
				"z": -94.860569394608319
			},
			"rotation":
			{
				"pitch": -0,
				"yaw": -9.9999999225365155,
				"roll": 0
			},
			"bRandomRotation": false,
			"instanceId":
			{
				"guid": "6064630270761771235",
				"typeId": "5111011",
				"name": "None"
			}
		},
		"2":
		{
			"location":
			{
				"x": -2852.4189401236363,
				"y": -119.38398328691255,
				"z": -157.18223847898844
			},
			"rotation":
			{
				"pitch": 3.4048675049381978,
				"yaw": 10.591956461919304,
				"roll": -0.28025361843526758
			},
			"bRandomRotation": false,
			"instanceId":
			{
				"guid": "6064630270761771239",
				"typeId": "5111011",
				"name": "None"
			}
		},
		"3":
		{
			"location":
			{
				"x": -2771.8765866847243,
				"y": 150.28373424784513,
				"z": -126.02222483301739
			},
			"rotation":
			{
				"pitch": 0,
				"yaw": 169.99999868311767,
				"roll": -0
			},
			"bRandomRotation": false,
			"instanceId":
			{
				"guid": "6064630270761771243",
				"typeId": "5111011",
				"name": "None"
			}
		},
		"4":
		{
			"location":
			{
				"x": -2599.4750339614693,
				"y": 1989.3557789715705,
				"z": -127.19758812410873
			},
			"rotation":
			{
				"pitch": -0,
				"yaw": -129.99999899297256,
				"roll": 0
			},
			"bRandomRotation": false,
			"instanceId":
			{
				"guid": "6064630270761771247",
				"typeId": "5111011",
				"name": "None"
			}
		},
		"5":
		{
			"location":
			{
				"x": -731.53456132649444,
				"y": -1606.7368388032774,
				"z": -783.81043033559763
			},
			"rotation":
			{
				"pitch": 0,
				"yaw": 0,
				"roll": -0
			},
			"bRandomRotation": false,
			"instanceId":
			{
				"guid": "6064630270761771251",
				"typeId": "5111011",
				"name": "None"
			}
		},
		"6":
		{
			"location":
			{
				"x": -3023.0114913909929,
				"y": 2308.2754482250311,
				"z": -137.9581630351604
			},
			"rotation":
			{
				"pitch": 0,
				"yaw": 0,
				"roll": -0
			},
			"bRandomRotation": false,
			"instanceId":
			{
				"guid": "6064630270761771254",
				"typeId": "5111011",
				"name": "None"
			}
		},
		"7":
		{
			"location":
			{
				"x": -2652.047235984588,
				"y": 655.82324959314428,
				"z": -179.49356380765312
			},
			"rotation":
			{
				"pitch": 0,
				"yaw": 0,
				"roll": -0
			},
			"bRandomRotation": false,
			"instanceId":
			{
				"guid": "6064630270761771257",
				"typeId": "5111011",
				"name": "None"
			}
		}
	},
	"filterOverrideId":
	{
		"guid": "0",
		"typeId": "5111003",
		"name": "None"
	},
	"populationAreaId":
	{
		"guid": "0",
		"typeId": "5171420",
		"name": "None"
	},
	"timedDespawnId":
	{
		"guid": "0",
		"typeId": "5882300",
		"name": "None"
	},
	"overrideActivationRange": 0,
	"gameplayTags":
	{
		"gameplayTags": [],
		"parentTags": []
	},
	"alignmentOverridesIds": [],
	"guid": "6064630270761771234",
	"name": "MASS_0005_EW_Phase01_BrandingCamp",
	"typeId": "5111005"
}