{
	"populationInstancesMap":
	{
		"1":
		{
			"location":
			{
				"x": 1604.7548011613544,
				"y": -1028.1615638594376,
				"z": -504.71456541558473
			},
			"rotation":
			{
				"pitch": 0,
				"yaw": 53.49420988763034,
				"roll": -0
			},
			"bRandomRotation": false,
			"instanceId":
			{
				"guid": "6064630270761785377",
				"typeId": "5111011",
				"name": "None"
			}
		},
		"2":
		{
			"location":
			{
				"x": 1995.2552107434021,
				"y": -2474.3477686604019,
				"z": -504.71459622994007
			},
			"rotation":
			{
				"pitch": 0,
				"yaw": 86.483873191239894,
				"roll": -0
			},
			"bRandomRotation": false,
			"instanceId":
			{
				"guid": "6064630270761785381",
				"typeId": "5111011",
				"name": "None"
			}
		},
		"3":
		{
			"location":
			{
				"x": 2625.4095484237187,
				"y": -1209.0593325438676,
				"z": -504.71459488359324
			},
			"rotation":
			{
				"pitch": 0,
				"yaw": 8.360867811809122,
				"roll": -0
			},
			"bRandomRotation": false,
			"instanceId":
			{
				"guid": "6064630270761785381",
				"typeId": "5111011",
				"name": "None"
			}
		},
		"4":
		{
			"location":
			{
				"x": 1635.2552107434021,
				"y": -2094.3477686604019,
				"z": -504.71459622994007
			},
			"rotation":
			{
				"pitch": -0,
				"yaw": -123.51612518202299,
				"roll": 0
			},
			"bRandomRotation": false,
			"instanceId":
			{
				"guid": "6064630270761785381",
				"typeId": "5111011",
				"name": "None"
			}
		},
		"5":
		{
			"location":
			{
				"x": 2243.0458019371144,
				"y": -1710.6843438301003,
				"z": -504.71457036414176
			},
			"rotation":
			{
				"pitch": -0,
				"yaw": -99.69160972510214,
				"roll": 0
			},
			"bRandomRotation": false,
			"instanceId":
			{
				"guid": "6064630270761785381",
				"typeId": "5111011",
				"name": "None"
			}
		},
		"6":
		{
			"location":
			{
				"x": 2225.2552107434021,
				"y": -2194.3477686604019,
				"z": -504.71459622994007
			},
			"rotation":
			{
				"pitch": -0,
				"yaw": -13.516126034123314,
				"roll": 0
			},
			"bRandomRotation": false,
			"instanceId":
			{
				"guid": "6064630270761785381",
				"typeId": "5111011",
				"name": "None"
			}
		},
		"7":
		{
			"location":
			{
				"x": 1776.8983709051972,
				"y": -1324.6456536257174,
				"z": -504.71459077377403
			},
			"rotation":
			{
				"pitch": -0,
				"yaw": -104.12195775798546,
				"roll": 0
			},
			"bRandomRotation": false,
			"instanceId":
			{
				"guid": "6064630270761785381",
				"typeId": "5111011",
				"name": "None"
			}
		},
		"8":
		{
			"location":
			{
				"x": 2188.4430979961762,
				"y": -786.21539251692593,
				"z": -214.71459354923354
			},
			"rotation":
			{
				"pitch": -0,
				"yaw": -135.31841814220621,
				"roll": 0
			},
			"bRandomRotation": false,
			"instanceId":
			{
				"guid": "6064630270761785381",
				"typeId": "5111011",
				"name": "None"
			}
		},
		"9":
		{
			"location":
			{
				"x": -11200.167465959443,
				"y": 19523.453386105131,
				"z": -1546.6705251454896
			},
			"rotation":
			{
				"pitch": -0,
				"yaw": -139.69160941524734,
				"roll": 0
			},
			"bRandomRotation": false,
			"instanceId":
			{
				"guid": "6064630270761785381",
				"typeId": "5111011",
				"name": "None"
			}
		},
		"10":
		{
			"location":
			{
				"x": -10905.639853609609,
				"y": 15069.947821164853,
				"z": -900.19026472119913
			},
			"rotation":
			{
				"pitch": 13.723361038815215,
				"yaw": -78.175597636921495,
				"roll": -48.57211521328199
			},
			"bRandomRotation": false,
			"instanceId":
			{
				"guid": "6064630270761785389",
				"typeId": "5111011",
				"name": "None"
			}
		},
		"11":
		{
			"location":
			{
				"x": 1374.2067059000256,
				"y": -1082.4487648593495,
				"z": 179.8097327215728
			},
			"rotation":
			{
				"pitch": 3.1931905437736621,
				"yaw": 88.523141396524139,
				"roll": 1.0824986783923269
			},
			"bRandomRotation": false,
			"instanceId":
			{
				"guid": "6064630270761785393",
				"typeId": "5111011",
				"name": "None"
			}
		},
		"12":
		{
			"location":
			{
				"x": 1292.1250100906473,
				"y": -2003.0835155454697,
				"z": 179.80974022879491
			},
			"rotation":
			{
				"pitch": 3.1931905437736643,
				"yaw": 88.523141396524224,
				"roll": 1.0824986783923276
			},
			"bRandomRotation": false,
			"instanceId":
			{
				"guid": "6064630270761785393",
				"typeId": "5111011",
				"name": "None"
			}
		},
		"13":
		{
			"location":
			{
				"x": 1915.3878034577938,
				"y": 4129.0945017780177,
				"z": 520.66536591088334
			},
			"rotation":
			{
				"pitch": 3.1931905437736687,
				"yaw": 178.52314069935133,
				"roll": 1.0824986783923303
			},
			"bRandomRotation": false,
			"instanceId":
			{
				"guid": "6064630270761785393",
				"typeId": "5111011",
				"name": "None"
			}
		},
		"14":
		{
			"location":
			{
				"x": 998.81613633059897,
				"y": 4233.7710537400562,
				"z": 741.12229529075921
			},
			"rotation":
			{
				"pitch": 3.1931905437736714,
				"yaw": 178.52314069935133,
				"roll": 1.0824986783923307
			},
			"bRandomRotation": false,
			"instanceId":
			{
				"guid": "6064630270761785393",
				"typeId": "5111011",
				"name": "None"
			}
		},
		"15":
		{
			"location":
			{
				"x": 149.43885594885796,
				"y": 4335.0561570064165,
				"z": 512.69439950709057
			},
			"rotation":
			{
				"pitch": 3.1931905437736736,
				"yaw": 178.52314069935133,
				"roll": 1.0824986783923309
			},
			"bRandomRotation": false,
			"instanceId":
			{
				"guid": "6064630270761785393",
				"typeId": "5111011",
				"name": "None"
			}
		},
		"16":
		{
			"location":
			{
				"x": -2373.1433689525584,
				"y": -5483.1360393966315,
				"z": 179.05882098214715
			},
			"rotation":
			{
				"pitch": 0,
				"yaw": 177.3933341176448,
				"roll": -0
			},
			"bRandomRotation": false,
			"instanceId":
			{
				"guid": "6064630270761785398",
				"typeId": "5111011",
				"name": "None"
			}
		},
		"17":
		{
			"location":
			{
				"x": -2123.1433677284513,
				"y": -6451.9488732755417,
				"z": 94.768553130930741
			},
			"rotation":
			{
				"pitch": -0,
				"yaw": -91.265351511420079,
				"roll": 0
			},
			"bRandomRotation": false,
			"instanceId":
			{
				"guid": "6064630270761785403",
				"typeId": "5111011",
				"name": "None"
			}
		},
		"18":
		{
			"location":
			{
				"x": -4466.498988444102,
				"y": -5484.8463339934824,
				"z": 88.253131219973511
			},
			"rotation":
			{
				"pitch": -0,
				"yaw": -91.265351511420079,
				"roll": 0
			},
			"bRandomRotation": false,
			"instanceId":
			{
				"guid": "6064630270761785403",
				"typeId": "5111011",
				"name": "None"
			}
		},
		"19":
		{
			"location":
			{
				"x": -4278.4311265199212,
				"y": -3293.7935082917102,
				"z": 88.253144528387566
			},
			"rotation":
			{
				"pitch": 0,
				"yaw": 87.002926221755843,
				"roll": -0
			},
			"bRandomRotation": false,
			"instanceId":
			{
				"guid": "6064630270761785403",
				"typeId": "5111011",
				"name": "None"
			}
		},
		"20":
		{
			"location":
			{
				"x": -4518.4726821756922,
				"y": -4365.9562884984771,
				"z": 88.253145210663206
			},
			"rotation":
			{
				"pitch": 0,
				"yaw": 174.93196996260536,
				"roll": -0
			},
			"bRandomRotation": false,
			"instanceId":
			{
				"guid": "6064630270761785403",
				"typeId": "5111011",
				"name": "None"
			}
		}
	},
	"filterOverrideId":
	{
		"guid": "0",
		"typeId": "5111003",
		"name": "None"
	},
	"populationAreaId":
	{
		"guid": "0",
		"typeId": "5171420",
		"name": "None"
	},
	"timedDespawnId":
	{
		"guid": "0",
		"typeId": "5882300",
		"name": "None"
	},
	"overrideActivationRange": 0,
	"gameplayTags":
	{
		"gameplayTags": [],
		"parentTags": []
	},
	"alignmentOverridesIds": [],
	"guid": "6064630270761785376",
	"name": "StoryArcSpawns_0022_Sephillion_Interact_P2",
	"typeId": "5111005"
}