{
	"populationInstancesMap":
	{
		"1":
		{
			"location":
			{
				"x": -3258.9772988611367,
				"y": 7684.8886830398114,
				"z": 196.48622284897101
			},
			"rotation":
			{
				"pitch": 0,
				"yaw": -74.999999419022402,
				"roll": 0
			},
			"bRandomRotation": false,
			"instanceId":
			{
				"guid": "6064632977132355587",
				"typeId": "5111011",
				"name": "None"
			}
		},
		"2":
		{
			"location":
			{
				"x": -1042.3751790022943,
				"y": 7641.1558448520955,
				"z": 93.69611044510566
			},
			"rotation":
			{
				"pitch": 0,
				"yaw": -94.999999264095209,
				"roll": 0
			},
			"bRandomRotation": false,
			"instanceId":
			{
				"guid": "6064632977132355587",
				"typeId": "5111011",
				"name": "None"
			}
		},
		"3":
		{
			"location":
			{
				"x": 1189.9101389600546,
				"y": 7343.1059806073317,
				"z": 121.26710416423521
			},
			"rotation":
			{
				"pitch": 0,
				"yaw": -94.999999264095209,
				"roll": 0
			},
			"bRandomRotation": false,
			"instanceId":
			{
				"guid": "6064632977132355587",
				"typeId": "5111011",
				"name": "None"
			}
		},
		"4":
		{
			"location":
			{
				"x": -6918.8124031929183,
				"y": 4699.3939826919232,
				"z": 187.91141901449373
			},
			"rotation":
			{
				"pitch": 0,
				"yaw": -94.999999264095209,
				"roll": 0
			},
			"bRandomRotation": false,
			"instanceId":
			{
				"guid": "6064632977132355587",
				"typeId": "5111011",
				"name": "None"
			}
		},
		"5":
		{
			"location":
			{
				"x": -7093.6528656917508,
				"y": 1700.4416956321802,
				"z": 152.26122137730636
			},
			"rotation":
			{
				"pitch": 0,
				"yaw": -94.999999264095209,
				"roll": 0
			},
			"bRandomRotation": false,
			"instanceId":
			{
				"guid": "6064632977132355587",
				"typeId": "5111011",
				"name": "None"
			}
		},
		"6":
		{
			"location":
			{
				"x": -6465.5471607845975,
				"y": 119.01797534013167,
				"z": 166.14565065431998
			},
			"rotation":
			{
				"pitch": 0,
				"yaw": -94.999999264095209,
				"roll": 0
			},
			"bRandomRotation": false,
			"instanceId":
			{
				"guid": "6064632977132355587",
				"typeId": "5111011",
				"name": "None"
			}
		},
		"7":
		{
			"location":
			{
				"x": -3648.5551768569276,
				"y": -2004.3622089497512,
				"z": 103.48967571900721
			},
			"rotation":
			{
				"pitch": 0,
				"yaw": -94.999999264095209,
				"roll": 0
			},
			"bRandomRotation": false,
			"instanceId":
			{
				"guid": "6064632977132355587",
				"typeId": "5111011",
				"name": "None"
			}
		},
		"8":
		{
			"location":
			{
				"x": -2712.2103818053147,
				"y": -3535.178667025757,
				"z": 143.85359977212465
			},
			"rotation":
			{
				"pitch": 0,
				"yaw": -94.999999264095209,
				"roll": 0
			},
			"bRandomRotation": false,
			"instanceId":
			{
				"guid": "6064632977132355587",
				"typeId": "5111011",
				"name": "None"
			}
		},
		"9":
		{
			"location":
			{
				"x": 249.04321364732459,
				"y": -5637.961637034663,
				"z": 134.41887837149443
			},
			"rotation":
			{
				"pitch": 0,
				"yaw": -94.999999264095209,
				"roll": 0
			},
			"bRandomRotation": false,
			"instanceId":
			{
				"guid": "6064632977132355587",
				"typeId": "5111011",
				"name": "None"
			}
		},
		"10":
		{
			"location":
			{
				"x": 3058.9179504921776,
				"y": -4998.9093603069196,
				"z": 120.54493309688951
			},
			"rotation":
			{
				"pitch": 0,
				"yaw": -94.999999264095209,
				"roll": 0
			},
			"bRandomRotation": false,
			"instanceId":
			{
				"guid": "6064632977132355587",
				"typeId": "5111011",
				"name": "None"
			}
		},
		"11":
		{
			"location":
			{
				"x": 4863.5546494609443,
				"y": -2596.2699101119069,
				"z": 124.87039463799556
			},
			"rotation":
			{
				"pitch": 0,
				"yaw": -94.999999264095209,
				"roll": 0
			},
			"bRandomRotation": false,
			"instanceId":
			{
				"guid": "6064632977132355587",
				"typeId": "5111011",
				"name": "None"
			}
		},
		"12":
		{
			"location":
			{
				"x": 5507.6270820554346,
				"y": -1119.5531145221321,
				"z": 153.949601579925
			},
			"rotation":
			{
				"pitch": 0,
				"yaw": -94.999999264095209,
				"roll": 0
			},
			"bRandomRotation": false,
			"instanceId":
			{
				"guid": "6064632977132355587",
				"typeId": "5111011",
				"name": "None"
			}
		},
		"13":
		{
			"location":
			{
				"x": 5829.7709996958147,
				"y": 1263.9990523257293,
				"z": 165.45715365478645
			},
			"rotation":
			{
				"pitch": 0,
				"yaw": -94.999999264095209,
				"roll": 0
			},
			"bRandomRotation": false,
			"instanceId":
			{
				"guid": "6064632977132355587",
				"typeId": "5111011",
				"name": "None"
			}
		},
		"14":
		{
			"location":
			{
				"x": 5551.264198640245,
				"y": 2786.2614770347718,
				"z": 133.66000477626585
			},
			"rotation":
			{
				"pitch": 0,
				"yaw": -94.999999264095209,
				"roll": 0
			},
			"bRandomRotation": false,
			"instanceId":
			{
				"guid": "6064632977132355587",
				"typeId": "5111011",
				"name": "None"
			}
		},
		"15":
		{
			"location":
			{
				"x": 4462.7167612349731,
				"y": 5151.9077319049975,
				"z": 69.124345178341173
			},
			"rotation":
			{
				"pitch": 0,
				"yaw": -94.999999264095209,
				"roll": 0
			},
			"bRandomRotation": false,
			"instanceId":
			{
				"guid": "6064632977132355587",
				"typeId": "5111011",
				"name": "None"
			}
		}
	},
	"filterOverrideId":
	{
		"guid": "0",
		"typeId": "5111003",
		"name": "None"
	},
	"populationAreaId":
	{
		"guid": "0",
		"typeId": "5171420",
		"name": "None"
	},
	"timedDespawnId":
	{
		"guid": "0",
		"typeId": "5882300",
		"name": "None"
	},
	"overrideActivationRange": 0,
	"gameplayTags":
	{
		"gameplayTags": [],
		"parentTags": []
	},
	"alignmentOverridesIds": [],
	"guid": "6064632977290166289",
	"name": "SAN_Sunhaven_Crocodile_Oasis_02",
	"typeId": "5111005"
}