{
	"populationInstancesMap":
	{
		"1":
		{
			"location":
			{
				"x": -33293.557220542221,
				"y": 126596.33861097583,
				"z": -436.51913035350299
			},
			"rotation":
			{
				"pitch": 0,
				"yaw": 59.999999535218024,
				"roll": -0
			},
			"bRandomRotation": false,
			"instanceId":
			{
				"guid": "6064631507479035922",
				"typeId": "5111011",
				"name": "None"
			}
		},
		"2":
		{
			"location":
			{
				"x": -28267.652488737134,
				"y": 127542.77600255265,
				"z": -485.70748697562703
			},
			"rotation":
			{
				"pitch": 0,
				"yaw": 0,
				"roll": 0
			},
			"bRandomRotation": false,
			"instanceId":
			{
				"guid": "6064631507484475413",
				"typeId": "5111011",
				"name": "None"
			}
		},
		"3":
		{
			"location":
			{
				"x": -30214.49907398189,
				"y": 127343.51439230161,
				"z": -600.53862836548069
			},
			"rotation":
			{
				"pitch": 0,
				"yaw": 119.99999907043606,
				"roll": -0
			},
			"bRandomRotation": false,
			"instanceId":
			{
				"guid": "6064631507479035922",
				"typeId": "5111011",
				"name": "None"
			}
		},
		"4":
		{
			"location":
			{
				"x": -30485.667195583461,
				"y": 127834.57020339073,
				"z": -446.179597895396
			},
			"rotation":
			{
				"pitch": 0,
				"yaw": -49.99999961268167,
				"roll": 0
			},
			"bRandomRotation": false,
			"instanceId":
			{
				"guid": "6064631507487293463",
				"typeId": "5111011",
				"name": "None"
			}
		},
		"5":
		{
			"location":
			{
				"x": -30069.533222211059,
				"y": 127823.74709795968,
				"z": -573.19035508705747
			},
			"rotation":
			{
				"pitch": -0,
				"yaw": -129.99999899297222,
				"roll": 0
			},
			"bRandomRotation": false,
			"instanceId":
			{
				"guid": "6064631507479035922",
				"typeId": "5111011",
				"name": "None"
			}
		},
		"6":
		{
			"location":
			{
				"x": -27926.964878152823,
				"y": 124557.85877399455,
				"z": -375.90732806177039
			},
			"rotation":
			{
				"pitch": 0,
				"yaw": 0,
				"roll": -0
			},
			"bRandomRotation": false,
			"instanceId":
			{
				"guid": "6064631507484475413",
				"typeId": "5111011",
				"name": "None"
			}
		},
		"7":
		{
			"location":
			{
				"x": -29082.265460425522,
				"y": 132069.36027602275,
				"z": -359.52341551854988
			},
			"rotation":
			{
				"pitch": 0,
				"yaw": 0,
				"roll": 0
			},
			"bRandomRotation": false,
			"instanceId":
			{
				"guid": "6064631507484475413",
				"typeId": "5111011",
				"name": "None"
			}
		},
		"8":
		{
			"location":
			{
				"x": -22838.110610819189,
				"y": 136654.29335125553,
				"z": -475.74858212388244
			},
			"rotation":
			{
				"pitch": 0,
				"yaw": 0,
				"roll": 0
			},
			"bRandomRotation": false,
			"instanceId":
			{
				"guid": "6064631507545489436",
				"typeId": "5111011",
				"name": "None"
			}
		},
		"9":
		{
			"location":
			{
				"x": -27127.433440234629,
				"y": 133010.27717611071,
				"z": -425.32370048310077
			},
			"rotation":
			{
				"pitch": 0,
				"yaw": 0,
				"roll": 0
			},
			"bRandomRotation": false,
			"instanceId":
			{
				"guid": "6064631507545489436",
				"typeId": "5111011",
				"name": "None"
			}
		},
		"10":
		{
			"location":
			{
				"x": -36609.124821626232,
				"y": 138110.60071590386,
				"z": -469.27687641684679
			},
			"rotation":
			{
				"pitch": 0,
				"yaw": 129.99999899297237,
				"roll": 0
			},
			"bRandomRotation": false,
			"instanceId":
			{
				"guid": "6064631507545489436",
				"typeId": "5111011",
				"name": "None"
			}
		},
		"11":
		{
			"location":
			{
				"x": -38332.281551787048,
				"y": 137121.01022183878,
				"z": -425.75525756782554
			},
			"rotation":
			{
				"pitch": 0,
				"yaw": 0,
				"roll": 0
			},
			"bRandomRotation": false,
			"instanceId":
			{
				"guid": "6064631507545489436",
				"typeId": "5111011",
				"name": "None"
			}
		},
		"12":
		{
			"location":
			{
				"x": -36525.11562499532,
				"y": 136879.19333834032,
				"z": -462.35003925756973
			},
			"rotation":
			{
				"pitch": 0,
				"yaw": 160.00000154927324,
				"roll": 0
			},
			"bRandomRotation": false,
			"instanceId":
			{
				"guid": "6064631507545489436",
				"typeId": "5111011",
				"name": "None"
			}
		},
		"13":
		{
			"location":
			{
				"x": -19468.43589583342,
				"y": 149776.00431525597,
				"z": -640.03101557232912
			},
			"rotation":
			{
				"pitch": 0,
				"yaw": 0,
				"roll": 0
			},
			"bRandomRotation": false,
			"instanceId":
			{
				"guid": "6064631800430067716",
				"typeId": "5111011",
				"name": "None"
			}
		},
		"14":
		{
			"location":
			{
				"x": -17783.508011063794,
				"y": 148550.18168398569,
				"z": -615.46398502931333
			},
			"rotation":
			{
				"pitch": 0,
				"yaw": 0,
				"roll": 0
			},
			"bRandomRotation": false,
			"instanceId":
			{
				"guid": "6064631800430067716",
				"typeId": "5111011",
				"name": "None"
			}
		}
	},
	"filterOverrideId":
	{
		"guid": "6064631249561976837",
		"typeId": "5111003",
		"name": "None"
	},
	"populationAreaId":
	{
		"guid": "0",
		"typeId": "5171420",
		"name": "None"
	},
	"timedDespawnId":
	{
		"guid": "0",
		"typeId": "5882300",
		"name": "None"
	},
	"overrideActivationRange": 0,
	"gameplayTags":
	{
		"gameplayTags": [],
		"parentTags": []
	},
	"alignmentOverridesIds": [],
	"guid": "6064631488748322825",
	"name": "RVR_Daragal_Fields_North_East_Day",
	"typeId": "5111005"
}