{
	"populationInstancesMap":
	{
		"1":
		{
			"location":
			{
				"x": -21503.568414646128,
				"y": -23964.76237601279,
				"z": 2255.8416244774744
			},
			"rotation":
			{
				"pitch": 0,
				"yaw": 74.999999419022913,
				"roll": -0
			},
			"bRandomRotation": false,
			"instanceId":
			{
				"guid": "6064630270761770706",
				"typeId": "5111011",
				"name": "None"
			}
		},
		"2":
		{
			"location":
			{
				"x": -22043.448045201832,
				"y": -24540.676222174996,
				"z": 2497.3694422333447
			},
			"rotation":
			{
				"pitch": 0,
				"yaw": 49.999999612681904,
				"roll": -0
			},
			"bRandomRotation": false,
			"instanceId":
			{
				"guid": "6064630270761770702",
				"typeId": "5111011",
				"name": "None"
			}
		},
		"3":
		{
			"location":
			{
				"x": -21767.305030351839,
				"y": -24202.277781955228,
				"z": 2359.5830458490509
			},
			"rotation":
			{
				"pitch": 0,
				"yaw": 74.999999419022856,
				"roll": -0
			},
			"bRandomRotation": false,
			"instanceId":
			{
				"guid": "6064630270761770702",
				"typeId": "5111011",
				"name": "None"
			}
		},
		"4":
		{
			"location":
			{
				"x": -21675.773347494454,
				"y": -24508.305506350938,
				"z": 2292.0154093368528
			},
			"rotation":
			{
				"pitch": 0,
				"yaw": 74.999999419022856,
				"roll": -0
			},
			"bRandomRotation": false,
			"instanceId":
			{
				"guid": "6064630270761770702",
				"typeId": "5111011",
				"name": "None"
			}
		},
		"5":
		{
			"location":
			{
				"x": -21886.89303802792,
				"y": -24680.468026356757,
				"z": 2372.0799342215923
			},
			"rotation":
			{
				"pitch": 0,
				"yaw": 74.999999419022856,
				"roll": -0
			},
			"bRandomRotation": false,
			"instanceId":
			{
				"guid": "6064630270761770702",
				"typeId": "5111011",
				"name": "None"
			}
		},
		"6":
		{
			"location":
			{
				"x": -21461.452061008385,
				"y": -24544.906034834537,
				"z": 2228.0388149145601
			},
			"rotation":
			{
				"pitch": 0,
				"yaw": 74.999999419022856,
				"roll": -0
			},
			"bRandomRotation": false,
			"instanceId":
			{
				"guid": "6064630270761770702",
				"typeId": "5111011",
				"name": "None"
			}
		},
		"7":
		{
			"location":
			{
				"x": -21745.854837787789,
				"y": -24886.167649617666,
				"z": 2327.853945855928
			},
			"rotation":
			{
				"pitch": 0,
				"yaw": 74.999999419022856,
				"roll": -0
			},
			"bRandomRotation": false,
			"instanceId":
			{
				"guid": "6064630270761770702",
				"typeId": "5111011",
				"name": "None"
			}
		},
		"8":
		{
			"location":
			{
				"x": -21344.534983489139,
				"y": -23120.098256825673,
				"z": 2188.4001528527515
			},
			"rotation":
			{
				"pitch": -0,
				"yaw": -110.00000193659163,
				"roll": 0
			},
			"bRandomRotation": false,
			"instanceId":
			{
				"guid": "6064630270761767014",
				"typeId": "5111011",
				"name": "None"
			}
		},
		"9":
		{
			"location":
			{
				"x": -18297.238223963257,
				"y": -15402.622791308648,
				"z": 3852.5577448279473
			},
			"rotation":
			{
				"pitch": 0,
				"yaw": 84.999999341558961,
				"roll": -0
			},
			"bRandomRotation": false,
			"instanceId":
			{
				"guid": "6064630270761770720",
				"typeId": "5111011",
				"name": "None"
			}
		},
		"10":
		{
			"location":
			{
				"x": -17467.726264197467,
				"y": -15840.933041513752,
				"z": 3847.8996761424733
			},
			"rotation":
			{
				"pitch": 0,
				"yaw": 109.99999914790014,
				"roll": -0
			},
			"bRandomRotation": false,
			"instanceId":
			{
				"guid": "6064630270761770720",
				"typeId": "5111011",
				"name": "None"
			}
		},
		"11":
		{
			"location":
			{
				"x": -18119.938044077469,
				"y": -16092.121767023928,
				"z": 3852.5259176858563
			},
			"rotation":
			{
				"pitch": 0,
				"yaw": 109.99999914790025,
				"roll": -0
			},
			"bRandomRotation": false,
			"instanceId":
			{
				"guid": "6064630270761770720",
				"typeId": "5111011",
				"name": "None"
			}
		},
		"12":
		{
			"location":
			{
				"x": -12285.501145062648,
				"y": -22564.450891024506,
				"z": 4001.351507280051
			},
			"rotation":
			{
				"pitch": 0,
				"yaw": 0,
				"roll": -0
			},
			"bRandomRotation": false,
			"instanceId":
			{
				"guid": "6064630270761770702",
				"typeId": "5111011",
				"name": "None"
			}
		},
		"13":
		{
			"location":
			{
				"x": -13682.146030110278,
				"y": -23108.847816257607,
				"z": 4001.3514927197484
			},
			"rotation":
			{
				"pitch": 0,
				"yaw": 0,
				"roll": -0
			},
			"bRandomRotation": false,
			"instanceId":
			{
				"guid": "6064630270761770702",
				"typeId": "5111011",
				"name": "None"
			}
		},
		"14":
		{
			"location":
			{
				"x": -13048.151843252243,
				"y": -21883.013331952199,
				"z": 4001.3514941959947
			},
			"rotation":
			{
				"pitch": 0,
				"yaw": 0,
				"roll": -0
			},
			"bRandomRotation": false,
			"instanceId":
			{
				"guid": "6064630270761770702",
				"typeId": "5111011",
				"name": "None"
			}
		},
		"15":
		{
			"location":
			{
				"x": -13739.052953325488,
				"y": -22015.76594346037,
				"z": 4001.3514777390228
			},
			"rotation":
			{
				"pitch": 0,
				"yaw": 0,
				"roll": -0
			},
			"bRandomRotation": false,
			"instanceId":
			{
				"guid": "6064630270761770702",
				"typeId": "5111011",
				"name": "None"
			}
		},
		"16":
		{
			"location":
			{
				"x": -13027.69872140151,
				"y": -22742.617331243848,
				"z": 4001.3514851985638
			},
			"rotation":
			{
				"pitch": 0,
				"yaw": 0,
				"roll": -0
			},
			"bRandomRotation": false,
			"instanceId":
			{
				"guid": "6064630270761770702",
				"typeId": "5111011",
				"name": "None"
			}
		},
		"17":
		{
			"location":
			{
				"x": -17833.157676789895,
				"y": -15594.426033256546,
				"z": 3852.6847174608283
			},
			"rotation":
			{
				"pitch": 0,
				"yaw": 84.999999341558961,
				"roll": -0
			},
			"bRandomRotation": false,
			"instanceId":
			{
				"guid": "6064630270761770720",
				"typeId": "5111011",
				"name": "None"
			}
		},
		"18":
		{
			"location":
			{
				"x": -17292.947817374123,
				"y": -15424.95826220818,
				"z": 3848.0209007793019
			},
			"rotation":
			{
				"pitch": 0,
				"yaw": 84.999999341558961,
				"roll": -0
			},
			"bRandomRotation": false,
			"instanceId":
			{
				"guid": "6064630270761770720",
				"typeId": "5111011",
				"name": "None"
			}
		},
		"19":
		{
			"location":
			{
				"x": -17691.230313584238,
				"y": -15289.038937905701,
				"z": 3852.6846674896242
			},
			"rotation":
			{
				"pitch": 0,
				"yaw": 84.999999341558961,
				"roll": -0
			},
			"bRandomRotation": false,
			"instanceId":
			{
				"guid": "6064630270761770720",
				"typeId": "5111011",
				"name": "None"
			}
		}
	},
	"filterOverrideId":
	{
		"guid": "0",
		"typeId": "5111003",
		"name": "None"
	},
	"populationAreaId":
	{
		"guid": "0",
		"typeId": "5171420",
		"name": "None"
	},
	"timedDespawnId":
	{
		"guid": "0",
		"typeId": "5882300",
		"name": "None"
	},
	"overrideActivationRange": 0,
	"gameplayTags":
	{
		"gameplayTags": [],
		"parentTags": []
	},
	"alignmentOverridesIds": [],
	"guid": "6064630270761773854",
	"name": "November2022_Livestream_PineForest_02",
	"typeId": "5111005"
}