{
	"populationInstancesMap":
	{
		"1":
		{
			"location":
			{
				"x": 8196.8320894377539,
				"y": -2631.7524412811035,
				"z": 78.084242138169429
			},
			"rotation":
			{
				"pitch": 0,
				"yaw": 79.999999380290618,
				"roll": -0
			},
			"bRandomRotation": false,
			"instanceId":
			{
				"guid": "6064630270761763881",
				"typeId": "5111011",
				"name": "None"
			}
		},
		"2":
		{
			"location":
			{
				"x": 7804.1402372297598,
				"y": -3264.3685478044208,
				"z": 50.871241376626131
			},
			"rotation":
			{
				"pitch": -0,
				"yaw": -129.99999899297225,
				"roll": 0
			},
			"bRandomRotation": false,
			"instanceId":
			{
				"guid": "6064630270761763881",
				"typeId": "5111011",
				"name": "None"
			}
		},
		"3":
		{
			"location":
			{
				"x": 7050.8741385684116,
				"y": -3660.2266810354777,
				"z": 78.06351465051921
			},
			"rotation":
			{
				"pitch": 0,
				"yaw": 0,
				"roll": -0
			},
			"bRandomRotation": false,
			"instanceId":
			{
				"guid": "6064630270761763881",
				"typeId": "5111011",
				"name": "None"
			}
		},
		"4":
		{
			"location":
			{
				"x": 6283.2473664103309,
				"y": -3609.498874397832,
				"z": 115.05374833230235
			},
			"rotation":
			{
				"pitch": -0,
				"yaw": -19.999999845072693,
				"roll": 0
			},
			"bRandomRotation": false,
			"instanceId":
			{
				"guid": "6064630270761763881",
				"typeId": "5111011",
				"name": "None"
			}
		},
		"5":
		{
			"location":
			{
				"x": 5550.5533344199648,
				"y": -3498.5712324156193,
				"z": 145.98418658974151
			},
			"rotation":
			{
				"pitch": -0,
				"yaw": -19.999999845072693,
				"roll": 0
			},
			"bRandomRotation": false,
			"instanceId":
			{
				"guid": "6064630270761763881",
				"typeId": "5111011",
				"name": "None"
			}
		},
		"6":
		{
			"location":
			{
				"x": 4940.6160947756143,
				"y": -3211.0908861287171,
				"z": 161.1132940657335
			},
			"rotation":
			{
				"pitch": -0,
				"yaw": -59.999999535218009,
				"roll": 0
			},
			"bRandomRotation": false,
			"instanceId":
			{
				"guid": "6064630270761763881",
				"typeId": "5111011",
				"name": "None"
			}
		},
		"7":
		{
			"location":
			{
				"x": 4755.3515592917101,
				"y": -2147.1422073028516,
				"z": 87.644842430690915
			},
			"rotation":
			{
				"pitch": 0,
				"yaw": 59.999999535217846,
				"roll": -0
			},
			"bRandomRotation": false,
			"instanceId":
			{
				"guid": "6064630270761763881",
				"typeId": "5111011",
				"name": "None"
			}
		},
		"8":
		{
			"location":
			{
				"x": 5119.7574381933082,
				"y": -1143.4959826569539,
				"z": -47.575154338632274
			},
			"rotation":
			{
				"pitch": -0,
				"yaw": -119.99999907043586,
				"roll": 0
			},
			"bRandomRotation": false,
			"instanceId":
			{
				"guid": "6064630270761763881",
				"typeId": "5111011",
				"name": "None"
			}
		},
		"9":
		{
			"location":
			{
				"x": 5589.3857143125497,
				"y": -530.15661321743391,
				"z": -143.15438238266506
			},
			"rotation":
			{
				"pitch": -0,
				"yaw": -139.99999891550857,
				"roll": 0
			},
			"bRandomRotation": false,
			"instanceId":
			{
				"guid": "6064630270761763881",
				"typeId": "5111011",
				"name": "None"
			}
		},
		"10":
		{
			"location":
			{
				"x": 6088.070001229411,
				"y": -350.35562278458383,
				"z": -164.86385685780078
			},
			"rotation":
			{
				"pitch": 0,
				"yaw": 0,
				"roll": -0
			},
			"bRandomRotation": false,
			"instanceId":
			{
				"guid": "6064630270761763881",
				"typeId": "5111011",
				"name": "None"
			}
		},
		"11":
		{
			"location":
			{
				"x": 7017.543073704117,
				"y": -460.78756932751276,
				"z": -104.02676407655781
			},
			"rotation":
			{
				"pitch": 0,
				"yaw": 169.99999868311758,
				"roll": -0
			},
			"bRandomRotation": false,
			"instanceId":
			{
				"guid": "6064630270761763881",
				"typeId": "5111011",
				"name": "None"
			}
		},
		"12":
		{
			"location":
			{
				"x": 7594.9810656342888,
				"y": -854.84226756787393,
				"z": -26.000771725313825
			},
			"rotation":
			{
				"pitch": 0,
				"yaw": 140.00000170420074,
				"roll": -0
			},
			"bRandomRotation": false,
			"instanceId":
			{
				"guid": "6064630270761763881",
				"typeId": "5111011",
				"name": "None"
			}
		},
		"13":
		{
			"location":
			{
				"x": 7981.7040347250877,
				"y": -1436.9956975786481,
				"z": 36.892619270985961
			},
			"rotation":
			{
				"pitch": 0,
				"yaw": 119.99999907043596,
				"roll": -0
			},
			"bRandomRotation": false,
			"instanceId":
			{
				"guid": "6064630270761763881",
				"typeId": "5111011",
				"name": "None"
			}
		},
		"14":
		{
			"location":
			{
				"x": 8189.7297547601629,
				"y": -2004.2259049195563,
				"z": 76.357758870215548
			},
			"rotation":
			{
				"pitch": 0,
				"yaw": 100.00000201405547,
				"roll": -0
			},
			"bRandomRotation": false,
			"instanceId":
			{
				"guid": "6064630270761763881",
				"typeId": "5111011",
				"name": "None"
			}
		},
		"15":
		{
			"location":
			{
				"x": 4709.5625757317757,
				"y": -2630.5619843273889,
				"z": 137.05549391385102
			},
			"rotation":
			{
				"pitch": -0,
				"yaw": -69.999999457754285,
				"roll": 0
			},
			"bRandomRotation": false,
			"instanceId":
			{
				"guid": "6064630270761763881",
				"typeId": "5111011",
				"name": "None"
			}
		},
		"16":
		{
			"location":
			{
				"x": 7959.2947200592607,
				"y": -2938.395602168981,
				"z": 54.086803477302965
			},
			"rotation":
			{
				"pitch": 0,
				"yaw": 0,
				"roll": -0
			},
			"bRandomRotation": false,
			"instanceId":
			{
				"guid": "6064630270761775652",
				"typeId": "5111011",
				"name": "None"
			}
		},
		"17":
		{
			"location":
			{
				"x": 7694.965912345564,
				"y": -1347.2351332798135,
				"z": -2.8824422445341042
			},
			"rotation":
			{
				"pitch": -0,
				"yaw": -129.99999899297219,
				"roll": 0
			},
			"bRandomRotation": false,
			"instanceId":
			{
				"guid": "6064630270761763877",
				"typeId": "5111011",
				"name": "None"
			}
		},
		"18":
		{
			"location":
			{
				"x": 7296.7273212414002,
				"y": -1236.2910264879465,
				"z": -43.067887928182245
			},
			"rotation":
			{
				"pitch": -0,
				"yaw": -39.999999690145394,
				"roll": 0
			},
			"bRandomRotation": false,
			"instanceId":
			{
				"guid": "6064630270761775656",
				"typeId": "5111011",
				"name": "None"
			}
		},
		"19":
		{
			"location":
			{
				"x": 7033.8611268905224,
				"y": -929.18810505175497,
				"z": -76.04194393392936
			},
			"rotation":
			{
				"pitch": 0,
				"yaw": 59.999999535217967,
				"roll": -0
			},
			"bRandomRotation": false,
			"instanceId":
			{
				"guid": "6064630270761763877",
				"typeId": "5111011",
				"name": "None"
			}
		},
		"20":
		{
			"location":
			{
				"x": 7289.4340529843466,
				"y": -1121.7706237657694,
				"z": -37.081574882060522
			},
			"rotation":
			{
				"pitch": -0,
				"yaw": -129.99999899297225,
				"roll": 0
			},
			"bRandomRotation": false,
			"instanceId":
			{
				"guid": "6064630270761775660",
				"typeId": "5111011",
				"name": "None"
			}
		},
		"21":
		{
			"location":
			{
				"x": 5708.2307896052953,
				"y": -741.29018106602598,
				"z": -115.09874702936941
			},
			"rotation":
			{
				"pitch": -0,
				"yaw": -49.999999612681727,
				"roll": 0
			},
			"bRandomRotation": false,
			"instanceId":
			{
				"guid": "6064630270761775663",
				"typeId": "5111011",
				"name": "None"
			}
		},
		"22":
		{
			"location":
			{
				"x": 5843.3648344131652,
				"y": -923.77905016671866,
				"z": -93.610104608360416
			},
			"rotation":
			{
				"pitch": -0,
				"yaw": -49.999999612681727,
				"roll": 0
			},
			"bRandomRotation": false,
			"instanceId":
			{
				"guid": "6064630270761775663",
				"typeId": "5111011",
				"name": "None"
			}
		},
		"23":
		{
			"location":
			{
				"x": 5792.61616276938,
				"y": -835.80243666027673,
				"z": -33.754194219778583
			},
			"rotation":
			{
				"pitch": -0,
				"yaw": -49.999999612681727,
				"roll": 0
			},
			"bRandomRotation": false,