{
	"populationInstancesMap":
	{
		"1":
		{
			"location":
			{
				"x": -31507.614868463064,
				"y": -3040.1311400884997,
				"z": 1268.217650834411
			},
			"rotation":
			{
				"pitch": 0,
				"yaw": 0,
				"roll": -0
			},
			"bRandomRotation": false,
			"instanceId":
			{
				"guid": "6064630677983199287",
				"typeId": "5111011",
				"name": "None"
			}
		},
		"2":
		{
			"location":
			{
				"x": -28283.176798403343,
				"y": 590.29572224762001,
				"z": 1183.7336238540954
			},
			"rotation":
			{
				"pitch": 0,
				"yaw": 0,
				"roll": 0
			},
			"bRandomRotation": false,
			"instanceId":
			{
				"guid": "6064630678596354048",
				"typeId": "5111011",
				"name": "None"
			}
		},
		"3":
		{
			"location":
			{
				"x": -31066.915839413217,
				"y": 1847.9790555423588,
				"z": 1618.1558890241693
			},
			"rotation":
			{
				"pitch": 0,
				"yaw": 0,
				"roll": 0
			},
			"bRandomRotation": false,
			"instanceId":
			{
				"guid": "6064630678597206017",
				"typeId": "5111011",
				"name": "None"
			}
		},
		"4":
		{
			"location":
			{
				"x": -28196.543651170068,
				"y": -1683.0874537204663,
				"z": 1080.7938074937244
			},
			"rotation":
			{
				"pitch": 0,
				"yaw": -22.211230142125146,
				"roll": 0
			},
			"bRandomRotation": false,
			"instanceId":
			{
				"guid": "6064630678597206017",
				"typeId": "5111011",
				"name": "None"
			}
		},
		"5":
		{
			"location":
			{
				"x": -26857.015378670072,
				"y": -6621.4553847791158,
				"z": 801.60816333644948
			},
			"rotation":
			{
				"pitch": 0,
				"yaw": 42.585356992204375,
				"roll": 0
			},
			"bRandomRotation": false,
			"instanceId":
			{
				"guid": "6064630678598189059",
				"typeId": "5111011",
				"name": "None"
			}
		},
		"6":
		{
			"location":
			{
				"x": -25913.54119994412,
				"y": -5241.1455290868234,
				"z": 928.10749497454685
			},
			"rotation":
			{
				"pitch": 0,
				"yaw": 148.85273920044654,
				"roll": 0
			},
			"bRandomRotation": false,
			"instanceId":
			{
				"guid": "6064630678601531396",
				"typeId": "5111011",
				"name": "None"
			}
		},
		"7":
		{
			"location":
			{
				"x": -30813.125847616564,
				"y": -3654.9128789033903,
				"z": 1278.7961765051655
			},
			"rotation":
			{
				"pitch": 0,
				"yaw": 0,
				"roll": -0
			},
			"bRandomRotation": false,
			"instanceId":
			{
				"guid": "6064630677983199287",
				"typeId": "5111011",
				"name": "None"
			}
		},
		"8":
		{
			"location":
			{
				"x": -27484.955787820119,
				"y": -4124.0889568498942,
				"z": 932.34978379606673
			},
			"rotation":
			{
				"pitch": 0,
				"yaw": 0,
				"roll": 0
			},
			"bRandomRotation": false,
			"instanceId":
			{
				"guid": "6064630678601531396",
				"typeId": "5111011",
				"name": "None"
			}
		},
		"9":
		{
			"location":
			{
				"x": -30107.240899822726,
				"y": -2385.4481296175445,
				"z": 1209.6124244642149
			},
			"rotation":
			{
				"pitch": -0,
				"yaw": -38.198319281585043,
				"roll": 0
			},
			"bRandomRotation": false,
			"instanceId":
			{
				"guid": "6064630678604808199",
				"typeId": "5111011",
				"name": "None"
			}
		},
		"10":
		{
			"location":
			{
				"x": -26895.349298557026,
				"y": 156.93474325739888,
				"z": 1175.197657240134
			},
			"rotation":
			{
				"pitch": -0,
				"yaw": -134.18169941981046,
				"roll": 0
			},
			"bRandomRotation": false,
			"instanceId":
			{
				"guid": "6064630678605660168",
				"typeId": "5111011",
				"name": "None"
			}
		},
		"11":
		{
			"location":
			{
				"x": -27129.812391569154,
				"y": 29.58658176383631,
				"z": 1163.5626181274399
			},
			"rotation":
			{
				"pitch": 0,
				"yaw": 37.542123347243312,
				"roll": -0
			},
			"bRandomRotation": false,
			"instanceId":
			{
				"guid": "6064630678606839817",
				"typeId": "5111011",
				"name": "None"
			}
		},
		"12":
		{
			"location":
			{
				"x": -26986.934724023955,
				"y": -141.63691850812197,
				"z": 1152.8227873954086
			},
			"rotation":
			{
				"pitch": 0,
				"yaw": 76.818600600955776,
				"roll": -0
			},
			"bRandomRotation": false,
			"instanceId":
			{
				"guid": "6064630678606839817",
				"typeId": "5111011",
				"name": "None"
			}
		},
		"13":
		{
			"location":
			{
				"x": -27243.173370117209,
				"y": 173.86536375673305,
				"z": 1185.2808620703224
			},
			"rotation":
			{
				"pitch": 0,
				"yaw": 0,
				"roll": 0
			},
			"bRandomRotation": false,
			"instanceId":
			{
				"guid": "6064630678606839817",
				"typeId": "5111011",
				"name": "None"
			}
		},
		"14":
		{
			"location":
			{
				"x": -26046.338051412782,
				"y": -5114.2633115432654,
				"z": 926.58142720532874
			},
			"rotation":
			{
				"pitch": 0,
				"yaw": -35.895839169148594,
				"roll": 0
			},
			"bRandomRotation": false,
			"instanceId":
			{
				"guid": "6064630678605660168",
				"typeId": "5111011",
				"name": "None"
			}
		},
		"15":
		{
			"location":
			{
				"x": -26119.44129812051,
				"y": -5228.6705946423917,
				"z": 916.49491866085441
			},
			"rotation":
			{
				"pitch": 0,
				"yaw": 0,
				"roll": -0
			},
			"bRandomRotation": false,
			"instanceId":
			{
				"guid": "6064630678605660168",
				"typeId": "5111011",
				"name": "None"
			}
		},
		"16":
		{
			"location":
			{
				"x": -27200.000916569679,
				"y": -4084.5958489703175,
				"z": 928.47551384868575
			},
			"rotation":
			{
				"pitch": -0,
				"yaw": -178.78976096247561,
				"roll": 0
			},
			"bRandomRotation": false,
			"instanceId":
			{
				"guid": "6064630678601531396",
				"typeId": "5111011",
				"name": "None"
			}
		},
		"17":
		{
			"location":
			{
				"x": -27935.655991791955,
				"y": -1891.691969304612,
				"z": 1069.0163475088111
			},
			"rotation":
			{
				"pitch": 0,
				"yaw": 156.61318161795086,
				"roll": -0
			},
			"bRandomRotation": false,
			"instanceId":
			{
				"guid": "6064630678601531396",
				"typeId": "5111011",
				"name": "None"
			}
		},
		"18":
		{
			"location":
			{
				"x": -28231.313839040806,
				"y": -1815.5454651901578,
				"z": 1079.9522247577747
			},
			"rotation":
			{
				"pitch": -0,
				"yaw": -17.064032400920379,
				"roll": 0
			},
			"bRandomRotation": false,
			"instanceId":
			{
				"guid": "6064630678597206017",
				"typeId": "5111011",
				"name": "None"
			}
		},
		"19":
		{
			"location":
			{
				"x": -28071.61821380891,
				"y": -1507.6677641365902,
				"z": 1081.5989701769684
			},
			"rotation":
			{
				"pitch": -0,
				"yaw": -79.88912099097621,
				"roll": 0
			},
			"bRandomRotation": false,
			"instanceId":
			{
				"guid": "6064630678597206017",
				"typeId": "5111011",
				"name": "None"
			}
		},
		"20":
		{
			"location":
			{
				"x": -26354.721881708207,
				"y": -3237.3289114850113,
				"z": 1014.1287637624432
			},
			"rotation":
			{
				"pitch": 0,
				"yaw": 0,
				"roll": 0
			},
			"bRandomRotation": false,
			"instanceId":
			{
				"guid": "6064630678604808199",
				"typeId": "5111011",
				"name": "None"
			}
		},
		"21":
		{
			"location":
			{
				"x": -24719.454012623311,
				"y": -1029.6066672773986,
				"z": 1600.7461020984979
			},
			"rotation":
			{
				"pitch": 0,
				"yaw": 0,
				"roll": 0
			},
			"bRandomRotation": false,
			"instanceId":
			{
				"guid": "6064630678619684883",
				"typeId": "5111011",
				"name": "None"
			}
		},
		"22":
		{
			"location":
			{
				"x": -25897.615731892594,
				"y": 1126.5907964908702,
				"z": 1112.1196053190683
			},
			"rotation":
			{
				"pitch": 0,
				"yaw": 0,
				"roll": 0
			},
			"bRandomRotation": false,
			"instanceId":
			{
				"guid": "6064630678620471316",
				"typeId": "5111011",
				"name": "None"
			}
		},
		"23":
		{
			"location":
			{
				"x": -28306.902863918214,
				"y": 2780.1013497579597,
				"z": 1351.1035877726258
			},
			"rotation":
			{
				"pitch": 0,
				"yaw": 0,
				"roll": 0
			},
			"bRandomRotation": false,
			"instanceId":
			{
				"guid": "6064630678604808199",
				"typeId": "5111011",
				"name": "None"
			}
		},