{
	"populationInstancesMap":
	{
		"1":
		{
			"location":
			{
				"x": 4217.4081314310897,
				"y": -901.65771839412628,
				"z": 538.18994090951492
			},
			"rotation":
			{
				"pitch": 0,
				"yaw": 149.99999883804492,
				"roll": -0
			},
			"bRandomRotation": false,
			"instanceId":
			{
				"guid": "6064630270761785714",
				"typeId": "5111011",
				"name": "None"
			}
		},
		"2":
		{
			"location":
			{
				"x": 6367.4081314310897,
				"y": -651.65771839412628,
				"z": 506.56113465951239
			},
			"rotation":
			{
				"pitch": 0,
				"yaw": 59.999999535217945,
				"roll": -0
			},
			"bRandomRotation": false,
			"instanceId":
			{
				"guid": "6064630270761785714",
				"typeId": "5111011",
				"name": "None"
			}
		},
		"3":
		{
			"location":
			{
				"x": 6067.4081314310897,
				"y": -3141.6577183941263,
				"z": 549.53537101204893
			},
			"rotation":
			{
				"pitch": -0,
				"yaw": -29.999999767608941,
				"roll": 0
			},
			"bRandomRotation": false,
			"instanceId":
			{
				"guid": "6064630270761785714",
				"typeId": "5111011",
				"name": "None"
			}
		},
		"4":
		{
			"location":
			{
				"x": 4347.4081314310897,
				"y": -2891.6577183941263,
				"z": 562.19586377327687
			},
			"rotation":
			{
				"pitch": 0,
				"yaw": 179.9999986056539,
				"roll": 0
			},
			"bRandomRotation": false,
			"instanceId":
			{
				"guid": "6064630270761785714",
				"typeId": "5111011",
				"name": "None"
			}
		},
		"5":
		{
			"location":
			{
				"x": 5256.1499580573291,
				"y": -2972.8462650040165,
				"z": 563.32843437031624
			},
			"rotation":
			{
				"pitch": 0,
				"yaw": 89.999999302826964,
				"roll": -0
			},
			"bRandomRotation": false,
			"instanceId":
			{
				"guid": "6064630270761785718",
				"typeId": "5111011",
				"name": "None"
			}
		},
		"6":
		{
			"location":
			{
				"x": 5561.2417279040674,
				"y": -2263.4499316264992,
				"z": 526.52196596283466
			},
			"rotation":
			{
				"pitch": 0,
				"yaw": 0,
				"roll": -0
			},
			"bRandomRotation": false,
			"instanceId":
			{
				"guid": "6064630270761785719",
				"typeId": "5111011",
				"name": "None"
			}
		},
		"7":
		{
			"location":
			{
				"x": 5351.2417279040674,
				"y": -1213.4499316264992,
				"z": 510.81076061615749
			},
			"rotation":
			{
				"pitch": -0,
				"yaw": -69.999999457754242,
				"roll": 0
			},
			"bRandomRotation": false,
			"instanceId":
			{
				"guid": "6064630270761785722",
				"typeId": "5111011",
				"name": "None"
			}
		},
		"8":
		{
			"location":
			{
				"x": 6557.4081314310897,
				"y": -1911.6577183941263,
				"z": 452.43478507454893
			},
			"rotation":
			{
				"pitch": -0,
				"yaw": -9.999999922536345,
				"roll": 0
			},
			"bRandomRotation": false,
			"instanceId":
			{
				"guid": "6064630270761785723",
				"typeId": "5111011",
				"name": "None"
			}
		}
	},
	"filterOverrideId":
	{
		"guid": "0",
		"typeId": "5111003",
		"name": "None"
	},
	"populationAreaId":
	{
		"guid": "0",
		"typeId": "5171420",
		"name": "None"
	},
	"timedDespawnId":
	{
		"guid": "0",
		"typeId": "5882300",
		"name": "None"
	},
	"overrideActivationRange": 0,
	"gameplayTags":
	{
		"gameplayTags": [],
		"parentTags": []
	},
	"alignmentOverridesIds": [],
	"guid": "6064630270761785713",
	"name": "RVR_HalcyonZoI_WestHuntingGrounds_Bandits_SpawnerSet",
	"typeId": "5111005"
}