{
	"populationInstancesMap":
	{
		"1":
		{
			"location":
			{
				"x": -2179.4133149377144,
				"y": -864.14771950341674,
				"z": -0.00029743382001434782
			},
			"rotation":
			{
				"pitch": -0,
				"yaw": -17.303788499751246,
				"roll": 0
			},
			"bRandomRotation": false,
			"instanceId":
			{
				"guid": "6064630270761780601",
				"typeId": "5111011",
				"name": "None"
			}
		},
		"2":
		{
			"location":
			{
				"x": 822.92573101914809,
				"y": 2033.9519937534715,
				"z": 3.9784229365351624
			},
			"rotation":
			{
				"pitch": -0,
				"yaw": -141.60327394768532,
				"roll": 0
			},
			"bRandomRotation": false,
			"instanceId":
			{
				"guid": "6064630270761780640",
				"typeId": "5111011",
				"name": "None"
			}
		},
		"3":
		{
			"location":
			{
				"x": -854.21283359596202,
				"y": 1253.5100604934887,
				"z": -0.0079841438515355634
			},
			"rotation":
			{
				"pitch": 0,
				"yaw": 63.389006479325097,
				"roll": -0
			},
			"bRandomRotation": false,
			"instanceId":
			{
				"guid": "6064630270761780562",
				"typeId": "5111011",
				"name": "None"
			}
		},
		"4":
		{
			"location":
			{
				"x": 411.76412888133751,
				"y": -1491.3803303576606,
				"z": 0.25102140234766956
			},
			"rotation":
			{
				"pitch": 0,
				"yaw": 0,
				"roll": 0
			},
			"bRandomRotation": false,
			"instanceId":
			{
				"guid": "6064630487004741642",
				"typeId": "5111011",
				"name": "None"
			}
		},
		"5":
		{
			"location":
			{
				"x": 630.92090552942648,
				"y": -602.9925593426633,
				"z": -6.697087346729802e-05
			},
			"rotation":
			{
				"pitch": 0,
				"yaw": 0,
				"roll": 0
			},
			"bRandomRotation": false,
			"instanceId":
			{
				"guid": "6064630270761784345",
				"typeId": "5111011",
				"name": "None"
			}
		},
		"6":
		{
			"location":
			{
				"x": 161.31426436133228,
				"y": -1251.4604066914435,
				"z": 0.66413089778861867
			},
			"rotation":
			{
				"pitch": 0,
				"yaw": 0,
				"roll": 0
			},
			"bRandomRotation": false,
			"instanceId":
			{
				"guid": "6064630270761784354",
				"typeId": "5111011",
				"name": "None"
			}
		},
		"7":
		{
			"location":
			{
				"x": -810.81434921301923,
				"y": 2025.6380289099761,
				"z": -0.0079988039839005154
			},
			"rotation":
			{
				"pitch": 0,
				"yaw": 0,
				"roll": 0
			},
			"bRandomRotation": false,
			"instanceId":
			{
				"guid": "6064630270761784351",
				"typeId": "5111011",
				"name": "None"
			}
		},
		"8":
		{
			"location":
			{
				"x": 828.62430596552849,
				"y": 1514.8048408725408,
				"z": -0.00011054420961009725
			},
			"rotation":
			{
				"pitch": 0,
				"yaw": 0,
				"roll": 0
			},
			"bRandomRotation": false,
			"instanceId":
			{
				"guid": "6064630270761784348",
				"typeId": "5111011",
				"name": "None"
			}
		},
		"9":
		{
			"location":
			{
				"x": -1179.2435871387538,
				"y": 691.03985475695299,
				"z": -6.1306791712567588e-05
			},
			"rotation":
			{
				"pitch": -0,
				"yaw": -122.13467798861872,
				"roll": 0
			},
			"bRandomRotation": false,
			"instanceId":
			{
				"guid": "6064630270761780588",
				"typeId": "5111011",
				"name": "None"
			}
		},
		"10":
		{
			"location":
			{
				"x": -2529.9944370781991,
				"y": 662.76223418004156,
				"z": -0.00020453940292064487
			},
			"rotation":
			{
				"pitch": 0,
				"yaw": 140.55979206482502,
				"roll": -0
			},
			"bRandomRotation": false,
			"instanceId":
			{
				"guid": "6064630270761780627",
				"typeId": "5111011",
				"name": "None"
			}
		},
		"11":
		{
			"location":
			{
				"x": -1944.9177301014208,
				"y": 320.11777171216454,
				"z": -8.8294546548794983e-05
			},
			"rotation":
			{
				"pitch": 0,
				"yaw": 157.85289877583497,
				"roll": -0
			},
			"bRandomRotation": false,
			"instanceId":
			{
				"guid": "6064630270761780575",
				"typeId": "5111011",
				"name": "None"
			}
		},
		"12":
		{
			"location":
			{
				"x": 1388.9238378149169,
				"y": 1282.0606967176864,
				"z": -7.1310869179441738e-05
			},
			"rotation":
			{
				"pitch": 0,
				"yaw": 111.63473160556582,
				"roll": -0
			},
			"bRandomRotation": false,
			"instanceId":
			{
				"guid": "6064630270761780614",
				"typeId": "5111011",
				"name": "None"
			}
		},
		"13":
		{
			"location":
			{
				"x": 290.33335330546061,
				"y": 1939.1871947007057,
				"z": 10.866099787880126
			},
			"rotation":
			{
				"pitch": -0,
				"yaw": -40.86977048610931,
				"roll": 0
			},
			"bRandomRotation": false,
			"instanceId":
			{
				"guid": "6064630270761780549",
				"typeId": "5111011",
				"name": "None"
			}
		},
		"14":
		{
			"location":
			{
				"x": 2158.1616931652702,
				"y": 1189.5322829407523,
				"z": -0.00011724197438489625
			},
			"rotation":
			{
				"pitch": 0,
				"yaw": 179.30654985164236,
				"roll": -0
			},
			"bRandomRotation": false,
			"instanceId":
			{
				"guid": "6064630270761780717",
				"typeId": "5111011",
				"name": "None"
			}
		},
		"15":
		{
			"location":
			{
				"x": 979.23816860538307,
				"y": -18.962399939016905,
				"z": -0.00010985524213502629
			},
			"rotation":
			{
				"pitch": 0,
				"yaw": 65.711152431876329,
				"roll": -0
			},
			"bRandomRotation": false,
			"instanceId":
			{
				"guid": "6064630270761780877",
				"typeId": "5111011",
				"name": "None"
			}
		},
		"16":
		{
			"location":
			{
				"x": -145.73684019098738,
				"y": 97.5755235923898,
				"z": -0.00012482794941170994
			},
			"rotation":
			{
				"pitch": 0,
				"yaw": 0,
				"roll": 0
			},
			"bRandomRotation": false,
			"instanceId":
			{
				"guid": "6064630270761780749",
				"typeId": "5111011",
				"name": "None"
			}
		},
		"17":
		{
			"location":
			{
				"x": 358.28165189914859,
				"y": -1831.303366737553,
				"z": 2.125406079795221
			},
			"rotation":
			{
				"pitch": 0,
				"yaw": 55.949927709354839,
				"roll": -0
			},
			"bRandomRotation": false,
			"instanceId":
			{
				"guid": "6064630270761780909",
				"typeId": "5111011",
				"name": "None"
			}
		},
		"18":
		{
			"location":
			{
				"x": -1422.3316642975135,
				"y": -1116.1089234765386,
				"z": -0.00012443837554165782
			},
			"rotation":
			{
				"pitch": 0,
				"yaw": 56.07481502756945,
				"roll": -0
			},
			"bRandomRotation": false,
			"instanceId":
			{
				"guid": "6064630270761780781",
				"typeId": "5111011",
				"name": "None"
			}
		},
		"19":
		{
			"location":
			{
				"x": -36.263482239922546,
				"y": 2426.9141843448924,
				"z": 11.715811952819786
			},
			"rotation":
			{
				"pitch": 0,
				"yaw": 0,
				"roll": 0
			},
			"bRandomRotation": false,
			"instanceId":
			{
				"guid": "6064630270761780653",
				"typeId": "5111011",
				"name": "None"
			}
		},
		"20":
		{
			"location":
			{
				"x": -1141.8178676891025,
				"y": -2014.6049621193561,
				"z": -0.00018925958884175031
			},
			"rotation":
			{
				"pitch": 0,
				"yaw": 72.163663021418586,
				"roll": -0
			},
			"bRandomRotation": false,
			"instanceId":
			{
				"guid": "6064630270761780685",
				"typeId": "5111011",
				"name": "None"
			}
		},
		"21":
		{
			"location":
			{
				"x": -408.39814777950943,
				"y": -550.03414112934115,
				"z": -0.00014857683706814839
			},
			"rotation":
			{
				"pitch": 0,
				"yaw": 100.07844792826967,
				"roll": -0
			},
			"bRandomRotation": false,
			"instanceId":
			{
				"guid": "6064630270761780813",
				"typeId": "5111011",
				"name": "None"
			}
		},
		"22":
		{
			"location":
			{
				"x": -740.07439754744848,
				"y": -1389.8307531254031,
				"z": -0.00014819816610689429
			},
			"rotation":
			{
				"pitch": -0,
				"yaw": -114.93649322372889,
				"roll": 0
			},
			"bRandomRotation": false,
			"instanceId":
			{
				"guid": "6064630270761780845",
				"typeId": "5111011",
				"name": "None"
			}
		}
	},
	"filterOverrideId":
	{
		"guid": "0",
		"typeId": "5111003",
		"name": "None"
	},
	"populationAreaId":
	{
		"guid": "0",
		"typeId": "5171420",
		"name": "None"
	},
	"timedDespawnId":
	{
		"guid": "0",
		"typeId": "5882300",
		"name": "None"
	},