{
	"populationInstancesMap":
	{
		"1":
		{
			"location":
			{
				"x": 20.742637480832855,
				"y": 43.246737539743663,
				"z": 139.9999653210125
			},
			"rotation":
			{
				"pitch": 0,
				"yaw": 0,
				"roll": -0
			},
			"bRandomRotation": false,
			"instanceId":
			{
				"guid": "6064633865730129935",
				"typeId": "5111011",
				"name": "None"
			}
		},
		"2":
		{
			"location":
			{
				"x": 200.15779247087448,
				"y": 986.40312079168154,
				"z": 139.99985572488276
			},
			"rotation":
			{
				"pitch": 0,
				"yaw": 0,
				"roll": -0
			},
			"bRandomRotation": false,
			"instanceId":
			{
				"guid": "6064633865730129935",
				"typeId": "5111011",
				"name": "None"
			}
		},
		"3":
		{
			"location":
			{
				"x": -655.80348262802909,
				"y": 791.47142851129286,
				"z": 139.99980493884777
			},
			"rotation":
			{
				"pitch": 0,
				"yaw": 0,
				"roll": -0
			},
			"bRandomRotation": false,
			"instanceId":
			{
				"guid": "6064633865730129935",
				"typeId": "5111011",
				"name": "None"
			}
		},
		"4":
		{
			"location":
			{
				"x": -1044.812425030475,
				"y": -168.19463742139146,
				"z": 139.99991904568833
			},
			"rotation":
			{
				"pitch": 0,
				"yaw": 0,
				"roll": -0
			},
			"bRandomRotation": false,
			"instanceId":
			{
				"guid": "6064633865730129935",
				"typeId": "5111011",
				"name": "None"
			}
		},
		"5":
		{
			"location":
			{
				"x": -507.74307744532962,
				"y": -891.9728535162634,
				"z": 140.0001673251445
			},
			"rotation":
			{
				"pitch": 0,
				"yaw": 0,
				"roll": -0
			},
			"bRandomRotation": false,
			"instanceId":
			{
				"guid": "6064633865730129935",
				"typeId": "5111011",
				"name": "None"
			}
		},
		"6":
		{
			"location":
			{
				"x": 482.99645791808416,
				"y": -959.63964403885745,
				"z": 139.9999669154513
			},
			"rotation":
			{
				"pitch": 0,
				"yaw": 0,
				"roll": -0
			},
			"bRandomRotation": false,
			"instanceId":
			{
				"guid": "6064633865730129935",
				"typeId": "5111011",
				"name": "None"
			}
		},
		"7":
		{
			"location":
			{
				"x": 1079.9840394979155,
				"y": -254.86544101853792,
				"z": 139.99970326177845
			},
			"rotation":
			{
				"pitch": 0,
				"yaw": 0,
				"roll": -0
			},
			"bRandomRotation": false,
			"instanceId":
			{
				"guid": "6064633865730129935",
				"typeId": "5111011",
				"name": "None"
			}
		},
		"8":
		{
			"location":
			{
				"x": 1143.0517702065026,
				"y": 471.22498044448628,
				"z": 139.99997423230161
			},
			"rotation":
			{
				"pitch": 0,
				"yaw": 0,
				"roll": -0
			},
			"bRandomRotation": false,
			"instanceId":
			{
				"guid": "6064633865730129935",
				"typeId": "5111011",
				"name": "None"
			}
		}
	},
	"filterOverrideId":
	{
		"guid": "0",
		"typeId": "5111003",
		"name": "None"
	},
	"populationAreaId":
	{
		"guid": "0",
		"typeId": "5171420",
		"name": "None"
	},
	"timedDespawnId":
	{
		"guid": "0",
		"typeId": "5882300",
		"name": "None"
	},
	"overrideActivationRange": 0,
	"gameplayTags":
	{
		"gameplayTags": [],
		"parentTags": []
	},
	"alignmentOverridesIds": [],
	"guid": "6064633865696968715",
	"name": "PCG_Raven_g8",
	"typeId": "5111005"
}