{
	"populationInstancesMap":
	{
		"1":
		{
			"location":
			{
				"x": -55874.965555197676,
				"y": 143761.04500978376,
				"z": -93.530436170804023
			},
			"rotation":
			{
				"pitch": 0,
				"yaw": 19.999999845072672,
				"roll": -0
			},
			"bRandomRotation": false,
			"instanceId":
			{
				"guid": "6064631625192374273",
				"typeId": "5111011",
				"name": "None"
			}
		},
		"2":
		{
			"location":
			{
				"x": -57357.587317847298,
				"y": 144010.65899559628,
				"z": -93.530221252520278
			},
			"rotation":
			{
				"pitch": 0,
				"yaw": 0,
				"roll": 0
			},
			"bRandomRotation": false,
			"instanceId":
			{
				"guid": "6064631625378299904",
				"typeId": "5111011",
				"name": "None"
			}
		},
		"3":
		{
			"location":
			{
				"x": -53450.092946624034,
				"y": 143695.49456224852,
				"z": -103.55444803696446
			},
			"rotation":
			{
				"pitch": 0,
				"yaw": 49.999999612681513,
				"roll": -0
			},
			"bRandomRotation": false,
			"instanceId":
			{
				"guid": "6064631625192374273",
				"typeId": "5111011",
				"name": "None"
			}
		},
		"4":
		{
			"location":
			{
				"x": -53425.068430924905,
				"y": 143989.61051836755,
				"z": 862.61750727344406
			},
			"rotation":
			{
				"pitch": 0,
				"yaw": -29.999999767609047,
				"roll": 0
			},
			"bRandomRotation": false,
			"instanceId":
			{
				"guid": "6064631625384787973",
				"typeId": "5111011",
				"name": "None"
			}
		},
		"5":
		{
			"location":
			{
				"x": -53783.757274294854,
				"y": 149193.59197827993,
				"z": -101.72500689663866
			},
			"rotation":
			{
				"pitch": 0,
				"yaw": 109.9999991478997,
				"roll": 0
			},
			"bRandomRotation": false,
			"instanceId":
			{
				"guid": "6064631625192374273",
				"typeId": "5111011",
				"name": "None"
			}
		},
		"6":
		{
			"location":
			{
				"x": -54433.547310575494,
				"y": 147673.80378592206,
				"z": 872.61292069069896
			},
			"rotation":
			{
				"pitch": 0,
				"yaw": 79.999999380290603,
				"roll": 0
			},
			"bRandomRotation": false,
			"instanceId":
			{
				"guid": "6064631625389572104",
				"typeId": "5111011",
				"name": "None"
			}
		},
		"7":
		{
			"location":
			{
				"x": -57049.663543215604,
				"y": 142505.18482665397,
				"z": 858.62566257332946
			},
			"rotation":
			{
				"pitch": 0,
				"yaw": -99.999999225363581,
				"roll": 0
			},
			"bRandomRotation": false,
			"instanceId":
			{
				"guid": "6064631625389572104",
				"typeId": "5111011",
				"name": "None"
			}
		},
		"8":
		{
			"location":
			{
				"x": -55317.611000625533,
				"y": 144324.94476921164,
				"z": 860.29789231187897
			},
			"rotation":
			{
				"pitch": 0,
				"yaw": 99.999999225363425,
				"roll": -0
			},
			"bRandomRotation": false,
			"instanceId":
			{
				"guid": "6064631625399795724",
				"typeId": "5111011",
				"name": "None"
			}
		},
		"9":
		{
			"location":
			{
				"x": -55285.414633310051,
				"y": 144579.13126155158,
				"z": 895.05643479574792
			},
			"rotation":
			{
				"pitch": -0,
				"yaw": -59.999999535218009,
				"roll": 0
			},
			"bRandomRotation": false,
			"instanceId":
			{
				"guid": "6064631625406152720",
				"typeId": "5111011",
				"name": "None"
			}
		},
		"10":
		{
			"location":
			{
				"x": -55826.492260173545,
				"y": 148188.73899119679,
				"z": 862.91705430472211
			},
			"rotation":
			{
				"pitch": 0,
				"yaw": 129.99999899297237,
				"roll": 0
			},
			"bRandomRotation": false,
			"instanceId":
			{
				"guid": "6064631625192374273",
				"typeId": "5111011",
				"name": "None"
			}
		},
		"11":
		{
			"location":
			{
				"x": -54061.620234470465,
				"y": 146643.8738595327,
				"z": 874.40747925596224
			},
			"rotation":
			{
				"pitch": 0,
				"yaw": 0,
				"roll": -0
			},
			"bRandomRotation": false,
			"instanceId":
			{
				"guid": "6064631625192374273",
				"typeId": "5111011",
				"name": "None"
			}
		},
		"12":
		{
			"location":
			{
				"x": -54052.243014404201,
				"y": 146795.09929191537,
				"z": 874.40849799363059
			},
			"rotation":
			{
				"pitch": 0,
				"yaw": -39.999999690145394,
				"roll": 0
			},
			"bRandomRotation": false,
			"instanceId":
			{
				"guid": "6064631625192374273",
				"typeId": "5111011",
				"name": "None"
			}
		},
		"13":
		{
			"location":
			{
				"x": -52247.694106593844,
				"y": 142550.31914578617,
				"z": -101.80003251411108
			},
			"rotation":
			{
				"pitch": 0,
				"yaw": 0,
				"roll": -0
			},
			"bRandomRotation": false,
			"instanceId":
			{
				"guid": "6064631625378299904",
				"typeId": "5111011",
				"name": "None"
			}
		},
		"14":
		{
			"location":
			{
				"x": -53335.314555650228,
				"y": 143854.20769820811,
				"z": -103.55532445880817
			},
			"rotation":
			{
				"pitch": -0,
				"yaw": -119.99999907043605,
				"roll": 0
			},
			"bRandomRotation": false,
			"instanceId":
			{
				"guid": "6064631625192374273",
				"typeId": "5111011",
				"name": "None"
			}
		},
		"15":
		{
			"location":
			{
				"x": -56278.177346369834,
				"y": 144931.10829182254,
				"z": -93.531173014118394
			},
			"rotation":
			{
				"pitch": 0,
				"yaw": 0,
				"roll": 0
			},
			"bRandomRotation": false,
			"instanceId":
			{
				"guid": "6064631625378299904",
				"typeId": "5111011",
				"name": "None"
			}
		},
		"16":
		{
			"location":
			{
				"x": -55791.074053311371,
				"y": 143588.34947932215,
				"z": -93.553899340171483
			},
			"rotation":
			{
				"pitch": 0,
				"yaw": 69.999999457754384,
				"roll": -0
			},
			"bRandomRotation": false,
			"instanceId":
			{
				"guid": "6064631625192374273",
				"typeId": "5111011",
				"name": "None"
			}
		},
		"17":
		{
			"location":
			{
				"x": -58892.902549968217,
				"y": 146706.37993403879,
				"z": -83.531188354732876
			},
			"rotation":
			{
				"pitch": 0,
				"yaw": 0,
				"roll": 0
			},
			"bRandomRotation": false,
			"instanceId":
			{
				"guid": "6064631625378299904",
				"typeId": "5111011",
				"name": "None"
			}
		},
		"18":
		{
			"location":
			{
				"x": -55564.172598391422,
				"y": 143881.14914686239,
				"z": -83.931392976635834
			},
			"rotation":
			{
				"pitch": -0,
				"yaw": -119.99999907043622,
				"roll": 0
			},
			"bRandomRotation": false,
			"instanceId":
			{
				"guid": "6064631625418080281",
				"typeId": "5111011",
				"name": "None"
			}
		},
		"19":
		{
			"location":
			{
				"x": -55548.561861213879,
				"y": 143561.3788527805,
				"z": -101.79941829900054
			},
			"rotation":
			{
				"pitch": 0,
				"yaw": 89.999999302827078,
				"roll": -0
			},
			"bRandomRotation": false,
			"instanceId":
			{
				"guid": "6064631625418080281",
				"typeId": "5111011",
				"name": "None"
			}
		},
		"20":
		{
			"location":
			{
				"x": -55717.236258817953,
				"y": 147217.89397048071,
				"z": -93.955126081291382
			},
			"rotation":
			{
				"pitch": 0,
				"yaw": 0,
				"roll": 0
			},
			"bRandomRotation": false,
			"instanceId":
			{
				"guid": "6064631625418080281",
				"typeId": "5111011",
				"name": "None"
			}
		},
		"21":
		{
			"location":
			{
				"x": -55543.564567396068,
				"y": 147028.90467755176,
				"z": -101.55530163399089
			},
			"rotation":
			{
				"pitch": 0,
				"yaw": 89.999999302826964,
				"roll": -0
			},
			"bRandomRotation": false,
			"instanceId":
			{
				"guid": "6064631625421029404",
				"typeId": "5111011",
				"name": "None"
			}
		},
		"22":
		{
			"location":
			{
				"x": -55391.602822583285,
				"y": 147145.49529728439,
				"z": -101.55419589006488
			},
			"rotation":
			{
				"pitch": 0,
				"yaw": 170.00000147180955,
				"roll": -0
			},
			"bRandomRotation": false,
			"instanceId":
			{
				"guid": "6064631625421029404",
				"typeId": "5111011",
				"name": "None"
			}
		},
		"23":
		{
			"location":
			{
				"x": -56163.048510805354,
				"y": 146207.66891275655,
				"z": -101.55368808891944
			},
			"rotation":
			{
				"pitch": 0,
				"yaw": 0,
				"roll": 0
			},
			"bRandomRotation": false,
			"instanceId":
			{
				"guid": "6064631625422077982",
				"typeId": "5111011",