{
	"populationInstancesMap":
	{
		"1":
		{
			"location":
			{
				"x": -712106.92597960937,
				"y": 543598.29444261082,
				"z": 12869.998458451917
			},
			"rotation":
			{
				"pitch": 0,
				"yaw": 89.999999302826964,
				"roll": -0
			},
			"bRandomRotation": false,
			"instanceId":
			{
				"guid": "6064630615751983128",
				"typeId": "5111011",
				"name": "None"
			}
		},
		"2":
		{
			"location":
			{
				"x": -718043.32781107328,
				"y": 544612.07834805362,
				"z": 13331.988339738886
			},
			"rotation":
			{
				"pitch": 0,
				"yaw": 0,
				"roll": 0
			},
			"bRandomRotation": false,
			"instanceId":
			{
				"guid": "6064630615751983128",
				"typeId": "5111011",
				"name": "None"
			}
		},
		"3":
		{
			"location":
			{
				"x": -717574.90127623698,
				"y": 543422.96971173596,
				"z": 13500.89741011974
			},
			"rotation":
			{
				"pitch": 0,
				"yaw": 49.999999612681698,
				"roll": -0
			},
			"bRandomRotation": false,
			"instanceId":
			{
				"guid": "6064630615751983128",
				"typeId": "5111011",
				"name": "None"
			}
		},
		"4":
		{
			"location":
			{
				"x": -713703.68284450192,
				"y": 548569.94307212066,
				"z": 12976.856893313754
			},
			"rotation":
			{
				"pitch": 0,
				"yaw": 0,
				"roll": 0
			},
			"bRandomRotation": false,
			"instanceId":
			{
				"guid": "6064630615751983128",
				"typeId": "5111011",
				"name": "None"
			}
		},
		"5":
		{
			"location":
			{
				"x": -714781.03371979471,
				"y": 549600.79389244516,
				"z": 12976.775857944065
			},
			"rotation":
			{
				"pitch": 0,
				"yaw": 39.999999690145373,
				"roll": -0
			},
			"bRandomRotation": false,
			"instanceId":
			{
				"guid": "6064630615751983128",
				"typeId": "5111011",
				"name": "None"
			}
		},
		"6":
		{
			"location":
			{
				"x": -725530.40820726962,
				"y": 546040.76073606312,
				"z": 13978.471754003782
			},
			"rotation":
			{
				"pitch": 0,
				"yaw": 29.99999976760903,
				"roll": -0
			},
			"bRandomRotation": false,
			"instanceId":
			{
				"guid": "6064630615751983128",
				"typeId": "5111011",
				"name": "None"
			}
		},
		"7":
		{
			"location":
			{
				"x": -725312.19647007657,
				"y": 548923.06617467944,
				"z": 13730.429844879533
			},
			"rotation":
			{
				"pitch": 0,
				"yaw": 0,
				"roll": 0
			},
			"bRandomRotation": false,
			"instanceId":
			{
				"guid": "6064630615751983128",
				"typeId": "5111011",
				"name": "None"
			}
		},
		"8":
		{
			"location":
			{
				"x": -723001.88020299166,
				"y": 551841.55878473271,
				"z": 13386.143736242067
			},
			"rotation":
			{
				"pitch": 0,
				"yaw": 79.999999380290618,
				"roll": -0
			},
			"bRandomRotation": false,
			"instanceId":
			{
				"guid": "6064630615751983128",
				"typeId": "5111011",
				"name": "None"
			}
		},
		"9":
		{
			"location":
			{
				"x": -717849.15155685227,
				"y": 549591.14790507138,
				"z": 12982.635983162558
			},
			"rotation":
			{
				"pitch": 0,
				"yaw": 0,
				"roll": 0
			},
			"bRandomRotation": false,
			"instanceId":
			{
				"guid": "6064630615751983128",
				"typeId": "5111011",
				"name": "None"
			}
		},
		"10":
		{
			"location":
			{
				"x": -710834.1110344989,
				"y": 552362.57681541517,
				"z": 12966.62807884332
			},
			"rotation":
			{
				"pitch": 0,
				"yaw": 29.999999767609037,
				"roll": -0
			},
			"bRandomRotation": false,
			"instanceId":
			{
				"guid": "6064630615751983128",
				"typeId": "5111011",
				"name": "None"
			}
		},
		"11":
		{
			"location":
			{
				"x": -710550.78459435224,
				"y": 552734.51922519878,
				"z": 12980.427009110223
			},
			"rotation":
			{
				"pitch": -0,
				"yaw": -109.9999991478996,
				"roll": 0
			},
			"bRandomRotation": false,
			"instanceId":
			{
				"guid": "6064630615751983128",
				"typeId": "5111011",
				"name": "None"
			}
		},
		"12":
		{
			"location":
			{
				"x": -710601.24381902826,
				"y": 552531.10768471914,
				"z": 12965.918039224784
			},
			"rotation":
			{
				"pitch": -0,
				"yaw": -49.999999612681727,
				"roll": 0
			},
			"bRandomRotation": false,
			"instanceId":
			{
				"guid": "6064630615816798245",
				"typeId": "5111011",
				"name": "None"
			}
		},
		"13":
		{
			"location":
			{
				"x": -718808.56827668019,
				"y": 557137.35677713074,
				"z": 13028.768190736526
			},
			"rotation":
			{
				"pitch": 0,
				"yaw": 59.999999535218031,
				"roll": -0
			},
			"bRandomRotation": false,
			"instanceId":
			{
				"guid": "6064630615821647910",
				"typeId": "5111011",
				"name": "None"
			}
		},
		"14":
		{
			"location":
			{
				"x": -717783.29924488394,
				"y": 556572.17225523386,
				"z": 13284.586108339066
			},
			"rotation":
			{
				"pitch": 0,
				"yaw": 0,
				"roll": 0
			},
			"bRandomRotation": false,
			"instanceId":
			{
				"guid": "6064630615821647910",
				"typeId": "5111011",
				"name": "None"
			}
		}
	},
	"filterOverrideId":
	{
		"guid": "0",
		"typeId": "5111003",
		"name": "None"
	},
	"populationAreaId":
	{
		"guid": "0",
		"typeId": "5171420",
		"name": "None"
	},
	"timedDespawnId":
	{
		"guid": "0",
		"typeId": "5882300",
		"name": "None"
	},
	"overrideActivationRange": 0,
	"gameplayTags":
	{
		"gameplayTags": [],
		"parentTags": []
	},
	"alignmentOverridesIds": [],
	"guid": "6064630615687561239",
	"name": "MAPS_0005A_FGG_Phase01_GraveLake",
	"typeId": "5111005"
}