{
	"populationInstancesMap":
	{
		"1":
		{
			"location":
			{
				"x": -10262.99043515214,
				"y": 11130.632901841193,
				"z": -21.65696538737393
			},
			"rotation":
			{
				"pitch": 0,
				"yaw": 0,
				"roll": -0
			},
			"bRandomRotation": false,
			"instanceId":
			{
				"guid": "6064632943447310350",
				"typeId": "5111011",
				"name": "None"
			}
		},
		"2":
		{
			"location":
			{
				"x": -6412.99043515214,
				"y": 9900.6329018411925,
				"z": -21.65696538737393
			},
			"rotation":
			{
				"pitch": 0,
				"yaw": 0,
				"roll": -0
			},
			"bRandomRotation": false,
			"instanceId":
			{
				"guid": "6064632943461203983",
				"typeId": "5111011",
				"name": "None"
			}
		},
		"3":
		{
			"location":
			{
				"x": -9572.99043515214,
				"y": 7830.6329018411925,
				"z": -21.65696538737393
			},
			"rotation":
			{
				"pitch": 0,
				"yaw": 0,
				"roll": -0
			},
			"bRandomRotation": false,
			"instanceId":
			{
				"guid": "6064632943462776848",
				"typeId": "5111011",
				"name": "None"
			}
		},
		"4":
		{
			"location":
			{
				"x": -6662.99043515214,
				"y": 7020.6329018411925,
				"z": -21.65696538737393
			},
			"rotation":
			{
				"pitch": 0,
				"yaw": 0,
				"roll": -0
			},
			"bRandomRotation": false,
			"instanceId":
			{
				"guid": "6064632943463563281",
				"typeId": "5111011",
				"name": "None"
			}
		},
		"5":
		{
			"location":
			{
				"x": -8452.99043515214,
				"y": 14750.632901841193,
				"z": -386.63919570964208
			},
			"rotation":
			{
				"pitch": 0,
				"yaw": 0,
				"roll": -0
			},
			"bRandomRotation": false,
			"instanceId":
			{
				"guid": "6064632943496658968",
				"typeId": "5111011",
				"name": "None"
			}
		},
		"6":
		{
			"location":
			{
				"x": -7963.2942800872261,
				"y": 18307.15993831458,
				"z": -171.65691797526961
			},
			"rotation":
			{
				"pitch": 0,
				"yaw": -9.999999922536345,
				"roll": 0
			},
			"bRandomRotation": false,
			"instanceId":
			{
				"guid": "6064632944092119194",
				"typeId": "5111011",
				"name": "None"
			}
		},
		"7":
		{
			"location":
			{
				"x": -2122.99043515214,
				"y": 330.63290184119251,
				"z": 136.19220230061183
			},
			"rotation":
			{
				"pitch": 0,
				"yaw": 169.99999868311767,
				"roll": 0
			},
			"bRandomRotation": false,
			"instanceId":
			{
				"guid": "6064632943496658968",
				"typeId": "5111011",
				"name": "None"
			}
		},
		"8":
		{
			"location":
			{
				"x": 1309.728484623105,
				"y": 1197.7204509481089,
				"z": 90.452235772288986
			},
			"rotation":
			{
				"pitch": 0,
				"yaw": 69.999999457754157,
				"roll": 0
			},
			"bRandomRotation": false,
			"instanceId":
			{
				"guid": "6064632943496658968",
				"typeId": "5111011",
				"name": "None"
			}
		},
		"9":
		{
			"location":
			{
				"x": -6998.8656492783048,
				"y": 18129.051541363588,
				"z": -171.65691797526961
			},
			"rotation":
			{
				"pitch": 0,
				"yaw": 159.99999876058146,
				"roll": 0
			},
			"bRandomRotation": false,
			"instanceId":
			{
				"guid": "6064632944092119194",
				"typeId": "5111011",
				"name": "None"
			}
		},
		"10":
		{
			"location":
			{
				"x": -7506.2825836201082,
				"y": 18403.56985604309,
				"z": -161.96649831542072
			},
			"rotation":
			{
				"pitch": 0,
				"yaw": -109.99999914789952,
				"roll": 0
			},
			"bRandomRotation": false,
			"instanceId":
			{
				"guid": "6064632948498891006",
				"typeId": "5111011",
				"name": "None"
			}
		},
		"11":
		{
			"location":
			{
				"x": -23208.567717641417,
				"y": 11838.811536555411,
				"z": 88.875442658443717
			},
			"rotation":
			{
				"pitch": 0,
				"yaw": -9.9999999225364036,
				"roll": 0
			},
			"bRandomRotation": false,
			"instanceId":
			{
				"guid": "6064632948609646856",
				"typeId": "5111011",
				"name": "None"
			}
		},
		"12":
		{
			"location":
			{
				"x": -23479.585877172736,
				"y": 11337.264771831804,
				"z": 88.875442658443717
			},
			"rotation":
			{
				"pitch": 0,
				"yaw": 39.999999690145316,
				"roll": 0
			},
			"bRandomRotation": false,
			"instanceId":
			{
				"guid": "6064632948609646856",
				"typeId": "5111011",
				"name": "None"
			}
		},
		"13":
		{
			"location":
			{
				"x": -23137.251188437891,
				"y": 12329.437615155941,
				"z": 88.875442658443717
			},
			"rotation":
			{
				"pitch": 0,
				"yaw": -49.99999961268162,
				"roll": 0
			},
			"bRandomRotation": false,
			"instanceId":
			{
				"guid": "6064632948609646856",
				"typeId": "5111011",
				"name": "None"
			}
		}
	},
	"filterOverrideId":
	{
		"guid": "0",
		"typeId": "5111003",
		"name": "None"
	},
	"populationAreaId":
	{
		"guid": "0",
		"typeId": "5171420",
		"name": "None"
	},
	"timedDespawnId":
	{
		"guid": "0",
		"typeId": "5882300",
		"name": "None"
	},
	"overrideActivationRange": 0,
	"gameplayTags":
	{
		"gameplayTags": [],
		"parentTags": []
	},
	"alignmentOverridesIds": [],
	"guid": "6064632943447310349",
	"name": "SAN_Dungeon_Prismarium_FireElemental",
	"typeId": "5111005"
}