{
	"populationInstancesMap":
	{
		"1":
		{
			"location":
			{
				"x": -5978.2389326215489,
				"y": 13085.944499659818,
				"z": -16922.550213663446
			},
			"rotation":
			{
				"pitch": 0,
				"yaw": 24.999999806340803,
				"roll": 0
			},
			"bRandomRotation": false,
			"instanceId":
			{
				"guid": "6064631556147445774",
				"typeId": "5111011",
				"name": "None"
			}
		},
		"2":
		{
			"location":
			{
				"x": -5910.7835097418865,
				"y": 10533.722296148248,
				"z": -16922.550222898728
			},
			"rotation":
			{
				"pitch": -0,
				"yaw": -59.999999535218073,
				"roll": 0
			},
			"bRandomRotation": false,
			"instanceId":
			{
				"guid": "6064631556149936143",
				"typeId": "5111011",
				"name": "None"
			}
		},
		"3":
		{
			"location":
			{
				"x": -5870.7835097418865,
				"y": 10923.722296148248,
				"z": -16922.550215269333
			},
			"rotation":
			{
				"pitch": -0,
				"yaw": -149.9999988380448,
				"roll": 0
			},
			"bRandomRotation": false,
			"instanceId":
			{
				"guid": "6064631556150984720",
				"typeId": "5111011",
				"name": "None"
			}
		},
		"4":
		{
			"location":
			{
				"x": -5880.3775711710332,
				"y": 12961.498349276662,
				"z": -16922.550211454636
			},
			"rotation":
			{
				"pitch": 0,
				"yaw": 59.999999535218159,
				"roll": 0
			},
			"bRandomRotation": false,
			"instanceId":
			{
				"guid": "6064631556151836689",
				"typeId": "5111011",
				"name": "None"
			}
		},
		"5":
		{
			"location":
			{
				"x": -7225.4467720638495,
				"y": 12196.544574053492,
				"z": -16922.550206387692
			},
			"rotation":
			{
				"pitch": -0,
				"yaw": -59.999999535218073,
				"roll": 0
			},
			"bRandomRotation": false,
			"instanceId":
			{
				"guid": "6064631556153016338",
				"typeId": "5111011",
				"name": "None"
			}
		},
		"6":
		{
			"location":
			{
				"x": -7824.4566964842379,
				"y": 11775.066837358638,
				"z": -16922.550212709772
			},
			"rotation":
			{
				"pitch": 0,
				"yaw": 19.999999845072686,
				"roll": -0
			},
			"bRandomRotation": false,
			"instanceId":
			{
				"guid": "6064631556154327059",
				"typeId": "5111011",
				"name": "None"
			}
		},
		"7":
		{
			"location":
			{
				"x": -7695.7835097418865,
				"y": 11438.722296148248,
				"z": -16922.550215269333
			},
			"rotation":
			{
				"pitch": 0,
				"yaw": -149.99999883804514,
				"roll": 0
			},
			"bRandomRotation": false,
			"instanceId":
			{
				"guid": "6064631556156293140",
				"typeId": "5111011",
				"name": "None"
			}
		},
		"8":
		{
			"location":
			{
				"x": -7790.7835097418865,
				"y": 10923.722296148248,
				"z": -17822.549821537646
			},
			"rotation":
			{
				"pitch": 0,
				"yaw": 159.99999876058138,
				"roll": -0
			},
			"bRandomRotation": false,
			"instanceId":
			{
				"guid": "6064631556169072661",
				"typeId": "5111011",
				"name": "None"
			}
		},
		"9":
		{
			"location":
			{
				"x": -7980.7835097418865,
				"y": 11003.722296148248,
				"z": -17822.55020682207
			},
			"rotation":
			{
				"pitch": -0,
				"yaw": -19.999999845072693,
				"roll": 0
			},
			"bRandomRotation": false,
			"instanceId":
			{
				"guid": "6064631556169924630",
				"typeId": "5111011",
				"name": "None"
			}
		},
		"10":
		{
			"location":
			{
				"x": -7548.2389326215489,
				"y": 12935.944499659818,
				"z": -16922.550213663446
			},
			"rotation":
			{
				"pitch": 0,
				"yaw": -54.999999573949694,
				"roll": 0
			},
			"bRandomRotation": false,
			"instanceId":
			{
				"guid": "6064632565540651019",
				"typeId": "5111011",
				"name": "None"
			}
		},
		"11":
		{
			"location":
			{
				"x": -5680.7835097418865,
				"y": 10543.722296148248,
				"z": -16922.550222898728
			},
			"rotation":
			{
				"pitch": 0,
				"yaw": -59.999999535218073,
				"roll": 0
			},
			"bRandomRotation": false,
			"instanceId":
			{
				"guid": "6064632574575312896",
				"typeId": "5111011",
				"name": "None"
			}
		},
		"12":
		{
			"location":
			{
				"x": -7130.7835097418865,
				"y": 9923.7222961482476,
				"z": -16922.550215269333
			},
			"rotation":
			{
				"pitch": 0,
				"yaw": -149.9999988380448,
				"roll": 0
			},
			"bRandomRotation": false,
			"instanceId":
			{
				"guid": "6064632574577410049",
				"typeId": "5111011",
				"name": "None"
			}
		},
		"13":
		{
			"location":
			{
				"x": -6790.3775711710332,
				"y": 13801.498349276662,
				"z": -16922.550211454636
			},
			"rotation":
			{
				"pitch": 0,
				"yaw": -49.99999961268162,
				"roll": 0
			},
			"bRandomRotation": false,
			"instanceId":
			{
				"guid": "6064632574579769346",
				"typeId": "5111011",
				"name": "None"
			}
		},
		"14":
		{
			"location":
			{
				"x": -7025.4467720638495,
				"y": 14436.544574053492,
				"z": -16922.550206387692
			},
			"rotation":
			{
				"pitch": 0,
				"yaw": -59.999999535218073,
				"roll": 0
			},
			"bRandomRotation": false,
			"instanceId":
			{
				"guid": "6064632574581932035",
				"typeId": "5111011",
				"name": "None"
			}
		},
		"15":
		{
			"location":
			{
				"x": -9574.4566964842379,
				"y": 12025.066837358638,
				"z": -16922.550212709772
			},
			"rotation":
			{
				"pitch": 0,
				"yaw": 19.999999845072686,
				"roll": 0
			},
			"bRandomRotation": false,
			"instanceId":
			{
				"guid": "6064632574584553476",
				"typeId": "5111011",
				"name": "None"
			}
		},
		"16":
		{
			"location":
			{
				"x": -9815.7835097418865,
				"y": 12658.722296148248,
				"z": -16922.550215269333
			},
			"rotation":
			{
				"pitch": 0,
				"yaw": -149.99999883804514,
				"roll": 0
			},
			"bRandomRotation": false,
			"instanceId":
			{
				"guid": "6064632574586650629",
				"typeId": "5111011",
				"name": "None"
			}
		},
		"17":
		{
			"location":
			{
				"x": -9520.7835097418865,
				"y": 12573.722296148248,
				"z": -16922.281533061087
			},
			"rotation":
			{
				"pitch": 0,
				"yaw": 169.9999986831177,
				"roll": 0
			},
			"bRandomRotation": false,
			"instanceId":
			{
				"guid": "6064632574589534214",
				"typeId": "5111011",
				"name": "None"
			}
		},
		"18":
		{
			"location":
			{
				"x": -8580.7835097418865,
				"y": 12823.722296148248,
				"z": -16922.281552134573
			},
			"rotation":
			{
				"pitch": 0,
				"yaw": -49.999999612681727,
				"roll": 0
			},
			"bRandomRotation": false,
			"instanceId":
			{
				"guid": "6064632574599823367",
				"typeId": "5111011",
				"name": "None"
			}
		},
		"19":
		{
			"location":
			{
				"x": -7481.8931564548984,
				"y": 10945.08158520615,
				"z": -17018.281608287281
			},
			"rotation":
			{
				"pitch": 0,
				"yaw": 0,
				"roll": -0
			},
			"bRandomRotation": false,
			"instanceId":
			{
				"guid": "6064632574611554314",
				"typeId": "5111011",
				"name": "None"
			}
		},
		"20":
		{
			"location":
			{
				"x": -5641.8931564548984,
				"y": 10635.08158520615,
				"z": -17018.281608287281
			},
			"rotation":
			{
				"pitch": 0,
				"yaw": 0,
				"roll": -0
			},
			"bRandomRotation": false,
			"instanceId":
			{
				"guid": "6064632574611554314",
				"typeId": "5111011",
				"name": "None"
			}
		},
		"21":
		{
			"location":
			{
				"x": -6941.8931564548984,
				"y": 13295.08158520615,
				"z": -17018.281608287281
			},
			"rotation":
			{
				"pitch": 0,
				"yaw": 0,
				"roll": -0
			},
			"bRandomRotation": false,
			"instanceId":
			{
				"guid": "6064632574611554314",
				"typeId": "5111011",
				"name": "None"
			}
		},
		"22":
		{
			"location":
			{
				"x": -8441.8931564548984,
				"y": 12415.08158520615,
				"z": -17018.281608287281
			},
			"rotation":
			{
				"pitch": 0,
				"yaw": 0,
				"roll": -0
			},
			"bRandomRotation": false,
			"instanceId":
			{
				"guid": "6064632574611554314",
				"typeId": "5111011",
				"name": "None"
			}
		},
		"23":
		{
			"location":
			{
				"x": -9831.8931564548984,
				"y": 11935.08158520615,
				"z": -17018.281608287281
			},
			"rotation":
			{
				"pitch": 0,
				"yaw": 0,
				"roll": -0
			},
			"bRandomRotation": false,