{
	"populationInstancesMap":
	{
		"1":
		{
			"location":
			{
				"x": -2775.0984140539076,
				"y": -398.18157928346773,
				"z": 307.36690289760372
			},
			"rotation":
			{
				"pitch": 0,
				"yaw": 79.999999380290618,
				"roll": -0
			},
			"bRandomRotation": false,
			"instanceId":
			{
				"guid": "6064630270761767299",
				"typeId": "5111011",
				"name": "None"
			}
		},
		"2":
		{
			"location":
			{
				"x": -3451.6159304269822,
				"y": -31.619471971003804,
				"z": 307.36691217468251
			},
			"rotation":
			{
				"pitch": 0,
				"yaw": 69.999999457754271,
				"roll": -0
			},
			"bRandomRotation": false,
			"instanceId":
			{
				"guid": "6064630270761765535",
				"typeId": "5111011",
				"name": "None"
			}
		},
		"3":
		{
			"location":
			{
				"x": -2592.4379598925589,
				"y": 577.29203506137128,
				"z": 307.36691011069706
			},
			"rotation":
			{
				"pitch": -0,
				"yaw": -59.999999535218009,
				"roll": 0
			},
			"bRandomRotation": false,
			"instanceId":
			{
				"guid": "6064630270761763043",
				"typeId": "5111011",
				"name": "None"
			}
		},
		"4":
		{
			"location":
			{
				"x": -2695.0318738413043,
				"y": 697.82720311899902,
				"z": 307.36692059333291
			},
			"rotation":
			{
				"pitch": -0,
				"yaw": -39.999999690145394,
				"roll": 0
			},
			"bRandomRotation": false,
			"instanceId":
			{
				"guid": "6064630270761763043",
				"typeId": "5111011",
				"name": "None"
			}
		},
		"5":
		{
			"location":
			{
				"x": -2853.534546016017,
				"y": 805.66539528837893,
				"z": 307.36693843833928
			},
			"rotation":
			{
				"pitch": -0,
				"yaw": -29.999999767609047,
				"roll": 0
			},
			"bRandomRotation": false,
			"instanceId":
			{
				"guid": "6064630270761763043",
				"typeId": "5111011",
				"name": "None"
			}
		},
		"6":
		{
			"location":
			{
				"x": -3027.2289080193732,
				"y": 868.46650758950273,
				"z": 307.36695158261136
			},
			"rotation":
			{
				"pitch": -0,
				"yaw": -19.999999845072693,
				"roll": 0
			},
			"bRandomRotation": false,
			"instanceId":
			{
				"guid": "6064630270761763043",
				"typeId": "5111011",
				"name": "None"
			}
		},
		"7":
		{
			"location":
			{
				"x": -3214.7094531266484,
				"y": 902.32566106141894,
				"z": 307.36692385784772
			},
			"rotation":
			{
				"pitch": 0,
				"yaw": 0,
				"roll": -0
			},
			"bRandomRotation": false,
			"instanceId":
			{
				"guid": "6064630270761763043",
				"typeId": "5111011",
				"name": "None"
			}
		},
		"8":
		{
			"location":
			{
				"x": -4694.7685696138069,
				"y": -845.45776630070759,
				"z": 491.36692133830002
			},
			"rotation":
			{
				"pitch": 0,
				"yaw": 59.999999535217967,
				"roll": -0
			},
			"bRandomRotation": false,
			"instanceId":
			{
				"guid": "6064630270761763050",
				"typeId": "5111011",
				"name": "None"
			}
		},
		"9":
		{
			"location":
			{
				"x": -2362.2974207523512,
				"y": 566.62889075346175,
				"z": 371.36677595571382
			},
			"rotation":
			{
				"pitch": 0,
				"yaw": 0,
				"roll": -0
			},
			"bRandomRotation": false,
			"instanceId":
			{
				"guid": "6064630270761765554",
				"typeId": "5111011",
				"name": "None"
			}
		},
		"10":
		{
			"location":
			{
				"x": -3512.5064080959419,
				"y": 1103.8985168196377,
				"z": 371.36691350840556
			},
			"rotation":
			{
				"pitch": 0,
				"yaw": 0,
				"roll": -0
			},
			"bRandomRotation": false,
			"instanceId":
			{
				"guid": "6064630270761765555",
				"typeId": "5111011",
				"name": "None"
			}
		},
		"11":
		{
			"location":
			{
				"x": -2327.6656920099631,
				"y": 106.55112912019831,
				"z": 371.36680565242932
			},
			"rotation":
			{
				"pitch": -0,
				"yaw": -29.999999767609047,
				"roll": 0
			},
			"bRandomRotation": false,
			"instanceId":
			{
				"guid": "6064630270761765556",
				"typeId": "5111011",
				"name": "None"
			}
		},
		"12":
		{
			"location":
			{
				"x": -4633.2729850014439,
				"y": -82.333969081839314,
				"z": 326.36694898372298
			},
			"rotation":
			{
				"pitch": 0,
				"yaw": 29.999999767609015,
				"roll": -0
			},
			"bRandomRotation": false,
			"instanceId":
			{
				"guid": "6064630270761763062",
				"typeId": "5111011",
				"name": "None"
			}
		},
		"13":
		{
			"location":
			{
				"x": -3378.4725049728295,
				"y": 142.74685739164124,
				"z": 307.36688181463614
			},
			"rotation":
			{
				"pitch": 0,
				"yaw": 0,
				"roll": -0
			},
			"bRandomRotation": false,
			"instanceId":
			{
				"guid": "6064630270761763065",
				"typeId": "5111011",
				"name": "None"
			}
		},
		"14":
		{
			"location":
			{
				"x": -1912.5867106320802,
				"y": -626.04477593011688,
				"z": 307.3669051193865
			},
			"rotation":
			{
				"pitch": 0,
				"yaw": 149.99999883804492,
				"roll": -0
			},
			"bRandomRotation": false,
			"instanceId":
			{
				"guid": "6064630270761765557",
				"typeId": "5111011",
				"name": "None"
			}
		},
		"15":
		{
			"location":
			{
				"x": -1411.3518447962124,
				"y": 149.69896603340749,
				"z": 307.36688994834185
			},
			"rotation":
			{
				"pitch": 0,
				"yaw": 159.99999876058124,
				"roll": -0
			},
			"bRandomRotation": false,
			"instanceId":
			{
				"guid": "6064630270761765557",
				"typeId": "5111011",
				"name": "None"
			}
		},
		"16":
		{
			"location":
			{
				"x": -1324.7992135415552,
				"y": 993.60712039616192,
				"z": 307.36685588744513
			},
			"rotation":
			{
				"pitch": 0,
				"yaw": 179.9999986056539,
				"roll": -0
			},
			"bRandomRotation": false,
			"instanceId":
			{
				"guid": "6064630270761765557",
				"typeId": "5111011",
				"name": "None"
			}
		},
		"17":
		{
			"location":
			{
				"x": -1756.1398232149659,
				"y": 1816.2871610118309,
				"z": 299.06781142976615
			},
			"rotation":
			{
				"pitch": 0,
				"yaw": 0,
				"roll": -0
			},
			"bRandomRotation": false,
			"instanceId":
			{
				"guid": "6064630270761765557",
				"typeId": "5111011",
				"name": "None"
			}
		},
		"18":
		{
			"location":
			{
				"x": -784.41644985682797,
				"y": -682.75990213028854,
				"z": 452.85071308932675
			},
			"rotation":
			{
				"pitch": 0,
				"yaw": 0,
				"roll": -0
			},
			"bRandomRotation": false,
			"instanceId":
			{
				"guid": "6064630270761765557",
				"typeId": "5111011",
				"name": "None"
			}
		},
		"19":
		{
			"location":
			{
				"x": -449.8934724003775,
				"y": -142.18976726228721,
				"z": 414.17469955198976
			},
			"rotation":
			{
				"pitch": 0,
				"yaw": 169.99999868311761,
				"roll": -0
			},
			"bRandomRotation": false,
			"instanceId":
			{
				"guid": "6064630270761765557",
				"typeId": "5111011",
				"name": "None"
			}
		},
		"20":
		{
			"location":
			{
				"x": -272.61214052466676,
				"y": 880.60371258409577,
				"z": 413.61036474298453
			},
			"rotation":
			{
				"pitch": 0,
				"yaw": 0,
				"roll": -0
			},
			"bRandomRotation": false,
			"instanceId":
			{
				"guid": "6064630270761765557",
				"typeId": "5111011",
				"name": "None"
			}
		}
	},
	"filterOverrideId":
	{
		"guid": "0",
		"typeId": "5111003",
		"name": "None"
	},
	"populationAreaId":
	{
		"guid": "0",
		"typeId": "5171420",
		"name": "None"
	},
	"timedDespawnId":
	{
		"guid": "0",
		"typeId": "5882300",
		"name": "None"
	},
	"overrideActivationRange": 0,
	"gameplayTags":
	{
		"gameplayTags": [],
		"parentTags": []
	},
	"alignmentOverridesIds": [],
	"guid": "6064630270761763036",
	"name": "MASS_0002_CCC_Phase03_AntiquitorCamp",
	"typeId": "5111005"
}