{
	"populationInstancesMap":
	{
		"1":
		{
			"location":
			{
				"x": -8762.846826372901,
				"y": 3988.7106178061804,
				"z": 114.26693826452902
			},
			"rotation":
			{
				"pitch": 0,
				"yaw": 139.99999891550871,
				"roll": 0
			},
			"bRandomRotation": false,
			"instanceId":
			{
				"guid": "6064632496301604873",
				"typeId": "5111011",
				"name": "None"
			}
		},
		"2":
		{
			"location":
			{
				"x": -9385.8242973412853,
				"y": 3394.6440923963673,
				"z": 114.26706394779103
			},
			"rotation":
			{
				"pitch": 0,
				"yaw": 139.99999891550871,
				"roll": 0
			},
			"bRandomRotation": false,
			"instanceId":
			{
				"guid": "6064632496306389002",
				"typeId": "5111011",
				"name": "None"
			}
		},
		"3":
		{
			"location":
			{
				"x": 370.17903369385749,
				"y": 10826.761962656397,
				"z": -2959.6350635665249
			},
			"rotation":
			{
				"pitch": 0,
				"yaw": -99.999999225363581,
				"roll": 0
			},
			"bRandomRotation": false,
			"instanceId":
			{
				"guid": "6064632496309993483",
				"typeId": "5111011",
				"name": "None"
			}
		},
		"4":
		{
			"location":
			{
				"x": 17758.994503519381,
				"y": -2611.2618546166923,
				"z": 101.94170129248778
			},
			"rotation":
			{
				"pitch": 0,
				"yaw": 0,
				"roll": -0
			},
			"bRandomRotation": false,
			"instanceId":
			{
				"guid": "6064632496316612620",
				"typeId": "5111011",
				"name": "None"
			}
		},
		"5":
		{
			"location":
			{
				"x": 18115.576420356752,
				"y": -1697.1537227721419,
				"z": 73.68097977592879
			},
			"rotation":
			{
				"pitch": 0,
				"yaw": -29.999999767609047,
				"roll": 0
			},
			"bRandomRotation": false,
			"instanceId":
			{
				"guid": "6064632496317923341",
				"typeId": "5111011",
				"name": "None"
			}
		},
		"6":
		{
			"location":
			{
				"x": -4458.5937254577875,
				"y": -4374.5171620075125,
				"z": 86.984561733244846
			},
			"rotation":
			{
				"pitch": 0,
				"yaw": -109.99999914789987,
				"roll": 0
			},
			"bRandomRotation": false,
			"instanceId":
			{
				"guid": "6064632496321921038",
				"typeId": "5111011",
				"name": "None"
			}
		},
		"7":
		{
			"location":
			{
				"x": -11714.659973750939,
				"y": 10657.836696520564,
				"z": 81.440893432449229
			},
			"rotation":
			{
				"pitch": 0,
				"yaw": -89.999999302827078,
				"roll": 0
			},
			"bRandomRotation": false,
			"instanceId":
			{
				"guid": "6064632496343482383",
				"typeId": "5111011",
				"name": "None"
			}
		},
		"8":
		{
			"location":
			{
				"x": 12644.720807524282,
				"y": 18267.748136883718,
				"z": -4252.1834673147841
			},
			"rotation":
			{
				"pitch": 0,
				"yaw": 0,
				"roll": -0
			},
			"bRandomRotation": false,
			"instanceId":
			{
				"guid": "6064632496346562576",
				"typeId": "5111011",
				"name": "None"
			}
		},
		"9":
		{
			"location":
			{
				"x": 5793.341987012187,
				"y": 17831.749329029117,
				"z": -4218.205954284409
			},
			"rotation":
			{
				"pitch": 0,
				"yaw": 0,
				"roll": -0
			},
			"bRandomRotation": false,
			"instanceId":
			{
				"guid": "6064632496348528657",
				"typeId": "5111011",
				"name": "None"
			}
		},
		"10":
		{
			"location":
			{
				"x": 10828.096712448983,
				"y": 507.23301398125477,
				"z": 118.1620463272393
			},
			"rotation":
			{
				"pitch": 0,
				"yaw": 0,
				"roll": -0
			},
			"bRandomRotation": false,
			"instanceId":
			{
				"guid": "6064632496355082258",
				"typeId": "5111011",
				"name": "None"
			}
		},
		"11":
		{
			"location":
			{
				"x": 10886.484910812578,
				"y": 1157.5716658296296,
				"z": 107.22440323224873
			},
			"rotation":
			{
				"pitch": 0,
				"yaw": -19.999999845072693,
				"roll": 0
			},
			"bRandomRotation": false,
			"instanceId":
			{
				"guid": "6064632496358359059",
				"typeId": "5111011",
				"name": "None"
			}
		},
		"12":
		{
			"location":
			{
				"x": -3574.9609048144193,
				"y": -4714.961897798581,
				"z": 136.92381945914531
			},
			"rotation":
			{
				"pitch": 0,
				"yaw": -109.99999914789987,
				"roll": 0
			},
			"bRandomRotation": false,
			"instanceId":
			{
				"guid": "6064632496470556692",
				"typeId": "5111011",
				"name": "None"
			}
		},
		"13":
		{
			"location":
			{
				"x": 1081.0818081399193,
				"y": -1957.6625597361708,
				"z": 141.69418637121089
			},
			"rotation":
			{
				"pitch": 0,
				"yaw": 0,
				"roll": -0
			},
			"bRandomRotation": false,
			"instanceId":
			{
				"guid": "6064632496553590805",
				"typeId": "5111011",
				"name": "None"
			}
		},
		"14":
		{
			"location":
			{
				"x": 756.83719354483765,
				"y": 2775.1416827131761,
				"z": -242.69793272199058
			},
			"rotation":
			{
				"pitch": 0,
				"yaw": 0,
				"roll": -0
			},
			"bRandomRotation": false,
			"instanceId":
			{
				"guid": "6064632496558571542",
				"typeId": "5111011",
				"name": "None"
			}
		},
		"15":
		{
			"location":
			{
				"x": 7003.6605242521036,
				"y": -5142.0204170837533,
				"z": 109.52325885454411
			},
			"rotation":
			{
				"pitch": 0,
				"yaw": -59.999999535218009,
				"roll": 0
			},
			"bRandomRotation": false,
			"instanceId":
			{
				"guid": "6064632507364212736",
				"typeId": "5111011",
				"name": "None"
			}
		},
		"16":
		{
			"location":
			{
				"x": -1887.2606451285537,
				"y": 11107.17669556255,
				"z": -2916.8823946015227
			},
			"rotation":
			{
				"pitch": 0,
				"yaw": 0,
				"roll": -0
			},
			"bRandomRotation": false,
			"instanceId":
			{
				"guid": "6064632507547779090",
				"typeId": "5111011",
				"name": "None"
			}
		},
		"17":
		{
			"location":
			{
				"x": 10786.593382011983,
				"y": 6189.748304982204,
				"z": 84.80187698636837
			},
			"rotation":
			{
				"pitch": 0,
				"yaw": 19.999999845072672,
				"roll": 0
			},
			"bRandomRotation": false,
			"instanceId":
			{
				"guid": "6064632507589525523",
				"typeId": "5111011",
				"name": "None"
			}
		},
		"18":
		{
			"location":
			{
				"x": 836.19724159268662,
				"y": 12462.911163286772,
				"z": -2919.0435264997013
			},
			"rotation":
			{
				"pitch": 0,
				"yaw": -49.999999612681727,
				"roll": 0
			},
			"bRandomRotation": false,
			"instanceId":
			{
				"guid": "6064632507679571968",
				"typeId": "5111011",
				"name": "None"
			}
		},
		"19":
		{
			"location":
			{
				"x": -23442.182559700683,
				"y": -9694.0591320558451,
				"z": 6914.3260604838306
			},
			"rotation":
			{
				"pitch": 0,
				"yaw": 179.99999999999994,
				"roll": 0
			},
			"bRandomRotation": false,
			"instanceId":
			{
				"guid": "6064632507751137647",
				"typeId": "5111011",
				"name": "None"
			}
		},
		"20":
		{
			"location":
			{
				"x": -14451.701392123126,
				"y": -8469.7526725335047,
				"z": 4787.3577464700302
			},
			"rotation":
			{
				"pitch": 0,
				"yaw": 159.99999876058149,
				"roll": 0
			},
			"bRandomRotation": false,
			"instanceId":
			{
				"guid": "6064632507787247984",
				"typeId": "5111011",
				"name": "None"
			}
		}
	},
	"filterOverrideId":
	{
		"guid": "0",
		"typeId": "5111003",
		"name": "None"
	},
	"populationAreaId":
	{
		"guid": "0",
		"typeId": "5171420",
		"name": "None"
	},
	"timedDespawnId":
	{
		"guid": "0",
		"typeId": "5882300",
		"name": "None"
	},
	"overrideActivationRange": 0,
	"gameplayTags":
	{
		"gameplayTags": [],
		"parentTags": []
	},
	"alignmentOverridesIds": [],
	"guid": "6064632496037560321",
	"name": "RVR_Samias_Hope_Guards",
	"typeId": "5111005"
}