{
	"populationInstancesMap":
	{
		"1":
		{
			"location":
			{
				"x": -41139.312087353203,
				"y": -21382.797243710651,
				"z": 492.42373760779037
			},
			"rotation":
			{
				"pitch": 0,
				"yaw": -149.9999988380448,
				"roll": 0
			},
			"bRandomRotation": false,
			"instanceId":
			{
				"guid": "6064630677781872652",
				"typeId": "5111011",
				"name": "None"
			}
		},
		"2":
		{
			"location":
			{
				"x": -40908.739896414518,
				"y": -13917.089776619159,
				"z": 441.25639871948351
			},
			"rotation":
			{
				"pitch": 0,
				"yaw": 0,
				"roll": -0
			},
			"bRandomRotation": false,
			"instanceId":
			{
				"guid": "6064630634153377866",
				"typeId": "5111011",
				"name": "None"
			}
		},
		"3":
		{
			"location":
			{
				"x": -38401.058179449465,
				"y": -25727.501963692346,
				"z": 530.54848030870221
			},
			"rotation":
			{
				"pitch": 0,
				"yaw": 0,
				"roll": -0
			},
			"bRandomRotation": false,
			"instanceId":
			{
				"guid": "6064630677782855694",
				"typeId": "5111011",
				"name": "None"
			}
		},
		"4":
		{
			"location":
			{
				"x": -41306.143744637906,
				"y": -20637.012307671444,
				"z": 488.94972755396316
			},
			"rotation":
			{
				"pitch": 0,
				"yaw": -109.9999991478996,
				"roll": 0
			},
			"bRandomRotation": false,
			"instanceId":
			{
				"guid": "6064630677786984469",
				"typeId": "5111011",
				"name": "None"
			}
		},
		"5":
		{
			"location":
			{
				"x": -29775.786980986813,
				"y": -25705.484045759866,
				"z": 356.29925232715732
			},
			"rotation":
			{
				"pitch": 0,
				"yaw": -109.9999991478996,
				"roll": 0
			},
			"bRandomRotation": false,
			"instanceId":
			{
				"guid": "6064630673887526934",
				"typeId": "5111011",
				"name": "None"
			}
		},
		"6":
		{
			"location":
			{
				"x": -25526.894610716437,
				"y": -25081.060017296048,
				"z": 348.52365107513674
			},
			"rotation":
			{
				"pitch": 0,
				"yaw": -39.999999690145394,
				"roll": 0
			},
			"bRandomRotation": false,
			"instanceId":
			{
				"guid": "6064630677809856549",
				"typeId": "5111011",
				"name": "None"
			}
		},
		"7":
		{
			"location":
			{
				"x": -29760.789308853491,
				"y": -25028.976231663626,
				"z": 328.02093495389363
			},
			"rotation":
			{
				"pitch": 0,
				"yaw": 159.99999876058132,
				"roll": 0
			},
			"bRandomRotation": false,
			"instanceId":
			{
				"guid": "6064630673887526934",
				"typeId": "5111011",
				"name": "None"
			}
		}
	},
	"filterOverrideId":
	{
		"guid": "6064633012080476160",
		"typeId": "5111003",
		"name": "None"
	},
	"populationAreaId":
	{
		"guid": "0",
		"typeId": "5171420",
		"name": "None"
	},
	"timedDespawnId":
	{
		"guid": "0",
		"typeId": "5882300",
		"name": "None"
	},
	"overrideActivationRange": 0,
	"gameplayTags":
	{
		"gameplayTags": [],
		"parentTags": []
	},
	"alignmentOverridesIds": [],
	"guid": "6064630677743075328",
	"name": "Flat_A_Outer_Ring_C_Lite_Woods",
	"typeId": "5111005"
}