{
	"populationInstancesMap":
	{
		"1":
		{
			"location":
			{
				"x": -363.98754688503686,
				"y": 13840.433279835968,
				"z": 1594.2712317855767
			},
			"rotation":
			{
				"pitch": 0,
				"yaw": 0,
				"roll": 0
			},
			"bRandomRotation": false,
			"instanceId":
			{
				"guid": "6064631720936341505",
				"typeId": "5111011",
				"name": "None"
			}
		},
		"2":
		{
			"location":
			{
				"x": -1063.9875468850369,
				"y": 14220.433279835968,
				"z": 1594.2712317855767
			},
			"rotation":
			{
				"pitch": 0,
				"yaw": 89.999999302826964,
				"roll": -0
			},
			"bRandomRotation": false,
			"instanceId":
			{
				"guid": "6064631720938700802",
				"typeId": "5111011",
				"name": "None"
			}
		},
		"3":
		{
			"location":
			{
				"x": -1343.9875468850369,
				"y": 14220.433283242746,
				"z": 1594.2712317855767
			},
			"rotation":
			{
				"pitch": 0,
				"yaw": 89.999999302826964,
				"roll": -0
			},
			"bRandomRotation": false,
			"instanceId":
			{
				"guid": "6064631720938700802",
				"typeId": "5111011",
				"name": "None"
			}
		},
		"4":
		{
			"location":
			{
				"x": 3474.6038716590265,
				"y": 15089.435102218762,
				"z": 1559.4237670883085
			},
			"rotation":
			{
				"pitch": -0,
				"yaw": -170.00000147180964,
				"roll": 0
			},
			"bRandomRotation": false,
			"instanceId":
			{
				"guid": "6064631720942436356",
				"typeId": "5111011",
				"name": "None"
			}
		},
		"5":
		{
			"location":
			{
				"x": 3523.2253519259393,
				"y": 14715.208154801396,
				"z": 1559.4237670883085
			},
			"rotation":
			{
				"pitch": 0,
				"yaw": 169.9999986831177,
				"roll": -0
			},
			"bRandomRotation": false,
			"instanceId":
			{
				"guid": "6064631720943419397",
				"typeId": "5111011",
				"name": "None"
			}
		},
		"6":
		{
			"location":
			{
				"x": 3820.2608721082797,
				"y": 14965.995035592583,
				"z": 1549.5818079064284
			},
			"rotation":
			{
				"pitch": 0,
				"yaw": 179.99999860565404,
				"roll": -0
			},
			"bRandomRotation": false,
			"instanceId":
			{
				"guid": "6064631720944205830",
				"typeId": "5111011",
				"name": "None"
			}
		},
		"7":
		{
			"location":
			{
				"x": -235.95865086349659,
				"y": 13474.814286635607,
				"z": 655.18865219885811
			},
			"rotation":
			{
				"pitch": 0,
				"yaw": 0,
				"roll": 0
			},
			"bRandomRotation": false,
			"instanceId":
			{
				"guid": "6064631720975007752",
				"typeId": "5111011",
				"name": "None"
			}
		},
		"8":
		{
			"location":
			{
				"x": -235.95865086349659,
				"y": 13474.814286635607,
				"z": 655.18865219885811
			},
			"rotation":
			{
				"pitch": 0,
				"yaw": 0,
				"roll": 0
			},
			"bRandomRotation": false,
			"instanceId":
			{
				"guid": "6064631720975007752",
				"typeId": "5111011",
				"name": "None"
			}
		},
		"9":
		{
			"location":
			{
				"x": 3731.4506231808336,
				"y": 13481.494337567245,
				"z": 665.18863670842984
			},
			"rotation":
			{
				"pitch": 0,
				"yaw": 160.00000154927332,
				"roll": 0
			},
			"bRandomRotation": false,
			"instanceId":
			{
				"guid": "6064631720979267594",
				"typeId": "5111011",
				"name": "None"
			}
		},
		"10":
		{
			"location":
			{
				"x": 3394.6365420852089,
				"y": 12867.608137607691,
				"z": 665.18861463811481
			},
			"rotation":
			{
				"pitch": 0,
				"yaw": 150.00000162673737,
				"roll": 0
			},
			"bRandomRotation": false,
			"instanceId":
			{
				"guid": "6064631720979267594",
				"typeId": "5111011",
				"name": "None"
			}
		},
		"11":
		{
			"location":
			{
				"x": 3823.1152482092148,
				"y": 12982.418132393272,
				"z": 665.18865606542749
			},
			"rotation":
			{
				"pitch": 0,
				"yaw": 149.99999883804492,
				"roll": 0
			},
			"bRandomRotation": false,
			"instanceId":
			{
				"guid": "6064631720983461900",
				"typeId": "5111011",
				"name": "None"
			}
		}
	},
	"filterOverrideId":
	{
		"guid": "0",
		"typeId": "5111003",
		"name": "None"
	},
	"populationAreaId":
	{
		"guid": "0",
		"typeId": "5171420",
		"name": "None"
	},
	"timedDespawnId":
	{
		"guid": "0",
		"typeId": "5882300",
		"name": "None"
	},
	"overrideActivationRange": 0,
	"gameplayTags":
	{
		"gameplayTags": [],
		"parentTags": []
	},
	"alignmentOverridesIds": [],
	"guid": "6064631720936341504",
	"name": "PopSet_SPH_Gold_Int_01",
	"typeId": "5111005"
}