{
	"populationInstancesMap":
	{
		"1":
		{
			"location":
			{
				"x": -898.47411022603046,
				"y": 60.120053676073439,
				"z": -24.178066471427883
			},
			"rotation":
			{
				"pitch": 0,
				"yaw": 0,
				"roll": -79.999999380290603
			},
			"bRandomRotation": false,
			"instanceId":
			{
				"guid": "6064630270761772899",
				"typeId": "5111011",
				"name": "None"
			}
		},
		"2":
		{
			"location":
			{
				"x": 278.3922082320787,
				"y": -613.09425552387256,
				"z": -41.942286015209902
			},
			"rotation":
			{
				"pitch": 0,
				"yaw": 0,
				"roll": -0
			},
			"bRandomRotation": false,
			"instanceId":
			{
				"guid": "6064630270761772899",
				"typeId": "5111011",
				"name": "None"
			}
		},
		"3":
		{
			"location":
			{
				"x": -116.19234791479539,
				"y": 176.65008510404732,
				"z": -159.02730099009932
			},
			"rotation":
			{
				"pitch": 1.7279412844000659,
				"yaw": -170.1489225830573,
				"roll": -89.851075381376518
			},
			"bRandomRotation": false,
			"instanceId":
			{
				"guid": "6064630270761772899",
				"typeId": "5111011",
				"name": "None"
			}
		},
		"4":
		{
			"location":
			{
				"x": 140.04149312805384,
				"y": -448.22267710859887,
				"z": -32.518741970712654
			},
			"rotation":
			{
				"pitch": 0,
				"yaw": 0,
				"roll": -0
			},
			"bRandomRotation": false,
			"instanceId":
			{
				"guid": "6064630270761772904",
				"typeId": "5111011",
				"name": "None"
			}
		},
		"5":
		{
			"location":
			{
				"x": 451.06514925207011,
				"y": -387.64487017074134,
				"z": -15.390939817392791
			},
			"rotation":
			{
				"pitch": 0,
				"yaw": 0,
				"roll": -0
			},
			"bRandomRotation": false,
			"instanceId":
			{
				"guid": "6064630270761772904",
				"typeId": "5111011",
				"name": "None"
			}
		},
		"6":
		{
			"location":
			{
				"x": 186.06378729059361,
				"y": -70.07139446598012,
				"z": -36.877569181993749
			},
			"rotation":
			{
				"pitch": 0,
				"yaw": 0,
				"roll": -0
			},
			"bRandomRotation": false,
			"instanceId":
			{
				"guid": "6064630270761772904",
				"typeId": "5111011",
				"name": "None"
			}
		},
		"7":
		{
			"location":
			{
				"x": -521.35337190271821,
				"y": -11.958312328322791,
				"z": 31.678397089466671
			},
			"rotation":
			{
				"pitch": 0,
				"yaw": 0,
				"roll": -0
			},
			"bRandomRotation": false,
			"instanceId":
			{
				"guid": "6064630270761772904",
				"typeId": "5111011",
				"name": "None"
			}
		},
		"8":
		{
			"location":
			{
				"x": -608.53716796834487,
				"y": -317.61227880476508,
				"z": 92.669576969519767
			},
			"rotation":
			{
				"pitch": 0,
				"yaw": 0,
				"roll": -0
			},
			"bRandomRotation": false,
			"instanceId":
			{
				"guid": "6064630270761772910",
				"typeId": "5111011",
				"name": "None"
			}
		},
		"9":
		{
			"location":
			{
				"x": -949.06146097101737,
				"y": -232.08150569943246,
				"z": 124.81299499082161
			},
			"rotation":
			{
				"pitch": 0,
				"yaw": 0,
				"roll": -0
			},
			"bRandomRotation": false,
			"instanceId":
			{
				"guid": "6064630270761772913",
				"typeId": "5111011",
				"name": "None"
			}
		},
		"10":
		{
			"location":
			{
				"x": -445.1053636734141,
				"y": 309.28575082693715,
				"z": -63.161253576528907
			},
			"rotation":
			{
				"pitch": 0,
				"yaw": 0,
				"roll": -0
			},
			"bRandomRotation": false,
			"instanceId":
			{
				"guid": "6064630270761772913",
				"typeId": "5111011",
				"name": "None"
			}
		},
		"11":
		{
			"location":
			{
				"x": -174.47443105594721,
				"y": -302.89466107275803,
				"z": -109.68458125867801
			},
			"rotation":
			{
				"pitch": 0,
				"yaw": 129.99999899297225,
				"roll": -0
			},
			"bRandomRotation": false,
			"instanceId":
			{
				"guid": "6064630270761772913",
				"typeId": "5111011",
				"name": "None"
			}
		}
	},
	"filterOverrideId":
	{
		"guid": "0",
		"typeId": "5111003",
		"name": "None"
	},
	"populationAreaId":
	{
		"guid": "0",
		"typeId": "5171420",
		"name": "None"
	},
	"timedDespawnId":
	{
		"guid": "0",
		"typeId": "5882300",
		"name": "None"
	},
	"overrideActivationRange": 0,
	"gameplayTags":
	{
		"gameplayTags": [],
		"parentTags": []
	},
	"alignmentOverridesIds": [],
	"guid": "6064630270761772898",
	"name": "MISS_0016_LOL_Phase01_NobleBookShop",
	"typeId": "5111005"
}