{
	"populationInstancesMap":
	{
		"1":
		{
			"location":
			{
				"x": 134886.08492148889,
				"y": 25923.276521898457,
				"z": -1436.4239252720981
			},
			"rotation":
			{
				"pitch": 0,
				"yaw": 0,
				"roll": -0
			},
			"bRandomRotation": false,
			"instanceId":
			{
				"guid": "6064632779092394020",
				"typeId": "5111011",
				"name": "None"
			}
		},
		"2":
		{
			"location":
			{
				"x": 130810.30794732709,
				"y": 25403.251837464049,
				"z": -1997.4173241018216
			},
			"rotation":
			{
				"pitch": 0,
				"yaw": -5.6843418860808002e-14,
				"roll": 0
			},
			"bRandomRotation": false,
			"instanceId":
			{
				"guid": "6064632779093901349",
				"typeId": "5111011",
				"name": "None"
			}
		},
		"3":
		{
			"location":
			{
				"x": 135405.70567258494,
				"y": 20049.545857399353,
				"z": 446.74598814256024
			},
			"rotation":
			{
				"pitch": 0,
				"yaw": 0,
				"roll": -0
			},
			"bRandomRotation": false,
			"instanceId":
			{
				"guid": "6064632779097636902",
				"typeId": "5111011",
				"name": "None"
			}
		},
		"4":
		{
			"location":
			{
				"x": 137683.70747169346,
				"y": 24561.397041506134,
				"z": 454.59050824481528
			},
			"rotation":
			{
				"pitch": 0,
				"yaw": 0,
				"roll": -0
			},
			"bRandomRotation": false,
			"instanceId":
			{
				"guid": "6064632779097636902",
				"typeId": "5111011",
				"name": "None"
			}
		},
		"5":
		{
			"location":
			{
				"x": 127751.43478048965,
				"y": 21328.592519607395,
				"z": -1420.1420609771576
			},
			"rotation":
			{
				"pitch": 0,
				"yaw": 0,
				"roll": -0
			},
			"bRandomRotation": false,
			"instanceId":
			{
				"guid": "6064632779097636902",
				"typeId": "5111011",
				"name": "None"
			}
		},
		"6":
		{
			"location":
			{
				"x": 129894.14833477966,
				"y": 24528.163823217503,
				"z": -2119.5883802249755
			},
			"rotation":
			{
				"pitch": 0,
				"yaw": 19.999999845072651,
				"roll": 0
			},
			"bRandomRotation": false,
			"instanceId":
			{
				"guid": "6064632779093901349",
				"typeId": "5111011",
				"name": "None"
			}
		},
		"7":
		{
			"location":
			{
				"x": 130303.29723391775,
				"y": 28727.727185977623,
				"z": -2068.0583603602063
			},
			"rotation":
			{
				"pitch": 0,
				"yaw": 0,
				"roll": -0
			},
			"bRandomRotation": false,
			"instanceId":
			{
				"guid": "6064632779092394020",
				"typeId": "5111011",
				"name": "None"
			}
		},
		"8":
		{
			"location":
			{
				"x": 128427.8340053414,
				"y": 18115.268384060822,
				"z": -733.17668064310965
			},
			"rotation":
			{
				"pitch": 0,
				"yaw": 0,
				"roll": -0
			},
			"bRandomRotation": false,
			"instanceId":
			{
				"guid": "6064632779097636902",
				"typeId": "5111011",
				"name": "None"
			}
		},
		"9":
		{
			"location":
			{
				"x": 136039.12144451734,
				"y": 22244.573497956269,
				"z": 446.74639552584267
			},
			"rotation":
			{
				"pitch": 0,
				"yaw": 159.99999876058141,
				"roll": 0
			},
			"bRandomRotation": false,
			"instanceId":
			{
				"guid": "6064632779103600684",
				"typeId": "5111011",
				"name": "None"
			}
		}
	},
	"filterOverrideId":
	{
		"guid": "0",
		"typeId": "5111003",
		"name": "None"
	},
	"populationAreaId":
	{
		"guid": "0",
		"typeId": "5171420",
		"name": "None"
	},
	"timedDespawnId":
	{
		"guid": "0",
		"typeId": "5882300",
		"name": "None"
	},
	"overrideActivationRange": 0,
	"gameplayTags":
	{
		"gameplayTags": [],
		"parentTags": []
	},
	"alignmentOverridesIds": [],
	"guid": "6064632779089444899",
	"name": "SAN_Sunhaven_Wilderness_Minotaur_Waterhole_North",
	"typeId": "5111005"
}