{
	"populationInstancesMap":
	{
		"1":
		{
			"location":
			{
				"x": -5256.8224454701412,
				"y": 9529.5870419966523,
				"z": -17842.550227289183
			},
			"rotation":
			{
				"pitch": -0,
				"yaw": -69.999999457754242,
				"roll": 0
			},
			"bRandomRotation": false,
			"instanceId":
			{
				"guid": "6064631556068737034",
				"typeId": "5111011",
				"name": "None"
			}
		},
		"2":
		{
			"location":
			{
				"x": -5876.8224454701412,
				"y": 9299.5870419966523,
				"z": -17837.832530963497
			},
			"rotation":
			{
				"pitch": -0,
				"yaw": -79.999999380290532,
				"roll": 0
			},
			"bRandomRotation": false,
			"instanceId":
			{
				"guid": "6064631556074045451",
				"typeId": "5111011",
				"name": "None"
			}
		},
		"3":
		{
			"location":
			{
				"x": -5461.1661858742591,
				"y": 9766.1233759110328,
				"z": -17822.550221213311
			},
			"rotation":
			{
				"pitch": -0,
				"yaw": -149.99999883804492,
				"roll": 0
			},
			"bRandomRotation": false,
			"instanceId":
			{
				"guid": "6064631556075356172",
				"typeId": "5111011",
				"name": "None"
			}
		},
		"4":
		{
			"location":
			{
				"x": -8026.8224454701412,
				"y": 9109.5870419966523,
				"z": -17842.550227289183
			},
			"rotation":
			{
				"pitch": 0,
				"yaw": -59.999999535217846,
				"roll": 0
			},
			"bRandomRotation": false,
			"instanceId":
			{
				"guid": "6064632564863729664",
				"typeId": "5111011",
				"name": "None"
			}
		},
		"5":
		{
			"location":
			{
				"x": -7556.8224454701412,
				"y": 9189.5870419966523,
				"z": -17837.832530963497
			},
			"rotation":
			{
				"pitch": 0,
				"yaw": -79.999999380290532,
				"roll": 0
			},
			"bRandomRotation": false,
			"instanceId":
			{
				"guid": "6064632564996833295",
				"typeId": "5111011",
				"name": "None"
			}
		},
		"6":
		{
			"location":
			{
				"x": -8141.1661858742591,
				"y": 9046.1233759110328,
				"z": -17822.550221213311
			},
			"rotation":
			{
				"pitch": 0,
				"yaw": -59.999999535217782,
				"roll": 0
			},
			"bRandomRotation": false,
			"instanceId":
			{
				"guid": "6064632564997750800",
				"typeId": "5111011",
				"name": "None"
			}
		},
		"7":
		{
			"location":
			{
				"x": -8119.8280975157395,
				"y": 9472.8045584835345,
				"z": -17918.281620283651
			},
			"rotation":
			{
				"pitch": 0,
				"yaw": 0,
				"roll": -0
			},
			"bRandomRotation": false,
			"instanceId":
			{
				"guid": "6064632574806786091",
				"typeId": "5111011",
				"name": "None"
			}
		},
		"8":
		{
			"location":
			{
				"x": -4789.8280975157395,
				"y": 9572.8045584835345,
				"z": -17943.40925923629
			},
			"rotation":
			{
				"pitch": 0,
				"yaw": 0,
				"roll": -0
			},
			"bRandomRotation": false,
			"instanceId":
			{
				"guid": "6064632574806786091",
				"typeId": "5111011",
				"name": "None"
			}
		},
		"9":
		{
			"location":
			{
				"x": -11069.82809751574,
				"y": 6252.8045584835345,
				"z": -17930.04988423629
			},
			"rotation":
			{
				"pitch": 0,
				"yaw": 0,
				"roll": -0
			},
			"bRandomRotation": false,
			"instanceId":
			{
				"guid": "6064632574806786091",
				"typeId": "5111011",
				"name": "None"
			}
		},
		"10":
		{
			"location":
			{
				"x": -10499.82809751574,
				"y": 9892.8045584835345,
				"z": -17918.281627095177
			},
			"rotation":
			{
				"pitch": 0,
				"yaw": 0,
				"roll": -0
			},
			"bRandomRotation": false,
			"instanceId":
			{
				"guid": "6064632574806786091",
				"typeId": "5111011",
				"name": "None"
			}
		},
		"11":
		{
			"location":
			{
				"x": -9939.8280975157395,
				"y": 10182.804558483534,
				"z": -17918.281627095177
			},
			"rotation":
			{
				"pitch": 0,
				"yaw": 0,
				"roll": -0
			},
			"bRandomRotation": false,
			"instanceId":
			{
				"guid": "6064632574806786091",
				"typeId": "5111011",
				"name": "None"
			}
		},
		"12":
		{
			"location":
			{
				"x": -9806.8224454701412,
				"y": 10109.587041996652,
				"z": -17842.550227289183
			},
			"rotation":
			{
				"pitch": 0,
				"yaw": -59.999999535217846,
				"roll": 0
			},
			"bRandomRotation": false,
			"instanceId":
			{
				"guid": "6064632565483962372",
				"typeId": "5111011",
				"name": "None"
			}
		},
		"13":
		{
			"location":
			{
				"x": -10441.166185874259,
				"y": 9656.1233759110328,
				"z": -17822.550221213311
			},
			"rotation":
			{
				"pitch": 0,
				"yaw": -29.999999767608827,
				"roll": 0
			},
			"bRandomRotation": false,
			"instanceId":
			{
				"guid": "6064632565484748805",
				"typeId": "5111011",
				"name": "None"
			}
		},
		"14":
		{
			"location":
			{
				"x": -10351.166185874259,
				"y": 9826.1233759110328,
				"z": -17822.550221213311
			},
			"rotation":
			{
				"pitch": 0,
				"yaw": -49.999999612681499,
				"roll": 0
			},
			"bRandomRotation": false,
			"instanceId":
			{
				"guid": "6064632565485666310",
				"typeId": "5111011",
				"name": "None"
			}
		},
		"15":
		{
			"location":
			{
				"x": -7979.8280975157395,
				"y": 11552.804558483534,
				"z": -17918.281627095177
			},
			"rotation":
			{
				"pitch": 0,
				"yaw": 0,
				"roll": -0
			},
			"bRandomRotation": false,
			"instanceId":
			{
				"guid": "6064632574806786091",
				"typeId": "5111011",
				"name": "None"
			}
		},
		"16":
		{
			"location":
			{
				"x": -7679.8280975157395,
				"y": 10972.804558483534,
				"z": -17918.281627095177
			},
			"rotation":
			{
				"pitch": 0,
				"yaw": 0,
				"roll": -0
			},
			"bRandomRotation": false,
			"instanceId":
			{
				"guid": "6064632574806786091",
				"typeId": "5111011",
				"name": "None"
			}
		},
		"17":
		{
			"location":
			{
				"x": -8447.936266327044,
				"y": 11322.24442842236,
				"z": -17822.281555850121
			},
			"rotation":
			{
				"pitch": 0,
				"yaw": 0,
				"roll": -0
			},
			"bRandomRotation": false,
			"instanceId":
			{
				"guid": "6064632565513388041",
				"typeId": "5111011",
				"name": "None"
			}
		}
	},
	"filterOverrideId":
	{
		"guid": "0",
		"typeId": "5111003",
		"name": "None"
	},
	"populationAreaId":
	{
		"guid": "0",
		"typeId": "5171420",
		"name": "None"
	},
	"timedDespawnId":
	{
		"guid": "0",
		"typeId": "5882300",
		"name": "None"
	},
	"overrideActivationRange": 0,
	"gameplayTags":
	{
		"gameplayTags": [],
		"parentTags": []
	},
	"alignmentOverridesIds": [],
	"guid": "6064631556068737033",
	"name": "PopSet_CSB_Forsaken_Blades_Petal_01_Ext_01",
	"typeId": "5111005"
}