{
	"populationInstancesMap":
	{
		"1":
		{
			"location":
			{
				"x": -7448.5629143639626,
				"y": -2699.5047811595255,
				"z": 1247.5614165774607
			},
			"rotation":
			{
				"pitch": 0,
				"yaw": 85.899460132502597,
				"roll": 0
			},
			"bRandomRotation": false,
			"instanceId":
			{
				"guid": "6064633470697799685",
				"typeId": "5111011",
				"name": "None"
			}
		},
		"2":
		{
			"location":
			{
				"x": -8128.3588067894816,
				"y": -1481.1605364207328,
				"z": 1247.5615501101613
			},
			"rotation":
			{
				"pitch": 0,
				"yaw": -18.598260811501287,
				"roll": 0
			},
			"bRandomRotation": false,
			"instanceId":
			{
				"guid": "6064633470699765766",
				"typeId": "5111011",
				"name": "None"
			}
		},
		"3":
		{
			"location":
			{
				"x": -7055.9104591841415,
				"y": -2187.4441403929031,
				"z": 1247.5615540983922
			},
			"rotation":
			{
				"pitch": 0,
				"yaw": 139.80152303640347,
				"roll": 0
			},
			"bRandomRotation": false,
			"instanceId":
			{
				"guid": "6064633470701600775",
				"typeId": "5111011",
				"name": "None"
			}
		},
		"4":
		{
			"location":
			{
				"x": -6840.1856136371562,
				"y": -752.66865378370187,
				"z": 1151.5624802647581
			},
			"rotation":
			{
				"pitch": 0,
				"yaw": 48.540293594140088,
				"roll": 0
			},
			"bRandomRotation": false,
			"instanceId":
			{
				"guid": "6064633470702911496",
				"typeId": "5111011",
				"name": "None"
			}
		},
		"6":
		{
			"location":
			{
				"x": -6615.1481098523473,
				"y": -561.76753580597278,
				"z": 1151.5610288968091
			},
			"rotation":
			{
				"pitch": 0,
				"yaw": 64.041494847584858,
				"roll": 0
			},
			"bRandomRotation": false,
			"instanceId":
			{
				"guid": "6064633470706450442",
				"typeId": "5111011",
				"name": "None"
			}
		},
		"7":
		{
			"location":
			{
				"x": -6974.0935727854094,
				"y": -1386.0297056721897,
				"z": 1247.5614708901001
			},
			"rotation":
			{
				"pitch": 0,
				"yaw": -173.84806537301301,
				"roll": 0
			},
			"bRandomRotation": false,
			"instanceId":
			{
				"guid": "6064633470708285451",
				"typeId": "5111011",
				"name": "None"
			}
		},
		"8":
		{
			"location":
			{
				"x": -8395.2577139999994,
				"y": -1803.4835009999999,
				"z": 1247.5615580000001
			},
			"rotation":
			{
				"pitch": 0,
				"yaw": 3.9330436759398508,
				"roll": 0
			},
			"bRandomRotation": false,
			"instanceId":
			{
				"guid": "6064633470709334028",
				"typeId": "5111011",
				"name": "None"
			}
		},
		"9":
		{
			"location":
			{
				"x": -6708.8080723676976,
				"y": -2802.256314856957,
				"z": 1247.5614748018056
			},
			"rotation":
			{
				"pitch": 0,
				"yaw": 156.80219374492006,
				"roll": 0
			},
			"bRandomRotation": false,
			"instanceId":
			{
				"guid": "6064633470710317069",
				"typeId": "5111011",
				"name": "None"
			}
		},
		"10":
		{
			"location":
			{
				"x": -7010.5889829593552,
				"y": -1025.4633591819088,
				"z": 1247.5615779126274
			},
			"rotation":
			{
				"pitch": 0,
				"yaw": 160.36651123002372,
				"roll": 0
			},
			"bRandomRotation": false,
			"instanceId":
			{
				"guid": "6064633470709334028",
				"typeId": "5111011",
				"name": "None"
			}
		},
		"11":
		{
			"location":
			{
				"x": -8075.546441302743,
				"y": -2144.9288868691874,
				"z": 1247.5616411329388
			},
			"rotation":
			{
				"pitch": 0,
				"yaw": 8.7773401250489584,
				"roll": 0
			},
			"bRandomRotation": false,
			"instanceId":
			{
				"guid": "6064633470710317069",
				"typeId": "5111011",
				"name": "None"
			}
		},
		"12":
		{
			"location":
			{
				"x": -7109.1017536055397,
				"y": -2999.2339865554395,
				"z": 1247.5616337044357
			},
			"rotation":
			{
				"pitch": 0,
				"yaw": 87.904683234553119,
				"roll": 0
			},
			"bRandomRotation": false,
			"instanceId":
			{
				"guid": "6064633470710317069",
				"typeId": "5111011",
				"name": "None"
			}
		},
		"5":
		{
			"location":
			{
				"x": -6781.0128368592759,
				"y": -1929.0784459213337,
				"z": 1247.5617032017008
			},
			"rotation":
			{
				"pitch": 0,
				"yaw": 169.99999868311767,
				"roll": 0
			},
			"bRandomRotation": false,
			"instanceId":
			{
				"guid": "6064633538245951509",
				"typeId": "5111011",
				"name": "None"
			}
		}
	},
	"filterOverrideId":
	{
		"guid": "6064633395854573570",
		"typeId": "5111003",
		"name": "None"
	},
	"populationAreaId":
	{
		"guid": "0",
		"typeId": "5171420",
		"name": "None"
	},
	"timedDespawnId":
	{
		"guid": "0",
		"typeId": "5882300",
		"name": "None"
	},
	"overrideActivationRange": 0,
	"gameplayTags":
	{
		"gameplayTags": [],
		"parentTags": []
	},
	"alignmentOverridesIds": [],
	"guid": "6064633395853131777",
	"name": "PS_Layout_Coatsal_A_L1_FunctionalPopulation",
	"typeId": "5111005"
}