{
	"populationInstancesMap":
	{
		"1":
		{
			"location":
			{
				"x": 3993.8957849903964,
				"y": -810.88189867697656,
				"z": -68.745038912858945
			},
			"rotation":
			{
				"pitch": 0,
				"yaw": 170.0000014718099,
				"roll": 0
			},
			"bRandomRotation": false,
			"instanceId":
			{
				"guid": "6064633544641740839",
				"typeId": "5111011",
				"name": "None"
			}
		},
		"2":
		{
			"location":
			{
				"x": 1013.8957849903964,
				"y": 2189.1181013230234,
				"z": 1.254961087141055
			},
			"rotation":
			{
				"pitch": 0,
				"yaw": -129.99999899297208,
				"roll": 0
			},
			"bRandomRotation": false,
			"instanceId":
			{
				"guid": "6064633544641740839",
				"typeId": "5111011",
				"name": "None"
			}
		},
		"3":
		{
			"location":
			{
				"x": 603.89578499039635,
				"y": -2210.8818986769766,
				"z": 41.254961087141055
			},
			"rotation":
			{
				"pitch": 0,
				"yaw": 70.000002246446741,
				"roll": 0
			},
			"bRandomRotation": false,
			"instanceId":
			{
				"guid": "6064633544641740839",
				"typeId": "5111011",
				"name": "None"
			}
		},
		"4":
		{
			"location":
			{
				"x": -3361.0880736316321,
				"y": 2780.4035648852587,
				"z": -75.876789085477867
			},
			"rotation":
			{
				"pitch": 0,
				"yaw": -79.999999380290532,
				"roll": 0
			},
			"bRandomRotation": false,
			"instanceId":
			{
				"guid": "6064633544653471784",
				"typeId": "5111011",
				"name": "None"
			}
		},
		"5":
		{
			"location":
			{
				"x": -4011.0880736316321,
				"y": 660.40356488525867,
				"z": 62.997792115691482
			},
			"rotation":
			{
				"pitch": 0,
				"yaw": -39.999999690145337,
				"roll": 0
			},
			"bRandomRotation": false,
			"instanceId":
			{
				"guid": "6064633544653471784",
				"typeId": "5111011",
				"name": "None"
			}
		},
		"6":
		{
			"location":
			{
				"x": -5241.0880736316321,
				"y": -439.59643511474133,
				"z": 114.12321091452213
			},
			"rotation":
			{
				"pitch": 0,
				"yaw": 4.6185277824406512e-14,
				"roll": 0
			},
			"bRandomRotation": false,
			"instanceId":
			{
				"guid": "6064633544653471784",
				"typeId": "5111011",
				"name": "None"
			}
		},
		"7":
		{
			"location":
			{
				"x": -4131.0880736316321,
				"y": -1589.5964351147413,
				"z": 124.12321091452213
			},
			"rotation":
			{
				"pitch": 0,
				"yaw": -49.99999961268167,
				"roll": 0
			},
			"bRandomRotation": false,
			"instanceId":
			{
				"guid": "6064633544653471784",
				"typeId": "5111011",
				"name": "None"
			}
		},
		"8":
		{
			"location":
			{
				"x": -1861.0880736316321,
				"y": -3149.5964351147413,
				"z": 114.12321091452213
			},
			"rotation":
			{
				"pitch": 0,
				"yaw": 39.999999690145401,
				"roll": 0
			},
			"bRandomRotation": false,
			"instanceId":
			{
				"guid": "6064633544653471784",
				"typeId": "5111011",
				"name": "None"
			}
		},
		"9":
		{
			"location":
			{
				"x": -2051.0880736316321,
				"y": -979.59643511474133,
				"z": 164.12321091452213
			},
			"rotation":
			{
				"pitch": 0,
				"yaw": -9.9999999225362881,
				"roll": 0
			},
			"bRandomRotation": false,
			"instanceId":
			{
				"guid": "6064633544653471784",
				"typeId": "5111011",
				"name": "None"
			}
		}
	},
	"filterOverrideId":
	{
		"guid": "0",
		"typeId": "5111003",
		"name": "None"
	},
	"populationAreaId":
	{
		"guid": "0",
		"typeId": "5171420",
		"name": "None"
	},
	"timedDespawnId":
	{
		"guid": "0",
		"typeId": "5882300",
		"name": "None"
	},
	"overrideActivationRange": 0,
	"gameplayTags":
	{
		"gameplayTags": [],
		"parentTags": []
	},
	"alignmentOverridesIds": [],
	"guid": "6064633544630730790",
	"name": "EVT_JUN_0010_Beetlebomb_Wave2_PopulationSet",
	"typeId": "5111005"
}