{
	"populationInstancesMap":
	{
		"1":
		{
			"location":
			{
				"x": -13350.177373803803,
				"y": -1323.2922439670656,
				"z": 184.73394459998963
			},
			"rotation":
			{
				"pitch": 1.7279409265664902,
				"yaw": 139.85107504546934,
				"roll": -9.8510760632518686
			},
			"bRandomRotation": false,
			"instanceId":
			{
				"guid": "6064631307197022245",
				"typeId": "5111011",
				"name": "None"
			}
		},
		"2":
		{
			"location":
			{
				"x": -8793.6187244179891,
				"y": 9706.1092427164549,
				"z": -4.9374071934071253
			},
			"rotation":
			{
				"pitch": 0,
				"yaw": -99.999999225363311,
				"roll": 0
			},
			"bRandomRotation": false,
			"instanceId":
			{
				"guid": "6064632382875768993",
				"typeId": "5111011",
				"name": "None"
			}
		},
		"3":
		{
			"location":
			{
				"x": -9405.3717741769506,
				"y": 10970.077905368875,
				"z": 0.23687637389775773
			},
			"rotation":
			{
				"pitch": 0,
				"yaw": 159.99999876058141,
				"roll": 0
			},
			"bRandomRotation": false,
			"instanceId":
			{
				"guid": "6064632382878849186",
				"typeId": "5111011",
				"name": "None"
			}
		},
		"4":
		{
			"location":
			{
				"x": -10302.099537893082,
				"y": 13256.13189844205,
				"z": 55.523731309305731
			},
			"rotation":
			{
				"pitch": 0,
				"yaw": -129.99999899297234,
				"roll": 0
			},
			"bRandomRotation": false,
			"instanceId":
			{
				"guid": "6064632382875768993",
				"typeId": "5111011",
				"name": "None"
			}
		},
		"5":
		{
			"location":
			{
				"x": -14324.859666391974,
				"y": 12965.078788821935,
				"z": 85.931897216698417
			},
			"rotation":
			{
				"pitch": 0,
				"yaw": 0,
				"roll": -0
			},
			"bRandomRotation": false,
			"instanceId":
			{
				"guid": "6064632382878849186",
				"typeId": "5111011",
				"name": "None"
			}
		},
		"6":
		{
			"location":
			{
				"x": -15579.061580915703,
				"y": 9827.9644019498955,
				"z": 31.032050381774752
			},
			"rotation":
			{
				"pitch": 0,
				"yaw": 0,
				"roll": -0
			},
			"bRandomRotation": false,
			"instanceId":
			{
				"guid": "6064632382875768993",
				"typeId": "5111011",
				"name": "None"
			}
		},
		"7":
		{
			"location":
			{
				"x": -16509.950375746703,
				"y": 10996.340533238603,
				"z": 190.4625943404244
			},
			"rotation":
			{
				"pitch": 0,
				"yaw": 0,
				"roll": -0
			},
			"bRandomRotation": false,
			"instanceId":
			{
				"guid": "6064632382878849186",
				"typeId": "5111011",
				"name": "None"
			}
		},
		"8":
		{
			"location":
			{
				"x": -7567.8261292616371,
				"y": 11752.790932491422,
				"z": 2166.1573099621382
			},
			"rotation":
			{
				"pitch": 0,
				"yaw": 0,
				"roll": -0
			},
			"bRandomRotation": false,
			"instanceId":
			{
				"guid": "6064632400826335554",
				"typeId": "5111011",
				"name": "None"
			}
		},
		"9":
		{
			"location":
			{
				"x": 2243.3086118762149,
				"y": -12631.039313629735,
				"z": 1886.0568963110109
			},
			"rotation":
			{
				"pitch": 0,
				"yaw": 0,
				"roll": -0
			},
			"bRandomRotation": false,
			"instanceId":
			{
				"guid": "6064632575589613593",
				"typeId": "5111011",
				"name": "None"
			}
		},
		"10":
		{
			"location":
			{
				"x": 2414.0951570654288,
				"y": -12517.399382053991,
				"z": 1983.4461169007791
			},
			"rotation":
			{
				"pitch": 0,
				"yaw": -39.999999690145394,
				"roll": 0
			},
			"bRandomRotation": false,
			"instanceId":
			{
				"guid": "6064632575596953626",
				"typeId": "5111011",
				"name": "None"
			}
		},
		"11":
		{
			"location":
			{
				"x": 1849.8949023293098,
				"y": -12918.127129284199,
				"z": 1876.3948649581253
			},
			"rotation":
			{
				"pitch": 0,
				"yaw": 39.999999690145351,
				"roll": 0
			},
			"bRandomRotation": false,
			"instanceId":
			{
				"guid": "6064632575609143325",
				"typeId": "5111011",
				"name": "None"
			}
		},
		"12":
		{
			"location":
			{
				"x": -5961.5230667910073,
				"y": -23517.335464341566,
				"z": 1514.7164992449598
			},
			"rotation":
			{
				"pitch": 0,
				"yaw": 0,
				"roll": -0
			},
			"bRandomRotation": false,
			"instanceId":
			{
				"guid": "6064632575619891230",
				"typeId": "5111011",
				"name": "None"
			}
		},
		"13":
		{
			"location":
			{
				"x": -21852.815711383708,
				"y": -21292.793001877726,
				"z": 1287.6279550663003
			},
			"rotation":
			{
				"pitch": 0,
				"yaw": 0,
				"roll": -0
			},
			"bRandomRotation": false,
			"instanceId":
			{
				"guid": "6064632575619891230",
				"typeId": "5111011",
				"name": "None"
			}
		},
		"14":
		{
			"location":
			{
				"x": -17812.257081992109,
				"y": -17135.028687312384,
				"z": 1272.132384420649
			},
			"rotation":
			{
				"pitch": 0,
				"yaw": 0,
				"roll": -0
			},
			"bRandomRotation": false,
			"instanceId":
			{
				"guid": "6064632575619891230",
				"typeId": "5111011",
				"name": "None"
			}
		},
		"15":
		{
			"location":
			{
				"x": -23349.884534679935,
				"y": -21824.634069218067,
				"z": 1272.1323803921023
			},
			"rotation":
			{
				"pitch": 0,
				"yaw": 0,
				"roll": -0
			},
			"bRandomRotation": false,
			"instanceId":
			{
				"guid": "6064632575652921381",
				"typeId": "5111011",
				"name": "None"
			}
		},
		"16":
		{
			"location":
			{
				"x": -19798.27559052431,
				"y": -16504.851768213906,
				"z": 1272.1323794056534
			},
			"rotation":
			{
				"pitch": 0,
				"yaw": 0,
				"roll": -0
			},
			"bRandomRotation": false,
			"instanceId":
			{
				"guid": "6064632575652921381",
				"typeId": "5111011",
				"name": "None"
			}
		},
		"17":
		{
			"location":
			{
				"x": -6433.7325941098388,
				"y": -22827.008835199405,
				"z": 1526.4585839147494
			},
			"rotation":
			{
				"pitch": 0,
				"yaw": 0,
				"roll": -0
			},
			"bRandomRotation": false,
			"instanceId":
			{
				"guid": "6064632575652921381",
				"typeId": "5111011",
				"name": "None"
			}
		},
		"18":
		{
			"location":
			{
				"x": -6698.1053551380755,
				"y": -24077.238041251199,
				"z": 1493.5551872055948
			},
			"rotation":
			{
				"pitch": 0,
				"yaw": -49.999999612681727,
				"roll": 0
			},
			"bRandomRotation": false,
			"instanceId":
			{
				"guid": "6064632575662227496",
				"typeId": "5111011",
				"name": "None"
			}
		},
		"19":
		{
			"location":
			{
				"x": -22073.447738581221,
				"y": -22648.084501491976,
				"z": 1252.1323785753702
			},
			"rotation":
			{
				"pitch": 0,
				"yaw": -29.999999767609047,
				"roll": 0
			},
			"bRandomRotation": false,
			"instanceId":
			{
				"guid": "6064632575662227496",
				"typeId": "5111011",
				"name": "None"
			}
		},
		"20":
		{
			"location":
			{
				"x": -18793.82819538028,
				"y": -17867.598049442284,
				"z": 1261.3232885567468
			},
			"rotation":
			{
				"pitch": 0,
				"yaw": -59.999999535218009,
				"roll": 0
			},
			"bRandomRotation": false,
			"instanceId":
			{
				"guid": "6064632575662227496",
				"typeId": "5111011",
				"name": "None"
			}
		},
		"21":
		{
			"location":
			{
				"x": -8930.6348336344818,
				"y": 13463.983296039631,
				"z": 88.676968947534988
			},
			"rotation":
			{
				"pitch": 0,
				"yaw": -78.448343514084954,
				"roll": 0
			},
			"bRandomRotation": false,
			"instanceId":
			{
				"guid": "6064632382875768993",
				"typeId": "5111011",
				"name": "None"
			}
		},
		"22":
		{
			"location":
			{
				"x": -10745.453037485364,
				"y": 14579.234620878473,
				"z": 105.28144209414859
			},
			"rotation":
			{
				"pitch": 0,
				"yaw": -114.17466524742728,
				"roll": 0
			},
			"bRandomRotation": false,
			"instanceId":
			{
				"guid": "6064632382878849186",
				"typeId": "5111011",
				"name": "None"
			}
		},
		"23":
		{
			"location":
			{
				"x": -11534.033324741991,
				"y": 16664.243392113596,
				"z": 119.36425627118479
			},
			"rotation":
			{
				"pitch": 0,
				"yaw": -146.66910607045406,
				"roll": 0
			},
			"bRandomRotation": false,
			"instanceId":
			{
				"guid": "6064632382875768993",
				"typeId": "5111011",
				"name": "None"
			}
		},