{
	"populationInstancesMap":
	{
		"1":
		{
			"location":
			{
				"x": -550911.23280870297,
				"y": 631021.29406468815,
				"z": 14153.302829706778
			},
			"rotation":
			{
				"pitch": 0,
				"yaw": -20.346185588706025,
				"roll": 0
			},
			"bRandomRotation": false,
			"instanceId":
			{
				"guid": "6064630612567851092",
				"typeId": "5111011",
				"name": "None"
			}
		},
		"2":
		{
			"location":
			{
				"x": -551141.23315840424,
				"y": 631101.29352015071,
				"z": 14153.303014990257
			},
			"rotation":
			{
				"pitch": 0,
				"yaw": -20.346185588706025,
				"roll": 0
			},
			"bRandomRotation": false,
			"instanceId":
			{
				"guid": "6064630612572831829",
				"typeId": "5111011",
				"name": "None"
			}
		},
		"3":
		{
			"location":
			{
				"x": -551381.23350810551,
				"y": 631181.29297561327,
				"z": 14153.302601002271
			},
			"rotation":
			{
				"pitch": 0,
				"yaw": -20.346185588706025,
				"roll": 0
			},
			"bRandomRotation": false,
			"instanceId":
			{
				"guid": "6064630612572831829",
				"typeId": "5111011",
				"name": "None"
			}
		},
		"4":
		{
			"location":
			{
				"x": -551884.87347971706,
				"y": 631356.71561237145,
				"z": 14153.302061269171
			},
			"rotation":
			{
				"pitch": 0,
				"yaw": -20.346185588706025,
				"roll": 0
			},
			"bRandomRotation": false,
			"instanceId":
			{
				"guid": "6064630612572831829",
				"typeId": "5111011",
				"name": "None"
			}
		},
		"5":
		{
			"location":
			{
				"x": -551641.23420750804,
				"y": 631261.29188653838,
				"z": 14153.301706031754
			},
			"rotation":
			{
				"pitch": 0,
				"yaw": -20.346185588706025,
				"roll": 0
			},
			"bRandomRotation": false,
			"instanceId":
			{
				"guid": "6064630612572831829",
				"typeId": "5111011",
				"name": "None"
			}
		},
		"6":
		{
			"location":
			{
				"x": -555221.23420750804,
				"y": 632621.29188653838,
				"z": 14153.302948822842
			},
			"rotation":
			{
				"pitch": 0,
				"yaw": -20.346185588706025,
				"roll": 0
			},
			"bRandomRotation": false,
			"instanceId":
			{
				"guid": "6064630612572831829",
				"typeId": "5111011",
				"name": "None"
			}
		},
		"7":
		{
			"location":
			{
				"x": -555481.23420750804,
				"y": 632711.29188653838,
				"z": 14153.303427949915
			},
			"rotation":
			{
				"pitch": 0,
				"yaw": -20.346185588706025,
				"roll": 0
			},
			"bRandomRotation": false,
			"instanceId":
			{
				"guid": "6064630612572831829",
				"typeId": "5111011",
				"name": "None"
			}
		},
		"8":
		{
			"location":
			{
				"x": -555731.23490691057,
				"y": 632811.2907974635,
				"z": 14153.302367472226
			},
			"rotation":
			{
				"pitch": 0,
				"yaw": -20.346185588706025,
				"roll": 0
			},
			"bRandomRotation": false,
			"instanceId":
			{
				"guid": "6064630612572831829",
				"typeId": "5111011",
				"name": "None"
			}
		},
		"9":
		{
			"location":
			{
				"x": -555991.23525661184,
				"y": 632891.29025292606,
				"z": 14153.30152844827
			},
			"rotation":
			{
				"pitch": 0,
				"yaw": -20.346185588706025,
				"roll": 0
			},
			"bRandomRotation": false,
			"instanceId":
			{
				"guid": "6064630612572831829",
				"typeId": "5111011",
				"name": "None"
			}
		},
		"10":
		{
			"location":
			{
				"x": -556252.33426485467,
				"y": 633003.67753261433,
				"z": 14153.301531379517
			},
			"rotation":
			{
				"pitch": 0,
				"yaw": -20.346185588706025,
				"roll": 0
			},
			"bRandomRotation": false,
			"instanceId":
			{
				"guid": "6064630612572831829",
				"typeId": "5111011",
				"name": "None"
			}
		}
	},
	"filterOverrideId":
	{
		"guid": "0",
		"typeId": "5111003",
		"name": "None"
	},
	"populationAreaId":
	{
		"guid": "0",
		"typeId": "5171420",
		"name": "None"
	},
	"timedDespawnId":
	{
		"guid": "0",
		"typeId": "5882300",
		"name": "None"
	},
	"overrideActivationRange": 0,
	"gameplayTags":
	{
		"gameplayTags": [],
		"parentTags": []
	},
	"alignmentOverridesIds": [],
	"guid": "6064630612567851091",
	"name": "PS_0026_GoblinBarricades",
	"typeId": "5111005"
}