{
	"populationInstancesMap":
	{
		"1":
		{
			"location":
			{
				"x": -103.2421318293782,
				"y": -1958.7989788202103,
				"z": -923.3060936582624
			},
			"rotation":
			{
				"pitch": 0,
				"yaw": 0,
				"roll": 0
			},
			"bRandomRotation": false,
			"instanceId":
			{
				"guid": "6064631709702750246",
				"typeId": "5111011",
				"name": "None"
			}
		},
		"2":
		{
			"location":
			{
				"x": 1566.5695631974377,
				"y": -2260.8317536768736,
				"z": -925.77956299696052
			},
			"rotation":
			{
				"pitch": 0,
				"yaw": 0,
				"roll": -0
			},
			"bRandomRotation": false,
			"instanceId":
			{
				"guid": "6064631709739188264",
				"typeId": "5111011",
				"name": "None"
			}
		},
		"3":
		{
			"location":
			{
				"x": -843.27634681144264,
				"y": -2333.1962568358285,
				"z": -940.2863654200537
			},
			"rotation":
			{
				"pitch": 0,
				"yaw": 179.99999860565404,
				"roll": -0
			},
			"bRandomRotation": false,
			"instanceId":
			{
				"guid": "6064631714423373824",
				"typeId": "5111011",
				"name": "None"
			}
		},
		"4":
		{
			"location":
			{
				"x": -965.85966973274481,
				"y": -3140.8757437880849,
				"z": -940.2863654200537
			},
			"rotation":
			{
				"pitch": -0,
				"yaw": -60.00000232391006,
				"roll": 0
			},
			"bRandomRotation": false,
			"instanceId":
			{
				"guid": "6064631714423373824",
				"typeId": "5111011",
				"name": "None"
			}
		},
		"5":
		{
			"location":
			{
				"x": -577.72504882968497,
				"y": -4233.1447198450333,
				"z": -940.2863654200537
			},
			"rotation":
			{
				"pitch": 0,
				"yaw": 9.999997133844241,
				"roll": -0
			},
			"bRandomRotation": false,
			"instanceId":
			{
				"guid": "6064631646809686036",
				"typeId": "5111011",
				"name": "None"
			}
		},
		"6":
		{
			"location":
			{
				"x": -765.3763414620189,
				"y": -1440.8222566493787,
				"z": -925.77956299696052
			},
			"rotation":
			{
				"pitch": -0,
				"yaw": -39.999999690145223,
				"roll": 0
			},
			"bRandomRotation": false,
			"instanceId":
			{
				"guid": "6064631714611593231",
				"typeId": "5111011",
				"name": "None"
			}
		},
		"7":
		{
			"location":
			{
				"x": 6872.3198415269144,
				"y": -1108.6896032255609,
				"z": 60.174522542511113
			},
			"rotation":
			{
				"pitch": -0,
				"yaw": -29.999999767609047,
				"roll": 0
			},
			"bRandomRotation": false,
			"instanceId":
			{
				"guid": "6064631709763960877",
				"typeId": "5111011",
				"name": "None"
			}
		},
		"8":
		{
			"location":
			{
				"x": 6342.3198415269144,
				"y": -1278.6896032255609,
				"z": 60.173964778841764
			},
			"rotation":
			{
				"pitch": 0,
				"yaw": 0,
				"roll": 0
			},
			"bRandomRotation": false,
			"instanceId":
			{
				"guid": "6064631709766254638",
				"typeId": "5111011",
				"name": "None"
			}
		},
		"9":
		{
			"location":
			{
				"x": 6154.8310567784356,
				"y": -4344.5700615175301,
				"z": 60.174522542511113
			},
			"rotation":
			{
				"pitch": 0,
				"yaw": 0,
				"roll": 0
			},
			"bRandomRotation": false,
			"instanceId":
			{
				"guid": "6064631709763960877",
				"typeId": "5111011",
				"name": "None"
			}
		},
		"10":
		{
			"location":
			{
				"x": 5538.4459488069406,
				"y": -4534.4895146320341,
				"z": 60.174522542511113
			},
			"rotation":
			{
				"pitch": 0,
				"yaw": 9.9999999225363041,
				"roll": -0
			},
			"bRandomRotation": false,
			"instanceId":
			{
				"guid": "6064631709792206896",
				"typeId": "5111011",
				"name": "None"
			}
		},
		"11":
		{
			"location":
			{
				"x": 7535.3792585796909,
				"y": -1158.4596208998701,
				"z": 0.17387862291252532
			},
			"rotation":
			{
				"pitch": 0,
				"yaw": 169.9999986831177,
				"roll": 0
			},
			"bRandomRotation": false,
			"instanceId":
			{
				"guid": "6064631714423373824",
				"typeId": "5111011",
				"name": "None"
			}
		},
		"12":
		{
			"location":
			{
				"x": 7307.2091095600044,
				"y": -1646.2489023485687,
				"z": 0.17387862291252532
			},
			"rotation":
			{
				"pitch": 0,
				"yaw": 149.999998838045,
				"roll": 0
			},
			"bRandomRotation": false,
			"instanceId":
			{
				"guid": "6064631714423373824",
				"typeId": "5111011",
				"name": "None"
			}
		},
		"13":
		{
			"location":
			{
				"x": 7320.5792509204475,
				"y": -1379.3013272517128,
				"z": 0.17386799668929598
			},
			"rotation":
			{
				"pitch": 0,
				"yaw": 169.99999868311781,
				"roll": 0
			},
			"bRandomRotation": false,
			"instanceId":
			{
				"guid": "6064631709739188264",
				"typeId": "5111011",
				"name": "None"
			}
		},
		"14":
		{
			"location":
			{
				"x": 8206.7236422376009,
				"y": -2783.1964770759223,
				"z": -879.75117020521247
			},
			"rotation":
			{
				"pitch": -0,
				"yaw": -30.00000255630108,
				"roll": 0
			},
			"bRandomRotation": false,
			"instanceId":
			{
				"guid": "6064631714626142227",
				"typeId": "5111011",
				"name": "None"
			}
		},
		"15":
		{
			"location":
			{
				"x": 8548.360143463593,
				"y": -2889.0649277773919,
				"z": -779.72935774610778
			},
			"rotation":
			{
				"pitch": -0,
				"yaw": -9.999999922536233,
				"roll": 0
			},
			"bRandomRotation": false,
			"instanceId":
			{
				"guid": "6064631709739188264",
				"typeId": "5111011",
				"name": "None"
			}
		},
		"16":
		{
			"location":
			{
				"x": 8299.0690925983945,
				"y": -2529.4794737085467,
				"z": -849.77795619154313
			},
			"rotation":
			{
				"pitch": -0,
				"yaw": -50.00000240137382,
				"roll": 0
			},
			"bRandomRotation": false,
			"instanceId":
			{
				"guid": "6064631714626142227",
				"typeId": "5111011",
				"name": "None"
			}
		},
		"17":
		{
			"location":
			{
				"x": 5702.4493080427637,
				"y": -4688.8629953165073,
				"z": -924.40152404433138
			},
			"rotation":
			{
				"pitch": 0,
				"yaw": 79.999999380290632,
				"roll": 0
			},
			"bRandomRotation": false,
			"instanceId":
			{
				"guid": "6064631714423373824",
				"typeId": "5111011",
				"name": "None"
			}
		},
		"18":
		{
			"location":
			{
				"x": 6096.7578681706218,
				"y": -2458.7989788202103,
				"z": -945.94434509869461
			},
			"rotation":
			{
				"pitch": 0,
				"yaw": -149.99999883804514,
				"roll": 0
			},
			"bRandomRotation": false,
			"instanceId":
			{
				"guid": "6064631714425864193",
				"typeId": "5111011",
				"name": "None"
			}
		},
		"19":
		{
			"location":
			{
				"x": 5926.7578681706218,
				"y": -2548.7989788202103,
				"z": -945.94434509869461
			},
			"rotation":
			{
				"pitch": 0,
				"yaw": 29.999999767609022,
				"roll": -0
			},
			"bRandomRotation": false,
			"instanceId":
			{
				"guid": "6064631714425864193",
				"typeId": "5111011",
				"name": "None"
			}
		},
		"20":
		{
			"location":
			{
				"x": -21.704410870443098,
				"y": -1966.5725321237696,
				"z": -939.67468255945823
			},
			"rotation":
			{
				"pitch": 0,
				"yaw": 0,
				"roll": -0
			},
			"bRandomRotation": false,
			"instanceId":
			{
				"guid": "6064632207888351268",
				"typeId": "5111011",
				"name": "None"
			}
		},
		"21":
		{
			"location":
			{
				"x": -891.7044108704431,
				"y": -2246.5725321237696,
				"z": -939.67468255945823
			},
			"rotation":
			{
				"pitch": 0,
				"yaw": 29.999999767609221,
				"roll": 0
			},
			"bRandomRotation": false,
			"instanceId":
			{
				"guid": "6064632207898705957",
				"typeId": "5111011",
				"name": "None"
			}
		},
		"22":
		{
			"location":
			{
				"x": -986.7044108704431,
				"y": -3231.5725321237696,
				"z": -939.67468255945823
			},
			"rotation":
			{
				"pitch": 0,
				"yaw": -49.999999612681457,
				"roll": 0
			},
			"bRandomRotation": false,
			"instanceId":
			{
				"guid": "6064632207898705957",
				"typeId": "5111011",
				"name": "None"
			}
		},
		"23":
		{
			"location":
			{
				"x": -986.7044108704431,
				"y": -3231.5725321237696,
				"z": -939.67468255945823
			},
			"rotation":
			{
				"pitch": 0,
				"yaw": -49.999999612681457,
				"roll": 0
			},
			"bRandomRotation": false,