{
	"populationInstancesMap":
	{
		"1":
		{
			"location":
			{
				"x": -1506.7254480089759,
				"y": -9963.3067427841015,
				"z": 994.27514368579614
			},
			"rotation":
			{
				"pitch": 0,
				"yaw": 1.6875389974302382e-13,
				"roll": -0
			},
			"bRandomRotation": false,
			"instanceId":
			{
				"guid": "6064631046401032204",
				"typeId": "5111011",
				"name": "None"
			}
		},
		"2":
		{
			"location":
			{
				"x": 4241.9233697104501,
				"y": -2004.8637138002086,
				"z": 117.50961384477159
			},
			"rotation":
			{
				"pitch": 0,
				"yaw": 139.99999891550857,
				"roll": -0
			},
			"bRandomRotation": false,
			"instanceId":
			{
				"guid": "6064631046401490957",
				"typeId": "5111011",
				"name": "None"
			}
		},
		"3":
		{
			"location":
			{
				"x": -4741.5966332824901,
				"y": -278.74570742645301,
				"z": 129.31772213349723
			},
			"rotation":
			{
				"pitch": 0,
				"yaw": 1.3500311979441904e-13,
				"roll": -0
			},
			"bRandomRotation": false,
			"instanceId":
			{
				"guid": "6064631046406406158",
				"typeId": "5111011",
				"name": "None"
			}
		},
		"4":
		{
			"location":
			{
				"x": 4699.1207835909445,
				"y": -9503.7201782369521,
				"z": 665.05539931669409
			},
			"rotation":
			{
				"pitch": 0,
				"yaw": 29.99999976760903,
				"roll": -0
			},
			"bRandomRotation": false,
			"instanceId":
			{
				"guid": "6064631047197097989",
				"typeId": "5111011",
				"name": "None"
			}
		},
		"5":
		{
			"location":
			{
				"x": 5061.2100107703591,
				"y": -9432.2480685850605,
				"z": 573.86045494623249
			},
			"rotation":
			{
				"pitch": 2.3854160110976376e-15,
				"yaw": 69.9999994577541,
				"roll": 9.9999999225363432
			},
			"bRandomRotation": false,
			"instanceId":
			{
				"guid": "6064631086262714378",
				"typeId": "5111011",
				"name": "None"
			}
		},
		"6":
		{
			"location":
			{
				"x": 1572.2035048844991,
				"y": -8204.549543021596,
				"z": 949.45155314125259
			},
			"rotation":
			{
				"pitch": -0,
				"yaw": -179.99999860565413,
				"roll": 0
			},
			"bRandomRotation": false,
			"instanceId":
			{
				"guid": "6064631153913888871",
				"typeId": "5111011",
				"name": "None"
			}
		},
		"7":
		{
			"location":
			{
				"x": -1505.120353973587,
				"y": -6412.955322550144,
				"z": 1005.5857089090441
			},
			"rotation":
			{
				"pitch": -0,
				"yaw": -2.7886920292985451e-06,
				"roll": 0
			},
			"bRandomRotation": false,
			"instanceId":
			{
				"guid": "6064631153916379240",
				"typeId": "5111011",
				"name": "None"
			}
		},
		"8":
		{
			"location":
			{
				"x": 1034.7301413551904,
				"y": -4637.3944258920383,
				"z": 1166.493882828714
			},
			"rotation":
			{
				"pitch": 0,
				"yaw": 179.99999860565404,
				"roll": -0
			},
			"bRandomRotation": false,
			"instanceId":
			{
				"guid": "6064631153917886569",
				"typeId": "5111011",
				"name": "None"
			}
		},
		"9":
		{
			"location":
			{
				"x": -2845.2873100152938,
				"y": -1650.2237617744831,
				"z": 126.10701672186769
			},
			"rotation":
			{
				"pitch": 0,
				"yaw": 19.999999845072686,
				"roll": -0
			},
			"bRandomRotation": false,
			"instanceId":
			{
				"guid": "6064631154158469226",
				"typeId": "5111011",
				"name": "None"
			}
		},
		"10":
		{
			"location":
			{
				"x": -3580.5532211229438,
				"y": -2838.6576675152173,
				"z": 126.00029920076486
			},
			"rotation":
			{
				"pitch": -0,
				"yaw": -9.9999999225364036,
				"roll": 0
			},
			"bRandomRotation": false,
			"instanceId":
			{
				"guid": "6064631154158469226",
				"typeId": "5111011",
				"name": "None"
			}
		},
		"11":
		{
			"location":
			{
				"x": 5334.0472404373577,
				"y": -441.86948719818611,
				"z": 117.80882783129528
			},
			"rotation":
			{
				"pitch": 0,
				"yaw": 159.99999876058124,
				"roll": -0
			},
			"bRandomRotation": false,
			"instanceId":
			{
				"guid": "6064631154165219436",
				"typeId": "5111011",
				"name": "None"
			}
		},
		"12":
		{
			"location":
			{
				"x": 2756.3395241800463,
				"y": -2772.3681985647418,
				"z": 117.50954704898322
			},
			"rotation":
			{
				"pitch": 0,
				"yaw": 99.999999225363283,
				"roll": -0
			},
			"bRandomRotation": false,
			"instanceId":
			{
				"guid": "6064631154166595693",
				"typeId": "5111011",
				"name": "None"
			}
		},
		"13":
		{
			"location":
			{
				"x": -918.52259083127137,
				"y": -1225.8967417841777,
				"z": 117.50946116585328
			},
			"rotation":
			{
				"pitch": 0,
				"yaw": 89.999999302826964,
				"roll": -0
			},
			"bRandomRotation": false,
			"instanceId":
			{
				"guid": "6064631160091639811",
				"typeId": "5111011",
				"name": "None"
			}
		},
		"14":
		{
			"location":
			{
				"x": 646.44626290723681,
				"y": -1105.6219648300903,
				"z": 117.5094995291638
			},
			"rotation":
			{
				"pitch": 0,
				"yaw": 89.999999302826922,
				"roll": -0
			},
			"bRandomRotation": false,
			"instanceId":
			{
				"guid": "6064631160091639811",
				"typeId": "5111011",
				"name": "None"
			}
		},
		"15":
		{
			"location":
			{
				"x": -195.4645621314412,
				"y": -332.57540411141235,
				"z": 117.50950018708136
			},
			"rotation":
			{
				"pitch": -0,
				"yaw": -89.999999302826964,
				"roll": 0
			},
			"bRandomRotation": false,
			"instanceId":
			{
				"guid": "6064631160098127877",
				"typeId": "5111011",
				"name": "None"
			}
		},
		"16":
		{
			"location":
			{
				"x": 5365.3082042874303,
				"y": -7979.2733019110747,
				"z": 576.00020642939671
			},
			"rotation":
			{
				"pitch": 0,
				"yaw": 0,
				"roll": 0
			},
			"bRandomRotation": false,
			"instanceId":
			{
				"guid": "6064631227125924563",
				"typeId": "5111011",
				"name": "None"
			}
		},
		"17":
		{
			"location":
			{
				"x": 5396.6838831724599,
				"y": -7562.3517258467618,
				"z": 575.99994747857636
			},
			"rotation":
			{
				"pitch": 0,
				"yaw": 0,
				"roll": 0
			},
			"bRandomRotation": false,
			"instanceId":
			{
				"guid": "6064631227129594580",
				"typeId": "5111011",
				"name": "None"
			}
		}
	},
	"filterOverrideId":
	{
		"guid": "0",
		"typeId": "5111003",
		"name": "None"
	},
	"populationAreaId":
	{
		"guid": "0",
		"typeId": "5171420",
		"name": "None"
	},
	"timedDespawnId":
	{
		"guid": "0",
		"typeId": "5882300",
		"name": "None"
	},
	"overrideActivationRange": 0,
	"gameplayTags":
	{
		"gameplayTags": [],
		"parentTags": []
	},
	"alignmentOverridesIds": [],
	"guid": "6064631046365118469",
	"name": "RVR_COMM_Aela_Gateway_Depricated",
	"typeId": "5111005"
}