{
	"tags":
	{
		"gameplayTags": [],
		"parentTags": []
	},
	"locationOffset":
	{
		"x": 36643.288025000002,
		"y": -105148.60135300001,
		"z": -741.80399599999998
	},
	"rotationOffset":
	{
		"pitch": 0,
		"yaw": 0,
		"roll": 0
	},
	"extents":
	{
		"x": 500,
		"y": 500,
		"z": 500
	},
	"guid": "6064630492071267524",
	"name": "LocaleContainer_Event_RVR_M701_VengfulKnighted_SpawnLocation3",
	"typeId": "421000"
}