{
	"tags":
	{
		"gameplayTags": [],
		"parentTags": []
	},
	"locationOffset":
	{
		"x": -740221.57263800001,
		"y": 222439.606592,
		"z": 13399.055988
	},
	"rotationOffset":
	{
		"pitch": 0,
		"yaw": 0,
		"roll": 0
	},
	"extents":
	{
		"x": 0,
		"y": 0,
		"z": 0
	},
	"guid": "6064630180604543107",
	"name": "SAE_0017_SpawnLocale_CultistRitual",
	"typeId": "421000"
}