{
	"tags":
	{
		"gameplayTags": [],
		"parentTags": []
	},
	"locationOffset":
	{
		"x": -639176.17332099995,
		"y": 556334.32375099999,
		"z": 20431.033780999998
	},
	"rotationOffset":
	{
		"pitch": 0,
		"yaw": 0,
		"roll": 0
	},
	"guid": "109274972051064",
	"name": "SA_0006_SpawnLocale",
	"typeId": "421000"
}