{
	"tags":
	{
		"gameplayTags": [],
		"parentTags": []
	},
	"locationOffset":
	{
		"x": -623838.83293599996,
		"y": 284238.94126300002,
		"z": 15417.906150000001
	},
	"rotationOffset":
	{
		"pitch": 0,
		"yaw": 0,
		"roll": 0
	},
	"extents":
	{
		"x": 15000,
		"y": 15000,
		"z": 5000
	},
	"guid": "6064629840328261642",
	"name": "RVR_Minor_AbandonedTemple_B",
	"typeId": "421000"
}