{
	"tags":
	{
		"gameplayTags": [],
		"parentTags": []
	},
	"locationOffset":
	{
		"x": 11176.452734,
		"y": -17094.916593000002,
		"z": 582.93670799999995
	},
	"rotationOffset":
	{
		"pitch": 0,
		"yaw": 0,
		"roll": 0
	},
	"guid": "109160644040320",
	"name": "Event_PE_0001_TheCarphinsLantern_Location_SpawnLocale(10)",
	"typeId": "421000"
}