{
	"tags":
	{
		"gameplayTags": [],
		"parentTags": []
	},
	"locationOffset":
	{
		"x": -4262.7851280000004,
		"y": -7021.1668090000003,
		"z": 1.9000000000000001e-05
	},
	"rotationOffset":
	{
		"pitch": 0,
		"yaw": 0,
		"roll": 0
	},
	"guid": "109478340417176",
	"name": "Event_PP_0019_PhylacteryAmbush_Location_LocaleWorldOrigin(1)_SpawnLocale(1)",
	"typeId": "421000"
}