{
	"tags":
	{
		"gameplayTags": [],
		"parentTags": []
	},
	"locationOffset":
	{
		"x": 10796.884942000001,
		"y": -12968.590155,
		"z": 815.98663099999999
	},
	"rotationOffset":
	{
		"pitch": 0,
		"yaw": 0,
		"roll": 0
	},
	"guid": "109160644564611",
	"name": "Event_PE_0001_TheCarphinsLantern_Location_SpawnLocale(13)",
	"typeId": "421000"
}