{
	"tags":
	{
		"gameplayTags": [],
		"parentTags": []
	},
	"locationOffset":
	{
		"x": -929548.27024700004,
		"y": 638829.806568,
		"z": 12772.669934
	},
	"rotationOffset":
	{
		"pitch": 0,
		"yaw": 0,
		"roll": 0
	},
	"guid": "6064628611776577587",
	"name": "Event_PU_SpawnLocale_WarSpore",
	"typeId": "421000"
}