{
	"tags":
	{
		"gameplayTags": [],
		"parentTags": []
	},
	"locationOffset":
	{
		"x": -483683.86186200002,
		"y": 408944.37053000001,
		"z": 14875.795803999999
	},
	"rotationOffset":
	{
		"pitch": 0,
		"yaw": 0,
		"roll": 0
	},
	"guid": "109421054023295",
	"name": "Event_PE_0001_TheCarphinsLantern_Location_LocaleWorldOrigin_SpawnLocale",
	"typeId": "421000"
}