{
	"tags":
	{
		"gameplayTags": [],
		"parentTags": []
	},
	"locationOffset":
	{
		"x": 89.471294,
		"y": 6885.4735129999999,
		"z": -1578.7817520000001
	},
	"rotationOffset":
	{
		"pitch": 0,
		"yaw": 0,
		"roll": 0
	},
	"guid": "109183385556624",
	"name": "Event_PE_0002_SecuringTheLowlands_Location_SpawnLocale(1)",
	"typeId": "421000"
}