{
	"tags":
	{
		"gameplayTags": [],
		"parentTags": []
	},
	"locationOffset":
	{
		"x": 15064.873979,
		"y": -7055.6831769999999,
		"z": 889.90048000000002
	},
	"rotationOffset":
	{
		"pitch": 0,
		"yaw": 0,
		"roll": 0
	},
	"guid": "109160642664056",
	"name": "Event_PE_0001_TheCarphinsLantern_Location_SpawnLocale(2)",
	"typeId": "421000"
}