{
	"tags":
	{
		"gameplayTags": [],
		"parentTags": []
	},
	"locationOffset":
	{
		"x": -84264.722750999994,
		"y": -47214.940578000002,
		"z": 15679.796036
	},
	"rotationOffset":
	{
		"pitch": 0,
		"yaw": 0,
		"roll": 0
	},
	"guid": "109314057393937",
	"name": "GraveyardGolemEncounter_Event_Location_SpawnLocale(1)",
	"typeId": "421000"
}