{
	"tags":
	{
		"gameplayTags": [],
		"parentTags": []
	},
	"locationOffset":
	{
		"x": -698557.99478399998,
		"y": 561335.92230700003,
		"z": 13930.545298999999
	},
	"rotationOffset":
	{
		"pitch": 0,
		"yaw": 0,
		"roll": 0
	},
	"extents":
	{
		"x": 1000,
		"y": 1000,
		"z": 1000
	},
	"guid": "6064629743477850112",
	"name": "NewAelaFreeholdClearing",
	"typeId": "421000"
}