{
	"tags":
	{
		"gameplayTags": [],
		"parentTags": []
	},
	"locationOffset":
	{
		"x": -492133.17173,
		"y": 470093.93830799998,
		"z": 15804.365902
	},
	"rotationOffset":
	{
		"pitch": 0,
		"yaw": 0,
		"roll": 0
	},
	"guid": "108878313838202",
	"name": "ED_Event_0003_2_Ambush_Location_SpawnLocale(1)",
	"typeId": "421000"
}