{
	"tags":
	{
		"gameplayTags": [],
		"parentTags": []
	},
	"locationOffset":
	{
		"x": -786587.74038500001,
		"y": 570796.21611499996,
		"z": 12020.683251
	},
	"rotationOffset":
	{
		"pitch": 0,
		"yaw": 0,
		"roll": 0
	},
	"guid": "109167517718163",
	"name": "Event_PE_0003_BeyondCityLimits_Location_SpawnLocale",
	"typeId": "421000"
}