{
	"tags":
	{
		"gameplayTags": [],
		"parentTags": []
	},
	"locationOffset":
	{
		"x": 5367.2107409999999,
		"y": 1256.8306419999999,
		"z": 57.360486000000002
	},
	"rotationOffset":
	{
		"pitch": 0,
		"yaw": 0,
		"roll": 0
	},
	"guid": "109427840276106",
	"name": "Aimi_Test_Level_Event_Location_SpawnLocale",
	"typeId": "421000"
}