{
	"tags":
	{
		"gameplayTags": [],
		"parentTags": []
	},
	"locationOffset":
	{
		"x": 11401.013290000001,
		"y": -7912.1286620000001,
		"z": 889.90000499999996
	},
	"rotationOffset":
	{
		"pitch": 0,
		"yaw": 0,
		"roll": 0
	},
	"guid": "109160644695684",
	"name": "Event_PE_0001_TheCarphinsLantern_Location_SpawnLocale(14)",
	"typeId": "421000"
}