{
	"tags":
	{
		"gameplayTags": [],
		"parentTags": []
	},
	"locationOffset":
	{
		"x": -1694257.5593550785,
		"y": 795167.05705046211,
		"z": 20753.096638757655
	},
	"rotationOffset":
	{
		"pitch": 0,
		"yaw": 0,
		"roll": 0
	},
	"extents":
	{
		"x": 600,
		"y": 600,
		"z": 600
	},
	"bIsStatic": true,
	"guid": "6064633601800667161",
	"name": "NodeWar_TerritoryControl_WILD_Gatherable_Locale_13",
	"typeId": "421050"
}