{
	"tags":
	{
		"gameplayTags": [],
		"parentTags": []
	},
	"locationOffset":
	{
		"x": -878065.82299055287,
		"y": -557970.41987779387,
		"z": 26068.877663346055
	},
	"rotationOffset":
	{
		"pitch": 0,
		"yaw": 23.699020399252621,
		"roll": 0
	},
	"extents":
	{
		"x": 600,
		"y": 600,
		"z": 600
	},
	"bIsStatic": true,
	"guid": "6064633854940348469",
	"name": "NodeWar_TerritoryControl_VHAL_Gatherable_Locale_13",
	"typeId": "421050"
}