{
	"tags":
	{
		"gameplayTags": [],
		"parentTags": []
	},
	"locationOffset":
	{
		"x": -1210601.8699912869,
		"y": -597037.68195668946,
		"z": 10950.387412742395
	},
	"rotationOffset":
	{
		"pitch": 0,
		"yaw": 41.580189838198066,
		"roll": 0
	},
	"extents":
	{
		"x": 600,
		"y": 600,
		"z": 600
	},
	"bIsStatic": true,
	"guid": "6064633854993498134",
	"name": "NodeWar_TerritoryControl_KT_Gatherable_Locale_10",
	"typeId": "421050"
}