{
	"tags":
	{
		"gameplayTags": [],
		"parentTags": []
	},
	"locationOffset":
	{
		"x": -2390.0268030000002,
		"y": -19378.771798000002,
		"z": 40.615552999999998
	},
	"rotationOffset":
	{
		"pitch": 0,
		"yaw": 0,
		"roll": -0
	},
	"extents":
	{
		"x": 32,
		"y": 32,
		"z": 32
	},
	"bIsStatic": false,
	"guid": "6064633114187857949",
	"name": "Layout_River_C_L3_SiegeBanner",
	"typeId": "421050"
}