{
	"tags":
	{
		"gameplayTags": [],
		"parentTags": []
	},
	"locationOffset":
	{
		"x": -23501.850176,
		"y": 7963.4934649999996,
		"z": 415
	},
	"rotationOffset":
	{
		"pitch": -0,
		"yaw": -80.754691717016613,
		"roll": 0
	},
	"extents":
	{
		"x": 32,
		"y": 32,
		"z": 32
	},
	"bIsStatic": false,
	"guid": "6064633114084311062",
	"name": "Layout_Flat_D_L3_SiegeControlPoint_01",
	"typeId": "421050"
}