{
	"tags":
	{
		"gameplayTags": [],
		"parentTags": []
	},
	"locationOffset":
	{
		"x": -1233531.4452599999,
		"y": 1138663.4438789999,
		"z": 9137.1752066249974
	},
	"rotationOffset":
	{
		"pitch": 0,
		"yaw": 0,
		"roll": 0
	},
	"extents":
	{
		"x": 600,
		"y": 600,
		"z": 600
	},
	"bIsStatic": true,
	"guid": "6064633602212823134",
	"name": "NodeWar_TerritoryControl_ARIS_Gatherable_Locale_10",
	"typeId": "421050"
}