{
	"tags":
	{
		"gameplayTags": [],
		"parentTags": []
	},
	"locationOffset":
	{
		"x": -1402286.2815228868,
		"y": 1250981.4116888596,
		"z": 9129.554560624998
	},
	"rotationOffset":
	{
		"pitch": 0,
		"yaw": 0,
		"roll": 0
	},
	"extents":
	{
		"x": 600,
		"y": 600,
		"z": 600
	},
	"bIsStatic": true,
	"guid": "6064633602182217795",
	"name": "NodeWar_TerritoryControl_VINE_Gatherable_Locale_07",
	"typeId": "421050"
}