{
	"tags":
	{
		"gameplayTags": [],
		"parentTags": []
	},
	"locationOffset":
	{
		"x": -1220713.1940530001,
		"y": 1151578.6089629999,
		"z": 12555.370381285145
	},
	"rotationOffset":
	{
		"pitch": 0,
		"yaw": 0,
		"roll": 0
	},
	"extents":
	{
		"x": 100,
		"y": 100,
		"z": 100
	},
	"bIsStatic": true,
	"guid": "6064633601282539523",
	"name": "NodeWar_TerritoryWar_ARIS_Locale",
	"typeId": "421050"
}