{
	"tags":
	{
		"gameplayTags": [],
		"parentTags": []
	},
	"locationOffset":
	{
		"x": -1232688.4879419999,
		"y": 1161663.0184510001,
		"z": 14211.831525874994
	},
	"rotationOffset":
	{
		"pitch": 0,
		"yaw": 0,
		"roll": 0
	},
	"extents":
	{
		"x": 600,
		"y": 600,
		"z": 600
	},
	"bIsStatic": true,
	"guid": "6064633602214985823",
	"name": "NodeWar_TerritoryControl_ARIS_Gatherable_Locale_11",
	"typeId": "421050"
}