{
	"tags":
	{
		"gameplayTags": [],
		"parentTags": []
	},
	"locationOffset":
	{
		"x": -551291.91605899995,
		"y": 637125.88331299997,
		"z": 14615.089624
	},
	"rotationOffset":
	{
		"pitch": 0,
		"yaw": 0,
		"roll": 0
	},
	"extents":
	{
		"x": 0,
		"y": 0,
		"z": 0
	},
	"bIsStatic": true,
	"guid": "6064630552757076148",
	"name": "Locale_Event_RVR_M701_VengfulKnighted",
	"typeId": "421050"
}