{
	"tags":
	{
		"gameplayTags": [],
		"parentTags": []
	},
	"locationOffset":
	{
		"x": -1134107.26783,
		"y": -442723.64878599998,
		"z": 11449.547805
	},
	"rotationOffset":
	{
		"pitch": 0,
		"yaw": 0,
		"roll": 0
	},
	"extents":
	{
		"x": 100,
		"y": 100,
		"z": 100
	},
	"bIsStatic": true,
	"guid": "6064633866138615862",
	"name": "NodeWar_Defectors_Dhurgrum_06",
	"typeId": "421050"
}