{
	"tags":
	{
		"gameplayTags": [],
		"parentTags": []
	},
	"locationOffset":
	{
		"x": -1053588.5387718701,
		"y": -244166.91009175649,
		"z": 17648.283596000234
	},
	"rotationOffset":
	{
		"pitch": 0,
		"yaw": -95.218782000000047,
		"roll": 0
	},
	"extents":
	{
		"x": 13000,
		"y": 40000,
		"z": 10000
	},
	"bIsStatic": false,
	"guid": "6064633860850647054",
	"name": "NodeWar_TerritoryControl_DUUN_Blocking_Locale_01",
	"typeId": "421050"
}