{
	"tags":
	{
		"gameplayTags": [],
		"parentTags": []
	},
	"locationOffset":
	{
		"x": -1262523.8395080001,
		"y": -240402.487295,
		"z": 15569.008986000001
	},
	"rotationOffset":
	{
		"pitch": 0,
		"yaw": 0,
		"roll": 0
	},
	"extents":
	{
		"x": 100,
		"y": 100,
		"z": 100
	},
	"bIsStatic": true,
	"guid": "6064633866129375262",
	"name": "NodeWar_Defectors_Vexhelm_06",
	"typeId": "421050"
}