{
	"tags":
	{
		"gameplayTags": [],
		"parentTags": []
	},
	"locationOffset":
	{
		"x": -1369254.6638383651,
		"y": -254439.97151202438,
		"z": 26159.361045415473
	},
	"rotationOffset":
	{
		"pitch": 0,
		"yaw": -8.3870414465840781,
		"roll": 0
	},
	"extents":
	{
		"x": 600,
		"y": 600,
		"z": 600
	},
	"bIsStatic": true,
	"guid": "6064633845412528153",
	"name": "NodeWar_TerritoryControl_VEX_Gatherable_Locale_04",
	"typeId": "421050"
}