{
	"tags":
	{
		"gameplayTags": [],
		"parentTags": []
	},
	"locationOffset":
	{
		"x": -112949.646937,
		"y": 108918.95176,
		"z": 100.000004
	},
	"rotationOffset":
	{
		"pitch": 0,
		"yaw": 45.139294,
		"roll": 0
	},
	"extents":
	{
		"x": 85000,
		"y": 85000,
		"z": 85000
	},
	"bIsStatic": true,
	"guid": "6064632625407852545",
	"name": "StaticLocale_War_Justopolis_Origin",
	"typeId": "421050"
}