{
	"tags":
	{
		"gameplayTags": [],
		"parentTags": []
	},
	"locationOffset":
	{
		"x": -162918.46435200001,
		"y": 706118.47390900005,
		"z": 12859.678427999999
	},
	"rotationOffset":
	{
		"pitch": 0,
		"yaw": 0,
		"roll": 0
	},
	"extents":
	{
		"x": 100,
		"y": 100,
		"z": 100
	},
	"bIsStatic": true,
	"guid": "6064633090987327513",
	"name": "NodeWar_Defectors_Aithanahr_05",
	"typeId": "421050"
}