{
	"tags":
	{
		"gameplayTags": [],
		"parentTags": []
	},
	"locationOffset":
	{
		"x": -1223836.236851498,
		"y": 1141792.5208276419,
		"z": 12728.54853351173
	},
	"rotationOffset":
	{
		"pitch": 0,
		"yaw": 0,
		"roll": 0
	},
	"extents":
	{
		"x": 200,
		"y": 200,
		"z": 200
	},
	"bIsStatic": true,
	"guid": "6064633602210398295",
	"name": "NodeWar_TerritoryControl_ARIS_Instigator_ChannelKill_Locale_02",
	"typeId": "421050"
}