{
	"tags":
	{
		"gameplayTags": [],
		"parentTags": []
	},
	"locationOffset":
	{
		"x": -1131405.9272779999,
		"y": 37713.835154999979,
		"z": 4969.352414
	},
	"rotationOffset":
	{
		"pitch": 0,
		"yaw": 0,
		"roll": 0
	},
	"extents":
	{
		"x": 600,
		"y": 600,
		"z": 600
	},
	"bIsStatic": true,
	"guid": "6064633482170728494",
	"name": "NodeWar_TerritoryControl_SHOR_Gatherable_Locale_08",
	"typeId": "421050"
}