{
	"tags":
	{
		"gameplayTags": [],
		"parentTags": []
	},
	"locationOffset":
	{
		"x": -698557.99478399998,
		"y": 561335.92230700003,
		"z": 13930.545298999999
	},
	"rotationOffset":
	{
		"pitch": 0,
		"yaw": 0,
		"roll": 0
	},
	"extents":
	{
		"x": 0,
		"y": 0,
		"z": 0
	},
	"bIsStatic": true,
	"guid": "6064630552757076049",
	"name": "StaticLocale_NewAelaFreeholdClearing",
	"typeId": "421050"
}