{
	"tags":
	{
		"gameplayTags": [],
		"parentTags": []
	},
	"locationOffset":
	{
		"x": -1177553.2082626875,
		"y": -603749.04277303314,
		"z": 17477.33787230527
	},
	"rotationOffset":
	{
		"pitch": 0,
		"yaw": 59.682320999999995,
		"roll": 0
	},
	"extents":
	{
		"x": 6500,
		"y": 27000,
		"z": 10000
	},
	"bIsStatic": true,
	"guid": "6064633860700831745",
	"name": "NodeWar_TerritoryControl_KT_Blocking_Locale_02",
	"typeId": "421050"
}