{
	"tags":
	{
		"gameplayTags": [],
		"parentTags": []
	},
	"locationOffset":
	{
		"x": -1670182.5603249869,
		"y": 1304355.9659673679,
		"z": 10293.258054624999
	},
	"rotationOffset":
	{
		"pitch": 0,
		"yaw": 0,
		"roll": 0
	},
	"extents":
	{
		"x": 600,
		"y": 600,
		"z": 600
	},
	"bIsStatic": true,
	"guid": "6064633602165768243",
	"name": "NodeWar_TerritoryControl_HECR_Gatherable_Locale_13",
	"typeId": "421050"
}