{
	"tags":
	{
		"gameplayTags": [],
		"parentTags": []
	},
	"locationOffset":
	{
		"x": -957356.84690300003,
		"y": 1031597.195652,
		"z": 4093.8529269999999
	},
	"rotationOffset":
	{
		"pitch": 0,
		"yaw": 0,
		"roll": 0
	},
	"extents":
	{
		"x": 7500,
		"y": 7500,
		"z": 5000
	},
	"bIsStatic": true,
	"guid": "6064633572717822002",
	"name": "StaticLocale_SpawnLocale_Event_RaptorBush3",
	"typeId": "421050"
}