{
	"tags":
	{
		"gameplayTags": [],
		"parentTags": []
	},
	"locationOffset":
	{
		"x": -1682029.8873954446,
		"y": 1291644.1744374146,
		"z": 10172.646167761304
	},
	"rotationOffset":
	{
		"pitch": 0,
		"yaw": 0,
		"roll": 0
	},
	"extents":
	{
		"x": 100,
		"y": 100,
		"z": 100
	},
	"bIsStatic": true,
	"guid": "6064633601282342913",
	"name": "NodeWar_TerritoryWar_HECR_Locale",
	"typeId": "421050"
}