{
	"tags":
	{
		"gameplayTags": [],
		"parentTags": []
	},
	"locationOffset":
	{
		"x": -305383.46435199998,
		"y": 728128.47390900005,
		"z": 12674.678427999999
	},
	"rotationOffset":
	{
		"pitch": 0,
		"yaw": 0,
		"roll": 0
	},
	"extents":
	{
		"x": 100,
		"y": 100,
		"z": 100
	},
	"bIsStatic": true,
	"guid": "6064633090935685142",
	"name": "NodeWar_Defectors_Aithanahr_02",
	"typeId": "421050"
}