{
	"tags":
	{
		"gameplayTags": [],
		"parentTags": []
	},
	"locationOffset":
	{
		"x": -1007231.283091,
		"y": 822132.40622100001,
		"z": 13006.01792
	},
	"rotationOffset":
	{
		"pitch": 0,
		"yaw": 0,
		"roll": 0
	},
	"extents":
	{
		"x": 7500,
		"y": 7500,
		"z": 2000
	},
	"bIsStatic": true,
	"guid": "6064633623675207692",
	"name": "StaticLocale_SpawnLocale_EVT_RVR_0001_AbandonedAmbush3",
	"typeId": "421050"
}