{
	"tags":
	{
		"gameplayTags": [],
		"parentTags": []
	},
	"locationOffset":
	{
		"x": -887601.89142526896,
		"y": -577833.79744750482,
		"z": 24172.549701435204
	},
	"rotationOffset":
	{
		"pitch": 0,
		"yaw": 5.0098430000000009,
		"roll": 0
	},
	"extents":
	{
		"x": 13000,
		"y": 30000,
		"z": 8000
	},
	"bIsStatic": true,
	"guid": "6064633856691535874",
	"name": "NodeWar_TerritoryControl_VHAL_PopInteract_Blocking_Locale_03",
	"typeId": "421050"
}