{
	"tags":
	{
		"gameplayTags": [],
		"parentTags": []
	},
	"locationOffset":
	{
		"x": -856242.56982480502,
		"y": -595442.69619144243,
		"z": 26390.525114249998
	},
	"rotationOffset":
	{
		"pitch": 0,
		"yaw": -33.510477055534245,
		"roll": 0
	},
	"extents":
	{
		"x": 600,
		"y": 600,
		"z": 600
	},
	"bIsStatic": true,
	"guid": "6064633854940938295",
	"name": "NodeWar_TerritoryControl_VHAL_Gatherable_Locale_15",
	"typeId": "421050"
}