{
	"tags":
	{
		"gameplayTags": [],
		"parentTags": []
	},
	"locationOffset":
	{
		"x": -803709.81084599998,
		"y": 1370472.839137,
		"z": 4338.6847760000001
	},
	"rotationOffset":
	{
		"pitch": 0,
		"yaw": 0,
		"roll": 0
	},
	"extents":
	{
		"x": 7500,
		"y": 7500,
		"z": 3000
	},
	"bIsStatic": true,
	"guid": "6064633538488238081",
	"name": "StaticLocale_SpawnLocale_EVT_JUN_0009_MorningCrabs_3",
	"typeId": "421050"
}