{
	"tags":
	{
		"gameplayTags": [],
		"parentTags": []
	},
	"locationOffset":
	{
		"x": -406285.99995199998,
		"y": 734481.99998199998,
		"z": 12279.236586000001
	},
	"rotationOffset":
	{
		"pitch": 0,
		"yaw": 0,
		"roll": 0
	},
	"extents":
	{
		"x": 0,
		"y": 0,
		"z": 0
	},
	"bIsStatic": true,
	"guid": "6064633611274486971",
	"name": "EVT_SAN_0017_BeneathCrimsonStandard_EventLocation_Locale",
	"typeId": "421050"
}