{
	"tags":
	{
		"gameplayTags": [],
		"parentTags": []
	},
	"locationOffset":
	{
		"x": -1182910.2540773589,
		"y": -631580.82127899106,
		"z": 18077.787979411627
	},
	"rotationOffset":
	{
		"pitch": 0,
		"yaw": 18.930846202182391,
		"roll": 0
	},
	"extents":
	{
		"x": 600,
		"y": 600,
		"z": 600
	},
	"bIsStatic": true,
	"guid": "6064633854994415641",
	"name": "NodeWar_TerritoryControl_KT_Gatherable_Locale_13",
	"typeId": "421050"
}