{
	"tags":
	{
		"gameplayTags": [],
		"parentTags": []
	},
	"locationOffset":
	{
		"x": -608861.98416898947,
		"y": 467260.57014604204,
		"z": 17875.512860946325
	},
	"rotationOffset":
	{
		"pitch": 0,
		"yaw": 26.690068979647396,
		"roll": 0
	},
	"extents":
	{
		"x": 600,
		"y": 600,
		"z": 600
	},
	"bIsStatic": true,
	"guid": "6064631317553479727",
	"name": "NodeWar_TerritoryControl_HWMH_Gatherable_Locale_02",
	"typeId": "421050"
}