{
	"tags":
	{
		"gameplayTags": [],
		"parentTags": []
	},
	"locationOffset":
	{
		"x": -1706582.9823923158,
		"y": 1300772.2176554273,
		"z": 9673.7105888749975
	},
	"rotationOffset":
	{
		"pitch": 0,
		"yaw": 0,
		"roll": 0
	},
	"extents":
	{
		"x": 200,
		"y": 200,
		"z": 200
	},
	"bIsStatic": true,
	"guid": "6064633602171338810",
	"name": "NodeWar_TerritoryControl_HECR_Receiver_ChannelKill_Locale_02",
	"typeId": "421050"
}