{
	"tags":
	{
		"gameplayTags": [],
		"parentTags": []
	},
	"locationOffset":
	{
		"x": -1033098.0115557965,
		"y": -436862.25502194499,
		"z": 17689.229869293376
	},
	"rotationOffset":
	{
		"pitch": 0,
		"yaw": 0,
		"roll": 0
	},
	"extents":
	{
		"x": 600,
		"y": 600,
		"z": 600
	},
	"bIsStatic": true,
	"guid": "6064633854919114768",
	"name": "NodeWar_TerritoryControl_DHUR_Gatherable_Locale_03",
	"typeId": "421050"
}