{
	"tags":
	{
		"gameplayTags": [],
		"parentTags": []
	},
	"locationOffset":
	{
		"x": -1691590.2580014954,
		"y": 816015.66254182707,
		"z": 19934.756512442138
	},
	"rotationOffset":
	{
		"pitch": 0,
		"yaw": 0,
		"roll": 0
	},
	"extents":
	{
		"x": 100,
		"y": 100,
		"z": 100
	},
	"bIsStatic": true,
	"guid": "6064633601282211840",
	"name": "NodeWar_TerritoryWar_WILD_Locale",
	"typeId": "421050"
}