{
	"tags":
	{
		"gameplayTags": [],
		"parentTags": []
	},
	"locationOffset":
	{
		"x": -1386233.8921324811,
		"y": -287625.86815118568,
		"z": 28370.862624905269
	},
	"rotationOffset":
	{
		"pitch": 0,
		"yaw": 40.694738000000008,
		"roll": 0
	},
	"extents":
	{
		"x": 14000,
		"y": 32000,
		"z": 12000
	},
	"bIsStatic": true,
	"guid": "6064633850439729152",
	"name": "NodeWar_TerritoryControl_VEX_PopInteract_Blocking_Locale_01",
	"typeId": "421050"
}