{
	"tags":
	{
		"gameplayTags": [],
		"parentTags": []
	},
	"locationOffset":
	{
		"x": -1028179.2328791039,
		"y": -400657.9936393986,
		"z": 16541.468346099886
	},
	"rotationOffset":
	{
		"pitch": 0,
		"yaw": 0,
		"roll": 0
	},
	"extents":
	{
		"x": 100,
		"y": 100,
		"z": 100
	},
	"bIsStatic": true,
	"guid": "6064633866139205688",
	"name": "NodeWar_Defectors_Dhurgrum_08",
	"typeId": "421050"
}