{
	"tags":
	{
		"gameplayTags": [],
		"parentTags": []
	},
	"locationOffset":
	{
		"x": -1683139.834861689,
		"y": 1297718.8964249997,
		"z": 10063.849194800776
	},
	"rotationOffset":
	{
		"pitch": 0,
		"yaw": 0,
		"roll": 0
	},
	"extents":
	{
		"x": 600,
		"y": 600,
		"z": 600
	},
	"bIsStatic": true,
	"guid": "6064633602165440561",
	"name": "NodeWar_TerritoryControl_HECR_Gatherable_Locale_11",
	"typeId": "421050"
}