{
	"tags":
	{
		"gameplayTags": [],
		"parentTags": []
	},
	"locationOffset":
	{
		"x": -1177935.2158404433,
		"y": -642420.59290770162,
		"z": 17477.337894000284
	},
	"rotationOffset":
	{
		"pitch": 0,
		"yaw": 59.682320999999995,
		"roll": 0
	},
	"extents":
	{
		"x": 12000,
		"y": 17000,
		"z": 10000
	},
	"bIsStatic": true,
	"guid": "6064633860701356035",
	"name": "NodeWar_TerritoryControl_KT_Blocking_Locale_04",
	"typeId": "421050"
}