{
	"tags":
	{
		"gameplayTags": [],
		"parentTags": []
	},
	"locationOffset":
	{
		"x": -1361409.7432498399,
		"y": -229664.3269821154,
		"z": 27796.06272972771
	},
	"rotationOffset":
	{
		"pitch": 0,
		"yaw": 40.694738000000008,
		"roll": 0
	},
	"extents":
	{
		"x": 29000,
		"y": 13000,
		"z": 12000
	},
	"bIsStatic": true,
	"guid": "6064633850441826305",
	"name": "NodeWar_TerritoryControl_VEX_PopInteract_Blocking_Locale_02",
	"typeId": "421050"
}