{
	"tags":
	{
		"gameplayTags": [],
		"parentTags": []
	},
	"locationOffset":
	{
		"x": -1682716.0541821527,
		"y": 1297365.1131112056,
		"z": 12561.333776862171
	},
	"rotationOffset":
	{
		"pitch": 0,
		"yaw": 0,
		"roll": 0
	},
	"extents":
	{
		"x": 28000,
		"y": 20000,
		"z": 10000
	},
	"bIsStatic": true,
	"guid": "6064633602106589189",
	"name": "NodeWar_TerritoryControl_HECR_PopInteract_Modifier_Locale_01",
	"typeId": "421050"
}