{
	"tags":
	{
		"gameplayTags": [],
		"parentTags": []
	},
	"locationOffset":
	{
		"x": -1019036.2043829437,
		"y": -439267.04739924497,
		"z": 17754.034114999999
	},
	"rotationOffset":
	{
		"pitch": 0,
		"yaw": 136.70648399999999,
		"roll": 0
	},
	"extents":
	{
		"x": 12000,
		"y": 11000,
		"z": 10000
	},
	"bIsStatic": true,
	"guid": "6064633860772462601",
	"name": "NodeWar_TerritoryControl_DHUR_Blocking_Locale_03",
	"typeId": "421050"
}