{
	"tags":
	{
		"gameplayTags": [],
		"parentTags": []
	},
	"locationOffset":
	{
		"x": 21539.973196999999,
		"y": 25391.228201999998,
		"z": 3040
	},
	"rotationOffset":
	{
		"pitch": -0,
		"yaw": -113.75748600000004,
		"roll": 0
	},
	"extents":
	{
		"x": 32,
		"y": 32,
		"z": 32
	},
	"bIsStatic": false,
	"guid": "6064633114187857947",
	"name": "Layout_River_C_L3_SiegeAttackerCamp",
	"typeId": "421050"
}