{
	"tags":
	{
		"gameplayTags": [],
		"parentTags": []
	},
	"locationOffset":
	{
		"x": -1728222.8781789879,
		"y": 1276452.9712819059,
		"z": 8599.1967031953645
	},
	"rotationOffset":
	{
		"pitch": 0,
		"yaw": 0,
		"roll": 0
	},
	"extents":
	{
		"x": 6000,
		"y": 6000,
		"z": 4000
	},
	"bIsStatic": true,
	"guid": "6064633602105737220",
	"name": "NodeWar_TerritoryControl_HECR_PopInteract_Blocking_Locale_01",
	"typeId": "421050"
}