{
	"tags":
	{
		"gameplayTags": [],
		"parentTags": []
	},
	"locationOffset":
	{
		"x": -1051943.961227,
		"y": -357173.34007199999,
		"z": 17190.347084000001
	},
	"rotationOffset":
	{
		"pitch": 0,
		"yaw": 0,
		"roll": 0
	},
	"extents":
	{
		"x": 100,
		"y": 100,
		"z": 100
	},
	"bIsStatic": true,
	"guid": "6064633866137632818",
	"name": "NodeWar_Defectors_Dhurgrum_02",
	"typeId": "421050"
}