{
	"tags":
	{
		"gameplayTags": [],
		"parentTags": []
	},
	"locationOffset":
	{
		"x": -1409374.5244795384,
		"y": 1221464.4059120074,
		"z": 15486.123011640204
	},
	"rotationOffset":
	{
		"pitch": 0,
		"yaw": 0,
		"roll": 0
	},
	"extents":
	{
		"x": 600,
		"y": 600,
		"z": 600
	},
	"bIsStatic": true,
	"guid": "6064633602177761341",
	"name": "NodeWar_TerritoryControl_VINE_Gatherable_Locale_01",
	"typeId": "421050"
}