{
	"tags":
	{
		"gameplayTags": [],
		"parentTags": []
	},
	"locationOffset":
	{
		"x": -1045691.3008755299,
		"y": -431141.386705935,
		"z": 11685.513941044499
	},
	"rotationOffset":
	{
		"pitch": 0,
		"yaw": 54.600650507496901,
		"roll": 0
	},
	"extents":
	{
		"x": 600,
		"y": 600,
		"z": 600
	},
	"bIsStatic": true,
	"guid": "6064633854919770131",
	"name": "NodeWar_TerritoryControl_DHUR_Gatherable_Locale_06",
	"typeId": "421050"
}