{
	"tags":
	{
		"gameplayTags": [],
		"parentTags": []
	},
	"locationOffset":
	{
		"x": -1206694.292659,
		"y": 1160225.6922840001,
		"z": 13436.384598812496
	},
	"rotationOffset":
	{
		"pitch": 0,
		"yaw": 0,
		"roll": 0
	},
	"extents":
	{
		"x": 600,
		"y": 600,
		"z": 600
	},
	"bIsStatic": true,
	"guid": "6064633602212364378",
	"name": "NodeWar_TerritoryControl_ARIS_Gatherable_Locale_06",
	"typeId": "421050"
}