{
	"tags":
	{
		"gameplayTags": [],
		"parentTags": []
	},
	"locationOffset":
	{
		"x": -1046156.8058398564,
		"y": -465512.02016002219,
		"z": 17754.034109000007
	},
	"rotationOffset":
	{
		"pitch": 0,
		"yaw": 136.70648399999999,
		"roll": 0
	},
	"extents":
	{
		"x": 19000,
		"y": 16000,
		"z": 10000
	},
	"bIsStatic": true,
	"guid": "6064633860772986892",
	"name": "NodeWar_TerritoryControl_DHUR_Blocking_Locale_06",
	"typeId": "421050"
}