{
	"tags":
	{
		"gameplayTags": [],
		"parentTags": []
	},
	"locationOffset":
	{
		"x": -867518.48794200004,
		"y": 1251103.0184510001,
		"z": 11658.252724374997
	},
	"rotationOffset":
	{
		"pitch": 0,
		"yaw": 0,
		"roll": 0
	},
	"extents":
	{
		"x": 600,
		"y": 600,
		"z": 600
	},
	"bIsStatic": true,
	"guid": "6064633602253717638",
	"name": "NodeWar_TerritoryControl_MYTH_Gatherable_Locale_11",
	"typeId": "421050"
}