{
	"tags":
	{
		"gameplayTags": [],
		"parentTags": []
	},
	"locationOffset":
	{
		"x": -1381918.9470227659,
		"y": 1255216.0256056557,
		"z": 8947.2002546249969
	},
	"rotationOffset":
	{
		"pitch": 0,
		"yaw": 0,
		"roll": 0
	},
	"extents":
	{
		"x": 600,
		"y": 600,
		"z": 600
	},
	"bIsStatic": true,
	"guid": "6064633602184970314",
	"name": "NodeWar_TerritoryControl_VINE_Gatherable_Locale_14",
	"typeId": "421050"
}