{
	"tags":
	{
		"gameplayTags": [],
		"parentTags": []
	},
	"locationOffset":
	{
		"x": -1703183.6273911512,
		"y": 782705.84398848948,
		"z": 22333.590900324401
	},
	"rotationOffset":
	{
		"pitch": 0,
		"yaw": 0,
		"roll": 0
	},
	"extents":
	{
		"x": 6000,
		"y": 6000,
		"z": 4000
	},
	"bIsStatic": true,
	"guid": "6064633601788477451",
	"name": "NodeWar_TerritoryControl_WILD_PopInteract_Blocking_Locale_01",
	"typeId": "421050"
}