{
	"tags":
	{
		"gameplayTags": [],
		"parentTags": []
	},
	"locationOffset":
	{
		"x": -875916.28152299998,
		"y": 1281301.411689,
		"z": 11946.038358843747
	},
	"rotationOffset":
	{
		"pitch": 0,
		"yaw": 0,
		"roll": 0
	},
	"extents":
	{
		"x": 600,
		"y": 600,
		"z": 600
	},
	"bIsStatic": true,
	"guid": "6064633602254110856",
	"name": "NodeWar_TerritoryControl_MYTH_Gatherable_Locale_13",
	"typeId": "421050"
}