{
	"tags":
	{
		"gameplayTags": [],
		"parentTags": []
	},
	"locationOffset":
	{
		"x": -1072253.9825958184,
		"y": -458665.38277937588,
		"z": 17559.078733475289
	},
	"rotationOffset":
	{
		"pitch": 0,
		"yaw": -68.997313419347549,
		"roll": 0
	},
	"extents":
	{
		"x": 600,
		"y": 600,
		"z": 600
	},
	"bIsStatic": true,
	"guid": "6064633854921998363",
	"name": "NodeWar_TerritoryControl_DHUR_Gatherable_Locale_14",
	"typeId": "421050"
}