{
	"tags":
	{
		"gameplayTags": [],
		"parentTags": []
	},
	"locationOffset":
	{
		"x": -1705285.3829312338,
		"y": 825257.00987436867,
		"z": 20877.801922145052
	},
	"rotationOffset":
	{
		"pitch": 0,
		"yaw": 0,
		"roll": 0
	},
	"extents":
	{
		"x": 200,
		"y": 200,
		"z": 200
	},
	"bIsStatic": true,
	"guid": "6064633601802240029",
	"name": "NodeWar_TerritoryControl_WILD_Instigator_ChannelKill_Locale_03",
	"typeId": "421050"
}