{
	"tags":
	{
		"gameplayTags": [],
		"parentTags": []
	},
	"locationOffset":
	{
		"x": -859756.33837963606,
		"y": -588832.09519648401,
		"z": 26122.908415031248
	},
	"rotationOffset":
	{
		"pitch": 0,
		"yaw": 36.967520606099995,
		"roll": 0
	},
	"extents":
	{
		"x": 600,
		"y": 600,
		"z": 600
	},
	"bIsStatic": true,
	"guid": "6064633854938906671",
	"name": "NodeWar_TerritoryControl_VHAL_Gatherable_Locale_07",
	"typeId": "421050"
}