{
	"tags":
	{
		"gameplayTags": [],
		"parentTags": []
	},
	"locationOffset":
	{
		"x": -718469.63536835683,
		"y": 632636.33184434951,
		"z": 8681.0105718968516
	},
	"rotationOffset":
	{
		"pitch": 0,
		"yaw": 0,
		"roll": 0
	},
	"extents":
	{
		"x": 1000,
		"y": 1000,
		"z": 1000
	},
	"bIsStatic": true,
	"guid": "6064631283459620864",
	"name": "Locale_Event_AttackOnSamiasHope",
	"typeId": "421050"
}