{
	"tags":
	{
		"gameplayTags": [],
		"parentTags": []
	},
	"locationOffset":
	{
		"x": -1656132.0840452949,
		"y": 1308953.702909481,
		"z": 5377.8181746874943
	},
	"rotationOffset":
	{
		"pitch": 0,
		"yaw": 0,
		"roll": 0
	},
	"extents":
	{
		"x": 600,
		"y": 600,
		"z": 600
	},
	"bIsStatic": true,
	"guid": "6064633602099642368",
	"name": "NodeWar_TerritoryControl_HECR_Gatherable_Locale_01",
	"typeId": "421050"
}