{
	"tags":
	{
		"gameplayTags": [],
		"parentTags": []
	},
	"locationOffset":
	{
		"x": -623933.21817100001,
		"y": 477017.59113900003,
		"z": 13055.398424999999
	},
	"rotationOffset":
	{
		"pitch": 0,
		"yaw": 0,
		"roll": 0
	},
	"extents":
	{
		"x": 200,
		"y": 200,
		"z": 400
	},
	"bIsStatic": true,
	"guid": "6064631317327708162",
	"name": "NodeWar_TerritoryControl_HWMH_Godspike_Locale",
	"typeId": "421050"
}