{
	"tags":
	{
		"gameplayTags": [],
		"parentTags": []
	},
	"locationOffset":
	{
		"x": -1220904.5244799999,
		"y": 1138884.405912,
		"z": 13547.169986999994
	},
	"rotationOffset":
	{
		"pitch": 0,
		"yaw": 0,
		"roll": 0
	},
	"extents":
	{
		"x": 600,
		"y": 600,
		"z": 600
	},
	"bIsStatic": true,
	"guid": "6064633602207711315",
	"name": "NodeWar_TerritoryControl_ARIS_Gatherable_Locale_02",
	"typeId": "421050"
}