{
	"tags":
	{
		"gameplayTags": [],
		"parentTags": []
	},
	"locationOffset":
	{
		"x": -1074214.2916694626,
		"y": -274186.72537556611,
		"z": 12244.821755326167
	},
	"rotationOffset":
	{
		"pitch": 0,
		"yaw": 39.347456938321038,
		"roll": 0
	},
	"extents":
	{
		"x": 600,
		"y": 600,
		"z": 600
	},
	"bIsStatic": true,
	"guid": "6064633852866399876",
	"name": "NodeWar_TerritoryControl_DUUN_Gatherable_Locale_13",
	"typeId": "421050"
}