{
	"tags":
	{
		"gameplayTags": [],
		"parentTags": []
	},
	"locationOffset":
	{
		"x": -1129795.9272779999,
		"y": 25363.835154999979,
		"z": 9369.3524140000009
	},
	"rotationOffset":
	{
		"pitch": 0,
		"yaw": 0,
		"roll": 0
	},
	"extents":
	{
		"x": 22000,
		"y": 19000,
		"z": 6000
	},
	"bIsStatic": true,
	"guid": "6064633482163585063",
	"name": "NodeWar_TerritoryControl_SHOR_PopInteract_Modifier_Locale_01",
	"typeId": "421050"
}