{
	"tags":
	{
		"gameplayTags": [],
		"parentTags": []
	},
	"locationOffset":
	{
		"x": -1355311.2803406226,
		"y": -288547.87367916625,
		"z": 23273.020095069507
	},
	"rotationOffset":
	{
		"pitch": 0,
		"yaw": 177.54922513987194,
		"roll": 0
	},
	"extents":
	{
		"x": 200,
		"y": 200,
		"z": 200
	},
	"bIsStatic": true,
	"guid": "6064633845324644367",
	"name": "NodeWar_TerritoryControl_VEX_Receiver_ChannelKill_Locale_01",
	"typeId": "421050"
}