{
	"tags":
	{
		"gameplayTags": [],
		"parentTags": []
	},
	"locationOffset":
	{
		"x": -1055967.0803070185,
		"y": -281845.39580626902,
		"z": 11264.728871831634
	},
	"rotationOffset":
	{
		"pitch": 0,
		"yaw": -65.916141146158949,
		"roll": 0
	},
	"extents":
	{
		"x": 100,
		"y": 100,
		"z": 100
	},
	"bIsStatic": true,
	"guid": "6064633845008236546",
	"name": "NodeWar_TerritoryWar_DUUN_Locale",
	"typeId": "421050"
}