{
	"tags":
	{
		"gameplayTags": [],
		"parentTags": []
	},
	"locationOffset":
	{
		"x": -1922993.7694850038,
		"y": -234709.09726285166,
		"z": 11331.748775774828
	},
	"rotationOffset":
	{
		"pitch": 0,
		"yaw": 0,
		"roll": 0
	},
	"extents":
	{
		"x": 18000,
		"y": 18000,
		"z": 8000
	},
	"bIsStatic": true,
	"guid": "6064633470788633154",
	"name": "NodeWar_TerritoryControl_BRIN_PopInteract_Modifier_Locale_01",
	"typeId": "421050"
}