{
	"tags":
	{
		"gameplayTags": [],
		"parentTags": []
	},
	"locationOffset":
	{
		"x": -1700796.6404065744,
		"y": 810110.3912059709,
		"z": 20902.624199092133
	},
	"rotationOffset":
	{
		"pitch": 0,
		"yaw": 0,
		"roll": 0
	},
	"extents":
	{
		"x": 600,
		"y": 600,
		"z": 600
	},
	"bIsStatic": true,
	"guid": "6064633601796145167",
	"name": "NodeWar_TerritoryControl_WILD_Gatherable_Locale_03",
	"typeId": "421050"
}