{
	"tags":
	{
		"gameplayTags": [],
		"parentTags": []
	},
	"locationOffset":
	{
		"x": -1046877.9188110101,
		"y": -248386.23750342953,
		"z": 23581.029840463005
	},
	"rotationOffset":
	{
		"pitch": 0,
		"yaw": 100.00765605838116,
		"roll": 0
	},
	"extents":
	{
		"x": 200,
		"y": 200,
		"z": 200
	},
	"bIsStatic": true,
	"guid": "6064633852672806514",
	"name": "NodeWar_TerritoryControl_DUUN_Receiver_ChannelKill_Locale_02",
	"typeId": "421050"
}