{
	"tags":
	{
		"gameplayTags": [],
		"parentTags": []
	},
	"locationOffset":
	{
		"x": -1195604.4587382225,
		"y": -141678.90818982373,
		"z": 17078.749684435166
	},
	"rotationOffset":
	{
		"pitch": 0,
		"yaw": 0,
		"roll": 0
	},
	"extents":
	{
		"x": 100,
		"y": 100,
		"z": 100
	},
	"bIsStatic": true,
	"guid": "6064633866135535660",
	"name": "NodeWar_Defectors_Duunhold_04",
	"typeId": "421050"
}