{
	"tags":
	{
		"gameplayTags": [],
		"parentTags": []
	},
	"locationOffset":
	{
		"x": -1215101.026117,
		"y": -378454.35908899998,
		"z": 15746.570159999999
	},
	"rotationOffset":
	{
		"pitch": 0,
		"yaw": 0,
		"roll": 0
	},
	"extents":
	{
		"x": 100,
		"y": 100,
		"z": 100
	},
	"bIsStatic": true,
	"guid": "6064633866139533369",
	"name": "NodeWar_Defectors_KalTorhum_01",
	"typeId": "421050"
}