{
	"tags":
	{
		"gameplayTags": [],
		"parentTags": []
	},
	"locationOffset":
	{
		"x": -322526.13243200001,
		"y": 854932.27501400001,
		"z": 7958.1010180000003
	},
	"rotationOffset":
	{
		"pitch": 0,
		"yaw": 0,
		"roll": 0
	},
	"extents":
	{
		"x": 10000,
		"y": 10000,
		"z": 2000
	},
	"bIsStatic": true,
	"guid": "6064632984736628764",
	"name": "StaticLocale_SpawnLocale_Event_Shadebellies",
	"typeId": "421050"
}