{
	"tags":
	{
		"gameplayTags": [],
		"parentTags": []
	},
	"locationOffset":
	{
		"x": -1921656.9549742141,
		"y": -231350.33009424576,
		"z": 6562.3005828996847
	},
	"rotationOffset":
	{
		"pitch": 0,
		"yaw": 0,
		"roll": 0
	},
	"extents":
	{
		"x": 100,
		"y": 100,
		"z": 100
	},
	"bIsStatic": true,
	"guid": "6064633470806917721",
	"name": "NodeWar_TerritoryWar_BRIN_Locale",
	"typeId": "421050"
}