{
	"tags":
	{
		"gameplayTags": [],
		"parentTags": []
	},
	"locationOffset":
	{
		"x": -1218299.7732740531,
		"y": -610851.20514730015,
		"z": 17895.459939220756
	},
	"rotationOffset":
	{
		"pitch": 0,
		"yaw": 15.824778198170167,
		"roll": 0
	},
	"extents":
	{
		"x": 600,
		"y": 600,
		"z": 600
	},
	"bIsStatic": true,
	"guid": "6064633854990876685",
	"name": "NodeWar_TerritoryControl_KT_Gatherable_Locale_01",
	"typeId": "421050"
}