{
	"tags":
	{
		"gameplayTags": [],
		"parentTags": []
	},
	"locationOffset":
	{
		"x": -1124700.206826,
		"y": -495250.20282200002,
		"z": 12101.816430999999
	},
	"rotationOffset":
	{
		"pitch": 0,
		"yaw": 0,
		"roll": 0
	},
	"extents":
	{
		"x": 100,
		"y": 100,
		"z": 100
	},
	"bIsStatic": true,
	"guid": "6064633866142548030",
	"name": "NodeWar_Defectors_KalTorhum_06",
	"typeId": "421050"
}