{
	"tags":
	{
		"gameplayTags": [],
		"parentTags": []
	},
	"locationOffset":
	{
		"x": -1734193.1240920001,
		"y": 1149448.3866580001,
		"z": 17997.090511999999
	},
	"rotationOffset":
	{
		"pitch": 0,
		"yaw": 0,
		"roll": 0
	},
	"extents":
	{
		"x": 0,
		"y": 0,
		"z": 0
	},
	"bIsStatic": true,
	"guid": "6064633491483131904",
	"name": "EVT_JUN_0006_SummonersGift_Locale",
	"typeId": "421050"
}