{
	"tags":
	{
		"gameplayTags": [],
		"parentTags": []
	},
	"locationOffset":
	{
		"x": -1127295.9272779999,
		"y": 25153.835154999979,
		"z": 4819.352414
	},
	"rotationOffset":
	{
		"pitch": 0,
		"yaw": 0,
		"roll": 0
	},
	"extents":
	{
		"x": 600,
		"y": 600,
		"z": 600
	},
	"bIsStatic": true,
	"guid": "6064633482171056176",
	"name": "NodeWar_TerritoryControl_SHOR_Gatherable_Locale_10",
	"typeId": "421050"
}