{
	"tags":
	{
		"gameplayTags": [],
		"parentTags": []
	},
	"locationOffset":
	{
		"x": -1221244.8228809999,
		"y": 1158201.1682180001,
		"z": 13535.096958531247
	},
	"rotationOffset":
	{
		"pitch": 0,
		"yaw": 0,
		"roll": 0
	},
	"extents":
	{
		"x": 200,
		"y": 200,
		"z": 200
	},
	"bIsStatic": true,
	"guid": "6064633602124939281",
	"name": "NodeWar_TerritoryControl_ARIS_Godspike_Locale",
	"typeId": "421050"
}