{
	"tags":
	{
		"gameplayTags": [],
		"parentTags": []
	},
	"locationOffset":
	{
		"x": -967785.00154400012,
		"y": 946939.35195000004,
		"z": 15743.948895999998
	},
	"rotationOffset":
	{
		"pitch": 0,
		"yaw": 0,
		"roll": 0
	},
	"extents":
	{
		"x": 200,
		"y": 200,
		"z": 200
	},
	"bIsStatic": true,
	"guid": "6064633602244477050",
	"name": "NodeWar_TerritoryControl_TANG_Receiver_ChannelKill_Locale_02",
	"typeId": "421050"
}