{
	"tags":
	{
		"gameplayTags": [],
		"parentTags": []
	},
	"locationOffset":
	{
		"x": -1384050.7733675458,
		"y": 1234840.909332932,
		"z": 14034.897398498899
	},
	"rotationOffset":
	{
		"pitch": 0,
		"yaw": 0,
		"roll": 0
	},
	"extents":
	{
		"x": 200,
		"y": 200,
		"z": 200
	},
	"bIsStatic": true,
	"guid": "6064633602116878350",
	"name": "NodeWar_TerritoryControl_VINE_Receiver_ChannelKill_Locale_01",
	"typeId": "421050"
}