{
	"tags":
	{
		"gameplayTags": [],
		"parentTags": []
	},
	"locationOffset":
	{
		"x": -612261.3995434898,
		"y": 492347.82316571561,
		"z": 13998.728716
	},
	"rotationOffset":
	{
		"pitch": 0,
		"yaw": 172.33885518008324,
		"roll": 0
	},
	"extents":
	{
		"x": 2000,
		"y": 2000,
		"z": 1750
	},
	"bIsStatic": true,
	"guid": "6064631317348352008",
	"name": "NodeWar_TerritoryControl_HWMH_Instigator_WarCamp_Locale",
	"typeId": "421050"
}