{
	"tags":
	{
		"gameplayTags": [],
		"parentTags": []
	},
	"locationOffset":
	{
		"x": -1042190.3837655364,
		"y": -262737.89779577951,
		"z": 19787.702068851941
	},
	"rotationOffset":
	{
		"pitch": 0,
		"yaw": -95.218782000000047,
		"roll": 0
	},
	"extents":
	{
		"x": 5000,
		"y": 3500,
		"z": 3000
	},
	"bIsStatic": true,
	"guid": "6064633852800339575",
	"name": "NodeWar_TerritoryControl_DUUN_PopInteract_Modifier_Locale_03",
	"typeId": "421050"
}