{
	"tags":
	{
		"gameplayTags": [],
		"parentTags": []
	},
	"locationOffset":
	{
		"x": -1224836.3420770001,
		"y": 1155354.6938670001,
		"z": 13510.944704874993
	},
	"rotationOffset":
	{
		"pitch": 0,
		"yaw": 0,
		"roll": 0
	},
	"extents":
	{
		"x": 600,
		"y": 600,
		"z": 600
	},
	"bIsStatic": true,
	"guid": "6064633602208170069",
	"name": "NodeWar_TerritoryControl_ARIS_Gatherable_Locale_04",
	"typeId": "421050"
}