{
	"tags":
	{
		"gameplayTags": [],
		"parentTags": []
	},
	"locationOffset":
	{
		"x": -1892950.070906,
		"y": -261739.69612800001,
		"z": 6419.9974140000004
	},
	"rotationOffset":
	{
		"pitch": 0,
		"yaw": 0,
		"roll": 0
	},
	"extents":
	{
		"x": 10000,
		"y": 10000,
		"z": 4000
	},
	"bIsStatic": true,
	"guid": "6064633470787060288",
	"name": "NodeWar_TerritoryControl_BRIN_PopInteract_Blocking_Locale_01",
	"typeId": "421050"
}