{
	"tags":
	{
		"gameplayTags": [],
		"parentTags": []
	},
	"locationOffset":
	{
		"x": -1700317.0575722924,
		"y": 1298286.1579906715,
		"z": 10234.745981562497
	},
	"rotationOffset":
	{
		"pitch": 0,
		"yaw": 0,
		"roll": 0
	},
	"extents":
	{
		"x": 600,
		"y": 600,
		"z": 600
	},
	"bIsStatic": true,
	"guid": "6064633602162360364",
	"name": "NodeWar_TerritoryControl_HECR_Gatherable_Locale_06",
	"typeId": "421050"
}