{
	"tags":
	{
		"gameplayTags": [],
		"parentTags": []
	},
	"locationOffset":
	{
		"x": -1027266.5130188523,
		"y": -409508.3797767231,
		"z": 17219.685174446447
	},
	"rotationOffset":
	{
		"pitch": 0,
		"yaw": 179.36537368800865,
		"roll": 0
	},
	"extents":
	{
		"x": 200,
		"y": 200,
		"z": 200
	},
	"bIsStatic": true,
	"guid": "6064633854911643653",
	"name": "NodeWar_TerritoryControl_DHUR_Instigator_ChannelKill_Locale_03",
	"typeId": "421050"
}