{
	"tags":
	{
		"gameplayTags": [],
		"parentTags": []
	},
	"locationOffset":
	{
		"x": -857855.87089599995,
		"y": 1222994.9048600001,
		"z": 7947.3752414687442
	},
	"rotationOffset":
	{
		"pitch": 0,
		"yaw": 0,
		"roll": 0
	},
	"extents":
	{
		"x": 2000,
		"y": 2000,
		"z": 2000
	},
	"bIsStatic": true,
	"guid": "6064633602151481379",
	"name": "NodeWar_TerritoryControl_MYTH_Instigator_WarCamp_Locale",
	"typeId": "421050"
}