{
	"tags":
	{
		"gameplayTags": [],
		"parentTags": []
	},
	"locationOffset":
	{
		"x": -15195.026803000001,
		"y": 11056.228202,
		"z": 60.615552999999998
	},
	"rotationOffset":
	{
		"pitch": 0,
		"yaw": 72.567273030665987,
		"roll": -0
	},
	"extents":
	{
		"x": 32,
		"y": 32,
		"z": 32
	},
	"bIsStatic": false,
	"guid": "6064633114187857950",
	"name": "Layout_River_C_L3_SiegeControlPoint_02",
	"typeId": "421050"
}