{
	"tags":
	{
		"gameplayTags": [],
		"parentTags": []
	},
	"locationOffset":
	{
		"x": -1193326.4244659999,
		"y": 1116381.513081,
		"z": 11986.190844999999
	},
	"rotationOffset":
	{
		"pitch": 0,
		"yaw": 0,
		"roll": 0
	},
	"extents":
	{
		"x": 6000,
		"y": 6000,
		"z": 4000
	},
	"bIsStatic": true,
	"guid": "6064633602132606996",
	"name": "NodeWar_TerritoryControl_ARIS_PopInteract_Blocking_Locale_01",
	"typeId": "421050"
}