{
	"tags":
	{
		"gameplayTags": [],
		"parentTags": []
	},
	"locationOffset":
	{
		"x": -874155.03808800003,
		"y": 1258877.9990139999,
		"z": 16265.728201
	},
	"rotationOffset":
	{
		"pitch": 0,
		"yaw": 0,
		"roll": 0
	},
	"extents":
	{
		"x": 22000,
		"y": 22000,
		"z": 10000
	},
	"bIsStatic": true,
	"guid": "6064633602153644069",
	"name": "NodeWar_TerritoryControl_MYTH_PopInteract_Modifier_Locale_01",
	"typeId": "421050"
}