{
	"tags":
	{
		"gameplayTags": [],
		"parentTags": []
	},
	"locationOffset":
	{
		"x": -960171.529461,
		"y": 156440.53035700001,
		"z": 3875.2074750000002
	},
	"rotationOffset":
	{
		"pitch": 0,
		"yaw": 0,
		"roll": 0
	},
	"extents":
	{
		"x": 30000,
		"y": 30000,
		"z": 10000
	},
	"bIsStatic": true,
	"guid": "6064633379805921305",
	"name": "EVT_TUR_0007_BellyBeast_Location_LocaleRequest_Locale(0)",
	"typeId": "421050"
}