{
	"tags":
	{
		"gameplayTags": [],
		"parentTags": []
	},
	"locationOffset":
	{
		"x": -1359120.7012359784,
		"y": -223733.23661473009,
		"z": 30109.908782266644
	},
	"rotationOffset":
	{
		"pitch": 0,
		"yaw": 40.000000000000007,
		"roll": 0
	},
	"extents":
	{
		"x": 2000,
		"y": 2000,
		"z": 1750
	},
	"bIsStatic": true,
	"guid": "6064633845166505993",
	"name": "NodeWar_TerritoryControl_VEX_Instigator_WarCamp_Locale",
	"typeId": "421050"
}