{
	"tags":
	{
		"gameplayTags": [],
		"parentTags": []
	},
	"locationOffset":
	{
		"x": -1396383.1940532257,
		"y": 1242458.6089631694,
		"z": 9816.1472639142376
	},
	"rotationOffset":
	{
		"pitch": 0,
		"yaw": 0,
		"roll": 0
	},
	"extents":
	{
		"x": 100,
		"y": 100,
		"z": 100
	},
	"bIsStatic": true,
	"guid": "6064633601282408450",
	"name": "NodeWar_TerritoryWar_VINE_Locale",
	"typeId": "421050"
}