{
	"tags":
	{
		"gameplayTags": [],
		"parentTags": []
	},
	"locationOffset":
	{
		"x": -1067133.1733589999,
		"y": -257043.305903,
		"z": 11543.292119
	},
	"rotationOffset":
	{
		"pitch": 0,
		"yaw": -85.207161999999983,
		"roll": 0
	},
	"extents":
	{
		"x": 200,
		"y": 200,
		"z": 400
	},
	"bIsStatic": true,
	"guid": "6064633845001551873",
	"name": "NodeWar_TerritoryControl_DUUN_Godspike_Locale",
	"typeId": "421050"
}