{
	"tags":
	{
		"gameplayTags": [],
		"parentTags": []
	},
	"locationOffset":
	{
		"x": -1705543.0230270245,
		"y": 1287539.0601628637,
		"z": 9750.6908531683766
	},
	"rotationOffset":
	{
		"pitch": 0,
		"yaw": 0,
		"roll": 0
	},
	"extents":
	{
		"x": 600,
		"y": 600,
		"z": 600
	},
	"bIsStatic": true,
	"guid": "6064633602162556973",
	"name": "NodeWar_TerritoryControl_HECR_Gatherable_Locale_07",
	"typeId": "421050"
}