{
	"tags":
	{
		"gameplayTags": [],
		"parentTags": []
	},
	"locationOffset":
	{
		"x": -751000.82999999996,
		"y": 555460.56000000006,
		"z": 13954.870000000001
	},
	"rotationOffset":
	{
		"pitch": 0,
		"yaw": 0,
		"roll": 0
	},
	"extents":
	{
		"x": 1000000,
		"y": 1000000,
		"z": 1000000
	},
	"bIsStatic": true,
	"guid": "6064632355876831545",
	"name": "StaticLocale_War_Riverlands",
	"typeId": "421050"
}