{
	"tags":
	{
		"gameplayTags": [],
		"parentTags": []
	},
	"locationOffset":
	{
		"x": -1349656.7190306745,
		"y": -286359.52598373668,
		"z": 26504.062433647548
	},
	"rotationOffset":
	{
		"pitch": 0,
		"yaw": 40.694738000000008,
		"roll": 0
	},
	"extents":
	{
		"x": 16000,
		"y": 10000,
		"z": 12000
	},
	"bIsStatic": true,
	"guid": "6064633850443399172",
	"name": "NodeWar_TerritoryControl_VEX_PopInteract_Blocking_Locale_05",
	"typeId": "421050"
}