{
	"tags":
	{
		"gameplayTags": [],
		"parentTags": []
	},
	"locationOffset":
	{
		"x": -445853.21279100003,
		"y": 456260.90063699998,
		"z": 15180.081359
	},
	"rotationOffset":
	{
		"pitch": 0,
		"yaw": 0,
		"roll": 0
	},
	"extents":
	{
		"x": 10000,
		"y": 10000,
		"z": 5000
	},
	"bIsStatic": true,
	"guid": "6064631386803666953",
	"name": "ProgE_0006_CarphinBlooms_StaticLocaleOrigin_Locale",
	"typeId": "421050"
}