{
	"tags":
	{
		"gameplayTags": [],
		"parentTags": []
	},
	"locationOffset":
	{
		"x": -630022.98470799997,
		"y": 464511.46379900002,
		"z": 12300.288574
	},
	"rotationOffset":
	{
		"pitch": 0,
		"yaw": -20.870724999999997,
		"roll": 0
	},
	"extents":
	{
		"x": 1500,
		"y": 1500,
		"z": 4000
	},
	"bIsStatic": true,
	"guid": "6064631812066639912",
	"name": "NodeWar_TerritoryControl_HWMH_PopInteract_Modifier_Locale_04",
	"typeId": "421050"
}