{
	"tags":
	{
		"gameplayTags": [],
		"parentTags": []
	},
	"locationOffset":
	{
		"x": -978115.16519799992,
		"y": 927829.41223799996,
		"z": 19561.138301281248
	},
	"rotationOffset":
	{
		"pitch": 0,
		"yaw": 0,
		"roll": 0
	},
	"extents":
	{
		"x": 600,
		"y": 600,
		"z": 600
	},
	"bIsStatic": true,
	"guid": "6064633602238775411",
	"name": "NodeWar_TerritoryControl_TANG_Gatherable_Locale_13",
	"typeId": "421050"
}