{
	"tags":
	{
		"gameplayTags": [],
		"parentTags": []
	},
	"locationOffset":
	{
		"x": -1082040.8095858702,
		"y": -261515.64272721499,
		"z": 17912.921756918673
	},
	"rotationOffset":
	{
		"pitch": 0,
		"yaw": -40.8863087550044,
		"roll": 0
	},
	"extents":
	{
		"x": 600,
		"y": 600,
		"z": 600
	},
	"bIsStatic": true,
	"guid": "6064633852865810050",
	"name": "NodeWar_TerritoryControl_DUUN_Gatherable_Locale_11",
	"typeId": "421050"
}