{
	"tags":
	{
		"gameplayTags": [],
		"parentTags": []
	},
	"locationOffset":
	{
		"x": -1064162.957453233,
		"y": -442334.82714584481,
		"z": 15915.723756329295
	},
	"rotationOffset":
	{
		"pitch": 0,
		"yaw": 8.9346920545788908,
		"roll": 0
	},
	"extents":
	{
		"x": 600,
		"y": 600,
		"z": 600
	},
	"bIsStatic": true,
	"guid": "6064633854919573522",
	"name": "NodeWar_TerritoryControl_DHUR_Gatherable_Locale_05",
	"typeId": "421050"
}