{
	"tags":
	{
		"gameplayTags": [],
		"parentTags": []
	},
	"locationOffset":
	{
		"x": -1054259.3007403652,
		"y": -440422.0931781524,
		"z": 18154.16434920008
	},
	"rotationOffset":
	{
		"pitch": 0,
		"yaw": 0,
		"roll": 0
	},
	"extents":
	{
		"x": 100,
		"y": 100,
		"z": 100
	},
	"bIsStatic": true,
	"guid": "6064633845009219587",
	"name": "NodeWar_TerritoryWar_DHUR_Locale",
	"typeId": "421050"
}