{
	"tags":
	{
		"gameplayTags": [],
		"parentTags": []
	},
	"locationOffset":
	{
		"x": -1356513.5016060311,
		"y": -242071.29912714902,
		"z": 29813.320528950535
	},
	"rotationOffset":
	{
		"pitch": 0,
		"yaw": -41.245126446127081,
		"roll": 0
	},
	"extents":
	{
		"x": 200,
		"y": 200,
		"z": 200
	},
	"bIsStatic": true,
	"guid": "6064633845326086160",
	"name": "NodeWar_TerritoryControl_VEX_Receiver_ChannelKill_Locale_02",
	"typeId": "421050"
}