{
	"tags":
	{
		"gameplayTags": [],
		"parentTags": []
	},
	"locationOffset":
	{
		"x": -1086077.8211338003,
		"y": -455190.87055961037,
		"z": 13452.869930566436
	},
	"rotationOffset":
	{
		"pitch": 0,
		"yaw": 54.721380069014018,
		"roll": 0
	},
	"extents":
	{
		"x": 2000,
		"y": 2000,
		"z": 1750
	},
	"bIsStatic": true,
	"guid": "6064633854902927361",
	"name": "NodeWar_TerritoryControl_DHUR_Receiver_WarCamp_Locale",
	"typeId": "421050"
}