{
	"tags":
	{
		"gameplayTags": [],
		"parentTags": []
	},
	"locationOffset":
	{
		"x": -10237.834846,
		"y": 2692.4366289999998,
		"z": 3248.5916350000002
	},
	"rotationOffset":
	{
		"pitch": 0,
		"yaw": 6.25,
		"roll": -0
	},
	"extents":
	{
		"x": 32,
		"y": 32,
		"z": 32
	},
	"bIsStatic": false,
	"guid": "6064633114084311058",
	"name": "Layout_Flat_D_L3_SiegeGate_01",
	"typeId": "421050"
}