{
	"tags":
	{
		"gameplayTags": [],
		"parentTags": []
	},
	"locationOffset":
	{
		"x": -1193086.4244659999,
		"y": 1116851.513081,
		"z": 11986.190845499994
	},
	"rotationOffset":
	{
		"pitch": 0,
		"yaw": 0,
		"roll": 0
	},
	"extents":
	{
		"x": 2000,
		"y": 2000,
		"z": 2000
	},
	"bIsStatic": true,
	"guid": "6064633602135556119",
	"name": "NodeWar_TerritoryControl_ARIS_Reciever_WarCamp_Locale",
	"typeId": "421050"
}