{
	"tags":
	{
		"gameplayTags": [],
		"parentTags": []
	},
	"locationOffset":
	{
		"x": -1427601.1137281817,
		"y": 1254954.8710664681,
		"z": 5093.7528454431158
	},
	"rotationOffset":
	{
		"pitch": 0,
		"yaw": 0,
		"roll": 0
	},
	"extents":
	{
		"x": 6000,
		"y": 6000,
		"z": 4000
	},
	"bIsStatic": true,
	"guid": "6064633602189033551",
	"name": "NodeWar_TerritoryControl_VINE_PopInteract_Blocking_Locale_02",
	"typeId": "421050"
}