{
	"tags":
	{
		"gameplayTags": [],
		"parentTags": []
	},
	"locationOffset":
	{
		"x": -443079.23835,
		"y": 811518.69888499996,
		"z": 13886.909712999999
	},
	"rotationOffset":
	{
		"pitch": 0,
		"yaw": -135.01285999999999,
		"roll": 0
	},
	"extents":
	{
		"x": 6000,
		"y": 6000,
		"z": 2000
	},
	"bIsStatic": true,
	"guid": "6064633612370379080",
	"name": "EVT_SAN_0019_WarblerWarding_Location_Locale5",
	"typeId": "421050"
}