{
	"tags":
	{
		"gameplayTags": [],
		"parentTags": []
	},
	"locationOffset":
	{
		"x": -1264808.647202,
		"y": -197187.76772900001,
		"z": 25231.392446000002
	},
	"rotationOffset":
	{
		"pitch": 0,
		"yaw": 0,
		"roll": 0
	},
	"extents":
	{
		"x": 100,
		"y": 100,
		"z": 100
	},
	"bIsStatic": true,
	"guid": "6064633866135011370",
	"name": "NodeWar_Defectors_Duunhold_02",
	"typeId": "421050"
}