{
	"tags":
	{
		"gameplayTags": [],
		"parentTags": []
	},
	"locationOffset":
	{
		"x": -1169815.4414276362,
		"y": -624447.63872883585,
		"z": 20400.932309445336
	},
	"rotationOffset":
	{
		"pitch": 0,
		"yaw": 59.682320999999995,
		"roll": 0
	},
	"extents":
	{
		"x": 8000,
		"y": 7000,
		"z": 4000
	},
	"bIsStatic": true,
	"guid": "6064633854989959179",
	"name": "NodeWar_TerritoryControl_KT_PopInteract_Modifier_Locale_02",
	"typeId": "421050"
}