{
	"tags":
	{
		"gameplayTags": [],
		"parentTags": []
	},
	"locationOffset":
	{
		"x": -1931822.9736556727,
		"y": -246540.24538234621,
		"z": 4574.5513650580397
	},
	"rotationOffset":
	{
		"pitch": 0,
		"yaw": 0,
		"roll": 0
	},
	"extents":
	{
		"x": 600,
		"y": 600,
		"z": 600
	},
	"bIsStatic": true,
	"guid": "6064633470793024071",
	"name": "NodeWar_TerritoryControl_BRIN_Gatherable_Locale_04",
	"typeId": "421050"
}