{
	"tags":
	{
		"gameplayTags": [],
		"parentTags": []
	},
	"locationOffset":
	{
		"x": 10996.902119,
		"y": -2589.2383340000001,
		"z": 123.27022100000001
	},
	"rotationOffset":
	{
		"pitch": -0,
		"yaw": -59.380259000000002,
		"roll": 0
	},
	"extents":
	{
		"x": 32,
		"y": 32,
		"z": 32
	},
	"bIsStatic": false,
	"guid": "6064633114187857956",
	"name": "Layout_River_C_L3_SiegeGate_02",
	"typeId": "421050"
}