{
	"tags":
	{
		"gameplayTags": [],
		"parentTags": []
	},
	"locationOffset":
	{
		"x": -1401588.5946260719,
		"y": 1224827.1203740204,
		"z": 14989.351213656246
	},
	"rotationOffset":
	{
		"pitch": 0,
		"yaw": 0,
		"roll": 0
	},
	"extents":
	{
		"x": 200,
		"y": 200,
		"z": 200
	},
	"bIsStatic": true,
	"guid": "6064633602190016593",
	"name": "NodeWar_TerritoryControl_VINE_Receiver_ChannelKill_Locale_03",
	"typeId": "421050"
}