{
	"tags":
	{
		"gameplayTags": [],
		"parentTags": []
	},
	"locationOffset":
	{
		"x": -879825.56070027861,
		"y": -601288.54575534724,
		"z": 26687.807813925865
	},
	"rotationOffset":
	{
		"pitch": 0,
		"yaw": 84.775856970359627,
		"roll": 0
	},
	"extents":
	{
		"x": 200,
		"y": 200,
		"z": 200
	},
	"bIsStatic": true,
	"guid": "6064633854931173410",
	"name": "NodeWar_TerritoryControl_VHAL_Receiver_ChannelKill_Locale_01",
	"typeId": "421050"
}