{
	"tags":
	{
		"gameplayTags": [],
		"parentTags": []
	},
	"locationOffset":
	{
		"x": -1331931.6951264113,
		"y": -270454.60362032411,
		"z": 22083.812022433998
	},
	"rotationOffset":
	{
		"pitch": 0,
		"yaw": 40.694738348956662,
		"roll": 0
	},
	"extents":
	{
		"x": 8000,
		"y": 9000,
		"z": 7000
	},
	"bIsStatic": true,
	"guid": "6064633845387362323",
	"name": "NodeWar_TerritoryControl_VEX_PopInteract_Modifier_Locale_01",
	"typeId": "421050"
}