{
	"tags":
	{
		"gameplayTags": [],
		"parentTags": []
	},
	"locationOffset":
	{
		"x": -582520.34586700005,
		"y": 563855.90968699998,
		"z": 11991.475532
	},
	"rotationOffset":
	{
		"pitch": 0,
		"yaw": 0,
		"roll": 0
	},
	"extents":
	{
		"x": 8000,
		"y": 8000,
		"z": 1000
	},
	"bIsStatic": true,
	"guid": "6064630559397708374",
	"name": "RVR_DruidTree_Locale",
	"typeId": "421050"
}