{
	"tags":
	{
		"gameplayTags": [],
		"parentTags": []
	},
	"locationOffset":
	{
		"x": -1330574.943614,
		"y": -262234.38331100001,
		"z": 24262.163164000001
	},
	"rotationOffset":
	{
		"pitch": 0,
		"yaw": 97.373890000000031,
		"roll": 0
	},
	"extents":
	{
		"x": 600,
		"y": 600,
		"z": 600
	},
	"bIsStatic": true,
	"guid": "6064633845415018528",
	"name": "NodeWar_TerritoryControl_VEX_Gatherable_Locale_11",
	"typeId": "421050"
}