{
	"tags":
	{
		"gameplayTags": [],
		"parentTags": []
	},
	"locationOffset":
	{
		"x": -1360012.59717,
		"y": -260382.713464,
		"z": 24123.160449999999
	},
	"rotationOffset":
	{
		"pitch": 0,
		"yaw": 0,
		"roll": 0
	},
	"extents":
	{
		"x": 100,
		"y": 100,
		"z": 100
	},
	"bIsStatic": true,
	"guid": "6064633844479033344",
	"name": "NodeWar_TerritoryWar_VEX_Locale",
	"typeId": "421050"
}