{
	"tags":
	{
		"gameplayTags": [],
		"parentTags": []
	},
	"locationOffset":
	{
		"x": -679014.58277900005,
		"y": 597006.17536999995,
		"z": 11988.911521
	},
	"rotationOffset":
	{
		"pitch": 0,
		"yaw": 0,
		"roll": 0
	},
	"extents":
	{
		"x": 1000,
		"y": 1000,
		"z": 1000
	},
	"bIsStatic": true,
	"guid": "6064631964469363650",
	"name": "ED_RVR_M906_SleepseerChillblains_Locale",
	"typeId": "421050"
}