{
	"tags":
	{
		"gameplayTags": [],
		"parentTags": []
	},
	"locationOffset":
	{
		"x": -1090212.8623414943,
		"y": -262997.99390671664,
		"z": 17223.838320914951
	},
	"rotationOffset":
	{
		"pitch": 0,
		"yaw": -95.218782000000047,
		"roll": 0
	},
	"extents":
	{
		"x": 15000,
		"y": 8500,
		"z": 10000
	},
	"bIsStatic": false,
	"guid": "6064633860852744212",
	"name": "NodeWar_TerritoryControl_DUUN_Blocking_Locale_07",
	"typeId": "421050"
}