{
	"tags":
	{
		"gameplayTags": [],
		"parentTags": []
	},
	"locationOffset":
	{
		"x": -885396.75024020986,
		"y": -551632.26566203695,
		"z": 26077.356806309825
	},
	"rotationOffset":
	{
		"pitch": 0,
		"yaw": 22.48596880013649,
		"roll": 0
	},
	"extents":
	{
		"x": 600,
		"y": 600,
		"z": 600
	},
	"bIsStatic": true,
	"guid": "6064633854939562034",
	"name": "NodeWar_TerritoryControl_VHAL_Gatherable_Locale_10",
	"typeId": "421050"
}