{
	"tags":
	{
		"gameplayTags": [],
		"parentTags": []
	},
	"locationOffset":
	{
		"x": -866585.538534116,
		"y": -598867.4810042911,
		"z": 29245.793152436112
	},
	"rotationOffset":
	{
		"pitch": 0,
		"yaw": 5.0098434635408093,
		"roll": 0
	},
	"extents":
	{
		"x": 6500,
		"y": 4000,
		"z": 4000
	},
	"bIsStatic": true,
	"guid": "6064633854933401638",
	"name": "NodeWar_TerritoryControl_VHAL_PopInteract_Modifier_Locale_01",
	"typeId": "421050"
}