{
	"tags":
	{
		"gameplayTags": [],
		"parentTags": []
	},
	"locationOffset":
	{
		"x": -276697.97217600001,
		"y": 714472.03629900003,
		"z": 7513.9757220000001
	},
	"rotationOffset":
	{
		"pitch": 0,
		"yaw": 0,
		"roll": 0
	},
	"extents":
	{
		"x": 7500,
		"y": 7500,
		"z": 2000
	},
	"bIsStatic": true,
	"guid": "6064632948945584130",
	"name": "StaticLocale_SpawnLocale_Event_SAN_SimpleAmbush",
	"typeId": "421050"
}