{
	"tags":
	{
		"gameplayTags": [],
		"parentTags": []
	},
	"locationOffset":
	{
		"x": -844120.01127699995,
		"y": 548057.06139499997,
		"z": 12995.587235000001
	},
	"rotationOffset":
	{
		"pitch": 0,
		"yaw": 0,
		"roll": 0
	},
	"extents":
	{
		"x": 10000,
		"y": 10000,
		"z": 10000
	},
	"bIsStatic": false,
	"guid": "6064632263549780006",
	"name": "EVT_RVR_RosewaterTower",
	"typeId": "421050"
}