{
	"tags":
	{
		"gameplayTags": [],
		"parentTags": []
	},
	"locationOffset":
	{
		"x": -1042766.9317557135,
		"y": -459161.90629183606,
		"z": 12460.697156206859
	},
	"rotationOffset":
	{
		"pitch": 0,
		"yaw": 39.683516447230353,
		"roll": 0
	},
	"extents":
	{
		"x": 600,
		"y": 600,
		"z": 600
	},
	"bIsStatic": true,
	"guid": "6064633854920556566",
	"name": "NodeWar_TerritoryControl_DHUR_Gatherable_Locale_09",
	"typeId": "421050"
}