{
	"tags":
	{
		"gameplayTags": [],
		"parentTags": []
	},
	"locationOffset":
	{
		"x": -874404.822881,
		"y": 1259181.1682179999,
		"z": 10348.943855374993
	},
	"rotationOffset":
	{
		"pitch": 0,
		"yaw": 0,
		"roll": 0
	},
	"extents":
	{
		"x": 200,
		"y": 200,
		"z": 200
	},
	"bIsStatic": true,
	"guid": "6064633602149580833",
	"name": "NodeWar_TerritoryControl_MYTH_Godspike_Locale",
	"typeId": "421050"
}