{
	"tags":
	{
		"gameplayTags": [],
		"parentTags": []
	},
	"locationOffset":
	{
		"x": -623838.83293599996,
		"y": 284238.94126300002,
		"z": 15417.906150000001
	},
	"rotationOffset":
	{
		"pitch": 0,
		"yaw": 0,
		"roll": 0
	},
	"extents":
	{
		"x": 0,
		"y": 0,
		"z": 0
	},
	"bIsStatic": true,
	"guid": "6064630552757076111",
	"name": "Locale_LocaleContainer_6064629771765022721_RVR_Minor_AbandonedTemple_B",
	"typeId": "421050"
}