{
	"tags":
	{
		"gameplayTags": [],
		"parentTags": []
	},
	"locationOffset":
	{
		"x": -1362323.9609880098,
		"y": -293269.10539686546,
		"z": 25948.276939328796
	},
	"rotationOffset":
	{
		"pitch": 0,
		"yaw": 22.431231225731452,
		"roll": 0
	},
	"extents":
	{
		"x": 600,
		"y": 600,
		"z": 600
	},
	"bIsStatic": true,
	"guid": "6064633845413249051",
	"name": "NodeWar_TerritoryControl_VEX_Gatherable_Locale_06",
	"typeId": "421050"
}