{
	"tags":
	{
		"gameplayTags": [],
		"parentTags": []
	},
	"locationOffset":
	{
		"x": -970838.48794199992,
		"y": 926793.0184510001,
		"z": 19609.809265062497
	},
	"rotationOffset":
	{
		"pitch": 0,
		"yaw": 0,
		"roll": 0
	},
	"extents":
	{
		"x": 600,
		"y": 600,
		"z": 600
	},
	"bIsStatic": true,
	"guid": "6064633602239103092",
	"name": "NodeWar_TerritoryControl_TANG_Gatherable_Locale_14",
	"typeId": "421050"
}