{
	"tags":
	{
		"gameplayTags": [],
		"parentTags": []
	},
	"locationOffset":
	{
		"x": -1021477.990148,
		"y": 830528.37253299996,
		"z": 13548.376097
	},
	"rotationOffset":
	{
		"pitch": 0,
		"yaw": 0,
		"roll": 0
	},
	"extents":
	{
		"x": 7500,
		"y": 7500,
		"z": 2000
	},
	"bIsStatic": true,
	"guid": "6064633623625662468",
	"name": "StaticLocale_SpawnLocale_EVT_RVR_0001_AbandonedAmbush2",
	"typeId": "421050"
}