{
	"tags":
	{
		"gameplayTags": [],
		"parentTags": []
	},
	"locationOffset":
	{
		"x": -1190248.766455,
		"y": 1147980.1057450001,
		"z": 7386.006657726557
	},
	"rotationOffset":
	{
		"pitch": 0,
		"yaw": 0,
		"roll": 0
	},
	"extents":
	{
		"x": 600,
		"y": 600,
		"z": 600
	},
	"bIsStatic": true,
	"guid": "6064633602216034403",
	"name": "NodeWar_TerritoryControl_ARIS_Gatherable_Locale_15",
	"typeId": "421050"
}