{
	"tags":
	{
		"gameplayTags": [],
		"parentTags": []
	},
	"locationOffset":
	{
		"x": -1053420.93099,
		"y": 1007258.101991,
		"z": 8217.1835069999997
	},
	"rotationOffset":
	{
		"pitch": 0,
		"yaw": 0,
		"roll": 0
	},
	"extents":
	{
		"x": 7500,
		"y": 7500,
		"z": 5000
	},
	"bIsStatic": true,
	"guid": "6064633572553523242",
	"name": "StaticLocale_SpawnLocale_Event_RaptorBush2",
	"typeId": "421050"
}