{
	"tags":
	{
		"gameplayTags": [],
		"parentTags": []
	},
	"locationOffset":
	{
		"x": -440861.50764199998,
		"y": 431998.99380300002,
		"z": 10556.938071
	},
	"rotationOffset":
	{
		"pitch": 0,
		"yaw": 0,
		"roll": 0
	},
	"extents":
	{
		"x": 10000,
		"y": 10000,
		"z": 10000
	},
	"bIsStatic": true,
	"guid": "6064631482646724608",
	"name": "ProgE_0008_Wreckless_StaticLocaleOrigin_Locale",
	"typeId": "421050"
}