{
	"tags":
	{
		"gameplayTags": [],
		"parentTags": []
	},
	"locationOffset":
	{
		"x": -1698428.4023304963,
		"y": 823998.71230158082,
		"z": 21148.270140889654
	},
	"rotationOffset":
	{
		"pitch": 0,
		"yaw": 0,
		"roll": 0
	},
	"extents":
	{
		"x": 600,
		"y": 600,
		"z": 600
	},
	"bIsStatic": true,
	"guid": "6064633601796276240",
	"name": "NodeWar_TerritoryControl_WILD_Gatherable_Locale_04",
	"typeId": "421050"
}