{
	"tags":
	{
		"gameplayTags": [],
		"parentTags": []
	},
	"locationOffset":
	{
		"x": -1181669.9791761616,
		"y": -612654.05508267076,
		"z": 9577.2314743272727
	},
	"rotationOffset":
	{
		"pitch": 0,
		"yaw": 47.351826175283016,
		"roll": 0
	},
	"extents":
	{
		"x": 600,
		"y": 600,
		"z": 600
	},
	"bIsStatic": true,
	"guid": "6064633854994022423",
	"name": "NodeWar_TerritoryControl_KT_Gatherable_Locale_11",
	"typeId": "421050"
}