{
	"tags":
	{
		"gameplayTags": [],
		"parentTags": []
	},
	"locationOffset":
	{
		"x": -1413356.4424228182,
		"y": 1244443.054499432,
		"z": 9012.0896713432558
	},
	"rotationOffset":
	{
		"pitch": 0,
		"yaw": 0,
		"roll": 0
	},
	"extents":
	{
		"x": 600,
		"y": 600,
		"z": 600
	},
	"bIsStatic": true,
	"guid": "6064633602182283332",
	"name": "NodeWar_TerritoryControl_VINE_Gatherable_Locale_08",
	"typeId": "421050"
}