{
	"tags":
	{
		"gameplayTags": [],
		"parentTags": []
	},
	"locationOffset":
	{
		"x": -874385.93482185877,
		"y": -542516.25498349685,
		"z": 28664.783333923951
	},
	"rotationOffset":
	{
		"pitch": 0,
		"yaw": 5.0098430000000009,
		"roll": 0
	},
	"extents":
	{
		"x": 6800,
		"y": 4000,
		"z": 4000
	},
	"bIsStatic": true,
	"guid": "6064633854934581287",
	"name": "NodeWar_TerritoryControl_VHAL_PopInteract_Modifier_Locale_02",
	"typeId": "421050"
}