{
	"tags":
	{
		"gameplayTags": [],
		"parentTags": []
	},
	"locationOffset":
	{
		"x": -1072244.785257,
		"y": 1182897.851576,
		"z": 18601.072240000001
	},
	"rotationOffset":
	{
		"pitch": 0,
		"yaw": 0,
		"roll": 0
	},
	"extents":
	{
		"x": 3000,
		"y": 3000,
		"z": 2500
	},
	"bIsStatic": true,
	"guid": "6064633543060619498",
	"name": "Locale_JUN_0008_Event_Mycophilia",
	"typeId": "421050"
}