{
	"tags":
	{
		"gameplayTags": [],
		"parentTags": []
	},
	"locationOffset":
	{
		"x": -850154.4517757321,
		"y": -583512.61621162808,
		"z": 18837.297685254231
	},
	"rotationOffset":
	{
		"pitch": 0,
		"yaw": -161.56035514823532,
		"roll": 0
	},
	"extents":
	{
		"x": 200,
		"y": 200,
		"z": 200
	},
	"bIsStatic": true,
	"guid": "6064633854932025380",
	"name": "NodeWar_TerritoryControl_VHAL_Receiver_ChannelKill_Locale_03",
	"typeId": "421050"
}