{
	"tags":
	{
		"gameplayTags": [],
		"parentTags": []
	},
	"locationOffset":
	{
		"x": -572098.51064300002,
		"y": 589242.08988600003,
		"z": 11641.637369
	},
	"rotationOffset":
	{
		"pitch": 0,
		"yaw": 0,
		"roll": 0
	},
	"extents":
	{
		"x": 8000,
		"y": 8000,
		"z": 8000
	},
	"bIsStatic": true,
	"guid": "6064633412664754211",
	"name": "StaticLocale_SpawnLocale_Event_MushRiver",
	"typeId": "421050"
}