{
	"tags":
	{
		"gameplayTags": [],
		"parentTags": []
	},
	"locationOffset":
	{
		"x": -627985.40452900005,
		"y": 618697.01458700001,
		"z": 11590.645850000001
	},
	"rotationOffset":
	{
		"pitch": 0,
		"yaw": 0,
		"roll": 0
	},
	"extents":
	{
		"x": 7500,
		"y": 7500,
		"z": 2000
	},
	"bIsStatic": true,
	"guid": "6064633624050925681",
	"name": "StaticLocale_SpawnLocale_EVT_RVR_0003_ZephyrAmbush3",
	"typeId": "421050"
}