{
	"tags":
	{
		"gameplayTags": [],
		"parentTags": []
	},
	"locationOffset":
	{
		"x": -357988.11816999997,
		"y": 920252.76693799999,
		"z": 8916.5101830000003
	},
	"rotationOffset":
	{
		"pitch": 0,
		"yaw": 0,
		"roll": 0
	},
	"extents":
	{
		"x": 0,
		"y": 0,
		"z": 0
	},
	"bIsStatic": true,
	"guid": "6064633074727059486",
	"name": "EVT_SAN_0009_Gatorator_Locale",
	"typeId": "421050"
}