{
	"tags":
	{
		"gameplayTags": [],
		"parentTags": []
	},
	"locationOffset":
	{
		"x": -899612.02430911874,
		"y": -560417.33058070729,
		"z": 27238.218782774464
	},
	"rotationOffset":
	{
		"pitch": 0,
		"yaw": 0,
		"roll": 0
	},
	"extents":
	{
		"x": 2000,
		"y": 2000,
		"z": 1750
	},
	"bIsStatic": true,
	"guid": "6064633854922260508",
	"name": "NodeWar_TerritoryControl_VHAL_Instigator_WarCamp_Locale",
	"typeId": "421050"
}