{
	"tags":
	{
		"gameplayTags": [],
		"parentTags": []
	},
	"locationOffset":
	{
		"x": -1339146.6581185295,
		"y": -273695.09072658315,
		"z": 24154.502443992675
	},
	"rotationOffset":
	{
		"pitch": 0,
		"yaw": 127.57435037805719,
		"roll": 0
	},
	"extents":
	{
		"x": 600,
		"y": 600,
		"z": 600
	},
	"bIsStatic": true,
	"guid": "6064633845415673890",
	"name": "NodeWar_TerritoryControl_VEX_Gatherable_Locale_13",
	"typeId": "421050"
}