{
	"tags":
	{
		"gameplayTags": [],
		"parentTags": []
	},
	"locationOffset":
	{
		"x": -1401903.7852876696,
		"y": 1220391.5888815341,
		"z": 15484.748136062499
	},
	"rotationOffset":
	{
		"pitch": 0,
		"yaw": 0,
		"roll": 0
	},
	"extents":
	{
		"x": 600,
		"y": 600,
		"z": 600
	},
	"bIsStatic": true,
	"guid": "6064633602110717960",
	"name": "NodeWar_TerritoryControl_VINE_Gatherable_Locale_02",
	"typeId": "421050"
}