{
	"tags":
	{
		"gameplayTags": [],
		"parentTags": []
	},
	"locationOffset":
	{
		"x": -1702666.6438275313,
		"y": 825349.46673345473,
		"z": 21198.79056701863
	},
	"rotationOffset":
	{
		"pitch": 0,
		"yaw": 0,
		"roll": 0
	},
	"extents":
	{
		"x": 200,
		"y": 200,
		"z": 200
	},
	"bIsStatic": true,
	"guid": "6064633601792999437",
	"name": "NodeWar_TerritoryControl_WILD_Receiver_ChannelKill_Locale_01",
	"typeId": "421050"
}