{
	"tags":
	{
		"gameplayTags": [],
		"parentTags": []
	},
	"locationOffset":
	{
		"x": -1359952.487338,
		"y": -279232.39022200002,
		"z": 18736.143358000001
	},
	"rotationOffset":
	{
		"pitch": 0,
		"yaw": -28.87621200000002,
		"roll": 0
	},
	"extents":
	{
		"x": 600,
		"y": 600,
		"z": 600
	},
	"bIsStatic": true,
	"guid": "6064633845413576732",
	"name": "NodeWar_TerritoryControl_VEX_Gatherable_Locale_07",
	"typeId": "421050"
}