{
	"tags":
	{
		"gameplayTags": [],
		"parentTags": []
	},
	"locationOffset":
	{
		"x": -606870.17482404958,
		"y": 481858.41742437606,
		"z": 15939.624698233329
	},
	"rotationOffset":
	{
		"pitch": 0,
		"yaw": 26.690069000000012,
		"roll": 0
	},
	"extents":
	{
		"x": 600,
		"y": 600,
		"z": 600
	},
	"bIsStatic": true,
	"guid": "6064631663184576518",
	"name": "NodeWar_TerritoryControl_HWMH_Gatherable_Locale_15",
	"typeId": "421050"
}