{
	"tags":
	{
		"gameplayTags": [],
		"parentTags": []
	},
	"locationOffset":
	{
		"x": -105340.89999999999,
		"y": 108998.60000000001,
		"z": 1214.8
	},
	"rotationOffset":
	{
		"pitch": 0,
		"yaw": 0,
		"roll": 0
	},
	"extents":
	{
		"x": 100,
		"y": 100,
		"z": 100
	},
	"bIsStatic": true,
	"guid": "6064632751026077712",
	"name": "Siege_Justopolis_Locale",
	"typeId": "421050"
}