{
	"tags":
	{
		"gameplayTags": [],
		"parentTags": []
	},
	"locationOffset":
	{
		"x": -1056232.8164968488,
		"y": -281833.00729322247,
		"z": 11964.558510054168
	},
	"rotationOffset":
	{
		"pitch": 0,
		"yaw": 11.688214618069576,
		"roll": 0
	},
	"extents":
	{
		"x": 600,
		"y": 600,
		"z": 600
	},
	"bIsStatic": true,
	"guid": "6064633852864237182",
	"name": "NodeWar_TerritoryControl_DUUN_Gatherable_Locale_07",
	"typeId": "421050"
}