{
	"tags":
	{
		"gameplayTags": [],
		"parentTags": []
	},
	"locationOffset":
	{
		"x": -711564.19108500006,
		"y": 520857.85798199999,
		"z": 12292.998116999999
	},
	"rotationOffset":
	{
		"pitch": 0,
		"yaw": 0,
		"roll": 0
	},
	"extents":
	{
		"x": 500,
		"y": 500,
		"z": 500
	},
	"bIsStatic": true,
	"guid": "6064630893746913280",
	"name": "RVR_POI_KorraLoch (Copy)",
	"typeId": "421050"
}