{
	"tags":
	{
		"gameplayTags": [],
		"parentTags": []
	},
	"locationOffset":
	{
		"x": -864852.50947788765,
		"y": -586150.94710896304,
		"z": 26328.633983395877
	},
	"rotationOffset":
	{
		"pitch": 0,
		"yaw": 84.669249290867739,
		"roll": 0
	},
	"extents":
	{
		"x": 200,
		"y": 200,
		"z": 400
	},
	"bIsStatic": true,
	"guid": "6064633845020164103",
	"name": "NodeWar_TerritoryControl_VHAL_Godspike_Locale",
	"typeId": "421050"
}