{
	"tags":
	{
		"gameplayTags": [],
		"parentTags": []
	},
	"locationOffset":
	{
		"x": -877893.85750399996,
		"y": 1263652.641578,
		"z": 10757.756778328119
	},
	"rotationOffset":
	{
		"pitch": 0,
		"yaw": 0,
		"roll": 0
	},
	"extents":
	{
		"x": 600,
		"y": 600,
		"z": 600
	},
	"bIsStatic": true,
	"guid": "6064633602248933502",
	"name": "NodeWar_TerritoryControl_MYTH_Gatherable_Locale_03",
	"typeId": "421050"
}