{
	"tags":
	{
		"gameplayTags": [],
		"parentTags": []
	},
	"locationOffset":
	{
		"x": -644519.10529600002,
		"y": 376773.23781299999,
		"z": 12012.231952
	},
	"rotationOffset":
	{
		"pitch": 0,
		"yaw": -40.791539999999998,
		"roll": 0
	},
	"extents":
	{
		"x": 85000,
		"y": 85000,
		"z": 85000
	},
	"bIsStatic": true,
	"guid": "6064631822689894401",
	"name": "StaticLocale_War_Winstead_Origin",
	"typeId": "421050"
}