{
	"tags":
	{
		"gameplayTags": [],
		"parentTags": []
	},
	"locationOffset":
	{
		"x": -1351734.310258759,
		"y": -299965.52605539194,
		"z": 17101.33839781936
	},
	"rotationOffset":
	{
		"pitch": 0,
		"yaw": -2.8540872959362109,
		"roll": 0
	},
	"extents":
	{
		"x": 200,
		"y": 200,
		"z": 200
	},
	"bIsStatic": true,
	"guid": "6064633845326413841",
	"name": "NodeWar_TerritoryControl_VEX_Receiver_ChannelKill_Locale_03",
	"typeId": "421050"
}