{
	"tags":
	{
		"gameplayTags": [],
		"parentTags": []
	},
	"locationOffset":
	{
		"x": -554127.37939200003,
		"y": 571540.279935,
		"z": 14576.278871
	},
	"rotationOffset":
	{
		"pitch": 0,
		"yaw": 0,
		"roll": 0
	},
	"extents":
	{
		"x": 1000,
		"y": 1000,
		"z": 1000
	},
	"bIsStatic": true,
	"guid": "6064631046540492926",
	"name": "Locale_Livestream_Commissions",
	"typeId": "421050"
}