{
	"tags":
	{
		"gameplayTags": [],
		"parentTags": []
	},
	"locationOffset":
	{
		"x": -541849.06134699995,
		"y": 602627.31472499995,
		"z": 15530.180915000001
	},
	"rotationOffset":
	{
		"pitch": 0,
		"yaw": 0,
		"roll": 0
	},
	"extents":
	{
		"x": 500,
		"y": 500,
		"z": 500
	},
	"bIsStatic": true,
	"guid": "6064631385606520832",
	"name": "Locale_Event_RVR_StridersLanding",
	"typeId": "421050"
}