{
	"tags":
	{
		"gameplayTags": [],
		"parentTags": []
	},
	"locationOffset":
	{
		"x": -826752.22181999998,
		"y": 567480.36699000001,
		"z": 11780.843247000001
	},
	"rotationOffset":
	{
		"pitch": 0,
		"yaw": 0,
		"roll": 0
	},
	"extents":
	{
		"x": 10000,
		"y": 10000,
		"z": 500
	},
	"bIsStatic": false,
	"guid": "6064631754670407682",
	"name": "CSQ_EVT_Locale_NorthgateCrossroads",
	"typeId": "421050"
}