{
	"tags":
	{
		"gameplayTags": [],
		"parentTags": []
	},
	"locationOffset":
	{
		"x": -1080926.2393770588,
		"y": -271558.45256225707,
		"z": 17733.741919638429
	},
	"rotationOffset":
	{
		"pitch": 0,
		"yaw": -13.462597874703192,
		"roll": 0
	},
	"extents":
	{
		"x": 600,
		"y": 600,
		"z": 600
	},
	"bIsStatic": true,
	"guid": "6064633852863057530",
	"name": "NodeWar_TerritoryControl_DUUN_Gatherable_Locale_03",
	"typeId": "421050"
}