{
	"tags":
	{
		"gameplayTags": [],
		"parentTags": []
	},
	"locationOffset":
	{
		"x": -975178.60341900005,
		"y": 931140.9586159999,
		"z": 18321.602783343747
	},
	"rotationOffset":
	{
		"pitch": 0,
		"yaw": 0,
		"roll": 0
	},
	"extents":
	{
		"x": 200,
		"y": 200,
		"z": 200
	},
	"bIsStatic": true,
	"guid": "6064633602242445432",
	"name": "NodeWar_TerritoryControl_TANG_Instigator_ChannelKill_Locale_04",
	"typeId": "421050"
}