{
	"tags":
	{
		"gameplayTags": [],
		"parentTags": []
	},
	"locationOffset":
	{
		"x": -1627125.8832690001,
		"y": 1082978.612683,
		"z": 13897.553983
	},
	"rotationOffset":
	{
		"pitch": 0,
		"yaw": 0,
		"roll": 0
	},
	"extents":
	{
		"x": 0,
		"y": 0,
		"z": 0
	},
	"bIsStatic": true,
	"guid": "6064633492223426561",
	"name": "EVT_JUN_0006_SummonersGift_Locale_3",
	"typeId": "421050"
}