{
	"tags":
	{
		"gameplayTags": [],
		"parentTags": []
	},
	"locationOffset":
	{
		"x": -875683.19405299996,
		"y": 1258968.6089630001,
		"z": 10227.094069624996
	},
	"rotationOffset":
	{
		"pitch": 0,
		"yaw": 0,
		"roll": 0
	},
	"extents":
	{
		"x": 100,
		"y": 100,
		"z": 100
	},
	"bIsStatic": true,
	"guid": "6064633601282867205",
	"name": "NodeWar_TerritoryWar_MYTH_Locale",
	"typeId": "421050"
}