{
	"tags":
	{
		"gameplayTags": [],
		"parentTags": []
	},
	"locationOffset":
	{
		"x": -1141781.137703578,
		"y": -8484.7641982010518,
		"z": 7808.7604583549401
	},
	"rotationOffset":
	{
		"pitch": 0,
		"yaw": 0,
		"roll": 0
	},
	"extents":
	{
		"x": 0,
		"y": 0,
		"z": 0
	},
	"bIsStatic": true,
	"guid": "6064633306712899593",
	"name": "EVT_TUR_0003_BigScrap_SpawnLocale_17",
	"typeId": "421050"
}