{
	"tags":
	{
		"gameplayTags": [],
		"parentTags": []
	},
	"locationOffset":
	{
		"x": -363033.46435199998,
		"y": 870378.47390900005,
		"z": 14264.678427999999
	},
	"rotationOffset":
	{
		"pitch": 0,
		"yaw": 0,
		"roll": 0
	},
	"extents":
	{
		"x": 100,
		"y": 100,
		"z": 100
	},
	"bIsStatic": true,
	"guid": "6064633090845835279",
	"name": "NodeWar_Defectors_Azmaran_03",
	"typeId": "421050"
}