{
	"tags":
	{
		"gameplayTags": [],
		"parentTags": []
	},
	"locationOffset":
	{
		"x": -1690555.9482828719,
		"y": 1299772.2744047968,
		"z": 10206.602717906244
	},
	"rotationOffset":
	{
		"pitch": 0,
		"yaw": 0,
		"roll": 0
	},
	"extents":
	{
		"x": 600,
		"y": 600,
		"z": 600
	},
	"bIsStatic": true,
	"guid": "6064633602166030389",
	"name": "NodeWar_TerritoryControl_HECR_Gatherable_Locale_15",
	"typeId": "421050"
}