{
	"tags":
	{
		"gameplayTags": [],
		"parentTags": []
	},
	"locationOffset":
	{
		"x": -1363987.6372831438,
		"y": -289119.96080358274,
		"z": 25350.434970183353
	},
	"rotationOffset":
	{
		"pitch": 0,
		"yaw": -128.66817799733505,
		"roll": 0
	},
	"extents":
	{
		"x": 200,
		"y": 200,
		"z": 200
	},
	"bIsStatic": true,
	"guid": "6064633845318025227",
	"name": "NodeWar_TerritoryControl_VEX_Instigator_ChannelKill_Locale_01",
	"typeId": "421050"
}