{
	"tags":
	{
		"gameplayTags": [],
		"parentTags": []
	},
	"locationOffset":
	{
		"x": -1562669.4383829907,
		"y": -312746.80235633411,
		"z": 25606.343758301377
	},
	"rotationOffset":
	{
		"pitch": 0,
		"yaw": 0,
		"roll": 0
	},
	"extents":
	{
		"x": 100,
		"y": 100,
		"z": 100
	},
	"bIsStatic": true,
	"guid": "6064633866125639705",
	"name": "NodeWar_Defectors_Vexhelm_01",
	"typeId": "421050"
}