{
	"tags":
	{
		"gameplayTags": [],
		"parentTags": []
	},
	"locationOffset":
	{
		"x": -1065391.6399602587,
		"y": -261484.99287227986,
		"z": 17648.283595999979
	},
	"rotationOffset":
	{
		"pitch": 0,
		"yaw": -95.218782000000047,
		"roll": 0
	},
	"extents":
	{
		"x": 7000,
		"y": 20000,
		"z": 10000
	},
	"bIsStatic": false,
	"guid": "6064633860852285458",
	"name": "NodeWar_TerritoryControl_DUUN_Blocking_Locale_05",
	"typeId": "421050"
}