{
	"tags":
	{
		"gameplayTags": [],
		"parentTags": []
	},
	"locationOffset":
	{
		"x": -1135765.9272779999,
		"y": 25433.835154999979,
		"z": 4729.352414
	},
	"rotationOffset":
	{
		"pitch": 0,
		"yaw": 0,
		"roll": 0
	},
	"extents":
	{
		"x": 600,
		"y": 600,
		"z": 600
	},
	"bIsStatic": true,
	"guid": "6064633482101391364",
	"name": "NodeWar_TerritoryControl_SHOR_Gatherable_Locale_01",
	"typeId": "421050"
}