{
	"tags":
	{
		"gameplayTags": [],
		"parentTags": []
	},
	"locationOffset":
	{
		"x": -1018645.643067,
		"y": -351074.11596600001,
		"z": 17190.347084000001
	},
	"rotationOffset":
	{
		"pitch": 0,
		"yaw": 0,
		"roll": 0
	},
	"extents":
	{
		"x": 100,
		"y": 100,
		"z": 100
	},
	"bIsStatic": true,
	"guid": "6064633866136846385",
	"name": "NodeWar_Defectors_Dhurgrum_01",
	"typeId": "421050"
}