{
	"tags":
	{
		"gameplayTags": [],
		"parentTags": []
	},
	"locationOffset":
	{
		"x": -887884.52448000002,
		"y": 1247084.405912,
		"z": 16961.888693296871
	},
	"rotationOffset":
	{
		"pitch": 0,
		"yaw": 0,
		"roll": 0
	},
	"extents":
	{
		"x": 600,
		"y": 600,
		"z": 600
	},
	"bIsStatic": true,
	"guid": "6064633602249064575",
	"name": "NodeWar_TerritoryControl_MYTH_Gatherable_Locale_04",
	"typeId": "421050"
}