{
	"tags":
	{
		"gameplayTags": [],
		"parentTags": []
	},
	"locationOffset":
	{
		"x": -3677.7135370000001,
		"y": 7001.2441269999999,
		"z": 4722.5864540000002
	},
	"rotationOffset":
	{
		"pitch": -0,
		"yaw": -63.701794999999983,
		"roll": 0
	},
	"extents":
	{
		"x": 32,
		"y": 32,
		"z": 32
	},
	"bIsStatic": false,
	"guid": "6064633114084311063",
	"name": "Layout_Flat_D_L3_SiegeDefenderCamp",
	"typeId": "421050"
}