{
	"tags":
	{
		"gameplayTags": [],
		"parentTags": []
	},
	"locationOffset":
	{
		"x": -1031111.741867,
		"y": 1186319.7833710001,
		"z": 4912.0707890000003
	},
	"rotationOffset":
	{
		"pitch": 0,
		"yaw": 0,
		"roll": 0
	},
	"extents":
	{
		"x": 7500,
		"y": 7500,
		"z": 5000
	},
	"bIsStatic": true,
	"guid": "6064633572052566041",
	"name": "StaticLocale_SpawnLocale_Event_RaptorBush1",
	"typeId": "421050"
}