{
	"tags":
	{
		"gameplayTags": [],
		"parentTags": []
	},
	"locationOffset":
	{
		"x": -1074484.6400569563,
		"y": -252997.54378065761,
		"z": 17487.230497564087
	},
	"rotationOffset":
	{
		"pitch": 0,
		"yaw": 14.576989313135559,
		"roll": 0
	},
	"extents":
	{
		"x": 600,
		"y": 600,
		"z": 600
	},
	"bIsStatic": true,
	"guid": "6064633852864892544",
	"name": "NodeWar_TerritoryControl_DUUN_Gatherable_Locale_09",
	"typeId": "421050"
}