{
	"tags":
	{
		"gameplayTags": [],
		"parentTags": []
	},
	"locationOffset":
	{
		"x": -642404.71459661785,
		"y": 464833.35181480437,
		"z": 17131
	},
	"rotationOffset":
	{
		"pitch": 0,
		"yaw": -20.870724999999997,
		"roll": 0
	},
	"extents":
	{
		"x": 4000,
		"y": 5000,
		"z": 5000
	},
	"bIsStatic": true,
	"guid": "6064631669368684578",
	"name": "NodeWar_TerritoryControl_HWMH_Blocking_Locale_06",
	"typeId": "421050"
}