{
	"tags":
	{
		"gameplayTags": [],
		"parentTags": []
	},
	"locationOffset":
	{
		"x": -1238939.1120209999,
		"y": -157728.54130000001,
		"z": 16835.104265999998
	},
	"rotationOffset":
	{
		"pitch": 0,
		"yaw": 0,
		"roll": 0
	},
	"extents":
	{
		"x": 100,
		"y": 100,
		"z": 100
	},
	"bIsStatic": true,
	"guid": "6064633866135339051",
	"name": "NodeWar_Defectors_Duunhold_03",
	"typeId": "421050"
}